rollout,transitions,gpu_s,episodes,success,collision,timeout,mean_speed_mps,min_preaction_sampled_clearance_m,family_slots_14_15_16,schedule_sha256,policy_loss,value_loss,entropy_loss,ratio,corner_episodes,corner_success,corner_collision,corner_timeout,rooms_episodes,rooms_success,rooms_collision,rooms_timeout,vertical_episodes,vertical_success,vertical_collision,vertical_timeout,cumulative_family_outcomes
1,4096,0.0446923,5,0,5,0,1.30578,0.00365686,43/43/42,5350539167ac699b5fb4cd3409c766982072b03a02fbdb7ae6cce5a720283351,0.00362244,3.52337,-0.00068959,0.999068,0,0,0,0,1,0,1,0,4,0,4,0,corner=0/0/0/0;rooms=1/0/1/0;vertical=4/0/4/0
2,8192,0.0467045,46,0,46,0,1.43672,0.00238839,43/43/42,482d441f81bf8f3cae543f97b4991c20081cca68130f07116de3ce5fc62807ef,0.00146471,2.07463,-0.000689476,1.00209,36,0,36,0,8,0,8,0,2,0,2,0,corner=36/0/36/0;rooms=9/0/9/0;vertical=6/0/6/0
3,12288,0.0469622,18,0,18,0,1.43572,0.000140339,43/43/42,437e6bc8864cb8d5642170a8bfc52ae5b0d07fa7780fa58398615bbeffa7e235,0.0029837,1.75506,-0.000689265,1.00211,15,0,15,0,3,0,3,0,0,0,0,0,corner=51/0/51/0;rooms=12/0/12/0;vertical=6/0/6/0
4,16384,0.0457568,94,56,38,0,1.33059,0.000684291,43/43/42,b52f87480650d3c37b22db7c5ec9eb151f75fb4d486b309abcaa37d26ed8053c,-0.000215402,3.30226,-0.000689506,0.998691,32,0,32,0,23,21,2,0,39,35,4,0,corner=83/0/83/0;rooms=35/21/14/0;vertical=45/35/10/0
5,20480,0.0466433,51,7,44,0,1.36798,0.000282466,43/43/42,dedd2aa01d8c7142372ed68ed2e440d9b5aa2f588cc02b27b536d33f075cad22,2.51359e-05,2.44853,-0.000689421,0.998878,26,0,26,0,13,2,11,0,12,5,7,0,corner=109/0/109/0;rooms=48/23/25/0;vertical=57/40/17/0
6,24576,0.0455119,31,6,25,0,1.37615,5.50151e-05,43/43/42,e016f4e8725cecf2e7fc31d6d1cc7f2920f085c0a624fb069b33fd48ea45830e,0.00255156,1.53984,-0.000688786,1.00085,21,0,21,0,7,4,3,0,3,2,1,0,corner=130/0/130/0;rooms=55/27/28/0;vertical=60/42/18/0
7,28672,0.04631,53,21,32,0,1.37487,0.000388414,43/43/42,2c4c887550610d74ab5d3c01fca3f90b29cd1e2ef470d85542fb5bd0475f5d31,0.00365352,1.37018,-0.000688638,1.00108,30,0,30,0,10,8,2,0,13,13,0,0,corner=160/0/160/0;rooms=65/35/30/0;vertical=73/55/18/0
8,32768,0.0463794,54,26,28,0,1.35015,0.00034979,43/43/42,2d425450fec074b296b330092332469e80c40067d271156a66818586c07a5010,0.000731464,2.37091,-0.000688773,1.00214,20,0,20,0,13,8,5,0,21,18,3,0,corner=180/0/180/0;rooms=78/43/35/0;vertical=94/73/21/0
9,36864,0.0467057,42,7,35,0,1.32938,0.000156984,43/43/42,9a92c99af809493d30788b4816a76023353befe6fbbd80d94659f9cef3c0efe8,-0.000601413,1.74964,-0.000688554,1.00067,25,0,25,0,11,4,7,0,6,3,3,0,corner=205/0/205/0;rooms=89/47/42/0;vertical=100/76/24/0
10,40960,0.0464537,36,5,31,0,1.3003,0.000508457,43/43/42,c459d9b4f98ba7cbaf8dc14620eb05acd03c3894e191ccbebc77b8c500fb0a7d,0.000266804,1.15497,-0.00068804,1.00156,29,0,29,0,4,3,1,0,3,2,1,0,corner=234/0/234/0;rooms=93/50/43/0;vertical=103/78/25/0
11,45056,0.0469552,65,37,28,0,1.26456,0.000440866,43/43/42,2c6893b11bc0e7bfe8d38bb8a0b333d0bdc7c289fb03cbd6c1521cdb25ae70f7,0.000918665,2.10195,-0.000687059,1.00102,23,0,23,0,13,11,2,0,29,26,3,0,corner=257/0/257/0;rooms=106/61/45/0;vertical=132/104/28/0
12,49152,0.0468071,45,15,30,0,1.31314,0.000308901,43/43/42,06186796cda82505937ce1d1b359c35fb205523035bb54359c57b4dcf0d51008,0.000431184,1.31992,-0.000686586,1.00001,27,0,27,0,9,8,1,0,9,7,2,0,corner=284/0/284/0;rooms=115/69/46/0;vertical=141/111/30/0
13,53248,0.0459421,40,10,30,0,1.32451,0.000367552,43/43/42,cd2b35861fec35953baecefe8ddfea0633f66ee92c5402c6a433933edce77eb6,-0.000255201,1.38926,-0.000686058,1.00035,23,0,23,0,13,7,6,0,4,3,1,0,corner=307/0/307/0;rooms=128/76/52/0;vertical=145/114/31/0
14,57344,0.0461364,42,16,26,0,1.32563,0.000169784,43/43/42,14e0149caf6b692b44c697a26b9b8a47b7ecc349000d909607280c5c8a5e8f7b,0.00184379,1.13827,-0.000685464,0.999434,24,0,24,0,8,6,2,0,10,10,0,0,corner=331/0/331/0;rooms=136/82/54/0;vertical=155/124/31/0
15,61440,0.0468047,66,28,38,0,1.30401,0.000174075,43/43/42,59691694b87dcf0aed43649ee7ff57be4ec12e28df93265fc799f9771b6faf2f,-0.000387215,1.5516,-0.000684448,1.0032,31,0,31,0,15,11,4,0,20,17,3,0,corner=362/0/362/0;rooms=151/93/58/0;vertical=175/141/34/0
16,65536,0.0454028,40,10,28,2,1.32395,0.000144869,43/43/42,cf284a8054b228de97a05df245bf8a291dba3e184cca840e17dfb2500ac325ec,-0.00037725,1.3739,-0.00068318,0.999224,23,0,23,0,10,8,2,0,7,2,3,2,corner=385/0/385/0;rooms=161/101/60/0;vertical=182/143/37/2
17,69632,0.046676,40,10,30,0,1.33532,2.19196e-05,43/43/42,e10ab6730a15fe12766f6923ca0854566b7c445c699bf66908020c7af2494dc6,0.000852699,1.4014,-0.000681797,0.998809,26,0,26,0,10,6,4,0,4,4,0,0,corner=411/0/411/0;rooms=171/107/64/0;vertical=186/147/37/2
18,73728,0.0469223,55,17,37,1,1.27595,0.000828415,43/43/42,157808ab16893938cc37ab8b0404074131ebe16cf377ef1a9cb7b3edd9b925c7,0.00106136,1.64651,-0.0006811,1.00218,29,0,29,0,7,2,5,0,19,15,3,1,corner=440/0/440/0;rooms=178/109/69/0;vertical=205/162/40/3
19,77824,0.0474988,48,11,37,0,1.23027,0.000576168,43/43/42,e378486937267de317bbfe73549b232fc37f17070b447e83dbbed971f744dbaa,0.00183879,2.1152,-0.000681182,1.00244,25,0,25,0,11,5,6,0,12,6,6,0,corner=465/0/465/0;rooms=189/114/75/0;vertical=217/168/46/3
20,81920,0.0467655,47,11,35,1,1.18639,0.000504047,43/43/42,4a14adbae7cb4ba4ebc2c05da0e5f7656c90cde255521e3bb1c58fa830e870fd,-7.70681e-05,1.24841,-0.000680479,1.00092,28,0,28,0,9,4,5,0,10,7,2,1,corner=493/0/493/0;rooms=198/118/80/0;vertical=227/175/48/4
21,86016,0.0464684,41,9,32,0,1.23501,0.000611931,43/43/42,442e72939dd115e7dd30629857a63bc7bd622f44246894f38679dc98c64ff8ed,0.00260581,1.05196,-0.000680558,1.00033,29,0,29,0,8,5,3,0,4,4,0,0,corner=522/0/522/0;rooms=206/123/83/0;vertical=231/179/48/4
22,90112,0.0474188,51,19,30,2,1.19883,0.00037697,43/43/42,6f406704197dc2c7204e9f80731a3bf9a7f0f2d769b8c1685165d6c7cbe0f130,0.000854153,1.54142,-0.00068042,1.00066,23,0,23,0,10,7,3,0,18,12,4,2,corner=545/0/545/0;rooms=216/130/86/0;vertical=249/191/52/6
23,94208,0.0478455,50,12,38,0,1.21854,0.000635535,43/43/42,272c9c4db09dba46ea38da01741f6a56bf33add89b66be510661358df1c8ef02,0.00187709,1.20087,-0.000678796,1.00176,31,0,31,0,8,4,4,0,11,8,3,0,corner=576/0/576/0;rooms=224/134/90/0;vertical=260/199/55/6
24,98304,0.0473265,49,12,35,2,1.23226,0.00102749,43/43/42,c49bdae4499ecc83462bf6d381a92052e0040c3d3c1dfca52188bdf00eb8e538,0.00226032,1.4761,-0.000676771,0.998207,27,0,27,0,11,7,4,0,11,5,4,2,corner=603/0/603/0;rooms=235/141/94/0;vertical=271/204/59/8
25,102400,0.0458532,46,11,35,0,1.2499,0.000403553,43/43/42,8c12de884087b1572caabfd864011c16c787da5549610bb46c2beaf67bf25cb3,-0.00014995,0.996113,-0.00067508,1.00034,31,0,31,0,5,2,3,0,10,9,1,0,corner=634/0/634/0;rooms=240/143/97/0;vertical=281/213/60/8
26,106496,0.0466473,53,22,30,1,1.23745,0.00218001,43/43/42,d961724f7c8338c3556724522ac5350e40b6a2f68021c111c965dcab518d4314,-0.000174045,1.65187,-0.000673231,1.00224,22,0,22,0,15,10,4,1,16,12,4,0,corner=656/0/656/0;rooms=255/153/101/1;vertical=297/225/64/8
27,110592,0.0465045,52,9,40,3,1.24805,6.33299e-05,43/43/42,40b1f6a312c93c6b9600bcdca11d3d41934c9fd399be12afbaf3b58574a100c1,0.00200024,0.869846,-0.000672282,0.999844,35,0,35,0,5,2,3,0,12,7,2,3,corner=691/0/691/0;rooms=260/155/104/1;vertical=309/232/66/11
28,114688,0.0454966,42,9,32,1,1.28723,0.000145465,43/43/42,ddcf873ff65460443666e178cbf164ae4e7524b7e33d434a492448118b56d4c4,0.00163268,0.96605,-0.000671809,0.999716,30,0,30,0,2,2,0,0,10,7,2,1,corner=721/0/721/0;rooms=262/157/104/1;vertical=319/239/68/12
29,118784,0.0463534,36,12,22,2,1.24916,8.18074e-05,43/43/42,8bb17bfe37e8a4eddc844aa84bc05a4cedc4f66e406391a4aaf79c6bab6213b5,0.00325776,0.928923,-0.00067068,1.00067,19,0,19,0,7,4,2,1,10,8,1,1,corner=740/0/740/0;rooms=269/161/106/2;vertical=329/247/69/13
30,122880,0.0467769,60,20,39,1,1.21979,0.000184208,43/43/42,37ed7dd7f63ac3017d771180986d55df6874b3e80532a32f5e3e2de1d955a1b0,0.000515441,1.03816,-0.000669287,1.00164,35,0,35,0,9,5,3,1,16,15,1,0,corner=775/0/775/0;rooms=278/166/109/3;vertical=345/262/70/13
31,126976,0.046935,46,12,34,0,1.21261,0.00055936,43/43/42,cb8772f4834b273987de8e01cb600aa5007f7bc67352d1313e2ec000bc46ddf2,0.00238774,0.822775,-0.000668106,1.00042,30,0,30,0,5,2,3,0,11,10,1,0,corner=805/0/805/0;rooms=283/168/112/3;vertical=356/272/71/13
32,131072,0.0460549,40,13,27,0,1.23735,0.000176758,43/43/42,118f840d319c3f2764e97d8d6184f9c36653f19056d023b19e78d0651cf615a8,0.000774842,1.27313,-0.000667457,1.00107,20,0,20,0,7,4,3,0,13,9,4,0,corner=825/0/825/0;rooms=290/172/115/3;vertical=369/281/75/13
33,135168,0.0466994,55,17,38,0,1.23033,4.4018e-05,43/43/42,ca862ad7e2e136bde37adca3acc19b0411ed845a17ca8166ce8ce5cbaf337647,-0.000895245,0.932517,-0.000666497,1.00191,35,0,35,0,10,8,2,0,10,9,1,0,corner=860/0/860/0;rooms=300/180/117/3;vertical=379/290/76/13
34,139264,0.0467454,46,14,29,3,1.21254,0.00102273,43/43/42,2d7df1196dbe501461a4908557d67eb0c8900b3298397b34e948283d2d7d6c61,0.00237497,0.808957,-0.000665879,0.999481,26,0,26,0,7,3,2,2,13,11,1,1,corner=886/0/886/0;rooms=307/183/119/5;vertical=392/301/77/14
35,143360,0.0457093,40,8,32,0,1.23174,0.00153667,43/43/42,f5d6229be3f7e587ec088101f84d6cd4c87612f9a31a0d503b9fe340292f3a38,0.000559701,0.935059,-0.000664926,1.00297,27,0,27,0,5,1,4,0,8,7,1,0,corner=913/0/913/0;rooms=312/184/123/5;vertical=400/308/78/14
36,147456,0.0467443,50,13,36,1,1.21615,0.000619441,43/43/42,4ff8bce322f1fb8874c2a78aa6f6865ace9e4056eed9333aa1edbac0d977b0a6,0.000330158,0.899202,-0.000664075,0.997622,30,0,30,0,9,4,4,1,11,9,2,0,corner=943/0/943/0;rooms=321/188/127/6;vertical=411/317/80/14
37,151552,0.0466488,47,16,28,3,1.21898,0.00222757,43/43/42,5da20ea88e67b33940a31e9b0e42a84d3d5a210c80a4ee57b467ea3c306c7ac4,0.00210776,0.973806,-0.000663754,0.999583,25,0,25,0,8,3,2,3,14,13,1,0,corner=968/0/968/0;rooms=329/191/129/9;vertical=425/330/81/14
38,155648,0.0453276,54,11,37,6,1.21369,0.000245526,43/43/42,383a124786e99d9f7a03e2b070b9421fc9220b86b45383e195d7a8d2ad8854f5,0.00187384,1.20525,-0.000664637,0.999852,30,0,30,0,12,3,4,5,12,8,3,1,corner=998/0/998/0;rooms=341/194/133/14;vertical=437/338/84/15
39,159744,0.0467675,46,10,34,2,1.24199,0.00164202,43/43/42,7dce39392d134a727a8ca1b472a6807e80b97593cbecbcfbf99ad3be82852da7,0.00150213,0.808354,-0.000665096,1.00357,27,0,27,0,9,2,5,2,10,8,2,0,corner=1025/0/1025/0;rooms=350/196/138/16;vertical=447/346/86/15
40,163840,0.046432,51,13,37,1,1.24918,0.000676662,43/43/42,b78642ccc5cf0e2fb3f74e1bbb6ff629e2352d63f5c5d46dfa08673dc45bc4d6,0.000814786,1.30672,-0.000665498,1.00053,27,0,27,0,10,3,6,1,14,10,4,0,corner=1052/0/1052/0;rooms=360/199/144/17;vertical=461/356/90/15
41,167936,0.0467419,57,18,38,1,1.27068,0.000356823,43/43/42,daae7ba4c93ab9a169724bc8a820badaf380b5123142039ff3d0765d9bafecfe,0.000414846,1.14152,-0.000665787,0.998508,31,0,31,0,11,7,3,1,15,11,4,0,corner=1083/0/1083/0;rooms=371/206/147/18;vertical=476/367/94/15
42,172032,0.0465236,47,17,30,0,1.28751,9.26554e-05,43/43/42,82baade8cd80f194a6adfe2c296477a3257ee840957882bace4610c898b6a7aa,-0.000841845,0.958242,-0.000665674,0.999845,25,0,25,0,10,7,3,0,12,10,2,0,corner=1108/0/1108/0;rooms=381/213/150/18;vertical=488/377/96/15
43,176128,0.046852,50,14,34,2,1.28741,0.000310123,43/43/42,e17ce031594dd1bee57282cb4991b19fb22984d6a2fd5e9203c02cf1e422f167,0.00291021,0.805803,-0.000665606,1.00153,31,0,31,0,9,6,3,0,10,8,0,2,corner=1139/0/1139/0;rooms=390/219/153/18;vertical=498/385/96/17
44,180224,0.0468415,47,14,33,0,1.26718,0.000502378,43/43/42,92c230e3a763ab719bf34441205f0f050ff158c8977e401fd80c3593099dcf20,0.00160633,0.725551,-0.000666033,1.001,32,0,32,0,6,5,1,0,9,9,0,0,corner=1171/0/1171/0;rooms=396/224/154/18;vertical=507/394/96/17
45,184320,0.0459087,52,22,30,0,1.26017,0.00156584,43/43/42,6445a82953ed311fdc56f32ecb0ebd40caa2ad4c54f47c94c955b19d1c5b927e,0.0010203,1.24214,-0.000665502,1.00183,24,0,24,0,11,8,3,0,17,14,3,0,corner=1195/0/1195/0;rooms=407/232/157/18;vertical=524/408/99/17
46,188416,0.0465606,47,9,36,2,1.28367,0.000121266,43/43/42,35d4788c61bde4caaf48cf3d54942eb10f39d453de2398c6341f3fc67d274977,0.00158773,1.07776,-0.000664859,1.00021,28,0,28,0,11,4,6,1,8,5,2,1,corner=1223/0/1223/0;rooms=418/236/163/19;vertical=532/413/101/18
47,192512,0.046732,52,15,37,0,1.25395,0.000452787,43/43/42,8153737a4959864d779f78543ee7e35f5d7804742a8d2f1941de54c732f94e61,0.0016755,1.11953,-0.000663891,0.999212,32,0,32,0,13,8,5,0,7,7,0,0,corner=1255/0/1255/0;rooms=431/244/168/19;vertical=539/420/101/18
48,196608,0.04523,45,8,37,0,1.26561,0.000412971,43/43/42,e17583c40783dde0ee03e9998672c058de5cc0b472daa1e671bf64ee667fcb14,0.000546858,0.879797,-0.000663039,1.00221,30,0,30,0,7,4,3,0,8,4,4,0,corner=1285/0/1285/0;rooms=438/248/171/19;vertical=547/424/105/18
49,200704,0.0464831,64,29,34,1,1.24538,0.000516802,43/43/42,dda8f97646a418f282a2d524a5cb7f506b2632b5fd9338a0d17e4544f325907d,0.000307829,1.37696,-0.00066221,0.999929,26,0,26,0,18,12,6,0,20,17,2,1,corner=1311/0/1311/0;rooms=456/260/177/19;vertical=567/441/107/19
50,204800,0.0466295,52,6,46,0,1.26667,0.000498682,43/43/42,b08c46c9bf8c754923bc0c61749db738ccf7fd95ac44eb32c864a1c1ead58a9b,-0.000380759,1.33329,-0.000661991,0.999848,34,0,34,0,8,1,7,0,10,5,5,0,corner=1345/0/1345/0;rooms=464/261/184/19;vertical=577/446/112/19
51,208896,0.0468097,45,14,31,0,1.27961,0.000360757,43/43/42,cb5ddfe181b17e77cc91facd2286315b34528a53ffe7c96e4e454706ad5a456f,-0.00158376,0.980872,-0.000661702,1.00075,26,0,26,0,9,6,3,0,10,8,2,0,corner=1371/0/1371/0;rooms=473/267/187/19;vertical=587/454/114/19
52,212992,0.046382,52,16,36,0,1.2335,5.52237e-05,43/43/42,3590c35d9ecf781f99da64251ee97d3e7778c154fddb749c2ec7c428bcf84adb,-0.000870793,1.13409,-0.000660971,1.00117,30,0,30,0,11,6,5,0,11,10,1,0,corner=1401/0/1401/0;rooms=484/273/192/19;vertical=598/464/115/19
53,217088,0.0467507,52,12,39,1,1.25242,0.000936061,43/43/42,a56d776bce463cc0562e2c85eec8f4d2e387bf7d08bd97f000534c76636df286,-0.00218578,0.896494,-0.000659768,1.00279,32,0,32,0,11,5,6,0,9,7,1,1,corner=1433/0/1433/0;rooms=495/278/198/19;vertical=607/471/116/20
54,221184,0.0457771,44,11,33,0,1.23204,0.00149372,43/43/42,9d6ab6d3dbf4d6a4e09307913f602bea0827d674e2f51bf61c71c336468efd54,-0.00292131,0.877971,-0.000659561,1.00005,28,0,28,0,9,5,4,0,7,6,1,0,corner=1461/0/1461/0;rooms=504/283/202/19;vertical=614/477/117/20
55,225280,0.0464682,38,6,32,0,1.22269,0.00124577,43/43/42,9713b7dc9b649f292a81f4c44dce5d55e6d1423dcdc364f91fa30dc697a47eed,0.00118463,0.750732,-0.000659795,1.00087,27,0,27,0,6,2,4,0,5,4,1,0,corner=1488/0/1488/0;rooms=510/285/206/19;vertical=619/481/118/20
56,229376,0.0467424,58,16,41,1,1.16226,0.00056234,43/43/42,2753b092344c875fb509c124645d607c46dda8ab25f1c8384f81fe914edae954,0.000804628,1.27712,-0.000658567,1.00017,33,0,33,0,11,6,5,0,14,10,3,1,corner=1521/0/1521/0;rooms=521/291/211/19;vertical=633/491/121/21
57,233472,0.0454724,55,17,37,1,1.19088,0.000317007,43/43/42,c98eae2c97d83f349e07286ec5c82b13e7ff9e3b061a78d4011190d914ea1e3d,0.00125045,1.22409,-0.000657701,0.998192,31,0,31,0,13,8,5,0,11,9,1,1,corner=1552/0/1552/0;rooms=534/299/216/19;vertical=644/500/122/22
58,237568,0.0458846,41,11,30,0,1.25384,0.00194088,43/43/42,64cebb265eaaee22be3ea8c0ce1043d8ca382c5c3c07690305feac27f18ad02e,0.00192564,0.731596,-0.000656758,1.00031,27,0,27,0,5,4,1,0,9,7,2,0,corner=1579/0/1579/0;rooms=539/303/217/19;vertical=653/507/124/22
59,241664,0.046749,43,14,29,0,1.255,4.99785e-05,43/43/42,cafe129e3bf0ec37e51d6b6f35869e47b3b4d589b1d625189a579d8901cfe613,0.00098578,0.718762,-0.000656406,1.00149,27,0,27,0,8,6,2,0,8,8,0,0,corner=1606/0/1606/0;rooms=547/309/219/19;vertical=661/515/124/22
60,245760,0.0464849,58,22,36,0,1.29832,0.000359446,43/43/42,868a16492ace420e1e574dbcb6f8f9f302cae5ae51717eda2acb4b84ba8e9eb9,-0.00107454,1.05468,-0.000655649,0.999802,32,0,32,0,12,10,2,0,14,12,2,0,corner=1638/0/1638/0;rooms=559/319/221/19;vertical=675/527/126/22
61,249856,0.04397,57,24,32,1,1.29673,0.000160724,43/43/42,730e6556c1094fec8e26e658d778c5faea0075e337129f31889aa174e8885fc2,0.00196009,1.0625,-0.00065441,0.99841,28,0,28,0,17,14,3,0,12,10,1,1,corner=1666/0/1666/0;rooms=576/333/224/19;vertical=687/537/127/23
62,253952,0.0469349,40,8,32,0,1.32489,0.000424176,43/43/42,42c81ba4030081183c4eeb47760b05504c87371fe458a3b6590c00357226e001,0.0021712,0.908514,-0.000653964,1.0009,27,0,27,0,4,1,3,0,9,7,2,0,corner=1693/0/1693/0;rooms=580/334/227/19;vertical=696/544/129/23
63,258048,0.0466444,54,19,33,2,1.29917,0.000662953,43/43/42,8684f5014a6522b1723420f7f465f2351a1be9f515b44927af93295c6b4dc63b,0.00100691,0.907342,-0.00065333,1.0016,28,0,28,0,10,6,4,0,16,13,1,2,corner=1721/0/1721/0;rooms=590/340/231/19;vertical=712/557/130/25
64,262144,0.0466178,54,14,40,0,1.3061,7.66814e-05,43/43/42,7c158e16ab03723f23b4d4dde9a22a0a531bc914872568ec7a3b817e313873fd,-0.00071197,0.912211,-0.000653015,1.00021,34,0,34,0,16,10,6,0,4,4,0,0,corner=1755/0/1755/0;rooms=606/350/237/19;vertical=716/561/130/25
65,266240,0.046708,44,18,26,0,1.29648,0.00141719,43/43/42,139ebc38e24e4481962569321d8d4918c7f852986bb7fc8fd787f2cddeb51ff2,0.000327704,0.772144,-0.000652102,1.00222,22,0,22,0,10,6,4,0,12,12,0,0,corner=1777/0/1777/0;rooms=616/356/241/19;vertical=728/573/130/25
66,270336,0.0471354,49,9,40,0,1.30119,0.000320822,43/43/42,14d0ab424c30aaaf0d37b50ac5202a7e980f8ddd6b5ba64cab37346cb9ab6efd,-0.00138934,0.936423,-0.000650786,1.00029,32,0,32,0,11,5,6,0,6,4,2,0,corner=1809/0/1809/0;rooms=627/361/247/19;vertical=734/577/132/25
67,274432,0.0456039,50,13,37,0,1.23769,0.000383168,43/43/42,65342197580ce27c45ada4f2fc48fd66f5be00afe49199eba60ac3da48e3e51d,0.00116144,0.656034,-0.000649994,1.00154,36,0,36,0,7,6,1,0,7,7,0,0,corner=1845/0/1845/0;rooms=634/367/248/19;vertical=741/584/132/25
68,278528,0.0463628,41,9,32,0,1.21729,0.000582397,43/43/42,2765d807684dde4fa890a32eb67cfaed5ea0d10feff72c49b316adc55501a645,0.00222968,0.967044,-0.000649399,0.998794,23,0,23,0,13,5,8,0,5,4,1,0,corner=1868/0/1868/0;rooms=647/372/256/19;vertical=746/588/133/25
69,282624,0.0466268,45,9,36,0,1.18594,0.000177175,43/43/42,585df9276dd30f73d60cca3c79dff10a89015c5a3c3c2b2d754e83162eeeb330,0.0010018,0.912586,-0.000648776,0.999345,31,0,31,0,12,8,4,0,2,1,1,0,corner=1899/0/1899/0;rooms=659/380/260/19;vertical=748/589/134/25
70,286720,0.0454859,50,13,37,0,1.18061,0.000279695,43/43/42,51d0420a6282aa194650b103d39bee9bb9ff2c548856dcc417aa4ccaad143373,0.00443353,0.832681,-0.00064817,1.00038,30,0,30,0,11,5,6,0,9,8,1,0,corner=1929/0/1929/0;rooms=670/385/266/19;vertical=757/597/135/25
71,290816,0.046498,42,7,35,0,1.19425,0.00126484,43/43/42,bbe7bc6b3797091ed94a26e37e147b4a319fdd98704182a784a562cec255a459,-0.00222926,1.07592,-0.000647311,1.0012,26,0,26,0,11,4,7,0,5,3,2,0,corner=1955/0/1955/0;rooms=681/389/273/19;vertical=762/600/137/25
72,294912,0.0468128,47,10,37,0,1.19191,0.000208408,43/43/42,8c293e4ebd1705284daa5fc828a0683117f42e689dd0f66ba7f1c55664f82bda,0.000530074,0.697797,-0.000646018,1.00162,34,0,34,0,7,4,3,0,6,6,0,0,corner=1989/0/1989/0;rooms=688/393/276/19;vertical=768/606/137/25
73,299008,0.0468081,46,11,34,1,1.1991,0.000632316,43/43/42,93525194f641e473263a2678eb544d9c068c1ce27a21fa4a59d44d62236e6ae4,0.00395384,1.08691,-0.000644664,0.998934,28,0,28,0,11,7,4,0,7,4,2,1,corner=2017/0/2017/0;rooms=699/400/280/19;vertical=775/610/139/26
74,303104,0.046481,46,9,35,2,1.15615,3.26931e-05,43/43/42,4d6c34673026872da42e7b7d09ff0d5545d0a0aff23c76d08ffd146686834d6a,0.00360343,0.653251,-0.000643783,1.00167,31,0,31,0,9,5,4,0,6,4,0,2,corner=2048/0/2048/0;rooms=708/405/284/19;vertical=781/614/139/28
75,307200,0.0470562,43,9,32,2,1.19915,0.00131932,43/43/42,8f95ff153b2bf0495e96c7247a89144c8a6748e8b95ba066b5e86ecba3070db6,0.00038767,0.707977,-0.000643216,1.00082,28,0,28,0,8,5,3,0,7,4,1,2,corner=2076/0/2076/0;rooms=716/410/287/19;vertical=788/618/140/30
76,311296,0.047238,47,11,34,2,1.2064,0.000232726,43/43/42,5273d0af28e78d903451157247cf850db153f7d3dcc5d88012fa51dd54cc1c78,0.000243917,0.839077,-0.000642529,1.00205,30,0,30,0,7,5,2,0,10,6,2,2,corner=2106/0/2106/0;rooms=723/415/289/19;vertical=798/624/142/32
77,315392,0.0457009,52,18,32,2,1.1998,0.0002909,43/43/42,68597b7b7a30fe3928e9ee20e9c9b7b60c810f58c9ec8cb9dd61a1579c1692f9,0.00256969,0.959094,-0.000641535,1.00201,31,0,31,0,5,5,0,0,16,13,1,2,corner=2137/0/2137/0;rooms=728/420/289/19;vertical=814/637/143/34
78,319488,0.0466103,56,18,36,2,1.26868,0.000567347,43/43/42,8675395900a24a9264d10af99d70ab688c00a3795191c4dde9eceaff28194747,-0.000249084,1.69736,-0.000640916,0.998098,28,0,28,0,16,14,2,0,12,4,6,2,corner=2165/0/2165/0;rooms=744/434/291/19;vertical=826/641/149/36
79,323584,0.047167,55,19,35,1,1.32256,0.00170711,43/43/42,8850f4a28cd268d2f2b1894d216506f5fbd16dc3762d5e4a7540339a20b63984,0.00259847,0.745427,-0.000640428,1.00023,30,0,30,0,10,7,3,0,15,12,2,1,corner=2195/0/2195/0;rooms=754/441/294/19;vertical=841/653/151/37
80,327680,0.0452849,46,9,37,0,1.3433,0.000813991,43/43/42,4db348c8444ca78d768707deb0051908d4d247e22f82adedf35becab8f2c8e34,-0.000607251,0.810342,-0.000639868,1.00047,31,0,31,0,8,4,4,0,7,5,2,0,corner=2226/0/2226/0;rooms=762/445/298/19;vertical=848/658/153/37
81,331776,0.0459953,55,18,37,0,1.28087,0.000101,43/43/42,f97c9b2f6a48110af59f4e9facbe82dda98b22dddc26502f601d0be0f0994dc5,-0.000909284,1.03292,-0.000639507,1.0001,32,0,32,0,9,8,1,0,14,10,4,0,corner=2258/0/2258/0;rooms=771/453/299/19;vertical=862/668/157/37
82,335872,0.0469934,51,15,35,1,1.28575,0.00101343,43/43/42,50c5f25ff1cc9da9bb5a112dd201e4b602307d0f4449465ab667fd13e1e5f9e3,0.00572718,0.795665,-0.000637793,0.998565,29,0,29,0,12,7,5,0,10,8,1,1,corner=2287/0/2287/0;rooms=783/460/304/19;vertical=872/676/158/38
83,339968,0.0468507,46,10,36,0,1.26492,0.000115901,43/43/42,3236350dce5399c8f921c5592a029dbba0ff4ce5f9ffc2a0efccca671b9cb410,0.00289027,0.696563,-0.000636926,0.998467,31,0,31,0,11,6,5,0,4,4,0,0,corner=2318/0/2318/0;rooms=794/466/309/19;vertical=876/680/158/38
84,344064,0.0461003,49,14,34,1,1.25873,0.00145262,43/43/42,17aa8c735f947cfaa7f03561daba0d946ab0498efb82758e3b2560cb8d18c092,0.00130719,0.866781,-0.000637118,0.999911,29,0,29,0,6,3,3,0,14,11,2,1,corner=2347/0/2347/0;rooms=800/469/312/19;vertical=890/691/160/39
85,348160,0.0471035,56,19,37,0,1.24824,0.00105634,43/43/42,ee61c37b49d8135fdafb3ae29ad8a09bd8f881293a9e48417bbf38ecaeaa8574,-0.000941656,1.13749,-0.000636503,1.00229,32,0,32,0,14,11,3,0,10,8,2,0,corner=2379/0/2379/0;rooms=814/480/315/19;vertical=900/699/162/39
86,352256,0.0458491,55,19,36,0,1.25247,0.000990421,43/43/42,408a00d56f08b200713d990037a91356ed60311a1c61fc834222596002fd074b,-0.00437183,1.14567,-0.000636212,0.997259,29,0,29,0,12,8,4,0,14,11,3,0,corner=2408/0/2408/0;rooms=826/488/319/19;vertical=914/710/165/39
87,356352,0.046259,50,13,37,0,1.28082,0.00122455,43/43/42,db960de2a367f52eb52d0eada7be73166c54f263a75a160e83bdc564e69f0a56,0.00195426,1.10671,-0.000636544,1.00148,31,0,31,0,12,7,5,0,7,6,1,0,corner=2439/0/2439/0;rooms=838/495/324/19;vertical=921/716/166/39
88,360448,0.0469751,60,19,41,0,1.27316,0.000459731,43/43/42,d8b092f603f58ab61c90de49f73e50809c3cb781b1e5fed5cf166dd32381edb7,-0.000891913,1.38949,-0.000636896,0.998938,29,0,29,0,12,3,9,0,19,16,3,0,corner=2468/0/2468/0;rooms=850/498/333/19;vertical=940/732/169/39
89,364544,0.0463498,54,17,37,0,1.32766,0.000144154,43/43/42,63af42fed1f46013a982052670820a4fcf3e6b8a8a7bd3f96cb15c89ffa8fdcc,-0.00141202,1.16602,-0.000636815,1.0013,31,0,31,0,10,7,3,0,13,10,3,0,corner=2499/0/2499/0;rooms=860/505/336/19;vertical=953/742/172/39
90,368640,0.045494,53,14,39,0,1.3168,0.000317752,43/43/42,6700b84753706d10e3ef101026df15f0e58581e932d2616acfd7468a4f3e2276,0.000666189,0.920347,-0.000635854,0.999882,32,0,32,0,15,10,5,0,6,4,2,0,corner=2531/0/2531/0;rooms=875/515/341/19;vertical=959/746/174/39
91,372736,0.0464507,48,19,28,1,1.31738,0.000841528,43/43/42,cd812da01be80cfa2aa9a40e89dc6ea0f0311d6b773ad1373451e305e9c6ac14,-0.00172176,0.838365,-0.000635111,0.998676,24,0,24,0,7,5,2,0,17,14,2,1,corner=2555/0/2555/0;rooms=882/520/343/19;vertical=976/760/176/40
92,376832,0.0465044,64,19,44,1,1.3457,0.000246555,43/43/42,e5ce46981568b93a8337f6c8844273ce357657a6f46c6f8aa2f83ff44eaf044b,0.00245139,1.20023,-0.000635037,1.00143,35,0,35,0,16,10,6,0,13,9,3,1,corner=2590/0/2590/0;rooms=898/530/349/19;vertical=989/769/179/41
93,380928,0.0464675,57,19,38,0,1.35146,3.22163e-05,43/43/42,ad3c591cd763b176e8e8eea195eb9e4fde54a50a38927db982ac55f61fdd6bd8,0.00123818,0.934387,-0.000634544,1.0024,33,0,33,0,10,7,3,0,14,12,2,0,corner=2623/0/2623/0;rooms=908/537/352/19;vertical=1003/781/181/41
94,385024,0.0471144,50,15,33,2,1.34926,0.00152552,43/43/42,6fb6782c29fdc31dc9c017eecb874f46b5e867b2341c9274d035f415dffd1b32,0.0011709,0.748946,-0.000634699,1.00132,28,0,28,0,12,7,4,1,10,8,1,1,corner=2651/0/2651/0;rooms=920/544/356/20;vertical=1013/789/182/42
95,389120,0.0469631,61,22,39,0,1.3722,0.00183108,43/43/42,04ee4f055dd480e3dc5b013a6e4035cc53e5863b7d1f68439e038b7f7ae9ca7d,3.50885e-05,1.45834,-0.00063498,1.00113,30,0,30,0,14,9,5,0,17,13,4,0,corner=2681/0/2681/0;rooms=934/553/361/20;vertical=1030/802/186/42
96,393216,0.0457707,57,18,39,0,1.40134,0.000236064,43/43/42,5945dd4e9b273468e6e52d96ce4161359e3239b71da9477fd5c335844a5dc444,0.0016382,1.3344,-0.000634391,1.00372,32,0,32,0,11,7,4,0,14,11,3,0,corner=2713/0/2713/0;rooms=945/560/365/20;vertical=1044/813/189/42
97,397312,0.0459688,56,17,39,0,1.36243,0.000781804,43/43/42,c3b9a5b5dc9074b2149d16055c3317ab1a31f67d734d595f91d024c362508877,-0.00177288,0.880751,-0.000633253,0.999049,34,0,34,0,8,5,3,0,14,12,2,0,corner=2747/0/2747/0;rooms=953/565/368/20;vertical=1058/825/191/42
98,401408,0.0467165,48,23,25,0,1.34855,0.000337631,43/43/42,32b10e1bc2dde779501032408501bc5312785710d55a07d4b27a86ac532f3d65,-0.000640722,0.652945,-0.000632227,1.00177,24,0,24,0,9,8,1,0,15,15,0,0,corner=2771/0/2771/0;rooms=962/573/369/20;vertical=1073/840/191/42
99,405504,0.0454268,61,17,44,0,1.36889,0.000868827,43/43/42,c0d78c39dc46578e77bce347b13037e2c4ce4155aa4a6750bc8378a76b417999,-0.00213034,1.22461,-0.000632377,1.00176,36,0,36,0,13,7,6,0,12,10,2,0,corner=2807/0/2807/0;rooms=975/580/375/20;vertical=1085/850/193/42
100,409600,0.0459641,59,18,41,0,1.33638,0.000178009,43/43/42,1ed18751c2017af3112915ad133881b7a207d697de51ab404aa8c6a40986c3f8,-0.000922912,1.1825,-0.000632357,1.0034,33,0,33,0,12,7,5,0,14,11,3,0,corner=2840/0/2840/0;rooms=987/587/380/20;vertical=1099/861/196/42
101,413696,0.0455734,42,12,30,0,1.36018,0.00148156,43/43/42,5ba8d7827ae814e97f5fdce0c044521c3b647189ac6370062f4b1e89938496d8,-0.00098901,0.723766,-0.000631256,1.00268,27,0,27,0,2,1,1,0,13,11,2,0,corner=2867/0/2867/0;rooms=989/588/381/20;vertical=1112/872/198/42
102,417792,0.0463325,53,18,35,0,1.34909,0.000355393,43/43/42,947a3ee8763b8bc187219409f65be33fa7cd7b66ae865a94ca5d69aad3e02a40,0.000818531,0.7652,-0.000629985,0.998924,30,0,30,0,12,7,5,0,11,11,0,0,corner=2897/0/2897/0;rooms=1001/595/386/20;vertical=1123/883/198/42
103,421888,0.0470029,61,20,41,0,1.36264,0.00171664,43/43/42,a92ad3491002dc3f445eb5efa3f9b537f4efbeaf86b73ea02f63393ae52648d3,0.000850286,0.900398,-0.000629431,1.00172,35,0,35,0,14,9,5,0,12,11,1,0,corner=2932/0/2932/0;rooms=1015/604/391/20;vertical=1135/894/199/42
104,425984,0.0468221,55,18,37,0,1.30214,0.000541836,43/43/42,25a166180fd1b973b4fc488f92aef808ccb9b60ec5bf1c7b8c403fca8fe8712a,0.0021437,0.774777,-0.000629243,1.00079,29,0,29,0,11,3,8,0,15,15,0,0,corner=2961/0/2961/0;rooms=1026/607/399/20;vertical=1150/909/199/42
105,430080,0.0462267,50,19,31,0,1.33778,0.000221401,43/43/42,6a5060db4eec434f38a9adb8252b41bb5652ad87b019b99238cba08edfb4dca6,0.000791806,0.781259,-0.000628194,0.998849,28,0,28,0,7,5,2,0,15,14,1,0,corner=2989/0/2989/0;rooms=1033/612/401/20;vertical=1165/923/200/42
106,434176,0.0468559,57,19,38,0,1.34668,0.000198156,43/43/42,4c78525b7bbb3861f706542610a0e671765550fa1b8b2bbcea25ffa9ec93fce2,0.000807563,0.900236,-0.000626864,1.00258,33,0,33,0,15,11,4,0,9,8,1,0,corner=3022/0/3022/0;rooms=1048/623/405/20;vertical=1174/931/201/42
107,438272,0.0456296,65,25,40,0,1.35064,1.88649e-05,43/43/42,97e7b78a00241c8fe37578bee44c3017472899014f1012302f57974ddc282d33,0.000638131,1.0159,-0.000626478,0.998612,35,0,35,0,15,12,3,0,15,13,2,0,corner=3057/0/3057/0;rooms=1063/635/408/20;vertical=1189/944/203/42
108,442368,0.0461399,51,19,31,1,1.34146,0.000213891,43/43/42,0536d563d59cad3bf78758624641313a19f42261ca11c392b276ab121718cc51,0.000331638,1.00175,-0.000626001,0.996811,24,0,24,0,12,6,5,1,15,13,2,0,corner=3081/0/3081/0;rooms=1075/641/413/21;vertical=1204/957/205/42
109,446464,0.0463327,61,20,41,0,1.39102,0.00148132,43/43/42,2039a57b2e7d4c4cec71482323e50cf70613ca638544ec347e10bb4e660a2cb2,-0.000928412,0.979154,-0.000625474,1.00258,34,0,34,0,13,8,5,0,14,12,2,0,corner=3115/0/3115/0;rooms=1088/649/418/21;vertical=1218/969/207/42
110,450560,0.0455818,58,17,41,0,1.40548,0.000827342,43/43/42,cf3db4e0dad7dca9cd47dcd3a4bdbe1e714c31ef908b85603b609f41c0f351e4,-0.000658255,1.15425,-0.000624669,0.999562,34,0,34,0,15,11,4,0,9,6,3,0,corner=3149/0/3149/0;rooms=1103/660/422/21;vertical=1227/975/210/42
111,454656,0.0462941,55,24,31,0,1.3941,9.42051e-05,43/43/42,de6829b2ba7c7239d21e25f9cb7221678851260438b5e4a20cbc8ad2b3a7260d,-0.00138639,0.93782,-0.000623606,0.997784,27,0,27,0,9,7,2,0,19,17,2,0,corner=3176/0/3176/0;rooms=1112/667/424/21;vertical=1246/992/212/42
112,458752,0.0467917,63,21,42,0,1.38678,0.000929385,43/43/42,d6a548a85cc6d51db9b86afa2b0ce4b8f9cc64f56c9dc2e208271ad37de1859d,-0.000952158,1.41454,-0.00062286,0.999295,32,0,32,0,14,9,5,0,17,12,5,0,corner=3208/0/3208/0;rooms=1126/676/429/21;vertical=1263/1004/217/42
113,462848,0.0464884,53,12,41,0,1.4057,0.00122693,43/43/42,38ffe1fde76aff704f433a9f53584b54b8c62c82864ca2e8e9866fd17e5e3ae0,-0.00165538,0.898024,-0.000622469,0.998109,34,0,34,0,10,3,7,0,9,9,0,0,corner=3242/0/3242/0;rooms=1136/679/436/21;vertical=1272/1013/217/42
114,466944,0.0461091,51,13,38,0,1.37542,0.000376612,43/43/42,4743cd3b5516ce5cb03124136857af497d0604631063d3847b10cefd057f9207,-0.00129542,0.888214,-0.00062156,0.999953,30,0,30,0,12,4,8,0,9,9,0,0,corner=3272/0/3272/0;rooms=1148/683/444/21;vertical=1281/1022/217/42
115,471040,0.0468892,57,23,34,0,1.39927,0.000681192,43/43/42,679a4faa6611a46d752af5a9834bebf69f80581798f5c8f5a3db457275128a2c,0.00420975,0.777193,-0.000620687,1.00091,29,0,29,0,14,9,5,0,14,14,0,0,corner=3301/0/3301/0;rooms=1162/692/449/21;vertical=1295/1036/217/42
116,475136,0.0466905,55,15,40,0,1.38464,0.000278026,43/43/42,a8d38610c05576914cc75b5c0eef4323c288b0965fc8e2efd1ee4737fe38bf8a,-0.00161905,1.21507,-0.000619483,0.99944,32,0,32,0,11,5,6,0,12,10,2,0,corner=3333/0/3333/0;rooms=1173/697/455/21;vertical=1307/1046/219/42
117,479232,0.045652,56,14,42,0,1.36011,0.000343353,43/43/42,1ca9431279a6cd69c1cd950043557c9783d68b4062d776fd464b6bb1ef14d1c8,0.000987806,0.612175,-0.000619356,1.00149,37,0,37,0,10,5,5,0,9,9,0,0,corner=3370/0/3370/0;rooms=1183/702/460/21;vertical=1316/1055/219/42
118,483328,0.0465192,60,26,34,0,1.3294,0.000827104,43/43/42,d19bfb4084f1928a74d133e1bdf8e4ce378848bfb4e584492d2e4dc86262bdfb,-0.000578331,1.21782,-0.000618618,1.00107,28,0,28,0,12,10,2,0,20,16,4,0,corner=3398/0/3398/0;rooms=1195/712/462/21;vertical=1336/1071/223/42
119,487424,0.04573,48,10,38,0,1.345,0.00154796,43/43/42,3445828ca28bd34ca796fdea32d46c31481693c625793e89969901b549e4a90f,0.000370571,0.997902,-0.000618581,0.999913,32,0,32,0,7,3,4,0,9,7,2,0,corner=3430/0/3430/0;rooms=1202/715/466/21;vertical=1345/1078/225/42
120,491520,0.0459813,52,19,33,0,1.31032,0.000279337,43/43/42,caf322280d7c5e43db6e277fb112924f4687dbb7d9de77f0cb96757fad6e325e,0.000212825,0.698426,-0.000619005,0.998509,31,0,31,0,12,10,2,0,9,9,0,0,corner=3461/0/3461/0;rooms=1214/725/468/21;vertical=1354/1087/225/42
121,495616,0.046688,53,8,45,0,1.29128,0.000858456,43/43/42,9612bee75b21ebee0a1b42a579fbd2cb857d62da5e1bbe25b781cddf39b24515,-7.34654e-05,0.97511,-0.000618774,1.00131,38,0,38,0,6,2,4,0,9,6,3,0,corner=3499/0/3499/0;rooms=1220/727/472/21;vertical=1363/1093/228/42
122,499712,0.0463321,68,24,44,0,1.25442,9.59933e-05,43/43/42,7599d679238b760cc581fa6532170ac50e4ac207806db0c998636eb67695a326,-0.000380012,1.61042,-0.000618926,0.997484,31,0,31,0,20,9,11,0,17,15,2,0,corner=3530/0/3530/0;rooms=1240/736/483/21;vertical=1380/1108/230/42
123,503808,0.0466982,52,15,37,0,1.31639,0.00273517,43/43/42,5faf3b3c7f0a94d653bf01ae35355672140c9a8e88330d720bdc30f7fd1ed42e,-0.00164177,1.27139,-0.000619107,0.998702,30,0,30,0,12,8,4,0,10,7,3,0,corner=3560/0/3560/0;rooms=1252/744/487/21;vertical=1390/1115/233/42
124,507904,0.0455151,52,16,36,0,1.34824,0.00154713,43/43/42,8a0e19a1c73e49cf5290f34a665fb1efe885d9adf62a73d78622aa39a2e102d8,5.84021e-06,0.973098,-0.000618682,1.00018,31,0,31,0,10,7,3,0,11,9,2,0,corner=3591/0/3591/0;rooms=1262/751/490/21;vertical=1401/1124/235/42
125,512000,0.0464495,61,19,42,0,1.31474,0.000193775,43/43/42,f384e9156c0655c13556f86dcb0787889ff4d72634a48ef2c5701deb8c5777d8,0.00138746,0.998921,-0.000617996,0.999775,35,0,35,0,12,6,6,0,14,13,1,0,corner=3626/0/3626/0;rooms=1274/757/496/21;vertical=1415/1137/236/42
126,516096,0.0468583,63,17,46,0,1.32857,0.000361621,43/43/42,97d613543328278fc6bc2eb71cc82c981fb1b8f04eebafc4cc388ddb16c407e1,-0.00320744,1.0931,-0.000616924,0.999703,33,0,33,0,16,6,10,0,14,11,3,0,corner=3659/0/3659/0;rooms=1290/763/506/21;vertical=1429/1148/239/42
127,520192,0.0455628,44,8,36,0,1.32112,0.000120789,43/43/42,97e0ac4a549153aed840d00978430b50978b9ec64f87546f201579ac3e7da05f,-0.000261911,0.424321,-0.000615703,0.999674,33,0,33,0,7,4,3,0,4,4,0,0,corner=3692/0/3692/0;rooms=1297/767/509/21;vertical=1433/1152/239/42
128,524288,0.0459955,46,14,32,0,1.2909,8.88705e-05,43/43/42,21510ac7bc7dfe3112ea50903c414f3e7ae60c5e0ba16a7a379fe9c292eb2f10,-0.000813038,0.799886,-0.000614672,0.999831,29,0,29,0,9,7,2,0,8,7,1,0,corner=3721/0/3721/0;rooms=1306/774/511/21;vertical=1441/1159/240/42
129,528384,0.0469217,64,24,40,0,1.25645,2.76864e-05,43/43/42,b70df8ee752c89eef062cbaac7639a28776f58956a2b3e5da82f7cd802c3cb31,0.00189185,1.05709,-0.000612935,1.00183,33,0,33,0,15,10,5,0,16,14,2,0,corner=3754/0/3754/0;rooms=1321/784/516/21;vertical=1457/1173/242/42
130,532480,0.0468154,60,13,47,0,1.28624,0.00126033,43/43/42,7e53196f2871b8432c26b763952dc48f6dab331be13636ef175a70a28bb8b9ae,-0.00119638,1.28402,-0.000611785,1.00204,35,0,35,0,12,3,9,0,13,10,3,0,corner=3789/0/3789/0;rooms=1333/787/525/21;vertical=1470/1183/245/42
131,536576,0.046545,48,7,40,1,1.26226,0.000961572,43/43/42,29cb5aa3d7d4e02325fb4c70e0080df6baadf11cce9ab5034905ee80c2e43767,-0.000489947,0.739727,-0.000611203,1.00016,33,0,33,0,7,1,6,0,8,6,1,1,corner=3822/0/3822/0;rooms=1340/788/531/21;vertical=1478/1189/246/43
132,540672,0.0466254,59,18,40,1,1.2635,0.000386149,43/43/42,ed07e32df037ace886ca0fa0c6af4c376f1932143c22aea603bc0766d5c1c432,0.00160481,0.693815,-0.000610339,1.00076,33,0,33,0,13,6,7,0,13,12,0,1,corner=3855/0/3855/0;rooms=1353/794/538/21;vertical=1491/1201/246/44
133,544768,0.0455187,56,16,39,1,1.25951,0.000192702,43/43/42,40ef2c6efc14117760b4930b8b3c5e61c4cc99d1cc01d8566694c0cc95ca7ab3,-0.00207481,1.1957,-0.000609582,1.00058,30,0,30,0,13,8,4,1,13,8,5,0,corner=3885/0/3885/0;rooms=1366/802/542/22;vertical=1504/1209/251/44
134,548864,0.0465721,56,14,42,0,1.24049,0.000394613,43/43/42,543014cf1f448855152ebbfaf9273a288d739602484cc95fa629b2d6d58c46c2,0.000243368,1.40294,-0.000609307,0.996797,32,0,32,0,11,5,6,0,13,9,4,0,corner=3917/0/3917/0;rooms=1377/807/548/22;vertical=1517/1218/255/44
135,552960,0.0464762,59,17,40,2,1.30337,0.000631839,43/43/42,b2f27c21a9d598c07607a4235997ce3bfbb6e4b22afa3a012d3a413ad76c6f58,-0.000891227,0.936757,-0.000608415,1.00181,34,0,34,0,13,7,4,2,12,10,2,0,corner=3951/0/3951/0;rooms=1390/814/552/24;vertical=1529/1228/257/44
136,557056,0.0451598,61,16,45,0,1.28644,0.000928193,43/43/42,8cf135f7577e8fad31982ded007dd95c88e9500b7d26ba3fda47d28be05edfe6,-0.00105921,1.02912,-0.000608051,1.00139,35,0,35,0,14,5,9,0,12,11,1,0,corner=3986/0/3986/0;rooms=1404/819/561/24;vertical=1541/1239/258/44
137,561152,0.0455747,58,15,43,0,1.33437,0.000134498,43/43/42,1320ee7e2cf1ab77601d0a4076d65fed5c1df6ee065ca8c0c9a668c728a3453a,-0.000320228,1.30773,-0.000608352,1.00095,34,0,34,0,12,6,6,0,12,9,3,0,corner=4020/0/4020/0;rooms=1416/825/567/24;vertical=1553/1248/261/44
138,565248,0.0469448,53,16,37,0,1.30874,0.000322372,43/43/42,49c03796596665c4fb729e3e48dae8eb7366f234bca09bbfd7f907618197615e,-0.000861114,0.752518,-0.000608207,1.00117,32,0,32,0,9,5,4,0,12,11,1,0,corner=4052/0/4052/0;rooms=1425/830/571/24;vertical=1565/1259/262/44
139,569344,0.0471931,53,13,40,0,1.28897,0.00377253,43/43/42,2625faa96766f9fc59e932249bcb3c5c60ce3500ebac2c64c1eb7caa6f64eb2a,-0.000481613,0.991089,-0.000607767,0.999939,35,0,35,0,7,4,3,0,11,9,2,0,corner=4087/0/4087/0;rooms=1432/834/574/24;vertical=1576/1268/264/44
140,573440,0.0466803,64,19,45,0,1.28242,0.000463277,43/43/42,aa6c106b10f106ea30aa335599ef86130d312753c7a842d0d1a5e8007d7daf97,-0.00158338,1.15029,-0.000607098,0.997019,34,0,34,0,17,9,8,0,13,10,3,0,corner=4121/0/4121/0;rooms=1449/843/582/24;vertical=1589/1278/267/44
141,577536,0.0466262,56,17,39,0,1.27651,0.003346,43/43/42,778068a353d193456dce78ae26256ce48ea5d2b964c8efae86e13b6dcd704b9e,-0.000562228,0.855171,-0.000607422,0.999171,32,0,32,0,18,11,7,0,6,6,0,0,corner=4153/0/4153/0;rooms=1467/854/589/24;vertical=1595/1284/267/44
142,581632,0.0470098,56,18,38,0,1.31513,0.000517279,43/43/42,92921619892d849a1c73f0bb3358d2ffd6fd9f7149b57723ba26883aba6ce315,-4.28897e-06,0.935909,-0.000606958,0.998937,31,0,31,0,10,5,5,0,15,13,2,0,corner=4184/0/4184/0;rooms=1477/859/594/24;vertical=1610/1297/269/44
143,585728,0.0456689,70,17,53,0,1.3323,6.17802e-05,43/43/42,e480f05b6c6cefc827fefed910d4cde0eec06ef553d8a298c54b79cefcc9af36,-0.000148272,1.7589,-0.000605943,0.998506,37,0,37,0,12,4,8,0,21,13,8,0,corner=4221/0/4221/0;rooms=1489/863/602/24;vertical=1631/1310/277/44
144,589824,0.0466534,65,24,41,0,1.37735,0.000131756,43/43/42,a6fbaef8c148bc1cc3df649d82f8160d20e1ec9013f08aae33d6d997b9056f58,-0.000385915,1.10895,-0.000605919,0.996182,35,0,35,0,16,13,3,0,14,11,3,0,corner=4256/0/4256/0;rooms=1505/876/605/24;vertical=1645/1321/280/44
145,593920,0.0463322,62,17,45,0,1.39279,0.00126603,43/43/42,545702f9f9a1872ba9a9767b87fb3247dbefdd6e04f4913e39fc2aabcf6da9a8,0.000857206,0.971345,-0.000605279,1.00183,34,0,34,0,17,7,10,0,11,10,1,0,corner=4290/0/4290/0;rooms=1522/883/615/24;vertical=1656/1331/281/44
146,598016,0.045323,55,20,35,0,1.40779,0.00281611,43/43/42,933e3c7ee8c1c138cabf8294ebff13c4b642c2de07c50404804668621b6172fd,-0.0020034,0.868184,-0.000604692,1.00006,27,0,27,0,12,7,5,0,16,13,3,0,corner=4317/0/4317/0;rooms=1534/890/620/24;vertical=1672/1344/284/44
147,602112,0.0457447,64,22,42,0,1.37249,0.00133444,43/43/42,7c7f44744d149468fbfe218a3833923466c5d6b29544a2a73fc28323fd67762b,1.40578e-05,1.06,-0.000603787,1.0012,35,0,35,0,13,10,3,0,16,12,4,0,corner=4352/0/4352/0;rooms=1547/900/623/24;vertical=1688/1356/288/44
148,606208,0.0466184,56,12,44,0,1.39418,0.000151783,43/43/42,786ca6b25f3896ff0091e7ce026ba6ca4d091daa8fc51371203da78b8dea2b15,-0.00101774,1.30313,-0.000602459,0.999871,34,0,34,0,11,4,7,0,11,8,3,0,corner=4386/0/4386/0;rooms=1558/904/630/24;vertical=1699/1364/291/44
149,610304,0.0466511,65,21,44,0,1.3887,0.00100425,43/43/42,58c0db3897a626c4f687ee7f8fb1994bea9975f48eca2ad4e57269c4aab2044b,0.000880213,0.687605,-0.000601413,1.00119,37,0,37,0,15,8,7,0,13,13,0,0,corner=4423/0/4423/0;rooms=1573/912/637/24;vertical=1712/1377/291/44
150,614400,0.0466181,57,18,39,0,1.38086,0.000414282,43/43/42,9ac63af6ac1f5095c7debef854a898e637e9066f26ce96196b837f9dc2a2e7ed,-0.00109699,1.46041,-0.000600404,0.997576,30,0,30,0,12,6,6,0,15,12,3,0,corner=4453/0/4453/0;rooms=1585/918/643/24;vertical=1727/1389/294/44
151,618496,0.0470616,62,19,43,0,1.37564,0.000649542,43/43/42,c9b7b5409f52d2e3bf47ebd403b51f39775de6de2669f02251e8bb02c8199dbb,0.000804407,1.48772,-0.000599822,0.999886,34,0,34,0,9,6,3,0,19,13,6,0,corner=4487/0/4487/0;rooms=1594/924/646/24;vertical=1746/1402/300/44
152,622592,0.0456056,63,18,45,0,1.36777,0.000115424,43/43/42,68d9f3493d49f624700dc5f022a08acb7c862bb1f7bbe05b145a37ac7e6f9e5c,-0.000316774,1.20907,-0.000599732,1.00067,35,0,35,0,14,7,7,0,14,11,3,0,corner=4522/0/4522/0;rooms=1608/931/653/24;vertical=1760/1413/303/44
153,626688,0.046756,57,18,39,0,1.3594,0.00254849,43/43/42,e83cd115cf39fa70a01a5315186e90cf5931cb7c61726a424f0de51ff92fc1ef,-0.0015716,0.975074,-0.000599466,1.00129,32,0,32,0,11,7,4,0,14,11,3,0,corner=4554/0/4554/0;rooms=1619/938/657/24;vertical=1774/1424/306/44
154,630784,0.0466311,59,16,43,0,1.34998,0.000245959,43/43/42,9d9607f0f6c0f6981e119ee01261ef9c801a8796828bdb827dbbd7d8a62c80f7,-0.000882285,1.04143,-0.000599391,1.00359,35,0,35,0,14,8,6,0,10,8,2,0,corner=4589/0/4589/0;rooms=1633/946/663/24;vertical=1784/1432/308/44
155,634880,0.0455712,57,17,40,0,1.33029,2.48551e-05,43/43/42,1b43433a7b68a06eb85b1372b0876b94143443df62e51316ce355ea86e73fbd3,-0.000904319,1.30752,-0.000598811,0.998331,30,0,30,0,9,4,5,0,18,13,5,0,corner=4619/0/4619/0;rooms=1642/950/668/24;vertical=1802/1445/313/44
156,638976,0.0454717,69,24,45,0,1.34479,0.000124022,43/43/42,ee2fb649aff4f36d212f2a0053c2723840a597b9816c7deefb7e9e84e0298b35,-0.000176925,0.859591,-0.000598667,1.00006,39,0,39,0,14,10,4,0,16,14,2,0,corner=4658/0/4658/0;rooms=1656/960/672/24;vertical=1818/1459/315/44
157,643072,0.0464537,56,14,42,0,1.36325,0.000585109,43/43/42,683d8a8184795cc1a9a2e9d67c6dff767f66a54b3a11b29f523bce15d06ca178,0.0015291,1.02748,-0.000598092,1.00185,30,0,30,0,18,6,12,0,8,8,0,0,corner=4688/0/4688/0;rooms=1674/966/684/24;vertical=1826/1467/315/44
158,647168,0.0470075,61,18,43,0,1.34148,0.000149906,43/43/42,057682ea1b67208b17ed045e80c39b7869123086bb628c9d543db2b4ea318086,0.00284626,1.06911,-0.000597214,0.999899,32,0,32,0,14,4,10,0,15,14,1,0,corner=4720/0/4720/0;rooms=1688/970/694/24;vertical=1841/1481/316/44
159,651264,0.0461497,64,19,44,1,1.36238,0.00303721,43/43/42,7bbc67de6377e19e3a15b6985105523155bcb6467d9f0000389fef39e515a93b,0.000776132,0.991072,-0.000597218,1.00039,37,0,37,0,14,8,5,1,13,11,2,0,corner=4757/0/4757/0;rooms=1702/978/699/25;vertical=1854/1492/318/44
160,655360,0.0468729,57,18,39,0,1.37312,0.00112739,43/43/42,ea2e8cdd61320cd137ab5d590e0b7c8b9c7b39d82fa38b86641f048ccc086e81,-0.00175609,1.08736,-0.00059686,1.00302,33,0,33,0,9,5,4,0,15,13,2,0,corner=4790/0/4790/0;rooms=1711/983/703/25;vertical=1869/1505/320/44
161,659456,0.0471978,59,22,37,0,1.37692,0.000787288,43/43/42,03996fc1162c0e572f6aad2a22971a504593c92b8ebe8f280951f1f42f602db9,-0.00132637,0.678787,-0.000595838,1.00156,34,0,34,0,13,11,2,0,12,11,1,0,corner=4824/0/4824/0;rooms=1724/994/705/25;vertical=1881/1516/321/44
162,663552,0.0461161,61,20,41,0,1.3662,0.000401527,43/43/42,5ab9eefbb81d9a37af8d51aa5ffb86209cbd6881acdedf9d1bcea053bda5c869,0.0012648,1.21657,-0.000594125,1.00135,34,0,34,0,14,9,5,0,13,11,2,0,corner=4858/0/4858/0;rooms=1738/1003/710/25;vertical=1894/1527/323/44
163,667648,0.0470418,60,22,38,0,1.39114,0.00079754,43/43/42,369e53468a47f72866814a386185664e66f106b247e649daf01740071ed1514b,-0.00149038,1.01794,-0.000593292,0.997848,33,0,33,0,10,8,2,0,17,14,3,0,corner=4891/0/4891/0;rooms=1748/1011/712/25;vertical=1911/1541/326/44
164,671744,0.046628,56,18,38,0,1.37398,0.000163347,43/43/42,fbe205360991e46ef4a8236be457d8301f5a7f188b1ec54368cb8938bbd0ee2c,0.00145374,0.885803,-0.000592829,0.999048,34,0,34,0,11,9,2,0,11,9,2,0,corner=4925/0/4925/0;rooms=1759/1020/714/25;vertical=1922/1550/328/44
165,675840,0.0454651,59,20,39,0,1.3638,0.00154284,43/43/42,9cf714577487b94650f8beb80103e4d351c6d02800ec3036762713669173df12,-0.000210527,0.895206,-0.0005921,0.998512,34,0,34,0,12,9,3,0,13,11,2,0,corner=4959/0/4959/0;rooms=1771/1029/717/25;vertical=1935/1561/330/44
166,679936,0.0465288,62,20,41,1,1.38261,0.00109175,43/43/42,d9c451dc97a984cfe4b60127911c446ef20c8ff7e6ba39eefb19f585c9ed3cad,-0.0012873,1.12431,-0.000592312,1.00168,34,0,34,0,15,10,4,1,13,10,3,0,corner=4993/0/4993/0;rooms=1786/1039/721/26;vertical=1948/1571/333/44
167,684032,0.0465143,64,20,44,0,1.38903,3.96371e-05,43/43/42,f3336defe3e69088db61045246dbd3384d2ea4e694b791e10a532f556ed2761a,-0.00189609,1.5148,-0.000592657,1.00033,32,0,32,0,15,7,8,0,17,13,4,0,corner=5025/0/5025/0;rooms=1801/1046/729/26;vertical=1965/1584/337/44
168,688128,0.0468525,64,14,50,0,1.40491,0.00342137,43/43/42,857d726f7103ae9617b86cf356a6f55a86d192051a47ef2b19c53311208db77a,-0.00043244,1.48618,-0.000593511,0.998597,37,0,37,0,13,5,8,0,14,9,5,0,corner=5062/0/5062/0;rooms=1814/1051/737/26;vertical=1979/1593/342/44
169,692224,0.0465256,65,22,43,0,1.40526,0.00109819,43/43/42,b28e4a08ae9f42a41479314fa0ceff74aea45d6dceb02e9ae667188dae0f01ee,-0.00148456,1.48189,-0.000593201,1.00091,32,0,32,0,13,7,6,0,20,15,5,0,corner=5094/0/5094/0;rooms=1827/1058/743/26;vertical=1999/1608/347/44
170,696320,0.0468597,52,14,38,0,1.39449,0.000951558,43/43/42,a96bc7977781ef92255759cd13775aba8d3e7c6fa124a8142d651e144b3640d3,-0.000351346,0.446065,-0.000592639,0.998687,37,0,37,0,6,5,1,0,9,9,0,0,corner=5131/0/5131/0;rooms=1833/1063/744/26;vertical=2008/1617/347/44
171,700416,0.0464786,62,22,40,0,1.36393,0.00170925,43/43/42,6c2a351a45dadac8b374b6d5ef5425f5fede9d060d997eaaf4382fe96416ec0f,-0.00185017,1.16402,-0.000592125,0.999264,32,0,32,0,15,10,5,0,15,12,3,0,corner=5163/0/5163/0;rooms=1848/1073/749/26;vertical=2023/1629/350/44
172,704512,0.0463502,73,24,49,0,1.34559,0.00044696,43/43/42,33b17e026fd23e8c393bb0ccc9241da1d0c64e5722986d72ef0e039a0f43d4bb,0.000417594,1.28473,-0.00059141,1.00393,37,0,37,0,18,10,8,0,18,14,4,0,corner=5200/0/5200/0;rooms=1866/1083/757/26;vertical=2041/1643/354/44
173,708608,0.0469384,60,19,41,0,1.40587,1.83135e-05,43/43/42,5282982a3254eb76dd5d8c893a68ed9a3984ec68b7c408f16e7a5af09bcb1f39,0.00108988,1.24786,-0.000590886,1.00092,32,0,32,0,16,9,7,0,12,10,2,0,corner=5232/0/5232/0;rooms=1882/1092/764/26;vertical=2053/1653/356/44
174,712704,0.0467383,56,13,43,0,1.39449,0.000574261,43/43/42,07710844c05cee6694efef2e005c4fc0ae3c26cae7eef9f5db0e53c116048f10,-0.000669926,0.96829,-0.000589524,0.99992,36,0,36,0,7,4,3,0,13,9,4,0,corner=5268/0/5268/0;rooms=1889/1096/767/26;vertical=2066/1662/360/44
175,716800,0.0458947,57,20,37,0,1.40489,0.00261325,43/43/42,be7640b275bd8af6836bc84bd1712b6b9839319327b334c72c55c92074755ef1,0.000792036,1.1818,-0.000588063,1.00091,31,0,31,0,12,9,3,0,14,11,3,0,corner=5299/0/5299/0;rooms=1901/1105/770/26;vertical=2080/1673/363/44
176,720896,0.0456492,66,25,41,0,1.39141,0.000767887,43/43/42,b5388a0d3adf3365700cb62c5139bb4709c8ddd09e807bf87c48dbe52f58f820,-0.000450671,0.70337,-0.000587068,0.99934,36,0,36,0,16,11,5,0,14,14,0,0,corner=5335/0/5335/0;rooms=1917/1116/775/26;vertical=2094/1687/363/44
177,724992,0.0469525,62,17,45,0,1.37964,0.000365883,43/43/42,6acae12a0418747afff9bfa199ec60b2fd6cb74b0ec5fa686973a954d7b82f0f,-0.00440713,0.963541,-0.000586395,1.00492,36,0,36,0,16,8,8,0,10,9,1,0,corner=5371/0/5371/0;rooms=1933/1124/783/26;vertical=2104/1696/364/44
178,729088,0.0467243,60,22,38,0,1.39337,0.00113812,43/43/42,7fb96a8fcd9b26d7b5a57cc01ed65ba4d62c5d059482d65606a1b2422c81ecb1,0.00198321,0.823343,-0.00058521,1.00199,34,0,34,0,13,10,3,0,13,12,1,0,corner=5405/0/5405/0;rooms=1946/1134/786/26;vertical=2117/1708/365/44
179,733184,0.0455511,64,20,44,0,1.40248,4.75943e-05,43/43/42,4dae71cbefed805ae1dc4c7e42c58c49f6511073cab368e1c32b1872c82767c1,0.000907852,1.24635,-0.000583689,1.00072,35,0,35,0,17,10,7,0,12,10,2,0,corner=5440/0/5440/0;rooms=1963/1144/793/26;vertical=2129/1718/367/44
180,737280,0.0467532,59,18,41,0,1.38982,0.000382215,43/43/42,396666aa9a051c1834e50a048f1de0a5ebf9c93acb68887025a857f460a134e9,-0.000662673,0.897396,-0.000582081,0.999113,33,0,33,0,14,8,6,0,12,10,2,0,corner=5473/0/5473/0;rooms=1977/1152/799/26;vertical=2141/1728/369/44
181,741376,0.045494,60,21,39,0,1.37744,0.00200573,43/43/42,d64763fe8c8f8614370bd4bca6453e029d5d2095e0d0e091eb5bc35706930797,-0.000424435,0.789452,-0.000581034,1.00022,34,0,34,0,14,9,5,0,12,12,0,0,corner=5507/0/5507/0;rooms=1991/1161/804/26;vertical=2153/1740/369/44
182,745472,0.0454809,57,13,44,0,1.37327,0.000813425,43/43/42,d2fb71231beaaf25b3d6557ee275b2a91f94bdfee67285609cf64febe08f7a49,0.00221745,1.16151,-0.00058001,1.00086,33,0,33,0,13,4,9,0,11,9,2,0,corner=5540/0/5540/0;rooms=2004/1165/813/26;vertical=2164/1749/371/44
183,749568,0.0466957,71,24,47,0,1.36826,0.00233069,43/43/42,39b7416152186ae7252bbe88c77e7788a949f60b9a7b0f3b96c8d55ae011da8d,6.87105e-05,1.02545,-0.000578549,0.9998,39,0,39,0,15,9,6,0,17,15,2,0,corner=5579/0/5579/0;rooms=2019/1174/819/26;vertical=2181/1764/373/44
184,753664,0.0453106,54,11,43,0,1.36037,0.000594288,43/43/42,8976f93b1e4a6c91c571b7e0347724329737edf09ea075d7bde6637035db746b,0.000987441,1.32327,-0.00057618,1.00073,31,0,31,0,15,7,8,0,8,4,4,0,corner=5610/0/5610/0;rooms=2034/1181/827/26;vertical=2189/1768/377/44
185,757760,0.0467083,61,16,45,0,1.32523,0.00100961,43/43/42,65af537aa851bf2080301eb235605233dfa56310f157e53b4c7ecb1b7645d6fb,-0.000760053,1.21761,-0.000574405,0.998727,37,0,37,0,12,6,6,0,12,10,2,0,corner=5647/0/5647/0;rooms=2046/1187/833/26;vertical=2201/1778/379/44
186,761856,0.0468512,61,18,43,0,1.33897,0.00067988,43/43/42,f4522c5779ab7af38fee494ee1496e20a8e7d4b140557d98ae28ec0ab783f5bf,0.0028246,1.14422,-0.000572807,1.00018,32,0,32,0,17,8,9,0,12,10,2,0,corner=5679/0/5679/0;rooms=2063/1195/842/26;vertical=2213/1788/381/44
187,765952,0.0465069,51,15,36,0,1.35453,0.000123888,43/43/42,5760a91f23c19f059ad269bd9affb4f7fbf5a606605a96a9f6e844db9b1ffc73,-0.000491275,0.986153,-0.000571275,1.00287,31,0,31,0,8,5,3,0,12,10,2,0,corner=5710/0/5710/0;rooms=2071/1200/845/26;vertical=2225/1798/383/44
188,770048,0.0462581,65,17,48,0,1.36578,0.000336915,43/43/42,23a350524cd5fc7dcc7d3d71b9f3be9b497154ab9fff43903d624fe771c958f7,-0.000657802,1.394,-0.000570437,1.00033,40,0,40,0,10,5,5,0,15,12,3,0,corner=5750/0/5750/0;rooms=2081/1205/850/26;vertical=2240/1810/386/44
189,774144,0.0459568,58,13,45,0,1.35753,0.000973254,43/43/42,d1b2fd254e03ec827eeade9bfaecad7a970695e0760185a3ed31ac67c4a4f053,-0.000585003,0.968737,-0.0005693,1.00305,38,0,38,0,11,5,6,0,9,8,1,0,corner=5788/0/5788/0;rooms=2092/1210/856/26;vertical=2249/1818/387/44
190,778240,0.0462038,63,20,43,0,1.33581,0.000548512,43/43/42,9ea5bab5f1b43d2fbc200ab53cce20318a68167b4e2d65f41f53669a98e4b5e3,-0.00268968,1.69982,-0.000567503,0.998543,29,0,29,0,18,7,11,0,16,13,3,0,corner=5817/0/5817/0;rooms=2110/1217/867/26;vertical=2265/1831/390/44
191,782336,0.0463109,65,22,43,0,1.36794,0.00014475,43/43/42,44485ebed1f7c1b334e478c673e8e736a0e1fecf1c06b0017de2024e4f9841b5,-0.0017293,0.976723,-0.000566579,1.00092,38,0,38,0,16,12,4,0,11,10,1,0,corner=5855/0/5855/0;rooms=2126/1229/871/26;vertical=2276/1841/391/44
192,786432,0.0463764,50,14,36,0,1.38427,0.000675946,43/43/42,86006f093b98d4bc0ab84ae6057aa2783115a2dada62707ab41544c07697815c,-0.00145889,0.942357,-0.000566184,1.00144,31,0,31,0,8,5,3,0,11,9,2,0,corner=5886/0/5886/0;rooms=2134/1234/874/26;vertical=2287/1850/393/44
193,790528,0.0456136,61,15,46,0,1.34251,0.000370651,43/43/42,8a5636a6d17f5f271546188e6b7e91ff9c1e6e508380659e8e295f989703e2e1,-0.00151134,1.17053,-0.000566467,1.00067,36,0,36,0,14,6,8,0,11,9,2,0,corner=5922/0/5922/0;rooms=2148/1240/882/26;vertical=2298/1859/395/44
194,794624,0.0462491,62,17,45,0,1.31387,6.94394e-05,43/43/42,253920e7f941f31ec76a53d6f5a70a7570e18f976425f193c5549a84ce398183,-0.000397067,1.29504,-0.000566326,1.00037,37,0,37,0,10,5,5,0,15,12,3,0,corner=5959/0/5959/0;rooms=2158/1245/887/26;vertical=2313/1871/398/44
195,798720,0.046524,64,18,46,0,1.3373,0.000292689,43/43/42,167a890c5e43c30641395d75b3d0f7e1a1e99bbd97c6a7bf1661016c3c710c28,0.00120596,0.878654,-0.000565879,0.999676,37,0,37,0,17,8,9,0,10,10,0,0,corner=5996/0/5996/0;rooms=2175/1253/896/26;vertical=2323/1881/398/44
196,802816,0.046489,52,12,40,0,1.36855,3.81768e-05,43/43/42,81fec86173870c6da68805f40bb7c5095017e33bf8b9fe239b9a06f0fe24c644,-0.00250764,0.933611,-0.000564816,1.00016,34,0,34,0,11,6,5,0,7,6,1,0,corner=6030/0/6030/0;rooms=2186/1259/901/26;vertical=2330/1887/399/44
197,806912,0.0469119,59,19,40,0,1.35434,5.46277e-05,43/43/42,51b421578c73a2ea5dc36b6e6f9195eb804162ef18c954f4b11896a3cd0b2f37,-0.002354,1.25041,-0.000564278,1.00069,29,0,29,0,16,8,8,0,14,11,3,0,corner=6059/0/6059/0;rooms=2202/1267/909/26;vertical=2344/1898/402/44
198,811008,0.0458109,72,21,51,0,1.35737,0.00171688,43/43/42,ba59911b2864135d075a680de13f96243bae718336438eaacd994dd1deba7455,0.0003154,1.2688,-0.000563801,0.996939,40,0,40,0,20,10,10,0,12,11,1,0,corner=6099/0/6099/0;rooms=2222/1277/919/26;vertical=2356/1909/403/44
199,815104,0.0466275,55,15,40,0,1.37706,0.00313476,43/43/42,cc5937b5b2caa48e7925dd1df3eb385e4d05dd696c0bc53f76050a0a9e8264dd,-0.00101307,0.714554,-0.000563705,1.00068,34,0,34,0,7,2,5,0,14,13,1,0,corner=6133/0/6133/0;rooms=2229/1279/924/26;vertical=2370/1922/404/44
200,819200,0.0468623,65,20,45,0,1.35487,9.25362e-05,43/43/42,ea14b15d2995edc329db3ade09510d9a1e8d255c7fb0ee56e2690b01eb749a3e,-0.000697097,0.819246,-0.000563741,1.0002,38,0,38,0,16,10,6,0,11,10,1,0,corner=6171/0/6171/0;rooms=2245/1289/930/26;vertical=2381/1932/405/44
201,823296,0.0455322,62,17,45,0,1.36127,0.0017907,43/43/42,c45cc8e31f42931e6f47947ae50781fbe73e1860412c5c31ac6c8656094380bb,-0.00222447,1.39558,-0.000564212,1.00069,34,0,34,0,13,5,8,0,15,12,3,0,corner=6205/0/6205/0;rooms=2258/1294/938/26;vertical=2396/1944/408/44
202,827392,0.0466074,56,16,40,0,1.36883,0.000726372,43/43/42,98504adf27b180bb43fa5c62c476485ffc5e3e8b190d9b360b6f626e169413b9,-0.000133554,1.18958,-0.000563962,1.00086,29,0,29,0,15,6,9,0,12,10,2,0,corner=6234/0/6234/0;rooms=2273/1300/947/26;vertical=2408/1954/410/44
203,831488,0.0470274,70,22,48,0,1.34282,1.0401e-05,43/43/42,46ddd728df00d645bf331108e9ed7270a16e67c6fac9938fc7e578c97d7b7140,0.00145722,1.43735,-0.000563585,1.00017,38,0,38,0,14,8,6,0,18,14,4,0,corner=6272/0/6272/0;rooms=2287/1308/953/26;vertical=2426/1968/414/44
204,835584,0.0468566,61,16,45,0,1.38937,0.000490099,43/43/42,c31465944e5a4e87a8f1b7bdfc08191c7c002d1c09620589eeb2a844cab8725e,-0.000984661,0.955013,-0.000562461,0.999114,39,0,39,0,12,8,4,0,10,8,2,0,corner=6311/0/6311/0;rooms=2299/1316/957/26;vertical=2436/1976/416/44
205,839680,0.0456403,61,21,40,0,1.38662,0.000447661,43/43/42,378f065aa69149648aa635710f46944a0921ec4b40d3459759d5d9388859c3c8,-0.00166306,0.681727,-0.00056186,1.00193,35,0,35,0,12,8,4,0,14,13,1,0,corner=6346/0/6346/0;rooms=2311/1324/961/26;vertical=2450/1989/417/44
206,843776,0.0464457,72,24,48,0,1.36379,0.000214845,43/43/42,922c8b14ffc120555f0dc08cafbfdb5b0427a6cf7d5d8ae753d3deea16546f9e,0.000764563,1.20203,-0.000561879,1.0022,38,0,38,0,15,9,6,0,19,15,4,0,corner=6384/0/6384/0;rooms=2326/1333/967/26;vertical=2469/2004/421/44
207,847872,0.046561,55,11,44,0,1.37938,0.000457555,43/43/42,058ae6c8550f4b8a270fc4cd9d859a183cd5d590e95c44cd6461d98698d7f2a8,0.000131545,1.46122,-0.00056156,0.999641,30,0,30,0,12,4,8,0,13,7,6,0,corner=6414/0/6414/0;rooms=2338/1337/975/26;vertical=2482/2011/427/44
208,851968,0.0453435,64,18,46,0,1.39241,5.23329e-05,43/43/42,5ec9392fb46119831fd4edc9ec612cf3a45af7bbfdfb9f9a508a06c5d8aad35c,0.00102272,1.29892,-0.000561377,1.00285,37,0,37,0,9,4,5,0,18,14,4,0,corner=6451/0/6451/0;rooms=2347/1341/980/26;vertical=2500/2025/431/44
209,856064,0.0459005,60,18,42,0,1.37159,0.000157505,43/43/42,93417278e39328fa11c08ae9b6ce9b6ae42f84bf92d2f863f4a9ccdc7025c923,0.0051996,0.969388,-0.0005616,0.999184,36,0,36,0,13,9,4,0,11,9,2,0,corner=6487/0/6487/0;rooms=2360/1350/984/26;vertical=2511/2034/433/44
210,860160,0.0468443,67,19,48,0,1.36499,5.58794e-06,43/43/42,5b34621d7df9013c66665e9b51bbceded88a0a65f8ab4cf208e58c1d35821445,0.00343089,1.17122,-0.000561558,1.00078,36,0,36,0,17,8,9,0,14,11,3,0,corner=6523/0/6523/0;rooms=2377/1358/993/26;vertical=2525/2045/436/44
211,864256,0.046579,60,19,41,0,1.37275,0.00017038,43/43/42,a0094fdbe5ec24e3de377b2bd440a090073271149d7e1906b7f064d980fe779d,-0.00290843,0.928137,-0.000561017,1.00012,36,0,36,0,8,5,3,0,16,14,2,0,corner=6559/0/6559/0;rooms=2385/1363/996/26;vertical=2541/2059/438/44
212,868352,0.0462156,62,18,44,0,1.37899,0.00020507,43/43/42,bdd1dd73132f97e4ca76d5523993a6814497580c1ddb54909d67de453903c731,-0.00107798,1.26312,-0.000560657,0.997009,35,0,35,0,13,8,5,0,14,10,4,0,corner=6594/0/6594/0;rooms=2398/1371/1001/26;vertical=2555/2069/442/44
213,872448,0.0471457,65,21,44,0,1.3788,0.000467956,43/43/42,90d914061d1e1396e9a94b638de66d79be08ece20b4da435b5b952369a89a2c8,2.15028e-05,1.02103,-0.000559753,0.998893,35,0,35,0,15,8,7,0,15,13,2,0,corner=6629/0/6629/0;rooms=2413/1379/1008/26;vertical=2570/2082/444/44
214,876544,0.046863,60,13,47,0,1.36818,7.37011e-05,43/43/42,79b056249300081e513b90a046cbb7609b8a149ffe35b0cb9adda87b3e54a9d0,-0.000737981,1.27297,-0.000558443,0.999736,36,0,36,0,11,4,7,0,13,9,4,0,corner=6665/0/6665/0;rooms=2424/1383/1015/26;vertical=2583/2091/448/44
215,880640,0.0456428,72,20,52,0,1.37745,4.21554e-05,43/43/42,3c42de1c11bbde16a8cd31e918edfb875fa68f996b8e3673d0e71c5b6d5cb92b,0.000394585,1.36127,-0.000557668,1.00028,41,0,41,0,14,7,7,0,17,13,4,0,corner=6706/0/6706/0;rooms=2438/1390/1022/26;vertical=2600/2104/452/44
216,884736,0.0469158,63,17,45,1,1.37918,0.000104815,43/43/42,3b155487091cadf4330ec776cb4cd58c85689c6a86dc59edc511887f7e16e2a4,0.000581313,1.31924,-0.000556976,1.00183,32,0,32,0,14,4,9,1,17,13,4,0,corner=6738/0/6738/0;rooms=2452/1394/1031/27;vertical=2617/2117/456/44
217,888832,0.0467985,65,18,47,0,1.40228,0.000281483,43/43/42,0cfc776cf7bb4f0a75352e7f484f88e3388e29bf9f887ed4097638ac442399ff,0.00150206,1.02441,-0.000557009,0.998657,37,0,37,0,17,10,7,0,11,8,3,0,corner=6775/0/6775/0;rooms=2469/1404/1038/27;vertical=2628/2125/459/44
218,892928,0.0456399,59,22,37,0,1.39364,0.000760466,43/43/42,0642d7922a53d3d4192ab2f0bdafb99f81d38c15d77068dc765de127ffb17964,-0.00246239,0.672433,-0.000556825,0.999821,34,0,34,0,6,4,2,0,19,18,1,0,corner=6809/0/6809/0;rooms=2475/1408/1040/27;vertical=2647/2143/460/44
219,897024,0.0462547,70,13,56,1,1.37262,0.00117241,43/43/42,1211f4ac9f661e7c60190f0c7f45e32d5413aed9fe1aa38ce1b1231378bbc0f5,-0.000599833,1.66379,-0.000556572,0.99729,37,0,37,0,21,5,15,1,12,8,4,0,corner=6846/0/6846/0;rooms=2496/1413/1055/28;vertical=2659/2151/464/44
220,901120,0.0469775,67,17,50,0,1.39135,3.35276e-05,43/43/42,330c418f72c7599efad0e19a9ca796bc33fda120f2e2b30a7afe03ec72a9687a,-0.000446317,1.2905,-0.000556219,1.00121,39,0,39,0,19,10,9,0,9,7,2,0,corner=6885/0/6885/0;rooms=2515/1423/1064/28;vertical=2668/2158/466/44
221,905216,0.0464432,66,19,46,1,1.37682,0.00110903,43/43/42,2aee5e724b9c08f3fc5320ce488e595bfee32e51ab257343d469227705fd4be6,0.00109578,1.24872,-0.000555261,0.999763,36,0,36,0,11,4,6,1,19,15,4,0,corner=6921/0/6921/0;rooms=2526/1427/1070/29;vertical=2687/2173/470/44
222,909312,0.0466787,66,20,46,0,1.39689,7.26283e-05,43/43/42,d74ad3fcf2b4c9412c382875afdbdc3f7a6b4704aa992193c4fe67e8fdb9bd25,6.08319e-05,1.36266,-0.000554415,1.00009,37,0,37,0,12,8,4,0,17,12,5,0,corner=6958/0/6958/0;rooms=2538/1435/1074/29;vertical=2704/2185/475/44
223,913408,0.0468547,65,17,48,0,1.38356,3.54648e-05,43/43/42,11f5d442c16cda07c731671de595903629ec821abc21fdccc572e746df325035,-0.000829183,1.39802,-0.000553682,1.00099,36,0,36,0,15,6,9,0,14,11,3,0,corner=6994/0/6994/0;rooms=2553/1441/1083/29;vertical=2718/2196/478/44
224,917504,0.0467022,64,19,45,0,1.38087,0.000133067,43/43/42,d61bd8ace6a9f6019a11a88948ab719edcfbebb06dc2bfdf93904ffbbdd106a9,0.000462247,0.75032,-0.000552694,1.00115,36,0,36,0,17,9,8,0,11,10,1,0,corner=7030/0/7030/0;rooms=2570/1450/1091/29;vertical=2729/2206/479/44
225,921600,0.0458982,61,18,43,0,1.38349,0.00132516,43/43/42,12e0c08419d3ee9ef032ff95d89b1e3860d8a9d15c2701cfc23ca67bf94ebe49,-0.000333497,1.18901,-0.000552393,0.998792,38,0,38,0,5,3,2,0,18,15,3,0,corner=7068/0/7068/0;rooms=2575/1453/1093/29;vertical=2747/2221/482/44
226,925696,0.0466439,63,19,44,0,1.36976,0.000152141,43/43/42,572c20a7f67bc17fc93ef0e26c687e891f1b08a7186a18adf1331e4db12c55ea,-0.000237411,1.22385,-0.000552818,1.00166,35,0,35,0,13,8,5,0,15,11,4,0,corner=7103/0/7103/0;rooms=2588/1461/1098/29;vertical=2762/2232/486/44
227,929792,0.046717,63,18,45,0,1.36946,0.000195771,43/43/42,2de9a99b1f9df22b2bfe1e85eb61c879b9d01d2f3d95cfc8c96eb1a2696ee2d0,-0.000567938,0.897536,-0.000552393,1.00023,36,0,36,0,14,7,7,0,13,11,2,0,corner=7139/0/7139/0;rooms=2602/1468/1105/29;vertical=2775/2243/488/44
228,933888,0.0454051,60,15,45,0,1.34259,0.000467688,43/43/42,626b67ea3bf122eaa6c43febba8bb5ef0978872c434bc18e3db62e444befe4e6,0.000900363,0.834036,-0.000551355,1.0013,39,0,39,0,10,6,4,0,11,9,2,0,corner=7178/0/7178/0;rooms=2612/1474/1109/29;vertical=2786/2252/490/44
229,937984,0.0462267,67,18,47,2,1.33127,0.000147849,43/43/42,76f68c602cc29d793961d88f5b0e79cc60553ed9acda34c960e9b4500a6bb572,-0.00343,1.48538,-0.000551049,0.998808,37,0,37,0,10,3,6,1,20,15,4,1,corner=7215/0/7215/0;rooms=2622/1477/1115/30;vertical=2806/2267/494/45
230,942080,0.0465964,70,22,48,0,1.35382,0.000666052,43/43/42,ed4eed914121ed6b24166a6d9878b5020535de51839a9f12f6fde70d83391ad5,0.00231959,0.950585,-0.000550512,0.999722,39,0,39,0,21,13,8,0,10,9,1,0,corner=7254/0/7254/0;rooms=2643/1490/1123/30;vertical=2816/2276/495/45
231,946176,0.0463739,62,14,48,0,1.35676,0.000632793,43/43/42,34aaf0a342eeb9da07930dd01df2df206098ca73076199b65790dba903c4a432,-0.00049181,1.10691,-0.000549594,0.99773,36,0,36,0,13,3,10,0,13,11,2,0,corner=7290/0/7290/0;rooms=2656/1493/1133/30;vertical=2829/2287/497/45
232,950272,0.0465181,58,17,41,0,1.37779,0.00156561,43/43/42,c1024c9ee5251b6f0dd37bcf238844c0edc93e1c264f639fd9556c5563f5388f,-0.00185726,1.07591,-0.000549325,0.998667,33,0,33,0,8,4,4,0,17,13,4,0,corner=7323/0/7323/0;rooms=2664/1497/1137/30;vertical=2846/2300/501/45
233,954368,0.0467096,69,24,45,0,1.37201,0.00021866,43/43/42,502752295c086930eb165a06d4c6f1376a5694ca439e89ab648522cbdb36c9bd,-0.00220616,1.63229,-0.000548242,0.999092,35,0,35,0,16,11,5,0,18,13,5,0,corner=7358/0/7358/0;rooms=2680/1508/1142/30;vertical=2864/2313/506/45
234,958464,0.0454372,64,16,48,0,1.37721,0.000785857,43/43/42,577ba9a758369d598d3a1a460c1fd2bdd571566f642cf453ad1ece960b7fe048,0.0011585,1.63594,-0.000546872,0.999306,38,0,38,0,11,8,3,0,15,8,7,0,corner=7396/0/7396/0;rooms=2691/1516/1145/30;vertical=2879/2321/513/45
235,962560,0.0469476,65,15,50,0,1.32547,8.35061e-05,43/43/42,85f0b29a38a706115bcdf586275ece735eb35218ad9990f34af141b74b43bdb8,-0.0022836,1.65181,-0.000545559,1.00051,38,0,38,0,10,4,6,0,17,11,6,0,corner=7434/0/7434/0;rooms=2701/1520/1151/30;vertical=2896/2332/519/45
236,966656,0.0464768,68,18,50,0,1.34902,0.00112465,43/43/42,f0e1b73e477944eaa3ecb6a6c153c9ee287b5ee3a564517a61ba3e7cabb8e989,-0.00303445,1.7973,-0.000544749,0.99799,35,0,35,0,14,4,10,0,19,14,5,0,corner=7469/0/7469/0;rooms=2715/1524/1161/30;vertical=2915/2346/524/45
237,970752,0.0453068,70,22,48,0,1.36033,0.000147253,43/43/42,54cd813820894e2c93843bf87138f007d01bef0f24f802afa7f9dc7972f80574,0.000883688,1.08943,-0.000543453,1.00044,40,0,40,0,16,10,6,0,14,12,2,0,corner=7509/0/7509/0;rooms=2731/1534/1167/30;vertical=2929/2358/526/45
238,974848,0.0460827,62,15,46,1,1.37107,0.000543267,43/43/42,8bd1a4b9cc8da83f7b50150b1fc1389988233b0a2d4d7ea929048f860130208f,0.00234465,0.901529,-0.000541845,1.00272,36,0,36,0,14,5,8,1,12,10,2,0,corner=7545/0/7545/0;rooms=2745/1539/1175/31;vertical=2941/2368/528/45
239,978944,0.0464272,62,16,46,0,1.39756,0.00170845,43/43/42,2c8ffd65ddd6a530faaceac73200667cece3adabe5cb8a6cbeeeacd3fee90256,0.00151068,0.922566,-0.000541103,1.00032,37,0,37,0,14,5,9,0,11,11,0,0,corner=7582/0/7582/0;rooms=2759/1544/1184/31;vertical=2952/2379/528/45
240,983040,0.0455545,70,19,51,0,1.38939,0.00120369,43/43/42,80fabcd0b5c8388c91b715ee9198aff27217a0bd0cef879d8468c37667008fa7,0.00012065,1.50625,-0.000540757,1.00017,34,0,34,0,19,5,14,0,17,14,3,0,corner=7616/0/7616/0;rooms=2778/1549/1198/31;vertical=2969/2393/531/45
241,987136,0.0471926,65,20,45,0,1.40371,3.0905e-05,43/43/42,78734603ece77e38c112534f7fc2f1d54c579e2eb95f18508d33a275d1ff2ee8,-0.000206202,1.12946,-0.00054023,1.00189,36,0,36,0,11,6,5,0,18,14,4,0,corner=7652/0/7652/0;rooms=2789/1555/1203/31;vertical=2987/2407/535/45
242,991232,0.0465043,61,16,45,0,1.37638,0.000270233,43/43/42,29f7ba34fe8c98ae69cbd16c98f0e10b132dfb91c7b2811dca54adb453d0eef5,-0.000543312,0.983727,-0.000539126,1.00051,38,0,38,0,8,5,3,0,15,11,4,0,corner=7690/0/7690/0;rooms=2797/1560/1206/31;vertical=3002/2418/539/45
243,995328,0.0473058,65,20,44,1,1.36917,0.000244766,43/43/42,17ab06a2a9081127de0c274a74f0e5dc53e262e55e8909e531cf5c94d247e8f3,0.000173476,1.42849,-0.000538118,1.0001,37,0,37,0,10,7,2,1,18,13,5,0,corner=7727/0/7727/0;rooms=2807/1567/1208/32;vertical=3020/2431/544/45
244,999424,0.0471119,72,22,50,0,1.36055,0.00015074,43/43/42,a0eda6e4679c0bb6b1e9eb765c342e1524e562554b6a3f6924ba617151179e51,-0.00235813,1.30959,-0.000537207,0.999627,37,0,37,0,17,9,8,0,18,13,5,0,corner=7764/0/7764/0;rooms=2824/1576/1216/32;vertical=3038/2444/549/45
245,1003520,0.045594,57,9,48,0,1.36828,0.000510365,43/43/42,93687e7d726dc775466a3d3dd740490c8f1d08b9cfa9f5be23d835679addddd3,-0.00229421,1.5124,-0.00053621,0.999511,35,0,35,0,11,2,9,0,11,7,4,0,corner=7799/0/7799/0;rooms=2835/1578/1225/32;vertical=3049/2451/553/45
246,1007616,0.046429,64,15,49,0,1.32344,0.00140277,43/43/42,6bf5c3649d706b91005667736330af626417973cfc940e4e7b8381f792987c5a,-0.000904215,1.46504,-0.000535604,0.998365,36,0,36,0,13,4,9,0,15,11,4,0,corner=7835/0/7835/0;rooms=2848/1582/1234/32;vertical=3064/2462/557/45
247,1011712,0.0466291,74,23,51,0,1.33329,5.06938e-05,43/43/42,d24bba314ab78f04f95b6a36147bfe4f4d3c57d03848a13744dada6837956c68,-0.00352315,1.20532,-0.000535541,1.00072,41,0,41,0,17,9,8,0,16,14,2,0,corner=7876/0/7876/0;rooms=2865/1591/1242/32;vertical=3080/2476/559/45
248,1015808,0.0456612,63,19,43,1,1.3648,0.000799328,43/43/42,59699569cdb6ac4d2f490eeaf91a00090451deb6523b0f48c368e591f09a6b4a,-0.00336627,0.941367,-0.000534034,0.998744,37,0,37,0,11,6,4,1,15,13,2,0,corner=7913/0/7913/0;rooms=2876/1597/1246/33;vertical=3095/2489/561/45
249,1019904,0.0460253,54,13,41,0,1.39114,0.000269681,43/43/42,04167737a5be5c5f0dd0a70759956f067f6eab8840b9920f2d4d9cdaabdd5f78,-0.00229479,0.930676,-0.000532179,1.00113,33,0,33,0,10,5,5,0,11,8,3,0,corner=7946/0/7946/0;rooms=2886/1602/1251/33;vertical=3106/2497/564/45
250,1024000,0.0465979,74,18,55,1,1.36609,1.08778e-05,43/43/42,9defdedf03a24065c706df61e2c91875f7ce38b7881d2dcf0f9a37c7593dd8d1,-0.000732905,1.25446,-0.000530504,1.00097,38,0,38,0,19,3,15,1,17,15,2,0,corner=7984/0/7984/0;rooms=2905/1605/1266/34;vertical=3123/2512/566/45
251,1028096,0.0466175,71,21,50,0,1.35881,0.000165731,43/43/42,c95c16e4fb5e2728480e1ba1ccb8d932f2046a81dce04d9c45d92bfd726b6df8,0.000774707,1.27403,-0.000529995,1.00044,37,0,37,0,15,6,9,0,19,15,4,0,corner=8021/0/8021/0;rooms=2920/1611/1275/34;vertical=3142/2527/570/45
252,1032192,0.0464336,62,15,47,0,1.3904,0.000725061,43/43/42,3170c215e48498bcb7b1187080fabfb0710562bb2b5ea2a58540505b617139e8,-6.23057e-05,1.26678,-0.000530121,1.00211,37,0,37,0,13,8,5,0,12,7,5,0,corner=8058/0/8058/0;rooms=2933/1619/1280/34;vertical=3154/2534/575/45
253,1036288,0.0469745,60,18,42,0,1.39082,6.78599e-05,43/43/42,d82772327086e4104de9813b441cf888200a091d9e33dd58e8e5841b644fbd88,-0.00253139,0.725151,-0.000528866,0.997891,36,0,36,0,11,6,5,0,13,12,1,0,corner=8094/0/8094/0;rooms=2944/1625/1285/34;vertical=3167/2546/576/45
254,1040384,0.0464831,69,21,48,0,1.36743,0.000513732,43/43/42,05fb36ac5ffcb4a7b6a2c287a3a0effcd45cc4a09e717aca13c61cfbd0a5033d,0.00256634,1.21537,-0.000527774,1.00326,36,0,36,0,15,7,8,0,18,14,4,0,corner=8130/0/8130/0;rooms=2959/1632/1293/34;vertical=3185/2560/580/45
255,1044480,0.0457685,67,18,49,0,1.3703,0.000878632,43/43/42,82d49648fa5b1730ec14410de158a70fbca4c563d0ab8a57f408bc601e06289c,0.000831151,1.48983,-0.000528046,1.00278,39,0,39,0,13,8,5,0,15,10,5,0,corner=8169/0/8169/0;rooms=2972/1640/1298/34;vertical=3200/2570/585/45
256,1048576,0.0465031,64,13,51,0,1.37712,0.00122866,43/43/42,6cbb2188bfa5c9495b117756dab0e45404b652a3ba0d13c262616f10a4d6c005,-0.00284563,1.21897,-0.000528084,0.999595,37,0,37,0,11,3,8,0,16,10,6,0,corner=8206/0/8206/0;rooms=2983/1643/1306/34;vertical=3216/2580/591/45
257,1052672,0.0463316,70,24,45,1,1.38348,0.000831515,43/43/42,d5b8c860245928317840f08883a7c290c1d855ee5f4b2b70186ba235a319ad29,0.000485883,0.937032,-0.000527022,1.00346,38,0,38,0,19,12,6,1,13,12,1,0,corner=8244/0/8244/0;rooms=3002/1655/1312/35;vertical=3229/2592/592/45
258,1056768,0.0452217,55,14,41,0,1.41492,0.00206366,43/43/42,5fb0684bde55999dd08a2949b5366894e7773968b391bf6afab84f711ccdf5ba,-0.00118091,1.13355,-0.00052602,1.00058,34,0,34,0,7,3,4,0,14,11,3,0,corner=8278/0/8278/0;rooms=3009/1658/1316/35;vertical=3243/2603/595/45
259,1060864,0.0463045,64,19,44,1,1.38559,0.00134078,43/43/42,5507cd85db639286bc8b4a91fc745d49cf930e901ace1032a5d341079fbc55d8,0.00132231,0.539357,-0.000525275,1.00012,39,0,39,0,14,8,5,1,11,11,0,0,corner=8317/0/8317/0;rooms=3023/1666/1321/36;vertical=3254/2614/595/45
260,1064960,0.0464717,60,22,38,0,1.37113,0.00203708,43/43/42,7a8d76c940222688353b82c16757745ab3b502dd29eb79d234d13c8933a8eed4,-0.00155825,0.605102,-0.00052391,0.999634,36,0,36,0,10,8,2,0,14,14,0,0,corner=8353/0/8353/0;rooms=3033/1674/1323/36;vertical=3268/2628/595/45
261,1069056,0.0458177,70,22,47,1,1.37795,0.000238091,43/43/42,aa943046f630852c30b6447b232286be6cb03297d4fb542d8ca17c58144d88be,9.20254e-05,0.993616,-0.000522617,1.00008,37,0,37,0,16,9,7,0,17,13,3,1,corner=8390/0/8390/0;rooms=3049/1683/1330/36;vertical=3285/2641/598/46
262,1073152,0.04682,63,20,43,0,1.39861,0.00349036,43/43/42,fb8f6200d8485279068db909ca4dae4dc152ed40ff05844ca903bad64ed33f2a,0.000465342,1.09828,-0.000521641,1.00011,37,0,37,0,12,8,4,0,14,12,2,0,corner=8427/0/8427/0;rooms=3061/1691/1334/36;vertical=3299/2653/600/46
263,1077248,0.0470284,66,15,51,0,1.37536,0.00149873,43/43/42,0b1ece9f2b2e5d73fbab79ae25e8bcd579c5bb8e3af9043ffdc47cc562005bac,-0.0027702,1.32334,-0.000520373,0.9994,39,0,39,0,10,3,7,0,17,12,5,0,corner=8466/0/8466/0;rooms=3071/1694/1341/36;vertical=3316/2665/605/46
264,1081344,0.0456331,67,18,48,1,1.36888,0.00134936,43/43/42,609873f5d6ba86f715cd614775e1744edfd27bbf93be7574c40cdfc6915ee811,-0.000994563,1.4382,-0.000519824,1.00053,36,0,36,0,17,8,8,1,14,10,4,0,corner=8502/0/8502/0;rooms=3088/1702/1349/37;vertical=3330/2675/609/46
265,1085440,0.0467034,66,19,47,0,1.37823,0.00134745,43/43/42,11befd6717c9a7e112883f008e42cc18d4d8c942c08693e1ab4088163b389a69,-0.00223762,1.015,-0.000520082,0.999095,35,0,35,0,17,8,9,0,14,11,3,0,corner=8537/0/8537/0;rooms=3105/1710/1358/37;vertical=3344/2686/612/46
266,1089536,0.0469436,63,17,46,0,1.38912,0.00016728,43/43/42,d06cd46dc707c081e38b2fbdafbdc91a17cd89b7007c80c900c4e878d1bac905,-0.00184802,1.21656,-0.000519932,1.0005,37,0,37,0,14,7,7,0,12,10,2,0,corner=8574/0/8574/0;rooms=3119/1717/1365/37;vertical=3356/2696/614/46
267,1093632,0.0454836,75,23,51,1,1.40507,0.00012973,43/43/42,de456afffcf26c9e3b49153904d82fec4640200dc7eb42bdf236f2f5250f0df1,-0.00265149,1.73782,-0.000520296,1.00054,39,0,39,0,16,9,6,1,20,14,6,0,corner=8613/0/8613/0;rooms=3135/1726/1371/38;vertical=3376/2710/620/46
268,1097728,0.0462122,68,21,46,1,1.3887,0.000588447,43/43/42,52151631cdb6e8a69e73811c9e7c0d10ba029a79b86c382264bef9daf5663545,-0.000154965,1.21147,-0.000520149,0.997368,38,0,38,0,13,7,5,1,17,14,3,0,corner=8651/0/8651/0;rooms=3148/1733/1376/39;vertical=3393/2724/623/46
269,1101824,0.0469135,62,15,47,0,1.41476,0.0012615,43/43/42,da51ae50309894e16cca3efd31cc7caa5994a29da37b3e7cec0b24f8038ee4c0,-0.000971105,1.24603,-0.000519382,0.997916,37,0,37,0,14,7,7,0,11,8,3,0,corner=8688/0/8688/0;rooms=3162/1740/1383/39;vertical=3404/2732/626/46
270,1105920,0.0468088,61,17,43,1,1.41153,6.24955e-05,43/43/42,db9296f1d4ba624d413e5f1bf9239c4492838c25aa84072bf8a1ca5b4977186a,0.00320362,0.84939,-0.00051957,0.996198,37,0,37,0,11,5,5,1,13,12,1,0,corner=8725/0/8725/0;rooms=3173/1745/1388/40;vertical=3417/2744/627/46
271,1110016,0.046163,67,21,45,1,1.39186,0.000866205,43/43/42,56f84a057656f1a4bb0ff9e5969af7d4b30c232ea3367238dce57efb95b84168,-0.00287795,1.21713,-0.000518642,1.00025,35,0,35,0,16,6,9,1,16,15,1,0,corner=8760/0/8760/0;rooms=3189/1751/1397/41;vertical=3433/2759/628/46
272,1114112,0.0469213,58,11,47,0,1.40175,0.000151783,43/43/42,a4d8b4c16227cba30818af342e34e9e159eb5a7aa80f3f3af656226a5d7703da,-0.00246645,1.38332,-0.000517226,1.00097,39,0,39,0,8,4,4,0,11,7,4,0,corner=8799/0/8799/0;rooms=3197/1755/1401/41;vertical=3444/2766/632/46
273,1118208,0.0470142,66,23,42,1,1.3926,0.000448376,43/43/42,dae2752f6c1529fe6ead88ed41e8a27f23bdcc7f9fae8f57dec7d1d95a440fd1,0.00279667,0.830218,-0.000516122,1.00108,35,0,35,0,13,7,5,1,18,16,2,0,corner=8834/0/8834/0;rooms=3210/1762/1406/42;vertical=3462/2782/634/46
274,1122304,0.0460845,64,15,49,0,1.35763,0.00133327,43/43/42,f11f991b7e7031b8aca9513dd8f12f01483e603ede8a135585ca3caea4aa88ac,-0.000569162,1.53801,-0.000514967,0.999936,39,0,39,0,11,6,5,0,14,9,5,0,corner=8873/0/8873/0;rooms=3221/1768/1411/42;vertical=3476/2791/639/46
275,1126400,0.0467109,65,16,49,0,1.3492,0.000453144,43/43/42,bbe084d7b4e726433edd8b68f17e4ce47252937efaa8d421409ee3498a0069e7,-0.00237415,1.48683,-0.000514858,0.99785,37,0,37,0,13,4,9,0,15,12,3,0,corner=8910/0/8910/0;rooms=3234/1772/1420/42;vertical=3491/2803/642/46
276,1130496,0.046692,60,12,47,1,1.35339,0.000405222,43/43/42,b9f34e5dec0924c1cec97fce0a88d01fba97553a9611d45b79a655b4cf81391f,0.00216971,1.04627,-0.000514891,0.998579,38,0,38,0,13,4,8,1,9,8,1,0,corner=8948/0/8948/0;rooms=3247/1776/1428/43;vertical=3500/2811/643/46
277,1134592,0.0454158,64,15,49,0,1.35394,0.00253323,43/43/42,5985da8b479b9eb084aaded20c48221bc2e925fa7690f50383e4f5abf6b1f60e,-0.0031426,1.08564,-0.000515309,1.00152,38,0,38,0,12,4,8,0,14,11,3,0,corner=8986/0/8986/0;rooms=3259/1780/1436/43;vertical=3514/2822/646/46
278,1138688,0.0460971,70,26,44,0,1.34809,0.000538975,43/43/42,ee6fd20e3f98111839dbf136630d98cdcae03966e8e815d77a84431959c6e1ca,0.00222627,1.20951,-0.000516232,0.999289,37,0,37,0,17,11,6,0,16,15,1,0,corner=9023/0/9023/0;rooms=3276/1791/1442/43;vertical=3530/2837/647/46
279,1142784,0.0466829,66,13,52,1,1.37253,0.000376374,43/43/42,10c9bb3f649c51abd6530a4a5660eacf0bd83cf742238e432e8bf8c185b1bf3e,-0.002289,1.30858,-0.000515555,1.00025,39,0,39,0,16,6,10,0,11,7,3,1,corner=9062/0/9062/0;rooms=3292/1797/1452/43;vertical=3541/2844/650/47
280,1146880,0.0463981,69,20,49,0,1.3742,0.000173479,43/43/42,cc5cafe80b60221461010d8e57c68c7d249b36970ac83326de83a30b28488d50,0.0028557,1.28286,-0.000514506,0.999111,38,0,38,0,13,5,8,0,18,15,3,0,corner=9100/0/9100/0;rooms=3305/1802/1460/43;vertical=3559/2859/653/47
281,1150976,0.0461996,52,15,37,0,1.38041,0.00294974,43/43/42,3e6e75df3ca4321ccf7f9b5a8a9defee8a4f6426a26e8b5415733a251bb914cb,-0.00212923,0.994589,-0.000514483,1.00018,33,0,33,0,6,5,1,0,13,10,3,0,corner=9133/0/9133/0;rooms=3311/1807/1461/43;vertical=3572/2869/656/47
282,1155072,0.0465778,68,18,50,0,1.36792,0.000624806,43/43/42,9d4f676e4136a82a7715829104de852f40406e97b16b79f28f5b7b49d7d30a68,0.000961885,1.45724,-0.000514418,1.00147,39,0,39,0,14,7,7,0,15,11,4,0,corner=9172/0/9172/0;rooms=3325/1814/1468/43;vertical=3587/2880/660/47
283,1159168,0.0453155,62,16,45,1,1.33996,0.000777751,43/43/42,04e247e1dcf7d0339c7449002974c80b8603ac43acbbf15faa73c5d1f7c66ffc,-0.000752903,1.24069,-0.000513282,1.00109,37,0,37,0,9,4,4,1,16,12,4,0,corner=9209/0/9209/0;rooms=3334/1818/1472/44;vertical=3603/2892/664/47
284,1163264,0.0466517,70,20,50,0,1.36206,0.000392586,43/43/42,8763401fdf9ff7e56e2f5112b6ffe3c101a18164c8181dd3581574b7f19b82a7,-0.000192366,1.46217,-0.000512834,0.999195,40,0,40,0,14,7,7,0,16,13,3,0,corner=9249/0/9249/0;rooms=3348/1825/1479/44;vertical=3619/2905/667/47
285,1167360,0.0464521,63,16,47,0,1.35754,3.29316e-05,43/43/42,65c303f454de0f29e549bf083122f6fe6de83bfec3c77d5acd086c1c6321bd61,-0.00193469,1.18417,-0.00051271,1.0022,36,0,36,0,14,5,9,0,13,11,2,0,corner=9285/0/9285/0;rooms=3362/1830/1488/44;vertical=3632/2916/669/47
286,1171456,0.044819,61,13,48,0,1.36886,0.000403315,43/43/42,f789b675a223e60bfa14a5048d2be2d5c53fc97df9ba616d4bdf76152ff20fba,-0.000637154,1.11226,-0.000512191,0.99955,38,0,38,0,14,7,7,0,9,6,3,0,corner=9323/0/9323/0;rooms=3376/1837/1495/44;vertical=3641/2922/672/47
287,1175552,0.0465111,73,22,51,0,1.35665,0.000749618,43/43/42,4c9d8ba1bec45170354ee6adb672d9128e25251ee9f76d5455eae1b0539a0b07,-0.00172046,1.65227,-0.000511519,0.995184,40,0,40,0,12,7,5,0,21,15,6,0,corner=9363/0/9363/0;rooms=3388/1844/1500/44;vertical=3662/2937/678/47
288,1179648,0.0465095,67,20,47,0,1.35735,0.000602394,43/43/42,5bfcd8332f9633393fd67de2590df636ba8e2c0e439ed2d05e61da6b18add7d5,-0.000840707,1.47549,-0.000511508,1.00062,34,0,34,0,12,5,7,0,21,15,6,0,corner=9397/0/9397/0;rooms=3400/1849/1507/44;vertical=3683/2952/684/47
289,1183744,0.0464152,55,11,44,0,1.36553,0.0013943,43/43/42,6f5ed178873df61e196dda78ed7a3bce410e9c170c9c2792d441e815c4de4999,-0.000123736,0.856284,-0.00051016,0.999606,37,0,37,0,8,5,3,0,10,6,4,0,corner=9434/0/9434/0;rooms=3408/1854/1510/44;vertical=3693/2958/688/47
290,1187840,0.0468248,62,18,43,1,1.35403,0.000390083,43/43/42,b02c3713302aa9ce39c538b20267efb08e53a115c6fac82cdf39dcbda46c0cfc,-0.00184332,0.932519,-0.000508646,0.998221,36,0,36,0,13,6,6,1,13,12,1,0,corner=9470/0/9470/0;rooms=3421/1860/1516/45;vertical=3706/2970/689/47
291,1191936,0.0468893,62,17,44,1,1.34201,0.00033918,43/43/42,08803e3cb8344749b81b4ac2b860e9ad67c7b7043097624c8586e419a0aa4aab,-0.00129926,1.07619,-0.000507809,1.00158,36,0,36,0,10,4,5,1,16,13,3,0,corner=9506/0/9506/0;rooms=3431/1864/1521/46;vertical=3722/2983/692/47
292,1196032,0.0459483,70,19,49,2,1.37124,0.000269443,43/43/42,200de3289af771aef1594003eda7cfe354b6b73ce4bb1bec0eaaed32414df41c,-0.00209675,1.19244,-0.000507094,1.00068,39,0,39,0,14,5,7,2,17,14,3,0,corner=9545/0/9545/0;rooms=3445/1869/1528/48;vertical=3739/2997/695/47
293,1200128,0.04654,60,13,47,0,1.33547,0.00082162,43/43/42,fcb881e914ea8e47ca5db34e9a667434f7a3db88e3feb9602e3acb8510868e5c,-0.000646283,0.733769,-0.000506275,0.99936,41,0,41,0,9,5,4,0,10,8,2,0,corner=9586/0/9586/0;rooms=3454/1874/1532/48;vertical=3749/3005/697/47
294,1204224,0.0469663,69,17,52,0,1.32145,0.000126392,43/43/42,4fe4e6c284497c3af9333bc9bc5bd38bc95b89ca918997fb947dbc98744851c0,-0.00044072,1.31076,-0.000505551,1.00195,39,0,39,0,14,4,10,0,16,13,3,0,corner=9625/0/9625/0;rooms=3468/1878/1542/48;vertical=3765/3018/700/47
295,1208320,0.0467241,75,27,47,1,1.31109,0.000518709,43/43/42,786fa6467c0e6179d4439fbc7679b8b92304f741b685b78c5a2b9520c8394e0f,-0.00126881,1.25869,-0.000505133,1.00165,39,0,39,0,17,11,5,1,19,16,3,0,corner=9664/0/9664/0;rooms=3485/1889/1547/49;vertical=3784/3034/703/47
296,1212416,0.0453903,55,9,46,0,1.34538,0.0020428,43/43/42,bce3245c117f3e45444b9656c8fc1b773de3531bb46730a8d4a6044626f463af,0.00184467,0.789307,-0.00050455,0.997193,37,0,37,0,9,2,7,0,9,7,2,0,corner=9701/0/9701/0;rooms=3494/1891/1554/49;vertical=3793/3041/705/47
297,1216512,0.0467839,61,14,46,1,1.31859,0.000713304,43/43/42,9abe4d5e7a3911ee4a8fbc5be87bd8628823e274312a2dd12820499e7a135a64,0.00100419,1.0809,-0.000503192,0.998115,38,0,38,0,10,5,4,1,13,9,4,0,corner=9739/0/9739/0;rooms=3504/1896/1558/50;vertical=3806/3050/709/47
298,1220608,0.0473227,66,22,44,0,1.35445,0.000562578,43/43/42,afad0bedd566c8142733b1ffc5010868b23bc827f98d69e0205e8c3a830f53c9,-0.00396637,0.906555,-0.000502056,1.00037,38,0,38,0,10,5,5,0,18,17,1,0,corner=9777/0/9777/0;rooms=3514/1901/1563/50;vertical=3824/3067/710/47
299,1224704,0.0470935,67,20,46,1,1.35138,0.000537544,43/43/42,670ae0b8260ec7e22439bc02670ffd5727d7412290d84cabd502df61817508e8,0.000209877,1.00083,-0.000500909,1.00264,36,0,36,0,17,8,8,1,14,12,2,0,corner=9813/0/9813/0;rooms=3531/1909/1571/51;vertical=3838/3079/712/47
300,1228800,0.0456919,62,11,50,1,1.34235,6.52373e-05,43/43/42,cde00cca3dbf5e8ece6da1840f991d6e355fe1ca754285656edc9231cd88e7df,0.000825876,0.803414,-0.000500451,0.999811,38,0,38,0,15,3,11,1,9,8,1,0,corner=9851/0/9851/0;rooms=3546/1912/1582/52;vertical=3847/3087/713/47
301,1232896,0.0467961,69,22,46,1,1.36039,0.000325024,43/43/42,7ce24c42ca46a862442c9aeede638e17dde464dbc990a2529c995f7599302ead,-0.00286511,1.12692,-0.000499907,1.00058,39,0,39,0,12,7,4,1,18,15,3,0,corner=9890/0/9890/0;rooms=3558/1919/1586/53;vertical=3865/3102/716/47
302,1236992,0.0468173,73,23,48,2,1.36,0.000933558,43/43/42,a77e59d5691b61ca77df40f5bfecbde0c302658f8fe6432eda51030cda11a1b5,-0.000721847,1.19057,-0.000499335,1.00038,38,0,38,0,19,9,8,2,16,14,2,0,corner=9928/0/9928/0;rooms=3577/1928/1594/55;vertical=3881/3116/718/47
303,1241088,0.0456204,58,16,42,0,1.37865,0.00080362,43/43/42,b482deb9501f2df80a0a2187461663cd806ef1401b803afe11ace1992d1b9848,-0.00128198,0.553159,-0.000499662,0.998895,39,0,39,0,8,6,2,0,11,10,1,0,corner=9967/0/9967/0;rooms=3585/1934/1596/55;vertical=3892/3126/719/47
304,1245184,0.0467845,63,15,48,0,1.3665,0.00145665,43/43/42,9e907c821abbaec653f186e613e3fc1d08454b08fe659816753c575daa2db16e,0.00106126,1.12787,-0.000499854,0.999191,38,0,38,0,10,4,6,0,15,11,4,0,corner=10005/0/10005/0;rooms=3595/1938/1602/55;vertical=3907/3137/723/47
305,1249280,0.0467284,72,23,48,1,1.36939,0.000364855,43/43/42,c850e7ee7566bcd3c0be1f82b2f041016f68da2c96f5682d8583e7b9da28b689,-0.00394456,1.23978,-0.000498702,0.998887,38,0,38,0,16,8,7,1,18,15,3,0,corner=10043/0/10043/0;rooms=3611/1946/1609/56;vertical=3925/3152/726/47
306,1253376,0.0453716,60,18,42,0,1.37851,0.000882059,43/43/42,4b2a2d76e1325440080e0f420e4e3e88e507691ce25a493276243602d379b8ce,-0.00150372,0.873212,-0.000497986,0.999945,35,0,35,0,14,9,5,0,11,9,2,0,corner=10078/0/10078/0;rooms=3625/1955/1614/56;vertical=3936/3161/728/47
307,1257472,0.0461693,56,15,41,0,1.3868,0.00180486,43/43/42,e092210851424e058fbc6e42f71d340bbdc33c9d5ed34d7bc4ae63a02ce7c10b,0.00053788,0.659655,-0.000496595,0.999715,37,0,37,0,8,5,3,0,11,10,1,0,corner=10115/0/10115/0;rooms=3633/1960/1617/56;vertical=3947/3171/729/47
308,1261568,0.0467233,62,22,39,1,1.38765,0.000140458,43/43/42,8508bb278ab8640b7620f4413211c6c55b9c89a95f38e946f2e806bb26ec0be5,0.000626144,0.50147,-0.000495385,1.00005,37,0,37,0,9,7,1,1,16,15,1,0,corner=10152/0/10152/0;rooms=3642/1967/1618/57;vertical=3963/3186/730/47
309,1265664,0.0470162,72,18,54,0,1.35519,0.000876337,43/43/42,a3171d9e935e541e668c8b3011a4139e7b61e8e61465531ebbad0845056284a9,-0.00230739,1.6021,-0.000494997,0.997962,38,0,38,0,17,6,11,0,17,12,5,0,corner=10190/0/10190/0;rooms=3659/1973/1629/57;vertical=3980/3198/735/47
310,1269760,0.0469091,58,8,50,0,1.36441,0.00046733,43/43/42,6f036b769ffa45f0b43538040029365e748be0f22bad9a2a835484fcdbbc71cf,0.00149823,1.06384,-0.000495707,1.00102,40,0,40,0,12,3,9,0,6,5,1,0,corner=10230/0/10230/0;rooms=3671/1976/1638/57;vertical=3986/3203/736/47
311,1273856,0.0467308,66,18,48,0,1.32399,0.000638634,43/43/42,bc2a24697ec22416afd18291876600b59023e8174ba859953266ac27b16f7980,0.00141919,1.0026,-0.000495667,0.998904,42,0,42,0,7,3,4,0,17,15,2,0,corner=10272/0/10272/0;rooms=3678/1979/1642/57;vertical=4003/3218/738/47
312,1277952,0.0470638,60,17,43,0,1.31716,0.000582963,43/43/42,192a0ae37598f19b1ce45bc5399cf15250a4464f70c75f1546ca5167f5d42500,-0.000977151,0.970852,-0.000495037,0.997886,36,0,36,0,11,6,5,0,13,11,2,0,corner=10308/0/10308/0;rooms=3689/1985/1647/57;vertical=4016/3229/740/47
313,1282048,0.047259,58,12,43,3,1.327,0.00158587,43/43/42,6a833cb8933f80ed93c8e8f5a90b43700516ee9cdc03a268b3670ea51b0f0638,-0.001315,0.957481,-0.000494656,0.999545,38,0,38,0,11,5,3,3,9,7,2,0,corner=10346/0/10346/0;rooms=3700/1990/1650/60;vertical=4025/3236/742/47
314,1286144,0.0457122,62,16,45,1,1.30537,3.50773e-05,43/43/42,03dd62e6512d670984a6068c1ff7fa7f1b81c8675108ce429064bdc54179e2d4,0.000756911,1.0871,-0.000494432,0.999626,37,0,37,0,12,6,5,1,13,10,3,0,corner=10383/0/10383/0;rooms=3712/1996/1655/61;vertical=4038/3246/745/47
315,1290240,0.0465893,62,16,46,0,1.31277,5.1409e-05,43/43/42,7a2b2dc54e43dcd45da1a101d41821aeab7236527052ade4fd987f777aa6c081,-0.000479902,0.963041,-0.000494007,1.00146,37,0,37,0,11,5,6,0,14,11,3,0,corner=10420/0/10420/0;rooms=3723/2001/1661/61;vertical=4052/3257/748/47
316,1294336,0.0464452,56,13,43,0,1.28798,0.00115469,43/43/42,85c3d5d51c67298b0ac27387a0bf219a3b94d3e028bc24aeba4a343b251312e9,-0.00338929,0.683395,-0.0004931,1.00071,38,0,38,0,9,6,3,0,9,7,2,0,corner=10458/0/10458/0;rooms=3732/2007/1664/61;vertical=4061/3264/750/47
317,1298432,0.0455644,61,9,51,1,1.26751,0.000705868,43/43/42,b9293afb2bda6ffc428a1c3ef93c1aa39f898c73f6fb2a4a5aa7a91e966f0e44,-0.000489707,1.63121,-0.000493016,1.00014,39,0,39,0,11,4,6,1,11,5,6,0,corner=10497/0/10497/0;rooms=3743/2011/1670/62;vertical=4072/3269/756/47
318,1302528,0.0459832,68,16,46,6,1.26006,0.00134288,43/43/42,06b78627e293d59f3205d7216e9829719ea9547957f236e013f3b01ecc95f0f7,0.000857059,0.999934,-0.000492262,1.00174,38,0,38,0,13,3,5,5,17,13,3,1,corner=10535/0/10535/0;rooms=3756/2014/1675/67;vertical=4089/3282/759/48
319,1306624,0.046938,71,16,52,3,1.30473,0.000511318,43/43/42,bd39339733a012219ad2d49a621eaee053abb4f663d13dfcfaa8d04680991353,0.000321415,1.08481,-0.000491709,0.99848,42,0,42,0,15,7,7,1,14,9,3,2,corner=10577/0/10577/0;rooms=3771/2021/1682/68;vertical=4103/3291/762/50
320,1310720,0.0462923,61,12,46,3,1.33045,0.000155836,43/43/42,30d84a539c227bb8a30fd4c38424a7a0028161d76e9812ae88780f685b6a0092,-0.00142823,0.990914,-0.000491229,0.999697,38,0,38,0,11,4,5,2,12,8,3,1,corner=10615/0/10615/0;rooms=3782/2025/1687/70;vertical=4115/3299/765/51
321,1314816,0.046532,61,17,43,1,1.33136,0.000518829,43/43/42,7c1d034936d3f1e118cab53717972f5866290525fc1dee24e1eb1e004a427215,-0.00351572,0.726254,-0.000490898,1.00073,38,0,38,0,11,6,4,1,12,11,1,0,corner=10653/0/10653/0;rooms=3793/2031/1691/71;vertical=4127/3310/766/51
322,1318912,0.0467648,68,15,51,2,1.33504,6.35684e-05,43/43/42,e6f81b0ba1ddfea1a370da481ac5ff2e9cbaeb478e3afd8d57f8d2cf101c919e,-0.0017123,1.22198,-0.00049035,1.00113,37,0,37,0,21,7,12,2,10,8,2,0,corner=10690/0/10690/0;rooms=3814/2038/1703/73;vertical=4137/3318/768/51
323,1323008,0.0471259,56,14,41,1,1.31742,0.000328928,43/43/42,c24a41f9f4d184eeec28c176946c97b55fc4c0e90f5f72175945fa81430561cd,-0.000966324,0.49184,-0.000490314,1.00071,38,0,38,0,7,3,3,1,11,11,0,0,corner=10728/0/10728/0;rooms=3821/2041/1706/74;vertical=4148/3329/768/51
324,1327104,0.045665,59,15,42,2,1.31444,0.000373393,43/43/42,94ace06313495d8d3a2f7932ea88222f7c090e6a880e841569163bc436bbc714,-0.000782301,0.827518,-0.000489705,1.00141,38,0,38,0,8,5,2,1,13,10,2,1,corner=10766/0/10766/0;rooms=3829/2046/1708/75;vertical=4161/3339/770/52
325,1331200,0.0461975,65,15,47,3,1.32696,0.000422031,43/43/42,4de4018487355aee75d3f130df51b9047f1597ac27d7f783cf9f131002508c74,0.000567827,1.00731,-0.000489363,1.00251,39,0,39,0,11,5,5,1,15,10,3,2,corner=10805/0/10805/0;rooms=3840/2051/1713/76;vertical=4176/3349/773/54
326,1335296,0.045606,68,19,47,2,1.34522,0.00039652,43/43/42,7cd471e4bee20aca8aa90198e5ee38abc40d18f484040754481bb2f018253e67,-0.00065818,1.3207,-0.000489413,0.998148,37,0,37,0,17,9,7,1,14,10,3,1,corner=10842/0/10842/0;rooms=3857/2060/1720/77;vertical=4190/3359/776/55
327,1339392,0.0456032,65,15,49,1,1.3293,0.000650674,43/43/42,7dfe92a713c8ac393d5d2bc1ce49f457206c92ec555c599165fd3c54e93685c5,-0.00242453,1.0741,-0.000489298,1.00028,39,0,39,0,14,6,7,1,12,9,3,0,corner=10881/0/10881/0;rooms=3871/2066/1727/78;vertical=4202/3368/779/55
328,1343488,0.0469765,60,11,49,0,1.2988,0.00102666,43/43/42,3843e64883af2143d4f91507751655ad021cdd84fa47a45256d663a0f0b1608c,-0.000557987,0.910507,-0.000488284,0.999943,42,0,42,0,6,1,5,0,12,10,2,0,corner=10923/0/10923/0;rooms=3877/2067/1732/78;vertical=4214/3378/781/55
329,1347584,0.0467998,58,16,41,1,1.31119,0.000434905,43/43/42,ae2a5fff7fed2e98ad10d484decab4d4b7fe59df733e685d7be31d7d618b4b87,-0.00200365,0.572271,-0.000487379,1.00067,37,0,37,0,12,7,4,1,9,9,0,0,corner=10960/0/10960/0;rooms=3889/2074/1736/79;vertical=4223/3387/781/55
330,1351680,0.0466776,53,13,39,1,1.31335,0.0021241,43/43/42,5313d7e3aae7de5be28111629a170e7487337a5496f92d254d9dd075b8262a22,-0.000313077,1.0773,-0.00048683,0.999801,34,0,34,0,7,4,2,1,12,9,3,0,corner=10994/0/10994/0;rooms=3896/2078/1738/80;vertical=4235/3396/784/55
331,1355776,0.047376,65,11,50,4,1.27959,4.41372e-05,43/43/42,0a46b2c2e077718893f0842a569d9a7ac812a9f6eefb4bd42ad7b51fd2286072,0.000303392,0.857129,-0.000485596,1.00163,40,0,40,0,15,4,8,3,10,7,2,1,corner=11034/0/11034/0;rooms=3911/2082/1746/83;vertical=4245/3403/786/56
332,1359872,0.0471004,57,13,42,2,1.28764,0.00149637,43/43/42,75373a71922599381ee3de1c8dc9b9df079e94454c4e900e377fce263f808f61,-0.000942813,0.969782,-0.000483913,0.998549,35,0,35,0,12,4,6,2,10,9,1,0,corner=11069/0/11069/0;rooms=3923/2086/1752/85;vertical=4255/3412/787/56
333,1363968,0.0471842,61,10,50,1,1.27417,0.000271231,43/43/42,035a4950737e060eac03862d6fb4ba54db50c1a45f0bf88387d9de2db34b3883,0.000285721,1.03239,-0.000483273,0.999176,41,0,41,0,13,4,8,1,7,6,1,0,corner=11110/0/11110/0;rooms=3936/2090/1760/86;vertical=4262/3418/788/56
334,1368064,0.0460178,67,12,53,2,1.28632,0.000207573,43/43/42,9dbb2bedc0e7aa71b2242e7ba8602a1df48c7a0133896457c1fcfbb6375dcdce,-0.00145051,1.38544,-0.000482656,0.998909,40,0,40,0,15,4,10,1,12,8,3,1,corner=11150/0/11150/0;rooms=3951/2094/1770/87;vertical=4274/3426/791/57
335,1372160,0.0468602,50,7,41,2,1.25349,0.000557572,43/43/42,5a3c4d9798eadd53c31a0015fc7617c854a136e4428fdae9134aa1e12913606b,0.000740375,0.954096,-0.000482234,1.00028,37,0,37,0,4,2,1,1,9,5,3,1,corner=11187/0/11187/0;rooms=3955/2096/1771/88;vertical=4283/3431/794/58
336,1376256,0.0466134,61,11,47,3,1.25959,0.000595599,43/43/42,7d83c80de779ec773138422be5095345f16df344810083db0dc577a92e7e7536,-0.00210462,1.03842,-0.000481631,1.00033,40,0,40,0,10,4,4,2,11,7,3,1,corner=11227/0/11227/0;rooms=3965/2100/1775/90;vertical=4294/3438/797/59
337,1380352,0.0456058,61,14,47,0,1.26599,0.000564009,43/43/42,6cb65670a0a90ba5cadd34bfb390e33f8aaa955c2b83ac0e5f792d85b5890d4a,0.000316053,0.807801,-0.000481447,0.999386,40,0,40,0,12,5,7,0,9,9,0,0,corner=11267/0/11267/0;rooms=3977/2105/1782/90;vertical=4303/3447/797/59
338,1384448,0.0462002,57,8,46,3,1.24565,0.00141934,43/43/42,08ce60839000434b989a102735c812baa0bc2d74e46b862ce581138410f05034,-0.00242306,0.785165,-0.000481396,0.999337,41,0,41,0,9,3,4,2,7,5,1,1,corner=11308/0/11308/0;rooms=3986/2108/1786/92;vertical=4310/3452/798/60
339,1388544,0.0467556,51,8,38,5,1.27604,0.00219062,43/43/42,a4a8ae38158f6d98b499f3b1143583c8c2fede5c57030e6a0c4034390a2961ec,0.000463526,0.570831,-0.000481686,1.00053,34,0,34,0,8,2,4,2,9,6,0,3,corner=11342/0/11342/0;rooms=3994/2110/1790/94;vertical=4319/3458/798/63
340,1392640,0.0470409,62,12,46,4,1.24016,0.00309435,43/43/42,fb3506e24160098b7652b0d0fcf3eac842e38e2922e5a8b9ffc2fad5b2e3ac1f,4.92879e-05,1.0078,-0.000481909,1.00063,38,0,38,0,14,6,6,2,10,6,2,2,corner=11380/0/11380/0;rooms=4008/2116/1796/96;vertical=4329/3464/800/65
341,1396736,0.0461265,59,10,44,5,1.25577,7.23898e-05,43/43/42,560f6c7d14668b8abdd5731306d276d8aef027d7ba0d0c0b7dc2fc7602bbff8a,0.000174196,1.14714,-0.000481775,1.0004,38,0,38,0,8,3,2,3,13,7,4,2,corner=11418/0/11418/0;rooms=4016/2119/1798/99;vertical=4342/3471/804/67
342,1400832,0.046869,57,11,43,3,1.27764,0.000373513,43/43/42,d856f9be093d5803e9eb37498bbd3fbe24bec05aa091769fa48d21ca29db46c7,-0.000630881,1.15458,-0.000481183,1.00014,36,0,36,0,9,5,4,0,12,6,3,3,corner=11454/0/11454/0;rooms=4025/2124/1802/99;vertical=4354/3477/807/70
343,1404928,0.0469215,63,11,48,4,1.25897,0.000467211,43/43/42,12d0b40aac101c72f57bf2a86b21e5b880ee5f95f7e2e6d5f6af5cf632f59ca6,0.000462101,1.23323,-0.000480996,1.00038,37,0,37,0,13,3,7,3,13,8,4,1,corner=11491/0/11491/0;rooms=4038/2127/1809/102;vertical=4367/3485/811/71
344,1409024,0.0454814,56,4,48,4,1.26561,0.000501066,43/43/42,2c5b6c6fad347350296ecbe03cc78d2ab1c65670c0d9878eef4663153e5ab931,-0.000630311,1.2373,-0.000480314,1.00017,40,0,40,0,8,3,4,1,8,1,4,3,corner=11531/0/11531/0;rooms=4046/2130/1813/103;vertical=4375/3486/815/74
345,1413120,0.0467655,53,3,49,1,1.27113,0.000998676,43/43/42,bceaffd17e50a0bd5e1fa8df94be08e724e3324b9065e76a788bf9c9d309bb32,0.000263933,1.25538,-0.000479578,0.999676,40,0,40,0,4,0,3,1,9,3,6,0,corner=11571/0/11571/0;rooms=4050/2130/1816/104;vertical=4384/3489/821/74
346,1417216,0.0468986,54,3,48,3,1.21505,5.61774e-05,43/43/42,7fa6dd9d725ff2c61815988ddada1a0e48caad615a68d66df40d1467a45a1027,-0.00063954,0.735542,-0.000478562,1.00149,42,0,42,0,12,3,6,3,0,0,0,0,corner=11613/0/11613/0;rooms=4062/2133/1822/107;vertical=4384/3489/821/74
347,1421312,0.04504,60,6,50,4,1.19272,0.000647575,43/43/42,8e97d32dd61347c16840f894996561a01d4e9f89101582d925a1a74357c5697b,0.00473986,1.09595,-0.0004777,1.00372,40,0,40,0,16,4,9,3,4,2,1,1,corner=11653/0/11653/0;rooms=4078/2137/1831/110;vertical=4388/3491/822/75
348,1425408,0.0461471,47,1,44,2,1.18229,0.000320584,43/43/42,bd64b10574b8ca49052d3db2e10c16e577494b18ac4ea6c4c0c6d5204489feaa,0.00167781,0.783261,-0.0004774,0.996819,36,0,36,0,8,1,7,0,3,0,1,2,corner=11689/0/11689/0;rooms=4086/2138/1838/110;vertical=4391/3491/823/77
349,1429504,0.0467609,45,0,42,3,1.16007,0.00057748,43/43/42,9daaeffd5bb13bf69da028cce96c4b84ab249ce146ffd1824f62b542aeae31c3,-0.00208709,0.491356,-0.000478099,0.998791,38,0,38,0,6,0,4,2,1,0,0,1,corner=11727/0/11727/0;rooms=4092/2138/1842/112;vertical=4392/3491/823/78
350,1433600,0.0468825,47,2,40,5,1.16564,0.00108042,43/43/42,7ac4afa3ff6ef32f55d52a149a0566b7c2b623958ec266222e18daea8b95297a,0.00180287,0.521811,-0.000478462,0.998257,37,0,37,0,9,2,3,4,1,0,0,1,corner=11764/0/11764/0;rooms=4101/2140/1845/116;vertical=4393/3491/823/79
351,1437696,0.0463388,54,1,51,2,1.09922,0.000316322,43/43/42,fb8f80d59781df6de0f6ae8fc1d1264678a28d0eb47b33d6067f02e41135560d,-0.00111218,0.702302,-0.000478813,1.00277,41,0,41,0,12,1,10,1,1,0,0,1,corner=11805/0/11805/0;rooms=4113/2141/1855/117;vertical=4394/3491/823/80
352,1441792,0.0471171,46,1,41,4,1.06548,0.00111142,43/43/42,3fbedc2b8dd8f07eebe28e70dc87968460e910dd71612292c5165960da201fbd,0.00299579,0.354637,-0.000477814,1.00026,38,0,38,0,4,1,3,0,4,0,0,4,corner=11843/0/11843/0;rooms=4117/2142/1858/117;vertical=4398/3491/823/84
353,1445888,0.0469097,42,1,36,5,1.0733,0.000183493,43/43/42,3c985c78fbec4db5d1c352d52a096ddc01b67b0b2242dd09a7fe626da795163b,-0.00133018,0.401799,-0.000477073,0.999123,33,0,33,0,7,1,3,3,2,0,0,2,corner=11876/0/11876/0;rooms=4124/2143/1861/120;vertical=4400/3491/823/86
354,1449984,0.0458378,60,1,48,11,1.07159,0.000351131,43/43/42,f7b9e1c370af5b2320a3077de0c086f9924a42e909b5aea732feb1ea9c0aff0a,-0.00130795,0.621859,-0.000476576,1.00036,41,0,41,0,10,1,5,4,9,0,2,7,corner=11917/0/11917/0;rooms=4134/2144/1866/124;vertical=4409/3491/825/93
355,1454080,0.046785,58,1,46,11,1.12354,0.00170901,43/43/42,e83a0e5292d25e9af1a49b3737674ce5ef21290edad395940a40d95bd0b46785,0.00127592,0.45027,-0.000476227,1.00046,42,0,42,0,8,1,4,3,8,0,0,8,corner=11959/0/11959/0;rooms=4142/2145/1870/127;vertical=4417/3491/825/101
356,1458176,0.0464955,50,0,43,7,1.20993,0.00180998,43/43/42,55f36c0d7fc6dee378ceb90f1297a12d1e3b903217ba380648e54141a7437d9b,-0.000552902,0.289314,-0.000475968,0.998279,38,0,38,0,7,0,4,3,5,0,1,4,corner=11997/0/11997/0;rooms=4149/2145/1874/130;vertical=4422/3491/826/105
357,1462272,0.0454405,47,1,39,7,1.22031,0.000883251,43/43/42,de77ffbb7f5ff61bed48d013b0e8c132a28250f6bcb3a65d37b7a8727beb4f87,0.000816859,0.441858,-0.00047519,1.0017,36,0,36,0,6,1,2,3,5,0,1,4,corner=12033/0/12033/0;rooms=4155/2146/1876/133;vertical=4427/3491/827/109
358,1466368,0.0465428,51,1,45,5,1.2322,0.000315815,43/43/42,3ef6116016ddba3f198df8a80c6c10b8cfebbbc4c8731e982bd0ae344f9b9920,-0.000449992,0.376754,-0.00047409,1.0015,41,0,41,0,5,0,4,1,5,1,0,4,corner=12074/0/12074/0;rooms=4160/2146/1880/134;vertical=4432/3492/827/113
359,1470464,0.04698,50,1,46,3,1.20239,0.000289842,43/43/42,bb1f41e0658a316511d6cf7b6f028e2fa3c5cfa1b379906f556a2d427b610b99,0.00148582,0.460934,-0.000473659,1.00084,41,0,41,0,8,1,5,2,1,0,0,1,corner=12115/0/12115/0;rooms=4168/2147/1885/136;vertical=4433/3492/827/114
360,1474560,0.0464915,45,0,40,5,1.17361,0.000641972,43/43/42,c16cdcc5bb0eeeea4215127a0c002fff08a00ad78a853da0a388600c0a4304c7,0.00773135,0.313885,-0.000473715,0.999766,35,0,35,0,7,0,5,2,3,0,0,3,corner=12150/0/12150/0;rooms=4175/2147/1890/138;vertical=4436/3492/827/117
361,1478656,0.0468238,47,1,42,4,1.16719,0.000872403,43/43/42,a8026e12e883a9399fcc45c90c3bfe63a4d13eb2ab31bf3e0f3cc672eef31efc,-0.00210333,0.68042,-0.000474099,0.99796,37,0,37,0,7,1,4,2,3,0,1,2,corner=12187/0/12187/0;rooms=4182/2148/1894/140;vertical=4439/3492/828/119
362,1482752,0.0468775,55,1,48,6,1.11558,0.000267774,43/43/42,e9faf094c8600b806cce7cfa26aaa71322d624a68c1a69558dc5809762adcf8a,0.00275154,0.605957,-0.000474296,0.998191,41,0,41,0,12,0,7,5,2,1,0,1,corner=12228/0/12228/0;rooms=4194/2148/1901/145;vertical=4441/3493/828/120
363,1486848,0.0444251,44,0,44,0,1.14986,0.000424385,43/43/42,d85be800471d34d1b80931673c4fd30e87f5eeb56e927c471610e468c608fb50,0.00282395,0.32244,-0.000474376,1.00049,36,0,36,0,8,0,8,0,0,0,0,0,corner=12264/0/12264/0;rooms=4202/2148/1909/145;vertical=4441/3493/828/120
364,1490944,0.0470323,54,0,47,7,1.13093,0.000751406,43/43/42,b900b3c14d81a371232c90e385158bbf5e75681554a1ba8c91ac54e963ba82d0,0.00440055,0.430427,-0.000474919,0.99878,39,0,39,0,14,0,8,6,1,0,0,1,corner=12303/0/12303/0;rooms=4216/2148/1917/151;vertical=4442/3493/828/121
365,1495040,0.0451135,49,0,43,6,1.10557,0.000671893,43/43/42,534d9f5ab922031dfc76048519cdda3ad42064b0b207bbc7c16e5415a7d67db1,-0.00352591,0.279455,-0.000474782,0.999481,40,0,40,0,5,0,3,2,4,0,0,4,corner=12343/0/12343/0;rooms=4221/2148/1920/153;vertical=4446/3493/828/125
366,1499136,0.0464577,52,0,44,8,1.11363,0.000999719,43/43/42,ac540db4ea08c5b50c2c2c1bd2cecbec9197df47d855bb134e39f9f58f1a0960,-0.00125386,0.294482,-0.000474548,0.999079,40,0,40,0,7,0,4,3,5,0,0,5,corner=12383/0/12383/0;rooms=4228/2148/1924/156;vertical=4451/3493/828/130
367,1503232,0.0467297,57,0,46,11,1.17107,0.000561506,43/43/42,edd8e41dd705336872b9566448233dc25037247f2c4274cdd97aadc8880a48a1,-0.000401072,0.668361,-0.000474192,0.999143,39,0,39,0,7,0,3,4,11,0,4,7,corner=12422/0/12422/0;rooms=4235/2148/1927/160;vertical=4462/3493/832/137
368,1507328,0.0461335,65,0,52,13,1.23573,0.000411794,43/43/42,b70f53fdfc2cc9cab2ce9965430628504a9be606fc66b3310aa7be8e671c4c8d,-0.00102896,0.890129,-0.000473983,0.999528,42,0,42,0,10,0,6,4,13,0,4,9,corner=12464/0/12464/0;rooms=4245/2148/1933/164;vertical=4475/3493/836/146
369,1511424,0.0466446,50,1,47,2,1.27934,0.00131491,43/43/42,1ae9a2392bbe8efe1ac4ef644241d2c8c275a9592c2d4b8f5531a8dc4123a25b,0.000514211,0.7595,-0.000473904,1.00084,40,0,40,0,4,1,3,0,6,0,4,2,corner=12504/0/12504/0;rooms=4249/2149/1936/164;vertical=4481/3493/840/148
370,1515520,0.0459908,54,1,44,9,1.27056,0.000942022,43/43/42,1408b61fab2d80c8fe3f52e74a2552b1b16e989a7f335391cdf4fe77fadb3163,-0.00367323,0.569138,-0.00047373,0.999723,35,0,35,0,12,1,8,3,7,0,1,6,corner=12539/0/12539/0;rooms=4261/2150/1944/167;vertical=4488/3493/841/154
371,1519616,0.0464827,46,0,45,1,1.27685,0.00245979,43/43/42,726adf0a9a2fa819800c0c3230d4afb25798967e0c82dc93c8c21c78ef4bedd6,0.0010458,0.406112,-0.0004743,1.00017,39,0,39,0,6,0,5,1,1,0,1,0,corner=12578/0/12578/0;rooms=4267/2150/1949/168;vertical=4489/3493/842/154
372,1523712,0.046806,47,0,41,6,1.24976,0.000386745,43/43/42,ae8defa2ecc4172c57f1519047395425c3438748c08ce7c491f705eafd31d119,0.00116211,0.303305,-0.000474396,1.00037,37,0,37,0,8,0,4,4,2,0,0,2,corner=12615/0/12615/0;rooms=4275/2150/1953/172;vertical=4491/3493/842/156
373,1527808,0.0476531,45,2,40,3,1.21315,0.00067082,43/43/42,1e4b2feb4ecd22432c1ab4cc44dae28d433884910b18bac1cae16bc2214a0a7a,-0.002435,0.577799,-0.000473739,0.997258,37,0,37,0,4,2,2,0,4,0,1,3,corner=12652/0/12652/0;rooms=4279/2152/1955/172;vertical=4495/3493/843/159
374,1531904,0.0483541,50,0,45,5,1.17118,0.000197917,43/43/42,1b7e8a01e8f1a14a0b642b3254a05811c141177acff90c354f624ffb1fd4f8b9,-0.00242037,0.451208,-0.000474609,0.997771,40,0,40,0,6,0,3,3,4,0,2,2,corner=12692/0/12692/0;rooms=4285/2152/1958/175;vertical=4499/3493/845/161
375,1536000,0.0458628,51,0,45,6,1.19238,0.00017491,43/43/42,2ad8dbcf00373e243ae25aa381b01a481275212358bcc33450a6817f499a4d77,0.000417534,0.237997,-0.000474917,1.00058,42,0,42,0,7,0,2,5,2,0,1,1,corner=12734/0/12734/0;rooms=4292/2152/1960/180;vertical=4501/3493/846/162
376,1540096,0.0468688,48,2,42,4,1.19177,0.000173092,43/43/42,105d2f1045cda2f6b36c5ff062ea0defb0d4e032dd83610aef56bfa438f2d6f3,0.0010787,0.403475,-0.000474095,0.997078,39,0,39,0,8,2,3,3,1,0,0,1,corner=12773/0/12773/0;rooms=4300/2154/1963/183;vertical=4502/3493/846/163
377,1544192,0.0473969,51,0,43,8,1.18661,0.00178733,43/43/42,32fcde47d316fa5271e86c7ad62f7423ac1894344655103d21190caa4e3dea84,0.000834035,0.293625,-0.000473666,0.998587,38,0,38,0,9,0,5,4,4,0,0,4,corner=12811/0/12811/0;rooms=4309/2154/1968/187;vertical=4506/3493/846/167
378,1548288,0.047867,54,0,50,4,1.1897,0.000402361,43/43/42,c8621857afaa4e22b9eb17f835a5f93f9b17c77f255ceffc6257ab52dcb2ba10,0.00138302,0.441393,-0.000473425,1.00224,41,0,41,0,9,0,6,3,4,0,3,1,corner=12852/0/12852/0;rooms=4318/2154/1974/190;vertical=4510/3493/849/168
379,1552384,0.0474125,49,0,41,8,1.21854,2.23219e-05,43/43/42,5a4f8c5518ec86ff2721f7d6b74c500aaa9d562583776e4d1feec8b04d936127,0.00429743,0.217062,-0.000472715,0.999951,40,0,40,0,4,0,1,3,5,0,0,5,corner=12892/0/12892/0;rooms=4322/2154/1975/193;vertical=4515/3493/849/173
380,1556480,0.0475408,53,1,43,9,1.21966,0.000518143,43/43/42,ab2874c07100eaba7ebf44582a9756e6895bd6561039bc74575aa6dee0af6009,-0.00203673,0.398986,-0.000472829,0.999607,41,0,41,0,4,1,1,2,8,0,1,7,corner=12933/0/12933/0;rooms=4326/2155/1976/195;vertical=4523/3493/850/180
381,1560576,0.0487768,57,1,47,9,1.21516,0.00164118,43/43/42,a0291771efd4bc3e4db6d718626d640a0db4d9c7056a4073892c878ce4e616bd,0.0015432,0.556583,-0.000472766,1.00151,40,0,40,0,6,1,3,2,11,0,4,7,corner=12973/0/12973/0;rooms=4332/2156/1979/197;vertical=4534/3493/854/187
382,1564672,0.0488361,54,1,47,6,1.22267,0.000159174,43/43/42,907bd6d41eea677b4db7bcafb6a62424cca2bd0c9c6812bfd0db9957ec389213,-0.00395089,0.626179,-0.000471446,0.999059,41,0,41,0,3,1,1,1,10,0,5,5,corner=13014/0/13014/0;rooms=4335/2157/1980/198;vertical=4544/3493/859/192
383,1568768,0.0466464,50,0,44,6,1.28176,0.000747353,43/43/42,aba30de9cf732acdb46e09fb010280f2488a6980c07f1fd675c9ea5bf9bafdf4,-0.00153081,0.210042,-0.000470629,0.998795,39,0,39,0,7,0,5,2,4,0,0,4,corner=13053/0/13053/0;rooms=4342/2157/1985/200;vertical=4548/3493/859/196
384,1572864,0.0471359,46,0,41,5,1.23271,7.48932e-05,43/43/42,e18d3457aa01950ee8afbaac3fa7a0d27ba3f9c88fa17089a424eb9f91f5f741,-0.000586298,0.182996,-0.000470825,0.99898,40,0,40,0,5,0,1,4,1,0,0,1,corner=13093/0/13093/0;rooms=4347/2157/1986/204;vertical=4549/3493/859/197
385,1576960,0.0480407,43,0,39,4,1.19971,0.000474244,43/43/42,0ba0859ca910a8445c2071ff601b8f22cb90f28ad7b0eab0d98975890da6f916,-0.000904921,0.179691,-0.000470607,1.00075,37,0,37,0,5,0,2,3,1,0,0,1,corner=13130/0/13130/0;rooms=4352/2157/1988/207;vertical=4550/3493/859/198
386,1581056,0.0465612,47,0,42,5,1.18858,0.000618368,43/43/42,7642df0ccc694646798f492a9188c57f946550b7529c61ee0ed853618113062d,0.00297433,0.191599,-0.00046962,1.00237,39,0,39,0,5,0,3,2,3,0,0,3,corner=13169/0/13169/0;rooms=4357/2157/1991/209;vertical=4553/3493/859/201
387,1585152,0.04681,51,0,42,9,1.16064,0.000603348,43/43/42,bbe4218dd2befb69e865388c4b6b5da663889e77eaafe12176a91c7c0a5a1d39,0.00234301,0.131167,-0.000469079,1.00022,40,0,40,0,8,0,2,6,3,0,0,3,corner=13209/0/13209/0;rooms=4365/2157/1993/215;vertical=4556/3493/859/204
388,1589248,0.047145,39,0,37,2,1.1777,0.000260264,43/43/42,65fa0235905b166ce996a95a6527a66a72c3107256d2f918664960ddb079b5e3,0.00219205,0.13089,-0.000468238,1.00265,36,0,36,0,3,0,1,2,0,0,0,0,corner=13245/0/13245/0;rooms=4368/2157/1994/217;vertical=4556/3493/859/204
389,1593344,0.0473663,46,0,42,4,1.14353,0.00145164,43/43/42,eca72e43bc4fa2b7c565254d1c2ddc432595aaeb428575c025095de265a77d3f,0.00216304,0.176406,-0.000467249,0.999583,39,0,39,0,6,0,3,3,1,0,0,1,corner=13284/0/13284/0;rooms=4374/2157/1997/220;vertical=4557/3493/859/205
390,1597440,0.0473806,50,0,44,6,1.1962,0.00152031,43/43/42,f63ac5e63ecda4d9674b8ba4fe1577c6778e4d6cb481f70dbe1d0aaaa12753c9,-0.000704466,0.201609,-0.0004671,0.998401,41,0,41,0,6,0,3,3,3,0,0,3,corner=13325/0/13325/0;rooms=4380/2157/2000/223;vertical=4560/3493/859/208
391,1601536,0.0456615,53,1,43,9,1.20257,0.000129014,43/43/42,a8cf01ca3af392b99fa256f79a99b76cb7883403367b471e648069ecedc102c8,-0.00108079,0.396683,-0.000466372,0.999095,40,0,40,0,8,1,2,5,5,0,1,4,corner=13365/0/13365/0;rooms=4388/2158/2002/228;vertical=4565/3493/860/212
392,1605632,0.0467556,50,0,43,7,1.24856,0.00162819,43/43/42,8cb509de9d17b599c0a44c2384e4e36261998d3ea264d654ec1756c794282352,-0.000627938,0.312666,-0.00046594,0.998621,38,0,38,0,4,0,3,1,8,0,2,6,corner=13403/0/13403/0;rooms=4392/2158/2005/229;vertical=4573/3493/862/218
393,1609728,0.0466305,56,0,46,10,1.19599,8.47876e-05,43/43/42,a27de60c3b58b50657cc9919bc00f27f64f5d2a347ec46a482bb0a6a69c46419,-0.000797205,0.162112,-0.000465972,1.00159,40,0,40,0,9,0,5,4,7,0,1,6,corner=13443/0/13443/0;rooms=4401/2158/2010/233;vertical=4580/3493/863/224
394,1613824,0.0470124,56,1,49,6,1.2705,3.83258e-05,43/43/42,671d356c2978814f12c8df3adcef19266f21634753a3df1f7a0b571d50cf28ef,-0.000979401,0.577655,-0.000466158,1.0002,40,0,40,0,7,1,4,2,9,0,5,4,corner=13483/0/13483/0;rooms=4408/2159/2014/235;vertical=4589/3493/868/228
395,1617920,0.0463712,56,1,42,13,1.28226,0.0025889,43/43/42,dda56fb6e2a8494c3f2155ff4dae373e35db5b625b38644c922291b3cbb1a1bb,-9.65358e-05,0.492816,-0.000466509,1.00136,38,0,38,0,7,1,2,4,11,0,2,9,corner=13521/0/13521/0;rooms=4415/2160/2016/239;vertical=4600/3493/870/237
396,1622016,0.04697,50,0,48,2,1.30966,0.000224978,43/43/42,b4e45deb16f88ef78d875684a70e2437071b0eac7f973f2e0f505343a2568fba,-0.00227397,0.394809,-0.000467012,0.999776,41,0,41,0,5,0,4,1,4,0,3,1,corner=13562/0/13562/0;rooms=4420/2160/2020/240;vertical=4604/3493/873/238
397,1626112,0.0471567,50,0,47,3,1.25794,0.00152364,43/43/42,ce9c62d6b4df54eae6872dc8e6ff9c7fde7ec03d42ff482206133aaf188a95d4,-0.000890031,0.265162,-0.000467189,0.998252,39,0,39,0,8,0,7,1,3,0,1,2,corner=13601/0/13601/0;rooms=4428/2160/2027/241;vertical=4607/3493/874/240
398,1630208,0.0456531,51,0,45,6,1.25997,0.000510126,43/43/42,c8f0ab6c1f38a0c0a509b6a038147ce0c84d23120fa81fe97f35f66216a99db4,0.00265691,0.209626,-0.000467762,0.99757,39,0,39,0,10,0,6,4,2,0,0,2,corner=13640/0/13640/0;rooms=4438/2160/2033/245;vertical=4609/3493/874/242
399,1634304,0.04708,51,0,44,7,1.21496,0.000125796,43/43/42,a2858b6c9ae64227327a82ee67153c1dbf9e43e9d2753b6d82ff5d94578d7f74,0.00141899,0.251234,-0.000468009,0.997308,39,0,39,0,9,0,4,5,3,0,1,2,corner=13679/0/13679/0;rooms=4447/2160/2037/250;vertical=4612/3493/875/244
400,1638400,0.0470436,50,0,44,6,1.26859,0.00101665,43/43/42,ef3da4e4f8066658cba5f1f222f301ee847bfec3dc4cd5ac049b3d69f5759e1d,-0.00025853,0.156486,-0.000468429,0.999961,41,0,41,0,7,0,3,4,2,0,0,2,corner=13720/0/13720/0;rooms=4454/2160/2040/254;vertical=4614/3493/875/246
401,1642496,0.0467555,52,0,47,5,1.28253,0.00131908,43/43/42,9f9f766aa4e439087a3ec826ae7a185982da3d19c7ae037b5f3398615753be87,-0.00183686,0.272835,-0.000469133,0.998935,40,0,40,0,9,0,5,4,3,0,2,1,corner=13760/0/13760/0;rooms=4463/2160/2045/258;vertical=4617/3493/877/247
402,1646592,0.0471288,50,0,48,2,1.2671,0.000193864,43/43/42,b1b4b7d205e9d8718af5006f7fca9964fde252ffeb554c2a4863dfe1f5137a95,0.000375051,0.177515,-0.000468449,1.00133,42,0,42,0,5,0,5,0,3,0,1,2,corner=13802/0/13802/0;rooms=4468/2160/2050/258;vertical=4620/3493/878/249
403,1650688,0.0465612,50,0,44,6,1.24238,7.72774e-05,43/43/42,07181b90728d1e3c80112888ba0257d87e274b7cdf9c8b2277b530a4ec5ad8fe,-0.00328129,0.301784,-0.000468583,0.995922,38,0,38,0,6,0,3,3,6,0,3,3,corner=13840/0/13840/0;rooms=4474/2160/2053/261;vertical=4626/3493/881/252
404,1654784,0.0457193,52,2,46,4,1.21643,0.000104576,43/43/42,0578e9b08c3caceda7ed2e5666c59bb92e5b15074ccf304a0b65e105f41cc169,0.00241671,0.613083,-0.000469286,0.998609,39,0,39,0,7,2,5,0,6,0,2,4,corner=13879/0/13879/0;rooms=4481/2162/2058/261;vertical=4632/3493/883/256
405,1658880,0.0466655,55,1,47,7,1.228,0.000109106,43/43/42,743daabdaaa150c6968da6505a473d7fc422b06eb86efff8761fd945576cc3a6,-0.00132054,0.424596,-0.000468899,1.00009,40,0,40,0,7,1,5,1,8,0,2,6,corner=13919/0/13919/0;rooms=4488/2163/2063/262;vertical=4640/3493/885/262
406,1662976,0.0453381,54,0,44,10,1.24717,8.7887e-05,43/43/42,6fafcad03f5e1d828c4d570941a13498c768de25cbb02f8dd943d5ad01df82e4,-0.000701961,0.163499,-0.000468203,0.999344,40,0,40,0,8,0,3,5,6,0,1,5,corner=13959/0/13959/0;rooms=4496/2163/2066/267;vertical=4646/3493/886/267
407,1667072,0.0460329,46,0,37,9,1.2506,0.000406533,43/43/42,fd34d0d4ed15c7330e91a70dc877c23724519486d71569e64f03c3c5f49e2a36,-0.00167184,0.140663,-0.000468007,0.999645,35,0,35,0,4,0,2,2,7,0,0,7,corner=13994/0/13994/0;rooms=4500/2163/2068/269;vertical=4653/3493/886/274
408,1671168,0.0465178,55,1,45,9,1.26025,0.000204474,43/43/42,5622ea3fea0cfddc8993732e6ddacca23ace5d6cebd5b03a02b119a9efa307ae,-0.00160316,0.357034,-0.000468277,1.00018,40,0,40,0,7,1,2,4,8,0,3,5,corner=14034/0/14034/0;rooms=4507/2164/2070/273;vertical=4661/3493/889/279
409,1675264,0.0467328,50,0,48,2,1.25562,0.000383288,43/43/42,43dabdf463522676eee2db6961df0d534323c45c4ede12d2add0b2fed4375b12,-0.00283233,0.379675,-0.000469407,0.999684,38,0,38,0,7,0,6,1,5,0,4,1,corner=14072/0/14072/0;rooms=4514/2164/2076/274;vertical=4666/3493/893/280
410,1679360,0.0465988,50,0,44,6,1.2508,0.000639677,43/43/42,72170602c6092d2df09daf0a9a6e587cd4eafe1a91bd3a3f88be2cf4c4aaf8a7,0.000938959,0.209227,-0.000469433,0.997455,41,0,41,0,5,0,1,4,4,0,2,2,corner=14113/0/14113/0;rooms=4519/2164/2077/278;vertical=4670/3493/895/282
411,1683456,0.046825,48,1,42,5,1.22016,0.00108209,43/43/42,b657ecbb503de6e6cb42c2dca8d4a59155392637291359dbd50396530bad20a2,0.00132103,0.208393,-0.000469081,0.997731,39,0,39,0,8,1,3,4,1,0,0,1,corner=14152/0/14152/0;rooms=4527/2165/2080/282;vertical=4671/3493/895/283
412,1687552,0.0470013,51,0,45,6,1.21222,0.000600129,43/43/42,3786623c152c5a619fe15acb0b476eed946d1862dce8ea08fb777797e4a40eef,0.00141506,0.211266,-0.000468241,0.997408,40,0,40,0,6,0,2,4,5,0,3,2,corner=14192/0/14192/0;rooms=4533/2165/2082/286;vertical=4676/3493/898/285
413,1691648,0.0457169,46,1,44,1,1.20148,0.00119224,43/43/42,d7226cef02b01ab09e4d92f8876f42f5447fdb8c3ac4f64aeecc7913000cd1ea,-0.00167376,0.194888,-0.000468023,0.999378,43,0,43,0,3,1,1,1,0,0,0,0,corner=14235/0/14235/0;rooms=4536/2166/2083/287;vertical=4676/3493/898/285
414,1695744,0.0462295,46,2,41,3,1.1751,0.00140038,43/43/42,75f4bfb8b030b20a22fee84c36566dd33f183eea365b545524c1a78827575d82,0.000472514,0.378097,-0.000467523,0.998642,40,0,40,0,4,2,1,1,2,0,0,2,corner=14275/0/14275/0;rooms=4540/2168/2084/288;vertical=4678/3493/898/287
415,1699840,0.0470376,51,0,45,6,1.15941,0.000267416,43/43/42,49aa735bf8295eb3f81e30b987b45792412929d9f8daa11e03877fd7e2effdef,0.00102513,0.0985609,-0.000466701,0.999227,42,0,42,0,6,0,3,3,3,0,0,3,corner=14317/0/14317/0;rooms=4546/2168/2087/291;vertical=4681/3493/898/290
416,1703936,0.0456001,48,0,42,6,1.11058,0.000694305,43/43/42,bf33031325f1ae7b80ee89240c4cd60fbc95bc1673c70c3177177f7bdda4a74e,-0.00421659,0.180462,-0.000466031,1.00127,39,0,39,0,4,0,2,2,5,0,1,4,corner=14356/0/14356/0;rooms=4550/2168/2089/293;vertical=4686/3493/899/294
417,1708032,0.0462417,50,0,42,8,1.15392,0.000158697,43/43/42,b471bbc5256162e58562cb088849d72196b40880d223d55e76a4fe3e8589dad8,-0.000578535,0.323826,-0.000465337,0.999513,36,0,36,0,7,0,3,4,7,0,3,4,corner=14392/0/14392/0;rooms=4557/2168/2092/297;vertical=4693/3493/902/298
418,1712128,0.0457721,49,0,40,9,1.18956,0.00145684,43/43/42,9cfd16f667709770197eddf3e0f2957c896387221e8805f7e82784fd1164a5e9,0.000297157,0.149824,-0.000465808,0.998674,37,0,37,0,7,0,2,5,5,0,1,4,corner=14429/0/14429/0;rooms=4564/2168/2094/302;vertical=4698/3493/903/302
419,1716224,0.0466805,52,0,42,10,1.22324,0.000457793,43/43/42,c92378ecb0566b1fd8e3a177ee31777ad787059cd6db0828870649fd6f645552,-0.00213552,0.180816,-0.000465854,1.00004,38,0,38,0,5,0,3,2,9,0,1,8,corner=14467/0/14467/0;rooms=4569/2168/2097/304;vertical=4707/3493/904/310
420,1720320,0.045793,57,0,48,9,1.19072,0.000459701,43/43/42,216a56cde5ca17e96ac8d83733aab46f693511f14b8bbd428b80e1325cfc3d9e,-0.0019269,0.247302,-0.000466394,1.0005,42,0,42,0,4,0,2,2,11,0,4,7,corner=14509/0/14509/0;rooms=4573/2168/2099/306;vertical=4718/3493/908/317
421,1724416,0.0455953,51,1,46,4,1.2217,0.00190654,43/43/42,7f8234644e0197de7a9dd0d65fb52ee207a5c77f86bbbbe1d9138e75f738269b,-0.00105063,0.320707,-0.000466566,0.9978,40,0,40,0,7,1,4,2,4,0,2,2,corner=14549/0/14549/0;rooms=4580/2169/2103/308;vertical=4722/3493/910/319
422,1728512,0.047321,54,2,47,5,1.18713,9.61125e-05,43/43/42,3f2dd294f96b4f7f6ab1ee9af952828e8c0040c7a8e517098ac99ad108169f92,-0.000153587,0.492355,-0.000465507,1.00018,40,0,40,0,10,2,5,3,4,0,2,2,corner=14589/0/14589/0;rooms=4590/2171/2108/311;vertical=4726/3493/912/321
423,1732608,0.047037,53,3,44,6,1.17876,8.37445e-06,43/43/42,194c737f501b405b142b1a1a094bd3fa5ab19a6dcbba425be90d7cd929302d7e,0.00290832,0.555545,-0.000465191,1.00186,39,0,39,0,6,0,2,4,8,3,3,2,corner=14628/0/14628/0;rooms=4596/2171/2110/315;vertical=4734/3496/915/323
424,1736704,0.0464888,52,0,47,5,1.20562,0.000954658,43/43/42,a9c46ed70dd02ca973bb2c48ff8d6433ba0d7ddb62d7da8ebc38f68eeac03cf0,0.00141329,0.135448,-0.000464858,0.999292,43,0,43,0,8,0,4,4,1,0,0,1,corner=14671/0/14671/0;rooms=4604/2171/2114/319;vertical=4735/3496/915/324
425,1740800,0.045042,51,1,44,6,1.20391,0.00161853,43/43/42,ee1f36d565f2413fe8299aa3ed682e1697a26b6dd2fe5b24430bed06d3cc8dec,-0.00270239,0.329444,-0.000463805,1.00078,35,0,35,0,10,0,6,4,6,1,3,2,corner=14706/0/14706/0;rooms=4614/2171/2120/323;vertical=4741/3497/918/326
426,1744896,0.0466368,49,3,44,2,1.17913,0.00189415,43/43/42,5526c6e6979d0c8f1f4cb3839e0f02a15438044b9b56c8449b505f3a3cd18781,-0.00126611,0.496157,-0.00046256,0.999392,40,0,40,0,5,1,4,0,4,2,0,2,corner=14746/0/14746/0;rooms=4619/2172/2124/323;vertical=4745/3499/918/328
427,1748992,0.0463895,57,3,46,8,1.14813,0.00194302,43/43/42,bc622f6c33b4591c702de069c286cdaf510050e21dd7002e3ff603f5574256ab,0.00156607,0.497852,-0.000461795,1.00055,42,0,42,0,9,0,3,6,6,3,1,2,corner=14788/0/14788/0;rooms=4628/2172/2127/329;vertical=4751/3502/919/330
428,1753088,0.0466723,57,2,51,4,1.18941,0.00052312,43/43/42,ca024ce6f727fc36e5d4a1cfd07f349895e6a7955362b1bb28ed5a20b147d34f,-0.00266294,0.462872,-0.000461542,0.999416,41,0,41,0,9,2,6,1,7,0,4,3,corner=14829/0/14829/0;rooms=4637/2174/2133/330;vertical=4758/3502/923/333
429,1757184,0.0463238,50,4,44,2,1.19723,0.00120345,43/43/42,d3ecbab95951e605909e27310d17022a5a1c6775a56695a277b4fd6b04a8b7ff,0.00253866,0.690831,-0.000461202,1.00145,37,0,37,0,8,3,4,1,5,1,3,1,corner=14866/0/14866/0;rooms=4645/2177/2137/331;vertical=4763/3503/926/334
430,1761280,0.0456693,51,3,40,8,1.20247,0.000236064,43/43/42,1fcde3643ae97a64a4cb834a521328bc0f9091dd88d011b351da819d2882cb70,-0.00222133,0.486695,-0.000461384,0.996563,36,0,36,0,10,2,3,5,5,1,1,3,corner=14902/0/14902/0;rooms=4655/2179/2140/336;vertical=4768/3504/927/337
431,1765376,0.0464012,57,8,45,4,1.19197,0.000984222,43/43/42,5fb05a459e418c1abe2403a135482ab1b338e675bd6deeadb57b25772de91894,-0.000452766,0.933751,-0.000460874,0.998336,41,0,41,0,8,3,3,2,8,5,1,2,corner=14943/0/14943/0;rooms=4663/2182/2143/338;vertical=4776/3509/928/339
432,1769472,0.0463963,55,7,45,3,1.20825,0.00150481,43/43/42,483554c3b6708a26990be8650e85d9d2ad593e0e39b4363d96a49cc5dbd76349,-0.00077049,0.847151,-0.000460363,0.998352,37,0,37,0,7,3,4,0,11,4,4,3,corner=14980/0/14980/0;rooms=4670/2185/2147/338;vertical=4787/3513/932/342
433,1773568,0.0454506,67,10,49,8,1.22338,0.000587657,43/43/42,5b56e94bbe1325c45a14679cc7fbf8999275a9f6c7268e06f233efdc375f8391,0.00281021,1.17428,-0.000460415,1.00021,39,0,39,0,15,6,6,3,13,4,4,5,corner=15019/0/15019/0;rooms=4685/2191/2153/341;vertical=4800/3517/936/347
434,1777664,0.04603,58,4,48,6,1.24919,0.000186473,43/43/42,d21f2c3d62c47357b85d8b8e83adbf642990e30444974ead28d7413d9696c850,0.00431843,0.504827,-0.000460407,0.999971,42,0,42,0,9,1,5,3,7,3,1,3,corner=15061/0/15061/0;rooms=4694/2192/2158/344;vertical=4807/3520/937/350
435,1781760,0.0465312,52,5,44,3,1.28353,0.00289848,43/43/42,29641da46795e1237b55014f6c1780f6342699e610aeecb49598ff562a5382b9,-0.00326517,0.599603,-0.000460546,0.998803,38,0,38,0,11,3,6,2,3,2,0,1,corner=15099/0/15099/0;rooms=4705/2195/2164/346;vertical=4810/3522/937/351
436,1785856,0.0465182,59,7,47,5,1.25424,2.97129e-05,43/43/42,7ea31f4b8496646186567d8b8642f0093596f01c00355ed5889aa6829a3abc89,-0.00149326,0.956044,-0.000460304,1.00016,38,0,38,0,5,0,3,2,16,7,6,3,corner=15137/0/15137/0;rooms=4710/2195/2167/348;vertical=4826/3529/943/354
437,1789952,0.0463563,65,5,55,5,1.23805,0.000725061,43/43/42,7ab7d06d72268603561e5bd7f6796ed28ab749ab41641b142849f1b10f93bdfb,-0.000749159,0.750388,-0.000460388,1.00005,42,0,42,0,15,2,10,3,8,3,3,2,corner=15179/0/15179/0;rooms=4725/2197/2177/351;vertical=4834/3532/946/356
438,1794048,0.0472266,46,6,38,2,1.26974,0.00101867,43/43/42,f63c896fab9768456e45f858bb7d673334afbfbbced982a309f46141d7d985a1,0.000910211,0.397774,-0.000460336,0.99763,37,0,37,0,2,1,0,1,7,5,1,1,corner=15216/0/15216/0;rooms=4727/2198/2177/352;vertical=4841/3537/947/357
439,1798144,0.0469815,61,9,46,6,1.21888,6.89328e-05,43/43/42,26106280ed5c8aadea637ebcd41f807475c1f89ea52bdfe92d95b3d3b7072288,-0.000231385,0.804917,-0.000460772,1.00117,42,0,42,0,9,5,2,2,10,4,2,4,corner=15258/0/15258/0;rooms=4736/2203/2179/354;vertical=4851/3541/949/361
440,1802240,0.0461384,58,8,48,2,1.25242,0.00312629,43/43/42,b951eab09d0cb62e48c4a3a85d290468403d3439d0b5bb8ee7942aca3229b8a1,-0.00255897,0.773626,-0.000460243,0.999842,41,0,41,0,6,1,4,1,11,7,3,1,corner=15299/0/15299/0;rooms=4742/2204/2183/355;vertical=4862/3548/952/362
441,1806336,0.0476203,55,12,42,1,1.21589,0.00012055,43/43/42,01d2a6dbcc2db45292fcb05d0ffcd3eff34a17bd51276134b062aa69b81444bc,0.00120687,0.924142,-0.000459652,0.997676,38,0,38,0,8,4,3,1,9,8,1,0,corner=15337/0/15337/0;rooms=4750/2208/2186/356;vertical=4871/3556/953/362
442,1810432,0.0462808,52,3,47,2,1.21205,0.000275522,43/43/42,789b2240cdfd79bac961eb97d2ade1f8f3abf2c96f24432e20ef66b505532f13,-0.00236324,0.542673,-0.000458941,0.999594,39,0,39,0,7,1,5,1,6,2,3,1,corner=15376/0/15376/0;rooms=4757/2209/2191/357;vertical=4877/3558/956/363
443,1814528,0.0453821,57,13,41,3,1.20562,6.92904e-05,43/43/42,2ad46be9bdf7752a2338e65cd3a800b0cf631f4208bf4b03d03e0b7ba55ee8ad,-0.000119801,0.935461,-0.000457683,1.00263,38,0,38,0,8,4,1,3,11,9,2,0,corner=15414/0/15414/0;rooms=4765/2213/2192/360;vertical=4888/3567/958/363
444,1818624,0.046178,58,13,43,2,1.23576,0.000197917,43/43/42,d384db1b4cdeed1034316b21753b13c61614e5f9466926a3934f507b9f76c6af,0.00103799,1.1686,-0.000456787,0.999984,36,0,36,0,12,6,5,1,10,7,2,1,corner=15450/0/15450/0;rooms=4777/2219/2197/361;vertical=4898/3574/960/364
445,1822720,0.0466994,65,12,49,4,1.23444,0.000311166,43/43/42,bc7c88643be39e6ab3dd4246844facc1dc896bf907a183b2c0b0662e40f73f42,-0.00108219,1.05489,-0.000456026,0.999147,41,0,41,0,10,3,5,2,14,9,3,2,corner=15491/0/15491/0;rooms=4787/2222/2202/363;vertical=4912/3583/963/366
446,1826816,0.046712,58,10,44,4,1.27612,0.0001221,43/43/42,365ae15ae32f939d25a8796c8ee58b165379e0684dbc1354e058b93b8fa26acb,9.86726e-05,0.943648,-0.000454766,0.99987,37,0,37,0,13,3,7,3,8,7,0,1,corner=15528/0/15528/0;rooms=4800/2225/2209/366;vertical=4920/3590/963/367
447,1830912,0.0468297,66,19,44,3,1.30255,0.000147253,43/43/42,37ddc37138754eb9789752e4ceb274e289860c51a218f56727226c6b91e23b42,0.00158867,1.50401,-0.000453534,1.00116,40,0,40,0,13,7,3,3,13,12,1,0,corner=15568/0/15568/0;rooms=4813/2232/2212/369;vertical=4933/3602/964/367
448,1835008,0.0469228,63,13,50,0,1.33497,0.000600725,43/43/42,b991b63600979f33105203d94bf06a95957cf4a3897bfc3b94f8d6bd58c126bf,0.00296085,1.44572,-0.000452367,0.995636,39,0,39,0,9,5,4,0,15,8,7,0,corner=15607/0/15607/0;rooms=4822/2237/2216/369;vertical=4948/3610/971/367
449,1839104,0.0467392,65,8,53,4,1.34211,0.00103644,43/43/42,43a9563b135c0a17e52a950da26b391c7e58b5e832cf4fd7fb0273f32b43331f,-0.000629604,1.19579,-0.000451856,1.00117,41,0,41,0,14,3,8,3,10,5,4,1,corner=15648/0/15648/0;rooms=4836/2240/2224/372;vertical=4958/3615/975/368
450,1843200,0.0456006,66,11,51,4,1.35634,0.000936896,43/43/42,b5dcefdc58f80d86183c33ddcf76e309e50724e0d285cc8779f1768a1b0b5aed,-1.23901e-05,1.25623,-0.000451316,0.997222,40,0,40,0,11,1,7,3,15,10,4,1,corner=15688/0/15688/0;rooms=4847/2241/2231/375;vertical=4973/3625/979/369
451,1847296,0.0464718,65,11,53,1,1.36843,0.000260532,43/43/42,868caedc7a1d12daa2295c275f77d8a8758abdecbb387aeabd886322f4f5f146,-0.00222264,1.23502,-0.000450438,0.997277,39,0,39,0,15,5,9,1,11,6,5,0,corner=15727/0/15727/0;rooms=4862/2246/2240/376;vertical=4984/3631/984/369
452,1851392,0.0466538,59,14,45,0,1.36615,0.000622541,43/43/42,4e9689996da8c4e55aab1ff85b8a2b549eee2c9efd0d617f9e2d32130407cd1c,0.000212526,0.948895,-0.000450283,1.00053,40,0,40,0,7,4,3,0,12,10,2,0,corner=15767/0/15767/0;rooms=4869/2250/2243/376;vertical=4996/3641/986/369
453,1855488,0.0450266,62,12,50,0,1.36017,0.000230342,43/43/42,eba3c1fa32b021a6003aa35cf244c2f9ce6a63ad1b95d71174a708c67abbe47f,0.000750867,1.06106,-0.000449488,0.998517,38,0,38,0,15,6,9,0,9,6,3,0,corner=15805/0/15805/0;rooms=4884/2256/2252/376;vertical=5005/3647/989/369
454,1859584,0.0465135,69,20,48,1,1.36146,0.000210464,43/43/42,9b8351f9aa500267ccdff2faa1344be614bceb79dbf181adf2e1029888914561,-0.00186552,1.13054,-0.000449429,1.00085,38,0,38,0,12,6,6,0,19,14,4,1,corner=15843/0/15843/0;rooms=4896/2262/2258/376;vertical=5024/3661/993/370
455,1863680,0.0468534,67,15,51,1,1.35745,0.00126469,43/43/42,b1a471e894107b32ad9d7026e00afbb60a5060ab1937d4186e21118dee013e12,0.00063945,1.01623,-0.000449775,0.999535,42,0,42,0,10,5,5,0,15,10,4,1,corner=15885/0/15885/0;rooms=4906/2267/2263/376;vertical=5039/3671/997/371
456,1867776,0.0464833,65,15,50,0,1.33827,6.27339e-05,43/43/42,2a836bec9335257993d60572d9ee7f15a2bca6f90189198163ed22c069d18aa6,0.000998239,1.09606,-0.000449349,1.00166,42,0,42,0,12,7,5,0,11,8,3,0,corner=15927/0/15927/0;rooms=4918/2274/2268/376;vertical=5050/3679/1000/371
457,1871872,0.0466564,67,20,47,0,1.33998,0.000253707,43/43/42,4c42bead5655e97137cc517f464e96a6e1cbf2aeb795d53140fb323656d0b45f,0.00163112,1.31214,-0.000449028,0.998078,39,0,39,0,16,8,8,0,12,12,0,0,corner=15966/0/15966/0;rooms=4934/2282/2276/376;vertical=5062/3691/1000/371
458,1875968,0.0467539,63,12,49,2,1.35632,0.000644714,43/43/42,74fa68e3f9052758259aae28498968cc1fb522de6ac6e02b9f08b0c9a6c79d7d,0.00141047,0.934746,-0.000448394,0.999108,42,0,42,0,9,4,3,2,12,8,4,0,corner=16008/0/16008/0;rooms=4943/2286/2279/378;vertical=5074/3699/1004/371
459,1880064,0.0457773,64,14,49,1,1.36484,0.000109941,43/43/42,ea09bedb1b463ae819e43cb8f6dcc978ca2ae0fbb08312329cb521a5bbad0f11,-0.00188095,1.25037,-0.000447807,1.00156,39,0,39,0,6,1,4,1,19,13,6,0,corner=16047/0/16047/0;rooms=4949/2287/2283/379;vertical=5093/3712/1010/371
460,1884160,0.0467365,64,17,45,2,1.35757,0.000178292,43/43/42,d44879e2652623c952f60291e753725aa47c49f20a1c84b3562ec1dcc069afba,0.00199451,1.65011,-0.000447125,0.998889,34,0,34,0,14,7,5,2,16,10,6,0,corner=16081/0/16081/0;rooms=4963/2294/2288/381;vertical=5109/3722/1016/371
461,1888256,0.0464445,69,14,55,0,1.34535,0.00072363,43/43/42,fcce2172328cea15e70b9aac41955a4cac486b4b4ba0cdb0ceb79c526bf371a9,0.00245022,1.11879,-0.000446507,0.998631,45,0,45,0,13,7,6,0,11,7,4,0,corner=16126/0/16126/0;rooms=4976/2301/2294/381;vertical=5120/3729/1020/371
462,1892352,0.0469425,58,14,43,1,1.3419,0.000817046,43/43/42,06229e83981b6f613b90fb0e52067bb119dc1f547719083866f8e7c45e86b858,0.00145134,0.817036,-0.000445847,0.998759,38,0,38,0,7,4,2,1,13,10,3,0,corner=16164/0/16164/0;rooms=4983/2305/2296/382;vertical=5133/3739/1023/371
463,1896448,0.0461214,54,15,38,1,1.34478,0.000239521,43/43/42,a6de53b6c0cab8e8e0597f9932b4c19224d1a2d771d6d7faf87f662f7f0e2da1,0.000349123,0.633765,-0.000446346,1.00038,37,0,37,0,7,5,1,1,10,10,0,0,corner=16201/0/16201/0;rooms=4990/2310/2297/383;vertical=5143/3749/1023/371
464,1900544,0.04628,67,20,46,1,1.30617,9.34899e-05,43/43/42,672290dd0e93bce10e45a3c018685b3005f99648a000d273ee9fd341eb844c62,0.00153413,0.9757,-0.000446082,0.998709,38,0,38,0,16,7,8,1,13,13,0,0,corner=16239/0/16239/0;rooms=5006/2317/2305/384;vertical=5156/3762/1023/371
465,1904640,0.0467572,61,7,51,3,1.32109,0.000376999,43/43/42,6e764195cca2fa299d6b4047f0519bc48354940a8e16a9ce495f5752fa815d3b,0.00155945,0.985479,-0.000445206,1.00137,40,0,40,0,19,7,9,3,2,0,2,0,corner=16279/0/16279/0;rooms=5025/2324/2314/387;vertical=5158/3762/1025/371
466,1908736,0.0465317,66,16,50,0,1.29232,0.000878841,43/43/42,90f5fa2318012e3b73807fa65b3d68761e74642461b9cc61293f5b8e01dbd644,-0.000156669,1.25533,-0.000444004,0.998045,40,0,40,0,6,2,4,0,20,14,6,0,corner=16319/0/16319/0;rooms=5031/2326/2318/387;vertical=5178/3776/1031/371
467,1912832,0.0467354,61,13,48,0,1.30354,0.00130919,43/43/42,334a9c90b60002c6550a37de3feccf662729e23bbfc0060467a434d09d20f476,-0.00232984,1.05291,-0.00044223,1.00027,40,0,40,0,9,4,5,0,12,9,3,0,corner=16359/0/16359/0;rooms=5040/2330/2323/387;vertical=5190/3785/1034/371
468,1916928,0.04694,60,13,45,2,1.29596,0.000294954,43/43/42,f426b21e3eb030064f7d2cfabcde7d6a8cec3bfcb2427263a7a0997d6f44dea7,-0.000396252,0.865287,-0.000441077,0.999211,40,0,40,0,11,7,2,2,9,6,3,0,corner=16399/0/16399/0;rooms=5051/2337/2325/389;vertical=5199/3791/1037/371
469,1921024,0.0459176,68,18,49,1,1.30292,0.00182059,43/43/42,d94a2f8d05c5f9cefd7ff5d8ff9d34f29a51c78dc86afa4281a01b54370d22b0,0.00204208,1.41617,-0.000440273,1.00184,39,0,39,0,16,8,7,1,13,10,3,0,corner=16438/0/16438/0;rooms=5067/2345/2332/390;vertical=5212/3801/1040/371
470,1925120,0.0460903,69,15,51,3,1.33953,0.000833988,43/43/42,92d5abaaea3ee06dab272138203bcda74e45bf61999309321739d68b3f4d4a63,4.51942e-05,1.36724,-0.000439726,1.00122,41,0,41,0,9,2,5,2,19,13,5,1,corner=16479/0/16479/0;rooms=5076/2347/2337/392;vertical=5231/3814/1045/372
471,1929216,0.0467309,60,16,43,1,1.35081,0.000391513,43/43/42,0e7484d1386e831e5130231f7b66b17a88c8d7cddb627007d41bac4e23d418cc,-0.0016932,1.17932,-0.000438582,0.999966,38,0,38,0,9,5,3,1,13,11,2,0,corner=16517/0/16517/0;rooms=5085/2352/2340/393;vertical=5244/3825/1047/372
472,1933312,0.0452481,65,10,51,4,1.35704,0.000658691,43/43/42,ec7ee15be6173c8a6340f92ce66fa2fd2891e4e9c9c23d8766414702dc6703d5,-0.000535835,1.35819,-0.000437247,1.002,38,0,38,0,19,6,10,3,8,4,3,1,corner=16555/0/16555/0;rooms=5104/2358/2350/396;vertical=5252/3829/1050/373
473,1937408,0.0458831,68,16,50,2,1.39413,0.000802189,43/43/42,7631a442dfb5fc5a03708862a928010528899cc0050531c8c9ed21fb0501be2f,0.00071102,1.05363,-0.000436502,1.00392,41,0,41,0,13,5,7,1,14,11,2,1,corner=16596/0/16596/0;rooms=5117/2363/2357/397;vertical=5266/3840/1052/374
474,1941504,0.046559,67,22,45,0,1.37349,4.14252e-05,43/43/42,7c90b5bc6a4a0d4221512b1397f2ade78ec542814b9f77947a6175aa9752d292,-0.00149584,0.819182,-0.000435939,0.998743,38,0,38,0,12,5,7,0,17,17,0,0,corner=16634/0/16634/0;rooms=5129/2368/2364/397;vertical=5283/3857/1052/374
475,1945600,0.0467039,62,14,47,1,1.37642,0.000180155,43/43/42,6df8c22f64748c3a350ae9ce12ac3409d3b750735ca1eaa6152d07a9d19e7c49,-0.00195754,1.0813,-0.000435018,0.999566,39,0,39,0,13,7,5,1,10,7,3,0,corner=16673/0/16673/0;rooms=5142/2375/2369/398;vertical=5293/3864/1055/374
476,1949696,0.0462915,67,15,51,1,1.38157,0.00243166,43/43/42,23e57ebc8fe2aa3e8641e83c2ee78da29c20f9a5c85a3752e853028f1c749cda,-0.00124686,1.57704,-0.000434426,1.00012,39,0,39,0,13,4,8,1,15,11,4,0,corner=16712/0/16712/0;rooms=5155/2379/2377/399;vertical=5308/3875/1059/374
477,1953792,0.0475387,70,21,49,0,1.35789,0.000142127,43/43/42,5f6cec87c8d7a4299c03b8a62419814c24e1d1305498cb591d087da8ff0a2cbc,-0.000804299,1.28561,-0.000433771,0.998922,39,0,39,0,14,9,5,0,17,12,5,0,corner=16751/0/16751/0;rooms=5169/2388/2382/399;vertical=5325/3887/1064/374
478,1957888,0.047066,58,13,44,1,1.39027,0.00085786,43/43/42,053cba9ce36900526651105400fe2f8626d233b3c022713d454e20ed0d5f22f4,0.00101398,0.63103,-0.000433304,1.00276,41,0,41,0,6,4,1,1,11,9,2,0,corner=16792/0/16792/0;rooms=5175/2392/2383/400;vertical=5336/3896/1066/374
479,1961984,0.0457567,68,16,52,0,1.37174,0.00168851,43/43/42,9237c25270accd06e5add8737a3c835ff28e23648f8260951404e864f80e7b99,-0.000171305,1.45534,-0.000432037,0.997609,38,0,38,0,15,7,8,0,15,9,6,0,corner=16830/0/16830/0;rooms=5190/2399/2391/400;vertical=5351/3905/1072/374
480,1966080,0.0468125,63,19,43,1,1.35392,0.000199586,43/43/42,a6921253145a1317977c01e14af35b2f5943bc7f1e6a225a2d3b01811a671328,0.000966704,0.826878,-0.000431299,1.00259,39,0,39,0,10,6,3,1,14,13,1,0,corner=16869/0/16869/0;rooms=5200/2405/2394/401;vertical=5365/3918/1073/374
481,1970176,0.0467767,64,16,47,1,1.38573,0.000211388,43/43/42,292ec4c7412496ba42285fc00a6fb039f5a80305e2a05bd93f8b6f86e6f6402e,-0.00211484,0.919911,-0.000431408,1.00083,40,0,40,0,10,4,5,1,14,12,2,0,corner=16909/0/16909/0;rooms=5210/2409/2399/402;vertical=5379/3930/1075/374
482,1974272,0.0455302,63,17,45,1,1.34812,0.000921041,43/43/42,97e71aaa50186d39b1490d8171b277c2c3568ddc7bc537d58566f62dba19aa66,0.000211831,1.06847,-0.000431889,0.999018,40,0,40,0,10,8,2,0,13,9,3,1,corner=16949/0/16949/0;rooms=5220/2417/2401/402;vertical=5392/3939/1078/375
483,1978368,0.0467737,64,16,47,1,1.37517,0.000858575,43/43/42,8e92db69dbd5e0a7eae93b7cc4739dfade118685c911bda97e2d64c301c7271a,0.000714495,1.03254,-0.000432311,1.00123,40,0,40,0,14,8,5,1,10,8,2,0,corner=16989/0/16989/0;rooms=5234/2425/2406/403;vertical=5402/3947/1080/375
484,1982464,0.045543,69,17,50,2,1.335,0.000369698,43/43/42,0e9b82363ef7fd57dcf0b2506fd58a3534bae0c18dd0616db99b510ae00410e8,-0.0014508,1.3866,-0.000432268,1.00279,41,0,41,0,10,5,4,1,18,12,5,1,corner=17030/0/17030/0;rooms=5244/2430/2410/404;vertical=5420/3959/1085/376
485,1986560,0.0464753,59,12,46,1,1.34467,0.00106826,43/43/42,182c89aee20043c1f9fe69df04405d49642a62894d18714225ecc6f99d6a585e,0.000190014,0.815633,-0.000432252,1.00082,42,0,42,0,10,5,4,1,7,7,0,0,corner=17072/0/17072/0;rooms=5254/2435/2414/405;vertical=5427/3966/1085/376
486,1990656,0.0467419,70,21,49,0,1.32495,0.000149876,43/43/42,c9d04e34d7e50a29d96a47637380544dcde1d18d3e5225bd97eb584795bf98f8,-0.000768392,1.13853,-0.000431564,1.00194,40,0,40,0,12,7,5,0,18,14,4,0,corner=17112/0/17112/0;rooms=5266/2442/2419/405;vertical=5445/3980/1089/376
487,1994752,0.0464735,62,12,49,1,1.3492,0.000597179,43/43/42,5b3053102fb2c9a2f62cb1d638188853f321447bfd855a48bfa74b8022059db4,-0.00142686,1.8231,-0.000431383,0.997703,35,0,35,0,12,5,6,1,15,7,8,0,corner=17147/0/17147/0;rooms=5278/2447/2425/406;vertical=5460/3987/1097/376
488,1998848,0.0459394,65,14,49,2,1.34502,0.0010561,43/43/42,fa33e03fdd3008dd3a0c06fbffc77cf60e3229a0f5ae7855687c3b0a1824ff5a,0.00171049,1.39371,-0.000431502,1.00095,40,0,40,0,11,5,4,2,14,9,5,0,corner=17187/0/17187/0;rooms=5289/2452/2429/408;vertical=5474/3996/1102/376
489,2002944,0.0465017,62,17,45,0,1.35994,0.00245646,43/43/42,c4115e0560fb97b7c1bb0148ea98a16d43c742ff5e9acb43d904c2270d2a8aca,-0.00258306,0.858193,-0.000431261,1.00049,41,0,41,0,7,5,2,0,14,12,2,0,corner=17228/0/17228/0;rooms=5296/2457/2431/408;vertical=5488/4008/1104/376
490,2007040,0.0466198,70,12,55,3,1.33939,0.000407726,43/43/42,3a467ac237ae61e9e0fec993b0a35c5ae6cb20e566193e42fb50f0fbfd56e4c5,-0.00104328,1.94792,-0.000431402,0.997676,38,0,38,0,14,3,8,3,18,9,9,0,corner=17266/0/17266/0;rooms=5310/2460/2439/411;vertical=5506/4017/1113/376
491,2011136,0.0464847,62,16,46,0,1.33342,0.00111654,43/43/42,0c427194cde8b3080c1f5b819b74882cc73aba1c1b81923c12771f17dbc2a2ce,0.00557479,1.19256,-0.000431512,0.999426,37,0,37,0,10,3,7,0,15,13,2,0,corner=17303/0/17303/0;rooms=5320/2463/2446/411;vertical=5521/4030/1115/376
492,2015232,0.0462375,67,10,55,2,1.33421,0.000890046,43/43/42,5e5417e1a441e8256e0f65361ec435c8c6998d3459867007a7dde8b37935b0e9,-0.00515389,1.80347,-0.000431021,0.99893,40,0,40,0,13,5,6,2,14,5,9,0,corner=17343/0/17343/0;rooms=5333/2468/2452/413;vertical=5535/4035/1124/376
493,2019328,0.0458301,70,11,55,4,1.35695,2.79993e-05,43/43/42,f7d4d2856cd29bbafc780a81954b67550043d2caee8ddbfc767ea9f71cf3b938,-4.75736e-05,1.35735,-0.000430781,0.998198,41,0,41,0,12,1,9,2,17,10,5,2,corner=17384/0/17384/0;rooms=5345/2469/2461/415;vertical=5552/4045/1129/378
494,2023424,0.0477095,63,17,45,1,1.35871,0.000461489,43/43/42,2beb0b106582f92ad2919ebbaa54ccae5a35a57267a3e64bf7e1c628572fd382,-0.00263158,0.985345,-0.00043046,0.994477,42,0,42,0,8,8,0,0,13,9,3,1,corner=17426/0/17426/0;rooms=5353/2477/2461/415;vertical=5565/4054/1132/379
495,2027520,0.0457844,62,18,44,0,1.34137,9.80496e-06,43/43/42,ff08e6b1927c11dd2e799715f1dabf0d7b32dd78011e29c6bb4ea5f74274f113,0.00161805,0.945677,-0.000429995,1.00038,38,0,38,0,12,8,4,0,12,10,2,0,corner=17464/0/17464/0;rooms=5365/2485/2465/415;vertical=5577/4064/1134/379
496,2031616,0.0463633,60,11,49,0,1.33684,0.000131041,43/43/42,7a544e532053ae6e890550b74de9e29c2dc1d225d03567042637811ac0838158,-0.00273823,0.964268,-0.00042927,1.00135,41,0,41,0,9,4,5,0,10,7,3,0,corner=17505/0/17505/0;rooms=5374/2489/2470/415;vertical=5587/4071/1137/379
497,2035712,0.0466933,64,17,46,1,1.31653,0.000510365,43/43/42,988c7609a9845507e5832f8900638a72080826d12c93e0e1beb3938153d4711c,0.00108212,1.32866,-0.000428205,0.998321,38,0,38,0,10,5,4,1,16,12,4,0,corner=17543/0/17543/0;rooms=5384/2494/2474/416;vertical=5603/4083/1141/379
498,2039808,0.0451851,65,14,50,1,1.31959,0.00118998,43/43/42,e872ae757a537ab9be35dff4f3989fdd4243b1432a69108973a186a079fe62e6,0.00284619,1.09006,-0.000428038,0.998904,40,0,40,0,12,4,7,1,13,10,3,0,corner=17583/0/17583/0;rooms=5396/2498/2481/417;vertical=5616/4093/1144/379
499,2043904,0.0461565,69,16,50,3,1.32861,0.000721723,43/43/42,94327e06058fd97e229c8dc370d246e77165fd6cbca7b045333e99c40b2a3796,-0.00158972,0.934947,-0.000427718,1.00172,42,0,42,0,18,8,7,3,9,8,1,0,corner=17625/0/17625/0;rooms=5414/2506/2488/420;vertical=5625/4101/1145/379
500,2048000,0.0465212,60,9,49,2,1.3352,0.000264674,43/43/42,f65046a6fd4bf389f38b1444d6397b7e70c98468a1f66cf49a04748359564a48,-0.00140303,0.931599,-0.000427262,1.00083,41,0,41,0,7,1,4,2,12,8,4,0,corner=17666/0/17666/0;rooms=5421/2507/2492/422;vertical=5637/4109/1149/379
501,2052096,0.0455013,70,17,53,0,1.30547,0.000315458,43/43/42,71e7532c6acb06c1489f10fffbe8808f93a41921200653f03a492b2340abb20d,-0.00312944,1.6217,-0.0004267,1.00017,38,0,38,0,14,5,9,0,18,12,6,0,corner=17704/0/17704/0;rooms=5435/2512/2501/422;vertical=5655/4121/1155/379
502,2056192,0.0465765,62,10,48,4,1.31737,0.000179037,43/43/42,f94038fa066d13e30a2272682661c0f76c2074bb6b2859e9795b5290b2f294bd,-0.000833305,0.779447,-0.000427081,0.999746,41,0,41,0,9,2,5,2,12,8,2,2,corner=17745/0/17745/0;rooms=5444/2514/2506/424;vertical=5667/4129/1157/381
503,2060288,0.0466623,60,12,47,1,1.32424,0.00133124,43/43/42,49e27253468e77b3772fd256b2e66196701aee47c2d952c7c0ae9f3fd72f39c2,0.000663127,0.894944,-0.000426324,0.997369,38,0,38,0,16,8,8,0,6,4,1,1,corner=17783/0/17783/0;rooms=5460/2522/2514/424;vertical=5673/4133/1158/382
504,2064384,0.0464467,54,9,44,1,1.31995,0.000937372,43/43/42,d375e5837473e070066456366c47ad8a2ad550374ddf203fd80015e2e2bca73f,-0.000494017,0.728104,-0.000425905,0.999213,40,0,40,0,5,3,1,1,9,6,3,0,corner=17823/0/17823/0;rooms=5465/2525/2515/425;vertical=5682/4139/1161/382
505,2068480,0.0466195,71,20,48,3,1.31413,4.25875e-05,43/43/42,b310f6a1e8d1d4d704b5b49378fda6848f387d2b25c7349cd3e197fc00a56542,0.000847504,0.964642,-0.000425692,1.00126,40,0,40,0,12,5,4,3,19,15,4,0,corner=17863/0/17863/0;rooms=5477/2530/2519/428;vertical=5701/4154/1165/382
506,2072576,0.0466435,65,12,51,2,1.32037,0.000610024,43/43/42,2020e4a17fb395d1cf1941fadce0e0f087bc0dad8d4506a8af91cc4d662ee104,0.000823095,1.47741,-0.000425371,1.00112,40,0,40,0,10,6,3,1,15,6,8,1,corner=17903/0/17903/0;rooms=5487/2536/2522/429;vertical=5716/4160/1173/383
507,2076672,0.045966,63,10,52,1,1.30223,0.000575691,43/43/42,0c823105254a2fbd2015a101f38e5b16474983fa5aaaa0728269446160f78144,-0.00398331,1.51379,-0.000424562,1.00197,41,0,41,0,12,5,7,0,10,5,4,1,corner=17944/0/17944/0;rooms=5499/2541/2529/429;vertical=5726/4165/1177/384
508,2080768,0.0464022,66,19,47,0,1.26492,0.00249842,43/43/42,70ba10a38d8ad143dac13353b344a03a410e1b591b67958f540b332e0efddc7d,-0.00112525,1.04778,-0.000424779,1.00094,41,0,41,0,9,6,3,0,16,13,3,0,corner=17985/0/17985/0;rooms=5508/2547/2532/429;vertical=5742/4178/1180/384
509,2084864,0.0463373,59,9,46,4,1.27868,0.000121027,43/43/42,ba289ed858ffbb54a2e70a583261919b0020690d62652608fe4b27d06b092ac5,-0.00144711,1.02156,-0.000424092,1.00257,39,0,39,0,6,3,2,1,14,6,5,3,corner=18024/0/18024/0;rooms=5514/2550/2534/430;vertical=5756/4184/1185/387
510,2088960,0.0454268,68,12,55,1,1.26043,0.000162989,43/43/42,61423209d1640bf269108de6bec030d3296698209f76308373520e20aebf171f,-0.00125558,1.42448,-0.000423289,0.999558,39,0,39,0,17,6,10,1,12,6,6,0,corner=18063/0/18063/0;rooms=5531/2556/2544/431;vertical=5768/4190/1191/387
511,2093056,0.046155,59,6,49,4,1.28735,8.63373e-05,43/43/42,f7bd479a6d23a063b78ec5b36e817f92345e570a4ff8eb8d87181649bc2c055d,-0.000920021,1.06193,-0.000423815,0.999027,40,0,40,0,9,1,5,3,10,5,4,1,corner=18103/0/18103/0;rooms=5540/2557/2549/434;vertical=5778/4195/1195/388
512,2097152,0.0470472,67,15,50,2,1.31713,0.000439078,43/43/42,166fbd44f81a6eb4ef52c99044428ffcac0981cb873b8f98aa90d4063efd954f,-0.00168171,1.35694,-0.000424488,0.999982,39,0,39,0,13,4,7,2,15,11,4,0,corner=18142/0/18142/0;rooms=5553/2561/2556/436;vertical=5793/4206/1199/388
513,2101248,0.0480452,66,12,51,3,1.31014,0.00015977,43/43/42,560504d372938b95185bb7fbaa4689b8a144104ecbeebeb7035f32ceda6582e0,0.00323324,1.10012,-0.000424611,1.00177,43,0,43,0,9,3,4,2,14,9,4,1,corner=18185/0/18185/0;rooms=5562/2564/2560/438;vertical=5807/4215/1203/389
514,2105344,0.0477071,70,15,53,2,1.33831,0.00011915,43/43/42,79d06e34b17215118c1ce29f319949c990377c0ad9ce9a2c2c6de3a4e3b56089,-0.000594503,1.74776,-0.000423778,0.999821,40,0,40,0,16,9,5,2,14,6,8,0,corner=18225/0/18225/0;rooms=5578/2573/2565/440;vertical=5821/4221/1211/389
515,2109440,0.046615,65,16,46,3,1.33287,0.000585347,43/43/42,9d986beacd2799880a6a0b014baf124acf3cfb7d734f8fa1ef80767186d1d1c7,0.000178775,1.31283,-0.000423558,1.00012,37,0,37,0,13,7,4,2,15,9,5,1,corner=18262/0/18262/0;rooms=5591/2580/2569/442;vertical=5836/4230/1216/390
516,2113536,0.0467872,64,11,51,2,1.37023,0.000979125,43/43/42,568b0d7e969c1d044f23420f865708e6c5dbfd09c962bc24a5ba9c8eb2c44184,-0.00286034,1.07416,-0.000423322,1.00176,40,0,40,0,10,2,7,1,14,9,4,1,corner=18302/0/18302/0;rooms=5601/2582/2576/443;vertical=5850/4239/1220/391
517,2117632,0.046825,61,11,47,3,1.37292,0.000704437,43/43/42,19cf05018b6d40578080e31754e7b6e070ca58eda035ece32acb2e881339a356,9.05886e-05,0.921883,-0.000422615,0.996957,41,0,41,0,13,6,5,2,7,5,1,1,corner=18343/0/18343/0;rooms=5614/2588/2581/445;vertical=5857/4244/1221/392
518,2121728,0.045646,69,13,54,2,1.38565,0.000944406,43/43/42,ad5ff94231d5e60b56b53b546a6cdc5809ef43f0cd41018c5f6314eaccb80d9e,0.000111286,1.11229,-0.000421922,0.999013,43,0,43,0,14,5,8,1,12,8,3,1,corner=18386/0/18386/0;rooms=5628/2593/2589/446;vertical=5869/4252/1224/393
519,2125824,0.0460416,63,16,46,1,1.3652,0.00164202,43/43/42,432edea3081b9cf315f3cb6681f1cc6dccb98151a3205a6f5a1a8f16554e123b,0.000558486,1.33173,-0.000422086,1.0006,38,0,38,0,9,7,2,0,16,9,6,1,corner=18424/0/18424/0;rooms=5637/2600/2591/446;vertical=5885/4261/1230/394
520,2129920,0.0466145,60,10,49,1,1.37104,0.000147492,43/43/42,f9eaefce7106e0d391f8eef321a614a7fecc61b157ecd47df66aae260e7ecb0c,0.000313852,1.45439,-0.000422051,1.00121,39,0,39,0,6,4,2,0,15,6,8,1,corner=18463/0/18463/0;rooms=5643/2604/2593/446;vertical=5900/4267/1238/395
521,2134016,0.0456384,77,20,55,2,1.33977,0.00016585,43/43/42,a0376f311da2e5244f5e205aef7c9eefe7d07d61b01c194f21bce08e888067cd,-0.00147723,1.57546,-0.000422306,1.0003,43,0,43,0,19,10,8,1,15,10,4,1,corner=18506/0/18506/0;rooms=5662/2614/2601/447;vertical=5915/4277/1242/396
522,2138112,0.0466947,68,17,50,1,1.34469,6.75023e-05,43/43/42,c4de73dc6869d52afe1384f77550692a1ae578a3dddae7044f60d13b3e0a62d2,-0.00162703,1.24897,-0.000421675,1.00026,43,0,43,0,9,6,3,0,16,11,4,1,corner=18549/0/18549/0;rooms=5671/2620/2604/447;vertical=5931/4288/1246/397
523,2142208,0.047005,63,11,50,2,1.32822,0.00143602,43/43/42,4811c1e92fdc8aae44b00b9b87fde5866bd3840d5dba0093ec10b89d0e6ac3e4,-0.0003091,1.28152,-0.000420301,0.999475,41,0,41,0,7,4,3,0,15,7,6,2,corner=18590/0/18590/0;rooms=5678/2624/2607/447;vertical=5946/4295/1252/399
524,2146304,0.0470267,67,11,55,1,1.32253,0.000497043,43/43/42,c0fa9ef6d14a4540ee5a8e3c919f98b030e850756bccc78a8052094cad5b4af3,-0.00111571,1.44633,-0.000419072,1.00001,39,0,39,0,14,4,9,1,14,7,7,0,corner=18629/0/18629/0;rooms=5692/2628/2616/448;vertical=5960/4302/1259/399
525,2150400,0.0455023,76,20,56,0,1.33637,0.000297457,43/43/42,07f29cf1653d6d26843e83819ea1bb532d5b6302c5884e688ad43632c7daf4b6,-0.00142133,1.39264,-0.000418577,1.0013,42,0,42,0,18,9,9,0,16,11,5,0,corner=18671/0/18671/0;rooms=5710/2637/2625/448;vertical=5976/4313/1264/399
526,2154496,0.0466877,59,15,42,2,1.34515,0.000299364,43/43/42,6e9915bf38cd92e525e8303340879ae69d70fbff3e2141646665c2771d46e498,-0.000612247,0.690478,-0.000417326,1.00141,37,0,37,0,10,4,4,2,12,11,1,0,corner=18708/0/18708/0;rooms=5720/2641/2629/450;vertical=5988/4324/1265/399
527,2158592,0.0453776,65,14,49,2,1.35906,0.00160378,43/43/42,c5cc69651cdb63ee079bb74acbdde02b3aa49b850a6d20ace4ef172038ce0010,-0.00163969,1.29664,-0.00041629,1.00016,39,0,39,0,10,4,5,1,16,10,5,1,corner=18747/0/18747/0;rooms=5730/2645/2634/451;vertical=6004/4334/1270/400
528,2162688,0.0460984,74,20,51,3,1.38274,0.000282198,43/43/42,ace9b376997c6b797af2bc593a6ddc4c926deb503faca93af0b588393613f3c5,-0.0015163,1.15255,-0.000414518,1.00031,43,0,43,0,18,10,5,3,13,10,3,0,corner=18790/0/18790/0;rooms=5748/2655/2639/454;vertical=6017/4344/1273/400
529,2166784,0.0465541,67,16,50,1,1.4148,0.000645906,43/43/42,1b5afe14e71bcb5302bb83cbd2e34ae33091e68fa7a143f34029f1d783d2653d,-0.000465829,1.35652,-0.000413564,1.00016,39,0,39,0,11,6,4,1,17,10,7,0,corner=18829/0/18829/0;rooms=5759/2661/2643/455;vertical=6034/4354/1280/400
530,2170880,0.0466164,69,16,52,1,1.38977,0.0001885,43/43/42,90b0160e7dd28ac08793975db4500097784848137114ed3f5a74a9cd690d505b,0.000561505,1.3156,-0.000413195,0.9985,42,0,42,0,9,4,4,1,18,12,6,0,corner=18871/0/18871/0;rooms=5768/2665/2647/456;vertical=6052/4366/1286/400
531,2174976,0.0463899,70,15,52,3,1.40515,0.000520065,43/43/42,6557daf3de7be02f0775b09fa221e3f6bd2c21eca0e27a52c5641c0c3bf66485,-0.000233615,1.60659,-0.000413911,1.00023,40,0,40,0,16,8,6,2,14,7,6,1,corner=18911/0/18911/0;rooms=5784/2673/2653/458;vertical=6066/4373/1292/401
532,2179072,0.0467673,72,15,57,0,1.41173,0.0001252,43/43/42,2e4f98a0319e8a6c78d15778814f0190f5d7fd20f881eeb69f352c8c78816940,-0.000647875,1.71809,-0.000415256,1.00158,41,0,41,0,16,5,11,0,15,10,5,0,corner=18952/0/18952/0;rooms=5800/2678/2664/458;vertical=6081/4383/1297/401
533,2183168,0.0469032,56,11,45,0,1.40116,0.00175539,43/43/42,657aa602bd197c564bec7fe6b604bc6206bab43c5729524da2bd28bf9e0bec98,3.97651e-06,0.984031,-0.000416273,1.00055,38,0,38,0,7,4,3,0,11,7,4,0,corner=18990/0/18990/0;rooms=5807/2682/2667/458;vertical=6092/4390/1301/401
534,2187264,0.0456491,67,14,53,0,1.35998,0.00146762,43/43/42,f67a42a6bfb8ee079c450d9a1c130ae0d17764d44c923330b7aef5143a090665,-0.00278818,0.893639,-0.000415922,1.00043,46,0,46,0,7,2,5,0,14,12,2,0,corner=19036/0/19036/0;rooms=5814/2684/2672/458;vertical=6106/4402/1303/401
535,2191360,0.0467999,70,19,51,0,1.35692,0.00112548,43/43/42,5375cb0964a68cadfd1b6ce2a41fdbf66aee2c7baf43c2f3e6fe93051c6d0920,-0.00236468,1.60255,-0.000415349,0.999351,40,0,40,0,13,8,5,0,17,11,6,0,corner=19076/0/19076/0;rooms=5827/2692/2677/458;vertical=6123/4413/1309/401
536,2195456,0.0469148,63,14,49,0,1.33507,0.00062266,43/43/42,c9fc9b50dbbf79fc5b93e54a59003f69daaae76e10eb4e9984c8a8ae42d9ae65,0.000205526,1.11229,-0.000415071,0.998569,40,0,40,0,9,5,4,0,14,9,5,0,corner=19116/0/19116/0;rooms=5836/2697/2681/458;vertical=6137/4422/1314/401
537,2199552,0.0457555,62,10,52,0,1.29995,4.38988e-05,43/43/42,869543b25e4146aef44ea1cdc601ca58be3ec7639a1cb1f071f004e5ce577af3,-0.00316878,1.00103,-0.000413946,1.0013,41,0,41,0,9,0,9,0,12,10,2,0,corner=19157/0/19157/0;rooms=5845/2697/2690/458;vertical=6149/4432/1316/401
538,2203648,0.0464385,67,9,56,2,1.30175,0.000182062,43/43/42,7b6f22d4f3ae06ba4006c78ec4e907f26e7cfdf195aa1e479db97f428f6222a6,-0.00197372,1.7676,-0.00041221,0.997791,41,0,41,0,10,3,5,2,16,6,10,0,corner=19198/0/19198/0;rooms=5855/2700/2695/460;vertical=6165/4438/1326/401
539,2207744,0.0469811,68,17,51,0,1.266,0.000399143,43/43/42,dee39bbe38056f182cebca987c5b49df689e950ebabd7b56b49a8013197b05cc,-0.00212913,1.30167,-0.000410848,0.999202,40,0,40,0,12,7,5,0,16,10,6,0,corner=19238/0/19238/0;rooms=5867/2707/2700/460;vertical=6181/4448/1332/401
540,2211840,0.0456737,61,8,49,4,1.27595,0.00079149,43/43/42,2a89bd3d6ba095901f2d709fed48c22dc0065a63c700a5df4723beae6b24e269,-0.0013023,0.876848,-0.000410014,0.998641,42,0,42,0,9,3,3,3,10,5,4,1,corner=19280/0/19280/0;rooms=5876/2710/2703/463;vertical=6191/4453/1336/402
541,2215936,0.04673,59,12,43,4,1.2951,0.000668317,43/43/42,8af37ac387dbc93065b6ff6c16005a4757ec80bae9d80fccc65b76967b7cb7bc,-0.000396829,0.909376,-0.000409114,0.998557,36,0,36,0,12,6,4,2,11,6,3,2,corner=19316/0/19316/0;rooms=5888/2716/2707/465;vertical=6202/4459/1339/404
542,2220032,0.046931,69,14,54,1,1.29517,0.000213295,43/43/42,dd92edbcd23df94dc5fa3ed2f14c7947af1d06a179ac17b0f499210a18baf7ad,-0.00263336,1.33944,-0.000408052,0.999836,44,0,44,0,11,6,4,1,14,8,6,0,corner=19360/0/19360/0;rooms=5899/2722/2711/466;vertical=6216/4467/1345/404
543,2224128,0.0469165,56,7,45,4,1.32547,0.000177771,43/43/42,80f5f5628c73f75a5847c85fd45adde713bb2a05c1d20676c080d989029d2434,-0.00224188,0.776892,-0.000407641,0.999749,41,0,41,0,10,3,3,4,5,4,1,0,corner=19401/0/19401/0;rooms=5909/2725/2714/470;vertical=6221/4471/1346/404
544,2228224,0.0456658,69,11,55,3,1.3074,0.000706956,43/43/42,de338d3bdf5679cf60ddb9d8928932769b690558e13e6e7edbaa0638a5ae98ec,-0.00137801,1.49279,-0.000407741,1.00061,39,0,39,0,19,6,11,2,11,5,5,1,corner=19440/0/19440/0;rooms=5928/2731/2725/472;vertical=6232/4476/1351/405
545,2232320,0.0462918,69,13,53,3,1.32719,0.00131443,43/43/42,1eca902b342762936e9c10e3ab2c1b8405fe196fd23f9346f7042f762151312b,-0.00283924,0.948896,-0.000408064,0.999495,43,0,43,0,21,9,9,3,5,4,1,0,corner=19483/0/19483/0;rooms=5949/2740/2734/475;vertical=6237/4480/1352/405
546,2236416,0.0466477,54,5,49,0,1.34415,0.000761107,43/43/42,313cfcd3e2ce83c9e72343c757347c6f22c6452f13db0c8095d3d20a64de04d0,-0.00227848,0.78381,-0.000408208,1.00272,42,0,42,0,5,1,4,0,7,4,3,0,corner=19525/0/19525/0;rooms=5954/2741/2738/475;vertical=6244/4484/1355/405
547,2240512,0.0465536,58,5,49,4,1.28613,0.000112683,43/43/42,1d1972231fbc5db553a494023fc9b042dcb60ca14f0b7a4b286509f659a5ae82,-0.000445418,0.967718,-0.000407506,1.00034,42,0,42,0,10,4,5,1,6,1,2,3,corner=19567/0/19567/0;rooms=5964/2745/2743/476;vertical=6250/4485/1357/408
548,2244608,0.0464698,54,10,43,1,1.28095,0.00137487,43/43/42,ec3bf0b03ba1f6b46e3fd1cbbbf232e570298f82061ba1b93f9b8e3483734b7a,-0.000271729,0.868158,-0.000407052,0.99898,36,0,36,0,13,6,6,1,5,4,1,0,corner=19603/0/19603/0;rooms=5977/2751/2749/477;vertical=6255/4489/1358/408
549,2248704,0.0469873,65,11,53,1,1.22161,0.00146869,43/43/42,d9bf96679b3b29db4f0d1b7a7ddc6f28b5bbf422f2688e8e42b0e892d1e5ca4a,0.00041004,1.27961,-0.000406026,0.999844,41,0,41,0,17,8,9,0,7,3,3,1,corner=19644/0/19644/0;rooms=5994/2759/2758/477;vertical=6262/4492/1361/409
550,2252800,0.0466415,51,4,44,3,1.22007,9.05097e-05,43/43/42,f8adbf8ade57d0065659335027fd3cf3d2eca58471e9ad19453bf80c88a1498e,-0.000934818,0.407843,-0.000405768,0.999501,42,0,42,0,5,3,2,0,4,1,0,3,corner=19686/0/19686/0;rooms=5999/2762/2760/477;vertical=6266/4493/1361/412
551,2256896,0.0459093,52,6,45,1,1.19759,0.00118555,43/43/42,b1418f6aee7fc25e294378f9ad87ba8bfb785c3589948c186ac6e79f7c5bc85c,-0.00136831,0.659113,-0.000405142,0.999492,41,0,41,0,6,3,3,0,5,3,1,1,corner=19727/0/19727/0;rooms=6005/2765/2763/477;vertical=6271/4496/1362/413
552,2260992,0.0466577,57,4,48,5,1.17162,0.000265867,43/43/42,ccf4f2eb5d93af4664c7078f6adbb00d00074bd1ed3b9c5d311560ef27986c8e,0.00809428,0.742957,-0.000404037,1.00252,41,0,41,0,9,3,6,0,7,1,1,5,corner=19768/0/19768/0;rooms=6014/2768/2769/477;vertical=6278/4497/1363/418
553,2265088,0.0466886,61,8,49,4,1.15041,1.24276e-05,43/43/42,6f8d1ed0cfa55a5436f239d878b0fe576b470df067e91a5ebab8d7e3b2784f45,-0.000560618,0.834004,-0.000403537,0.997213,43,0,43,0,12,5,6,1,6,3,0,3,corner=19811/0/19811/0;rooms=6026/2773/2775/478;vertical=6284/4500/1363/421
554,2269184,0.0459478,57,3,49,5,1.15245,8.73208e-06,43/43/42,46977aa4f276c8814c8a96c74804f65ef254d99735e3f6700e7f6eea1b119097,-0.000335187,0.934686,-0.000403497,0.999204,40,0,40,0,6,1,5,0,11,2,4,5,corner=19851/0/19851/0;rooms=6032/2774/2780/478;vertical=6295/4502/1367/426
555,2273280,0.0466888,58,6,46,6,1.16354,0.000472099,43/43/42,a5516883761c25dcc350ef1f29021c5fdb894fb1dc4c93ba3fd0563e448efb0e,0.00136088,0.522937,-0.000403409,1.00032,42,0,42,0,9,2,3,4,7,4,1,2,corner=19893/0/19893/0;rooms=6041/2776/2783/482;vertical=6302/4506/1368/428
556,2277376,0.0464694,61,7,48,6,1.20937,0.000312239,43/43/42,3ce3c9b3e9690280aa6931eb7db268c3cede3e6c2caee9bec67053a49214301e,-0.00189136,0.775373,-0.000402064,0.999335,43,0,43,0,9,3,2,4,9,4,3,2,corner=19936/0/19936/0;rooms=6050/2779/2785/486;vertical=6311/4510/1371/430
557,2281472,0.0466702,56,3,46,7,1.21596,0.000492722,43/43/42,158decb3449f65fd6aa75c59bbeba1cb6471ea9c266d1c34b7c169907695b39f,-0.000725592,0.533305,-0.000400738,0.999027,41,0,41,0,7,1,4,2,8,2,1,5,corner=19977/0/19977/0;rooms=6057/2780/2789/488;vertical=6319/4512/1372/435
558,2285568,0.046556,55,9,44,2,1.20209,2.27988e-05,43/43/42,a0e93908c648bb4b1367638d15708fa395be9f3f66fa22d86786a75de9d593c9,-0.00467375,0.748153,-0.00039997,1.0009,41,0,41,0,6,5,1,0,8,4,2,2,corner=20018/0/20018/0;rooms=6063/2785/2790/488;vertical=6327/4516/1374/437
559,2289664,0.0470884,63,6,56,1,1.18238,0.00133701,43/43/42,4e8b6afbdfda9ce706d5cde6d866b9eb47e202ffb928598f9a7bcb1ea4ac743a,0.00135953,1.04295,-0.000399539,0.998506,43,0,43,0,13,3,9,1,7,3,4,0,corner=20061/0/20061/0;rooms=6076/2788/2799/489;vertical=6334/4519/1378/437
560,2293760,0.0471932,61,7,46,8,1.1918,0.000441149,43/43/42,4b0d6e1247299182b201a4b339c5e1c114203fbb15646d16f1936363a8961459,-0.0019865,0.88427,-0.000398683,0.998585,40,0,40,0,12,4,4,4,9,3,2,4,corner=20101/0/20101/0;rooms=6088/2792/2803/493;vertical=6343/4522/1380/441
561,2297856,0.0458198,54,5,43,6,1.22518,0.0007613,43/43/42,c2a1fef7c20cea0a647fa0dda8d3e0fcba36ec73493f607aac18502b255bcc63,0.000160223,0.772956,-0.00039791,0.999352,39,0,39,0,9,3,1,5,6,2,3,1,corner=20140/0/20140/0;rooms=6097/2795/2804/498;vertical=6349/4524/1383/442
562,2301952,0.0467332,61,8,47,6,1.24614,0.000329643,43/43/42,2fd48a69d2a531f0cc3fc3ced03b1a7db1ebae493ffa187087a7f6e208b085ff,0.00227508,0.715414,-0.000397408,1.00134,43,0,43,0,10,3,3,4,8,5,1,2,corner=20183/0/20183/0;rooms=6107/2798/2807/502;vertical=6357/4529/1384/444
563,2306048,0.0466769,59,9,49,1,1.23699,0.00155149,43/43/42,7eec9c07f19bbecf33876a83992a58d63839bccc40786d734cf0277900d130f2,-0.00203506,0.923376,-0.000397103,1.00026,40,0,40,0,13,6,7,0,6,3,2,1,corner=20223/0/20223/0;rooms=6120/2804/2814/502;vertical=6363/4532/1386/445
564,2310144,0.0454762,64,12,51,1,1.21328,0.000248224,43/43/42,8c48f800bedfe9ca0ea265deb1f70f467a084da9d6f802d0c02e5a5c1a0661ee,-0.000739488,1.23392,-0.000397116,0.998479,43,0,43,0,9,6,2,1,12,6,6,0,corner=20266/0/20266/0;rooms=6129/2810/2816/503;vertical=6375/4538/1392/445
565,2314240,0.0461342,60,7,50,3,1.21007,0.000472337,43/43/42,bef8bb5a56e29b4743dad178640c4c3e2be556ef4add98edee699782463e400e,-0.002799,0.859536,-0.000397685,1.00111,41,0,41,0,11,4,7,0,8,3,2,3,corner=20307/0/20307/0;rooms=6140/2814/2823/503;vertical=6383/4541/1394/448
566,2318336,0.0470803,65,8,53,4,1.18879,0.000936061,43/43/42,96cda5bf77bc883119846871729579185d1c4daddac88d58b91761550871d038,-0.00182785,1.07542,-0.000397282,0.99617,43,0,43,0,13,3,7,3,9,5,3,1,corner=20350/0/20350/0;rooms=6153/2817/2830/506;vertical=6392/4546/1397/449
567,2322432,0.04682,58,7,44,7,1.1981,4.61638e-05,43/43/42,b702423d7d3c9b8dbbbdde65e4cc0f95a9a7c3f2380607f8253bc039c4acf08e,-0.00362465,0.703337,-0.00039629,1.00158,40,0,40,0,7,4,3,0,11,3,1,7,corner=20390/0/20390/0;rooms=6160/2821/2833/506;vertical=6403/4549/1398/456
568,2326528,0.0468527,57,8,43,6,1.23503,0.000414521,43/43/42,84478f3575e19b9435d9756e4b4777bbf234561a873b0cfe15ca24d3ed652f9f,0.000581775,0.564176,-0.000396049,0.999641,40,0,40,0,7,2,3,2,10,6,0,4,corner=20430/0/20430/0;rooms=6167/2823/2836/508;vertical=6413/4555/1398/460
569,2330624,0.0466605,56,9,42,5,1.24348,0.0005683,43/43/42,6b63e6a3ea1c18704b7d1eed5dc4f66de79af5803e86ff1bbcf1b1d22ff078a7,-0.00165633,0.589401,-0.000396519,1.0001,39,0,39,0,7,2,2,3,10,7,1,2,corner=20469/0/20469/0;rooms=6174/2825/2838/511;vertical=6423/4562/1399/462
570,2334720,0.0472538,65,15,50,0,1.24755,0.000567943,43/43/42,43c46843655676a9732adeb8c53c31ccda0eae5b6f196d0fed2d5c48d82e1a20,-0.00181107,0.941947,-0.000396875,0.998351,44,0,44,0,10,6,4,0,11,9,2,0,corner=20513/0/20513/0;rooms=6184/2831/2842/511;vertical=6434/4571/1401/462
571,2338816,0.0462061,67,13,49,5,1.25836,0.000196964,43/43/42,5bc2a34937c766f252b7bd091eca2c0d9253bc0c0096a1f9cf2ea2633bdade95,-0.00295374,1.00956,-0.000396807,0.998952,42,0,42,0,8,3,3,2,17,10,4,3,corner=20555/0/20555/0;rooms=6192/2834/2845/513;vertical=6451/4581/1405/465
572,2342912,0.0454958,57,11,42,4,1.27755,3.12924e-06,43/43/42,2e2496ef4705d2807035f4e45b0c04180f3e52b9586832903539bbde172c7a5a,0.00114546,0.772646,-0.000395484,0.998197,36,0,36,0,9,3,3,3,12,8,3,1,corner=20591/0/20591/0;rooms=6201/2837/2848/516;vertical=6463/4589/1408/466
573,2347008,0.0466982,59,14,43,2,1.28387,0.000225693,43/43/42,b4258f7615f28af952f640c51fa80baa92f7d7c92db07b4593b38c70e1e89c13,0.000529392,0.745371,-0.000394874,0.999599,40,0,40,0,8,6,1,1,11,8,2,1,corner=20631/0/20631/0;rooms=6209/2843/2849/517;vertical=6474/4597/1410/467
574,2351104,0.0456697,67,16,48,3,1.29282,9.79006e-05,43/43/42,8111a041e07720976b38f18d6484d469ca2752378cbfa3c80837d9047d93df9c,0.00172318,0.80833,-0.000394716,0.998081,44,0,44,0,7,3,2,2,16,13,2,1,corner=20675/0/20675/0;rooms=6216/2846/2851/519;vertical=6490/4610/1412/468
575,2355200,0.0454777,69,13,53,3,1.29852,0.000787646,43/43/42,88767e158df47e8b8d735c4d88109ee9ee21ab51361055450e813e0dbfa2e8a5,0.00170339,1.34816,-0.000394995,1.00066,40,0,40,0,10,3,5,2,19,10,8,1,corner=20715/0/20715/0;rooms=6226/2849/2856/521;vertical=6509/4620/1420/469
576,2359296,0.0473265,63,13,46,4,1.30228,0.000721917,43/43/42,6034e9ebf7a6930becd060cf36c0d0639e284913c9bfd773594d5d97338703e6,-0.00236459,0.734219,-0.000395427,0.997621,41,0,41,0,14,7,3,4,8,6,2,0,corner=20756/0/20756/0;rooms=6240/2856/2859/525;vertical=6517/4626/1422/469
577,2363392,0.0468233,66,15,49,2,1.29833,0.000769049,43/43/42,77675ec9f17c8dbed99a70ecb2fcbf3d6d352dd3dda89671e5dd77397e576b2e,-0.00136859,0.852679,-0.00039463,0.998682,42,0,42,0,8,3,4,1,16,12,3,1,corner=20798/0/20798/0;rooms=6248/2859/2863/526;vertical=6533/4638/1425/470
578,2367488,0.046522,65,11,52,2,1.3156,0.000896603,43/43/42,161e210c2da4f259936569f7e1be35bacf60bcaa8980827dea6e8497c069fd83,-0.0023689,1.2436,-0.000393262,0.998201,43,0,43,0,5,3,1,1,17,8,8,1,corner=20841/0/20841/0;rooms=6253/2862/2864/527;vertical=6550/4646/1433/471
579,2371584,0.0468523,71,15,52,4,1.29748,9.26554e-05,43/43/42,2e191fef5187eed0c981b3f6ef882468fade30606776bb86b2866563f1039a58,-0.00165581,1.10719,-0.000393579,0.998025,42,0,42,0,16,8,4,4,13,7,6,0,corner=20883/0/20883/0;rooms=6269/2870/2868/531;vertical=6563/4653/1439/471
580,2375680,0.0465908,63,9,53,1,1.32443,0.000714093,43/43/42,86c72017f72e49e6f00cafed35c4a2f11f4e5338f22adde48053f8ea11753021,0.000209051,1.3273,-0.000393839,0.998048,41,0,41,0,10,2,7,1,12,7,5,0,corner=20924/0/20924/0;rooms=6279/2872/2875/532;vertical=6575/4660/1444/471
581,2379776,0.0457397,69,15,53,1,1.29994,0.00189379,43/43/42,8b7b42019124ec2b2fbc0ed0c7c04cc4b13b652d657b7a03095c96883b268774,0.00240629,1.09266,-0.000393252,0.995639,44,0,44,0,8,3,4,1,17,12,5,0,corner=20968/0/20968/0;rooms=6287/2875/2879/533;vertical=6592/4672/1449/471
582,2383872,0.0464531,66,12,51,3,1.3092,0.0020794,43/43/42,5c90448e091507fe7cfa8db76fc7e51077ac64ae07d91c650f9f8bd5505237f9,-0.00220713,1.26246,-0.000392629,0.997381,40,0,40,0,11,2,6,3,15,10,5,0,corner=21008/0/21008/0;rooms=6298/2877/2885/536;vertical=6607/4682/1454/471
583,2387968,0.0463708,65,8,54,3,1.29504,0.000423819,43/43/42,53edffa65dea49eafeab7ecac2141057f9b52651128f796ee3229f3817f87d97,0.00173393,1.09259,-0.000392764,1.00091,44,0,44,0,10,2,6,2,11,6,4,1,corner=21052/0/21052/0;rooms=6308/2879/2891/538;vertical=6618/4688/1458/472
584,2392064,0.0453063,60,8,49,3,1.29315,0.00152031,43/43/42,807fcdabfaa7aae051f39a71e1a66b46a63f83b1ec5ee9d59082cce6fc0b2c56,0.00131391,0.938092,-0.000392283,1.00048,40,0,40,0,7,0,5,2,13,8,4,1,corner=21092/0/21092/0;rooms=6315/2879/2896/540;vertical=6631/4696/1462/473
585,2396160,0.0463475,63,17,45,1,1.28721,0.000121266,43/43/42,f261536202f05359883876e23bee83ae2265e0d0273aa2720b905bb952733095,-3.65791e-05,0.695514,-0.000390566,0.999828,42,0,42,0,4,3,1,0,17,14,2,1,corner=21134/0/21134/0;rooms=6319/2882/2897/540;vertical=6648/4710/1464/474
586,2400256,0.0465055,65,12,51,2,1.28273,0.000107437,43/43/42,582b318a4d6a052d5f65c980b3722955186b3af268d46c7029be309f9ac79214,-0.000997405,0.933023,-0.000389635,0.999455,44,0,44,0,9,5,2,2,12,7,5,0,corner=21178/0/21178/0;rooms=6328/2887/2899/542;vertical=6660/4717/1469/474
587,2404352,0.046626,64,12,50,2,1.24046,0.000281602,43/43/42,0508b75f4422ae49c9387336dd0ff6c5cc9480d5ce190a594ef15d72284044d0,-1.59658e-05,1.1398,-0.000389225,1.00148,40,0,40,0,9,4,4,1,15,8,6,1,corner=21218/0/21218/0;rooms=6337/2891/2903/543;vertical=6675/4725/1475/475
588,2408448,0.0468021,68,14,52,2,1.24435,0.00119141,43/43/42,4b04825e0bf656744ac004a8ea4756c1d32c60dc68191c711047ed268a1c764d,-0.00146363,1.00014,-0.000388523,0.996559,42,0,42,0,8,2,4,2,18,12,6,0,corner=21260/0/21260/0;rooms=6345/2893/2907/545;vertical=6693/4737/1481/475
589,2412544,0.0468784,68,10,52,6,1.27009,0.000102311,43/43/42,c7f4a31202b4b7dcb8d74ac849a878d9372c65583be9a500435bd22b476fa0db,-0.00119967,1.19254,-0.000387786,0.999498,40,0,40,0,11,1,6,4,17,9,6,2,corner=21300/0/21300/0;rooms=6356/2894/2913/549;vertical=6710/4746/1487/477
590,2416640,0.0457918,55,9,45,1,1.27885,0.000451118,43/43/42,8beebf8040576f84f8f1610fef633776330d320eb50ff3bd515b7b6d87edb6c4,-0.000924037,0.599533,-0.000387279,1.00057,41,0,41,0,5,2,2,1,9,7,2,0,corner=21341/0/21341/0;rooms=6361/2896/2915/550;vertical=6719/4753/1489/477
591,2420736,0.0469012,76,19,53,4,1.26198,0.000657231,43/43/42,06726b530fb97668e4a9ea2e2a985b99c25e38b7bc17d4c3a7b3062c74aa00c5,0.00113923,1.20405,-0.00038657,0.998869,44,0,44,0,8,2,3,3,24,17,6,1,corner=21385/0/21385/0;rooms=6369/2898/2918/553;vertical=6743/4770/1495/478
592,2424832,0.046623,68,11,51,6,1.30945,0.000692546,43/43/42,abb9044f2ac29811b7172a422f74ca1a5dd38d2be8abb90351603bedd0faae66,-0.000587553,1.09465,-0.000386562,1.00005,43,0,43,0,11,3,3,5,14,8,5,1,corner=21428/0/21428/0;rooms=6380/2901/2921/558;vertical=6757/4778/1500/479
593,2428928,0.0467867,58,10,45,3,1.31726,0.000903636,43/43/42,efd47c2b5cdcc21d5f0bb9242ba34f3a230558f4896299a9c9fe2edb66f3a55e,-0.00307153,0.481237,-0.000385798,0.998974,43,0,43,0,2,1,0,1,13,9,2,2,corner=21471/0/21471/0;rooms=6382/2902/2921/559;vertical=6770/4787/1502/481
594,2433024,0.0453581,59,12,45,2,1.31719,0.000435531,43/43/42,1eec184eae7e9ba573bbccd4f7ef7f55d48163700e57cb9868790d087f5cc2c3,-0.00168314,0.710968,-0.000385881,1.00181,39,0,39,0,9,2,5,2,11,10,1,0,corner=21510/0/21510/0;rooms=6391/2904/2926/561;vertical=6781/4797/1503/481
595,2437120,0.0463872,79,21,54,4,1.31948,0.00017336,43/43/42,c319dd34519868553ff036aa288a9ae1541405d2f17096fbadfa3d90bdd7f369,0.000260596,1.45543,-0.000385467,0.999374,42,0,42,0,14,4,6,4,23,17,6,0,corner=21552/0/21552/0;rooms=6405/2908/2932/565;vertical=6804/4814/1509/481
596,2441216,0.0464553,65,15,48,2,1.35131,0.000160962,43/43/42,1e5c72ddfecb91890b2f35e418bcef8c885940957c590f1a09b4743a93235ee7,-0.00190512,1.06575,-0.000384563,0.999887,40,0,40,0,9,3,4,2,16,12,4,0,corner=21592/0/21592/0;rooms=6414/2911/2936/567;vertical=6820/4826/1513/481
597,2445312,0.0467371,61,7,52,2,1.33387,0.000583693,43/43/42,c1743d0099809d788699c570d4b0ad0ab014defc3345ab409518e0ba3b8847b6,0.00060771,1.0242,-0.000384396,0.9994,44,0,44,0,7,2,3,2,10,5,5,0,corner=21636/0/21636/0;rooms=6421/2913/2939/569;vertical=6830/4831/1518/481
598,2449408,0.046735,70,20,47,3,1.32406,0.000803977,43/43/42,fed193fa4a76746481f26cc1198b7471bf0d9e824cad0d6f1c6cbd6558bc44e8,-0.000496652,0.741555,-0.000384019,0.999368,41,0,41,0,11,5,3,3,18,15,3,0,corner=21677/0/21677/0;rooms=6432/2918/2942/572;vertical=6848/4846/1521/481
599,2453504,0.0468336,75,17,56,2,1.34856,0.000469476,43/43/42,2ea24ab3a9f7b3e9d36483e8936362a5515acc41359785cb52cae9ef7b9ad199,-0.000470511,1.83396,-0.000383606,1.00061,43,0,43,0,9,5,2,2,23,12,11,0,corner=21720/0/21720/0;rooms=6441/2923/2944/574;vertical=6871/4858/1532/481
600,2457600,0.045667,62,13,47,2,1.36128,0.000748545,43/43/42,0f13377c734159fc466075ff902758b96cdf6ec124cfe0a3a5dc531db4c196b9,-0.00113908,0.912861,-0.00038374,1.00309,42,0,42,0,7,3,2,2,13,10,3,0,corner=21762/0/21762/0;rooms=6448/2926/2946/576;vertical=6884/4868/1535/481
601,2461696,0.0464107,65,13,48,4,1.35831,0.000618607,43/43/42,fb1609218fc894d6e9bf5380fd1ae7577cf2a6198439f62ee147aa62e4903d15,0.000933505,0.688254,-0.000384515,0.998635,41,0,41,0,13,3,6,4,11,10,1,0,corner=21803/0/21803/0;rooms=6461/2929/2952/580;vertical=6895/4878/1536/481
602,2465792,0.0455397,73,18,54,1,1.36384,0.00051716,43/43/42,8864543ad3edcedce3b36bb382b5f08c2fb45c9d5abe7f6253b07edfaa260a9a,-0.00203933,0.985308,-0.000384295,0.999782,46,0,46,0,9,4,4,1,18,14,4,0,corner=21849/0/21849/0;rooms=6470/2933/2956/581;vertical=6913/4892/1540/481
603,2469888,0.0462419,64,15,49,0,1.35039,0.000911266,43/43/42,ff4fab350bb4a7ba3ddeb38517743be1ff48a40c0c0511f30d2d1f527fc91df2,-2.37401e-05,1.28083,-0.00038364,1.00036,38,0,38,0,8,3,5,0,18,12,6,0,corner=21887/0/21887/0;rooms=6478/2936/2961/581;vertical=6931/4904/1546/481
604,2473984,0.0467912,68,13,52,3,1.34718,0.000360399,43/43/42,a21ca4202c71188ceba6b90bbff9f7dff45bf051abb8c32a7ddb87147391b6a9,-0.00174367,1.10295,-0.000383029,1.00212,43,0,43,0,11,4,4,3,14,9,5,0,corner=21930/0/21930/0;rooms=6489/2940/2965/584;vertical=6945/4913/1551/481
605,2478080,0.046481,75,23,51,1,1.33431,0.000570089,43/43/42,7522aff5ed59a29216e709d395130e2d49719b6001c47e92ce420ca4a89b32b7,0.00108727,1.03145,-0.000382412,1.00157,41,0,41,0,10,4,5,1,24,19,5,0,corner=21971/0/21971/0;rooms=6499/2944/2970/585;vertical=6969/4932/1556/481
606,2482176,0.0461832,68,14,54,0,1.34615,0.00137237,43/43/42,8ba3631d030687b7ade388b2fb982826b627697e5ad5b05e48f3e1ea09e31668,-0.00112743,1.33666,-0.000381342,1.00094,41,0,41,0,10,4,6,0,17,10,7,0,corner=22012/0/22012/0;rooms=6509/2948/2976/585;vertical=6986/4942/1563/481
607,2486272,0.0470724,58,11,45,2,1.32465,0.00011006,43/43/42,8b5280911b537b2df0878b8777d22b66bae6a5595e8f3226fc3a7d9c168074a0,-0.00291031,0.82285,-0.000380862,1.00052,39,0,39,0,10,5,3,2,9,6,3,0,corner=22051/0/22051/0;rooms=6519/2953/2979/587;vertical=6995/4948/1566/481
608,2490368,0.046652,69,16,51,2,1.31921,0.000207573,43/43/42,e6c6acab42c52531d27a1a77a673375f4539d18dfc0c43a81897de5b93df0966,-0.000100076,1.14116,-0.000379981,0.997429,41,0,41,0,9,2,5,2,19,14,5,0,corner=22092/0/22092/0;rooms=6528/2955/2984/589;vertical=7014/4962/1571/481
609,2494464,0.0456146,73,17,53,3,1.31322,0.000757843,43/43/42,4e52cf4a33289f7ebec4c86007436df99937a5db3f1ca62d703fbdfa3ef42a76,-0.00110214,1.34127,-0.00037904,1.00071,43,0,43,0,8,3,2,3,22,14,8,0,corner=22135/0/22135/0;rooms=6536/2958/2986/592;vertical=7036/4976/1579/481
610,2498560,0.0466265,69,15,51,3,1.35254,0.000952274,43/43/42,c24e63c0761177d582d4e32493a80f1af25123af7eb2953565076c5596276c4e,-0.00154024,0.954919,-0.000378104,1.00035,45,0,45,0,8,3,2,3,16,12,4,0,corner=22180/0/22180/0;rooms=6544/2961/2988/595;vertical=7052/4988/1583/481
611,2502656,0.0455492,67,14,52,1,1.35546,0.00138941,43/43/42,2025d99d0cbb58bb8588ba0a9277cd0b6e7d5b4851e31294e5d6e1923454d347,0.000404409,1.04913,-0.000377044,1.00497,43,0,43,0,14,7,6,1,10,7,3,0,corner=22223/0/22223/0;rooms=6558/2968/2994/596;vertical=7062/4995/1586/481
612,2506752,0.0462165,70,21,47,2,1.34606,0.000243932,43/43/42,f99fa8f559fa5e3d8cbe2a491b406d5145e5c7118c66291b2470f044aeb0d852,-0.00177591,1.04553,-0.000376993,0.998791,40,0,40,0,11,5,4,2,19,16,3,0,corner=22263/0/22263/0;rooms=6569/2973/2998/598;vertical=7081/5011/1589/481
613,2510848,0.0467461,66,11,53,2,1.35642,0.000137001,43/43/42,52d5ed4be0170628d0c9365319d3b192f5541557eae8ef935cdd77a93e7d2175,-0.00296013,1.27057,-0.000376521,1.00354,42,0,42,0,9,2,5,2,15,9,6,0,corner=22305/0/22305/0;rooms=6578/2975/3003/600;vertical=7096/5020/1595/481
614,2514944,0.047082,70,17,49,4,1.35896,0.000290066,43/43/42,2c64c8bf8572ea76507ddee52682a462c3fadb327adc9fac3374100abbfef28e,-0.00111354,1.06451,-0.000376666,1.00089,43,0,43,0,11,5,2,4,16,12,4,0,corner=22348/0/22348/0;rooms=6589/2980/3005/604;vertical=7112/5032/1599/481
615,2519040,0.0469168,70,15,54,1,1.36978,5.35548e-05,43/43/42,d77ba3ceeacb1d3e2bf4bb85b43a96487cccacb6da4851eea7b24c2ee39f520a,-0.00300069,1.33238,-0.000375919,1.00157,42,0,42,0,11,5,5,1,17,10,7,0,corner=22390/0/22390/0;rooms=6600/2985/3010/605;vertical=7129/5042/1606/481
616,2523136,0.0459801,75,17,58,0,1.37636,6.35684e-05,43/43/42,63a7ee90589ab0501b6e942cbe5836312aac0785343e885f031e7d40af416374,-0.000361702,1.28572,-0.000375074,1.00024,47,0,47,0,7,1,6,0,21,16,5,0,corner=22437/0/22437/0;rooms=6607/2986/3016/605;vertical=7150/5058/1611/481
617,2527232,0.046986,55,12,42,1,1.34969,0.00266996,43/43/42,ea6d895f4c502f37baf894476a1c00967ca2f8df2967d27ddbe7eeca5762263f,0.00247704,0.60655,-0.000374429,1.00202,38,0,38,0,9,5,3,1,8,7,1,0,corner=22475/0/22475/0;rooms=6616/2991/3019/606;vertical=7158/5065/1612/481
618,2531328,0.0468906,76,14,60,2,1.34543,0.00104013,43/43/42,c95f9d4df93c76be3cd088c0cbf8d623fb1ad94807e4d63a4cb4bbeee1960372,-0.00585126,1.59189,-0.000374185,1.00072,46,0,46,0,14,3,9,2,16,11,5,0,corner=22521/0/22521/0;rooms=6630/2994/3028/608;vertical=7174/5076/1617/481
619,2535424,0.0457538,72,21,50,1,1.35631,0.00182024,43/43/42,9eb838bd0b64617a9c9ceac4b49d4dc069ef8038b4cc35da4ba213212d1b5354,-0.00155099,1.03058,-0.000374255,0.99764,39,0,39,0,12,2,9,1,21,19,2,0,corner=22560/0/22560/0;rooms=6642/2996/3037/609;vertical=7195/5095/1619/481
620,2539520,0.0468795,57,10,45,2,1.35797,1.92225e-05,43/43/42,a099b59a7a9190e4906b65b25cc2f4bc688c99ff857b825092b588e4acf6589a,-0.000800563,0.787554,-0.000374887,1.00065,40,0,40,0,5,1,2,2,12,9,3,0,corner=22600/0/22600/0;rooms=6647/2997/3039/611;vertical=7207/5104/1622/481
621,2543616,0.0470195,63,15,47,1,1.3344,0.000252277,43/43/42,4bd91eb2a2090b23584e73f6a8ec9269cd4f2f6bb8387decab80aec916160e28,0.000551285,0.554571,-0.000375296,0.999058,44,0,44,0,8,5,2,1,11,10,1,0,corner=22644/0/22644/0;rooms=6655/3002/3041/612;vertical=7218/5114/1623/481
622,2547712,0.0458209,72,18,52,2,1.32783,0.000301033,43/43/42,a6f949fc28d9487e4a0bdd770e2f69a0e443175a14c64dc4f859a0f93be7fcc9,-0.000276573,1.46843,-0.000374879,1.00062,42,0,42,0,10,5,3,2,20,13,7,0,corner=22686/0/22686/0;rooms=6665/3007/3044/614;vertical=7238/5127/1630/481
623,2551808,0.0459973,74,18,53,3,1.32516,0.000471741,43/43/42,0fc10afa25d4425264af715b6c1242cb2f8a3e4a34712ff69814ec1dab84d369,0.000931602,1.50045,-0.00037363,1.00113,43,0,43,0,8,3,2,3,23,15,8,0,corner=22729/0/22729/0;rooms=6673/3010/3046/617;vertical=7261/5142/1638/481
624,2555904,0.0466831,64,13,50,1,1.33723,0.000332028,43/43/42,fd95140b91d404577a24574bb02fd3ed9b377877d2b87e3c7e68f40161a4598d,0.000281079,1.11931,-0.000372541,0.999017,42,0,42,0,9,6,2,1,13,7,6,0,corner=22771/0/22771/0;rooms=6682/3016/3048/618;vertical=7274/5149/1644/481
625,2560000,0.0470877,69,16,51,2,1.32794,0.000328332,43/43/42,eb3530caa41b7d43266eaf06980fc52977a8354ac61d00d70827593830a68055,0.000765955,0.693975,-0.00037191,1.00081,45,0,45,0,10,3,5,2,14,13,1,0,corner=22816/0/22816/0;rooms=6692/3019/3053/620;vertical=7288/5162/1645/481
626,2564096,0.0462758,72,16,53,3,1.32095,0.000173479,43/43/42,3a2ea080f4d5c57e286b941acf5c30ebb0bcf0556a4c8a60f8e47eb038ff8f1f,0.00121547,1.34076,-0.000371617,0.998674,40,0,40,0,16,5,8,3,16,11,5,0,corner=22856/0/22856/0;rooms=6708/3024/3061/623;vertical=7304/5173/1650/481
627,2568192,0.0466173,69,18,49,2,1.34979,0.000732571,43/43/42,48dc50e9d9751433f15c5c05bda99098eca48a996d7b924839b2d3e44b8665f6,0.000299405,0.801153,-0.000371615,1.00045,44,0,44,0,10,5,3,2,15,13,2,0,corner=22900/0/22900/0;rooms=6718/3029/3064/625;vertical=7319/5186/1652/481
628,2572288,0.0468832,65,14,48,3,1.36337,0.000974923,43/43/42,ddfc6d2e06f48e12b2401c26dcd3ba6b2a776509360f68aa909519be3f42c7a8,0.000392036,1.22479,-0.000370569,0.99871,41,0,41,0,8,3,2,3,16,11,5,0,corner=22941/0/22941/0;rooms=6726/3032/3066/628;vertical=7335/5197/1657/481
629,2576384,0.0458851,69,18,50,1,1.35922,0.000963002,43/43/42,fc52a5b5ab0145679d95084aa25cc60e9ac50d6b32996f5094975dabccc3afdf,-0.00207093,0.970611,-0.000369771,1.00159,43,0,43,0,11,6,4,1,15,12,3,0,corner=22984/0/22984/0;rooms=6737/3038/3070/629;vertical=7350/5209/1660/481
630,2580480,0.0467222,75,21,52,2,1.34569,2.47061e-05,43/43/42,9ff24d0f06408bde8109198e05bcb32ca77bf8e5657c5864ff5cf984e6a7812b,-0.00107498,1.32163,-0.000369082,1.00007,40,0,40,0,19,8,9,2,16,13,3,0,corner=23024/0/23024/0;rooms=6756/3046/3079/631;vertical=7366/5222/1663/481
631,2584576,0.0465618,70,14,52,4,1.36802,0.00136331,43/43/42,31d0bd040faf1d74c7a2d40db75c380c30c686c702b9d813a3891dbf17de29d9,-0.000895716,0.953921,-0.000368426,0.999062,44,0,44,0,14,4,6,4,12,10,2,0,corner=23068/0/23068/0;rooms=6770/3050/3085/635;vertical=7378/5232/1665/481
632,2588672,0.0455599,73,19,54,0,1.37699,0.000176579,43/43/42,fd5789062f02660320fa5395c73b9213b273c172d06d1cc6ef7fab03b1531bc2,-0.0019673,1.21867,-0.00036747,1.00102,44,0,44,0,9,5,4,0,20,14,6,0,corner=23112/0/23112/0;rooms=6779/3055/3089/635;vertical=7398/5246/1671/481
633,2592768,0.0459355,75,19,54,2,1.38909,0.000606924,43/43/42,5422164b4d7810fb53873cef3b64002e323ae7d347e8f80085d6369babaa0185,-0.000678473,1.32721,-0.000365864,1.00138,44,0,44,0,15,6,7,2,16,13,3,0,corner=23156/0/23156/0;rooms=6794/3061/3096/637;vertical=7414/5259/1674/481
634,2596864,0.0461591,67,11,56,0,1.38809,4.47035e-06,43/43/42,bd8fb2c773948711079354f5e1e2921895b396135988ad81a8aa0d6c00b38ecb,0.00131168,1.40333,-0.000365004,0.99786,42,0,42,0,13,4,9,0,12,7,5,0,corner=23198/0/23198/0;rooms=6807/3065/3105/637;vertical=7426/5266/1679/481
635,2600960,0.0467318,73,23,48,2,1.36609,7.45058e-07,43/43/42,90e0f54ea47d99611dafd96f4b08906de2ec755c136f16d4cc9e94f7b8d1fcad,6.87148e-05,1.01844,-0.000364144,0.9996,41,0,41,0,13,7,4,2,19,16,3,0,corner=23239/0/23239/0;rooms=6820/3072/3109/639;vertical=7445/5282/1682/481
636,2605056,0.0471692,69,15,50,4,1.39574,0.00100854,43/43/42,67b5d4fc90d8210fe8cb37810521763d6494327158dd64fc76863da8966607a6,-0.00142325,1.14902,-0.000363344,0.999401,43,0,43,0,12,6,3,3,14,9,4,1,corner=23282/0/23282/0;rooms=6832/3078/3112/642;vertical=7459/5291/1686/482
637,2609152,0.0468325,74,16,58,0,1.38594,0.000331089,43/43/42,526ca3ea3acf7d6e4d42097513b9277608c4c12cbaebf0a74a154cfc984a6fa3,-0.00314274,1.65333,-0.000363677,1.0028,46,0,46,0,8,4,4,0,20,12,8,0,corner=23328/0/23328/0;rooms=6840/3082/3116/642;vertical=7479/5303/1694/482
638,2613248,0.0455566,69,15,54,0,1.36787,7.88271e-05,43/43/42,7bcff2a78619dc5930f6008329ecbc8bc8484e66ad6516d80d8b72ebc79c9bf1,-0.00135013,1.36906,-0.000363849,1.00008,43,0,43,0,10,5,5,0,16,10,6,0,corner=23371/0/23371/0;rooms=6850/3087/3121/642;vertical=7495/5313/1700/482
639,2617344,0.0466068,69,21,47,1,1.38893,0.000145793,43/43/42,69a84b3cab5a3ec1085dc475ff8257c413bb108b540a4a1704761fa7247a0c48,0.000709835,1.14797,-0.000363145,1.00051,40,0,40,0,10,5,4,1,19,16,3,0,corner=23411/0/23411/0;rooms=6860/3092/3125/643;vertical=7514/5329/1703/482
640,2621440,0.0466533,69,17,50,2,1.39741,0.00263599,43/43/42,ef0cb0310e814def313a35ea324c259c98f00f81bbf107b31befbca29c90d539,0.000280423,0.968744,-0.000361979,1.00083,41,0,41,0,16,7,7,2,12,10,2,0,corner=23452/0/23452/0;rooms=6876/3099/3132/645;vertical=7526/5339/1705/482
641,2625536,0.0450353,71,16,54,1,1.38016,0.00172487,43/43/42,bf21a9d1bb5bd767f224d3ddc2c17851bd388eb2a441ce33eaa4abd532cc30a7,0.00018256,1.00566,-0.00036122,1.0006,47,0,47,0,8,3,4,1,16,13,3,0,corner=23499/0/23499/0;rooms=6884/3102/3136/646;vertical=7542/5352/1708/482
642,2629632,0.0461676,66,19,47,0,1.37232,0.00103477,43/43/42,14b8ac7f56f6ec2f5f9cb5aceff3778f205d3fe555bf2f0d1c2f4d0b3a08d2d4,-0.000567447,0.889514,-0.000360873,1.00119,42,0,42,0,6,4,2,0,18,15,3,0,corner=23541/0/23541/0;rooms=6890/3106/3138/646;vertical=7560/5367/1711/482
643,2633728,0.0471751,66,18,46,2,1.37454,0.000344783,43/43/42,470135cb3a1551a5760f267dcb3d6888174cd35f4d77918a68146e183b2053e6,-0.00278059,1.12057,-0.000360937,1.00018,40,0,40,0,12,8,2,2,14,10,4,0,corner=23581/0/23581/0;rooms=6902/3114/3140/648;vertical=7574/5377/1715/482
644,2637824,0.046687,70,17,51,2,1.39452,0.000815779,43/43/42,3118c703533f80a5abf65c6791889914727418193ef44056e0190fac9210adb0,-0.00247499,0.621812,-0.000360503,0.998118,47,0,47,0,12,6,4,2,11,11,0,0,corner=23628/0/23628/0;rooms=6914/3120/3144/650;vertical=7585/5388/1715/482
645,2641920,0.0460932,61,17,42,2,1.36685,0.00127712,43/43/42,ed5e2e4771ef1c3f1e8eaf77c3175af9620e84f9965506bbe3ddbbd900100dfc,-0.000162317,0.658782,-0.00035999,1.00042,38,0,38,0,8,2,4,2,15,15,0,0,corner=23666/0/23666/0;rooms=6922/3122/3148/652;vertical=7600/5403/1715/482
646,2646016,0.0463623,61,17,44,0,1.36886,0.000479609,43/43/42,6e2d61715bdf72524aecba5f0a5a4ae14e4eb50abbf1311e82ecc02a3f3754e5,0.000788076,0.704553,-0.000358829,1.00141,41,0,41,0,6,4,2,0,14,13,1,0,corner=23707/0/23707/0;rooms=6928/3126/3150/652;vertical=7614/5416/1716/482
647,2650112,0.0468073,69,17,52,0,1.36019,0.000511557,43/43/42,1b0f4bc4f3f414531f5c597fe662327b955a63fa2994d13016921f579d09ae76,-0.000677663,1.04022,-0.000357933,1.00162,46,0,46,0,12,9,3,0,11,8,3,0,corner=23753/0/23753/0;rooms=6940/3135/3153/652;vertical=7625/5424/1719/482
648,2654208,0.0456545,66,15,49,2,1.35249,0.000154972,43/43/42,47a83f3fec02349b54b97d2ca9b51325bea60cc4ae3bc9a3e2a63088b77cfb5b,-0.003101,1.24705,-0.00035709,1.0012,39,0,39,0,11,3,6,2,16,12,4,0,corner=23792/0/23792/0;rooms=6951/3138/3159/654;vertical=7641/5436/1723/482
649,2658304,0.0466212,70,19,48,3,1.37115,0.000329047,43/43/42,b29ce3bc09303786501ced9b955feaae0572c65f65f79b31edf93fc2808c9135,-0.00369878,0.728937,-0.000356264,1.00213,43,0,43,0,14,6,5,3,13,13,0,0,corner=23835/0/23835/0;rooms=6965/3144/3164/657;vertical=7654/5449/1723/482
650,2662400,0.0467212,70,17,52,1,1.36282,8.93176e-05,43/43/42,994a16d72cc5b92a7b50e3df8c14f4edd2ea71d1b632b0e1d63b9f0e3dcaa86b,-0.00335949,1.19916,-0.000355316,1.00216,43,0,43,0,10,3,6,1,17,14,3,0,corner=23878/0/23878/0;rooms=6975/3147/3170/658;vertical=7671/5463/1726/482
651,2666496,0.0453912,67,18,47,2,1.37003,3.73423e-05,43/43/42,9991d89d34e155249f7e42b2c504a38ce5000ad1b0e38179c18ed4095589d8a0,0.000447422,0.806366,-0.000355175,0.999508,42,0,42,0,11,5,4,2,14,13,1,0,corner=23920/0/23920/0;rooms=6986/3152/3174/660;vertical=7685/5476/1727/482
652,2670592,0.046647,70,16,52,2,1.39519,0.00132349,43/43/42,16f311f36230f131b82edab7f33c1f0e8263e167d5a6b6f0ada3c972b638bc27,-0.00248681,1.20307,-0.00035411,0.999089,43,0,43,0,12,5,5,2,15,11,4,0,corner=23963/0/23963/0;rooms=6998/3157/3179/662;vertical=7700/5487/1731/482
653,2674688,0.0465946,67,15,51,1,1.3715,0.000887066,43/43/42,34b59bcb4b6a5f52c411b5cd264b9e1dcc5179701a932c5f5fce96c7e6be1ba2,-0.000924405,1.54211,-0.000353669,0.998751,40,0,40,0,8,2,5,1,19,13,6,0,corner=24003/0/24003/0;rooms=7006/3159/3184/663;vertical=7719/5500/1737/482
654,2678784,0.0465981,67,14,51,2,1.39234,0.000260144,43/43/42,0896d8d26685bcafa7e356f58f91265fa2ca1948449862d5cb85c110092ddb83,-0.00174204,1.08887,-0.000354804,0.998871,43,0,43,0,14,6,6,2,10,8,2,0,corner=24046/0/24046/0;rooms=7020/3165/3190/665;vertical=7729/5508/1739/482
655,2682880,0.0456406,81,22,59,0,1.35204,0.000822246,43/43/42,cdfc607174ddfd4ed078384b811ffdc1ee10d0340bcab3179acda7c5287b9fb7,-0.000369397,1.70571,-0.000355645,0.998922,45,0,45,0,16,6,10,0,20,16,4,0,corner=24091/0/24091/0;rooms=7036/3171/3200/665;vertical=7749/5524/1743/482
656,2686976,0.046281,65,11,52,2,1.39404,0.00247958,43/43/42,46f4a5c8905a1aa17a57f98bae033d9648ce24c180c1806d459261672facb403,-0.000875763,0.987487,-0.000355935,0.999715,42,0,42,0,12,3,7,2,11,8,3,0,corner=24133/0/24133/0;rooms=7048/3174/3207/667;vertical=7760/5532/1746/482
657,2691072,0.0467814,71,19,51,1,1.36626,0.000997454,43/43/42,2b1b308ef3b1bf56fdc25d224f140109f06d8291627022a5683268dff5dbbee0,-0.00264907,1.11764,-0.000355284,1.0016,44,0,44,0,12,7,4,1,15,12,3,0,corner=24177/0/24177/0;rooms=7060/3181/3211/668;vertical=7775/5544/1749/482
658,2695168,0.0468751,74,16,57,1,1.37057,0.000150532,43/43/42,553bce27244a687c7d0b8f5f637af86ae60f45ff5b6e75d42e2f3931cdcd3d58,-0.00154296,1.61126,-0.000355061,0.99939,43,0,43,0,12,3,8,1,19,13,6,0,corner=24220/0/24220/0;rooms=7072/3184/3219/669;vertical=7794/5557/1755/482
659,2699264,0.0455586,78,17,60,1,1.36691,0.000232488,43/43/42,9f808905c33b408bee83acd87bd2b9470d6bfa1f7f884f154f77c2a0508ad9b2,-0.00308449,1.91576,-0.000354597,1.00024,44,0,44,0,18,7,10,1,16,10,6,0,corner=24264/0/24264/0;rooms=7090/3191/3229/670;vertical=7810/5567/1761/482
660,2703360,0.046577,71,17,53,1,1.38111,0.00148669,43/43/42,40f601759a6070b8d5cfa925f0926a18dc6bf0f1a87b0653dd42dea10271217f,-0.00196221,1.58319,-0.000354361,0.997837,42,0,42,0,11,6,4,1,18,11,7,0,corner=24306/0/24306/0;rooms=7101/3197/3233/671;vertical=7828/5578/1768/482
661,2707456,0.0451856,65,14,48,3,1.40766,7.96616e-05,43/43/42,0d69ecbe700a1592b109c17e49287744322f9e3ff01e98d7b834e42430c1aadf,-0.000578814,0.983835,-0.000354126,1.00114,42,0,42,0,10,4,3,3,13,10,3,0,corner=24348/0/24348/0;rooms=7111/3201/3236/674;vertical=7841/5588/1771/482
662,2711552,0.0459614,71,22,47,2,1.40517,0.000796854,43/43/42,a84a8500189edd0909ac5b4640926ccd9c1b5044d626e0877ba47656f01d647c,0.000367128,1.14973,-0.000353253,1.00168,42,0,42,0,10,8,0,2,19,14,5,0,corner=24390/0/24390/0;rooms=7121/3209/3236/676;vertical=7860/5602/1776/482
663,2715648,0.0465521,73,18,54,1,1.41317,0.00119117,43/43/42,43992e3a56b64ef0c6f672442bd3671ba91e7337ece9a03530cb5cf5e5dbecbd,-0.00103507,1.54013,-0.000351983,0.997379,43,0,43,0,15,8,6,1,15,10,5,0,corner=24433/0/24433/0;rooms=7136/3217/3242/677;vertical=7875/5612/1781/482
664,2719744,0.0465667,77,17,60,0,1.41419,0.000211746,43/43/42,5d4b6973d5e730ea8053cddd5c2d46383ed57e632034574aebde0d62b8e9cc05,-0.00167415,1.42061,-0.000351037,0.999447,48,0,48,0,13,6,7,0,16,11,5,0,corner=24481/0/24481/0;rooms=7149/3223/3249/677;vertical=7891/5623/1786/482
665,2723840,0.0460601,64,15,49,0,1.41775,0.000170738,43/43/42,847f4c5b708655c88f1d602e8c0587941e4705671e09ab5979b30ed4314ff86a,-0.00268226,1.13036,-0.000350645,0.999674,42,0,42,0,7,4,3,0,15,11,4,0,corner=24523/0/24523/0;rooms=7156/3227/3252/677;vertical=7906/5634/1790/482
666,2727936,0.0470906,65,19,46,0,1.39127,0.000375062,43/43/42,667c533bca23e92cb1b86850fda58b42bf8cc045b212bc3511267423314322e0,-0.00310076,0.826285,-0.000349351,1.00192,40,0,40,0,13,9,4,0,12,10,2,0,corner=24563/0/24563/0;rooms=7169/3236/3256/677;vertical=7918/5644/1792/482
667,2732032,0.0469174,71,19,51,1,1.38763,0.000972658,43/43/42,70cdd6b5867f84ce91da8683e837436baed825e027fcf6e4668b695b50942c5f,-0.00437784,1.07484,-0.000347909,0.999645,43,0,43,0,15,8,6,1,13,11,2,0,corner=24606/0/24606/0;rooms=7184/3244/3262/678;vertical=7931/5655/1794/482
668,2736128,0.0455995,68,18,50,0,1.37057,0.00121811,43/43/42,4322d005fcdc2b2d94864d797f24050a2c87702b76e6c8c55522b49d20636cb3,-0.00251743,1.30281,-0.000346838,1.00181,41,0,41,0,6,3,3,0,21,15,6,0,corner=24647/0/24647/0;rooms=7190/3247/3265/678;vertical=7952/5670/1800/482
669,2740224,0.0464066,74,15,57,2,1.38362,0.000775844,43/43/42,d317b6e0e938e7786dfab6e6ed6e24ff9785742c15efe8c2d3a157d8d8ce81a9,-0.00167028,1.57408,-0.000347484,0.996356,46,0,46,0,15,8,5,2,13,7,6,0,corner=24693/0/24693/0;rooms=7205/3255/3270/680;vertical=7965/5677/1806/482
670,2744320,0.0455519,74,18,56,0,1.34796,0.000212938,43/43/42,30d0612a5b5942e908a0e1e63f2ee5381347d3394d471001d3e765761b447e74,0.000764037,1.4034,-0.000347633,1.00187,43,0,43,0,16,8,8,0,15,10,5,0,corner=24736/0/24736/0;rooms=7221/3263/3278/680;vertical=7980/5687/1811/482
671,2748416,0.0465304,72,15,56,1,1.36046,0.000459582,43/43/42,5b46d16f9fbb684b5c1f10d4949e0f4b9cda09ad61e319ad34de5fba32b85fca,-0.000965085,1.3292,-0.000347077,0.99884,44,0,44,0,13,5,7,1,15,10,5,0,corner=24780/0/24780/0;rooms=7234/3268/3285/681;vertical=7995/5697/1816/482
672,2752512,0.0466139,67,16,50,1,1.35069,0.00016132,43/43/42,295910d0aacd456e1b5c7779a1755e51e108dd82550d893ec60fc65ee0235a81,-0.00190682,1.26141,-0.000346181,0.999707,41,0,41,0,11,5,5,1,15,11,4,0,corner=24821/0/24821/0;rooms=7245/3273/3290/682;vertical=8010/5708/1820/482
673,2756608,0.04681,71,11,58,2,1.36076,0.00115481,43/43/42,3a8f4c0184179f55e67b2876f44aeda6dd3a49703e44fd18fed8bc9b6e97f38a,0.00130204,1.61855,-0.000345238,1.00214,43,0,43,0,13,3,8,2,15,8,7,0,corner=24864/0/24864/0;rooms=7258/3276/3298/684;vertical=8025/5716/1827/482
674,2760704,0.0466742,69,18,48,3,1.38052,0.000471503,43/43/42,d4805bef7d6e167c2213cea5e2bd58b58914b54dfed4d4b69b7ee7b2178de499,0.000709603,0.746236,-0.000344795,1.00235,42,0,42,0,15,8,4,3,12,10,2,0,corner=24906/0/24906/0;rooms=7273/3284/3302/687;vertical=8037/5726/1829/482
675,2764800,0.046784,69,16,52,1,1.39182,0.00078848,43/43/42,774add0ff8941bbe69c7ca0c4d22792d12938ace687071b3b22b3358266aa181,-0.000115809,1.1601,-0.000344329,0.999492,43,0,43,0,11,5,6,0,15,11,3,1,corner=24949/0/24949/0;rooms=7284/3289/3308/687;vertical=8052/5737/1832/483
676,2768896,0.0470135,58,9,49,0,1.37843,0.000252038,43/43/42,07ca72657dc64f72fad178d9ff6cd2301248e4833d8418400173efeb6eec8e04,-0.000855648,1.00828,-0.000343525,1.00104,40,0,40,0,10,3,7,0,8,6,2,0,corner=24989/0/24989/0;rooms=7294/3292/3315/687;vertical=8060/5743/1834/483
677,2772992,0.0472639,82,19,61,2,1.36205,0.000196129,43/43/42,090179bcb0424f69b740191576ba9de1227c07e494bbbf7735b1adc924de9b2f,-0.00398145,1.7531,-0.000342694,0.999555,47,0,47,0,13,6,6,1,22,13,8,1,corner=25036/0/25036/0;rooms=7307/3298/3321/688;vertical=8082/5756/1842/484
678,2777088,0.0457063,72,18,54,0,1.36705,0.000196606,43/43/42,065c79df3b6139a3bc63adda965014571d5880cd180d582feea415aec09d5c6d,-0.00272028,1.67586,-0.000342722,1.00087,40,0,40,0,14,7,7,0,18,11,7,0,corner=25076/0/25076/0;rooms=7321/3305/3328/688;vertical=8100/5767/1849/484
679,2781184,0.0467584,66,14,50,2,1.37984,0.000205904,43/43/42,8a7e28c290e9b38cecc16ffd4b081a1f63885b668fd4dca82848ead514f3f234,-0.00210236,0.993869,-0.000342898,0.998451,43,0,43,0,13,7,5,1,10,7,2,1,corner=25119/0/25119/0;rooms=7334/3312/3333/689;vertical=8110/5774/1851/485
680,2785280,0.0473328,66,11,53,2,1.38514,0.00109258,43/43/42,5220ced586a5b4fc5cf569457ff7d71c0a3a570c8ead443e76f3d9ebd7f883bb,0.000846791,1.2558,-0.000343606,1.00097,43,0,43,0,12,4,6,2,11,7,4,0,corner=25162/0/25162/0;rooms=7346/3316/3339/691;vertical=8121/5781/1855/485
681,2789376,0.0454878,77,19,57,1,1.37995,0.000175029,43/43/42,e515015f38879cd8a35f6548f5a5226a4a3391a42159cb572b8518c523d7805e,-0.00216729,1.50086,-0.000343645,1.00388,44,0,44,0,15,7,8,0,18,12,5,1,corner=25206/0/25206/0;rooms=7361/3323/3347/691;vertical=8139/5793/1860/486
682,2793472,0.0466116,65,11,53,1,1.41009,0.000322849,43/43/42,28e54eb80273eeaeb31c9d492ab4c3a57516186153f0d5416443b2e1d74b6406,-0.000748893,1.02724,-0.000342422,1.00068,44,0,44,0,11,3,7,1,10,8,2,0,corner=25250/0/25250/0;rooms=7372/3326/3354/692;vertical=8149/5801/1862/486
683,2797568,0.04705,69,9,59,1,1.38561,0.000346333,43/43/42,58299a04787db994efaa631f167b3c6d7c226db0677eb53089df8dd70c558ba1,-0.00240524,1.69674,-0.000341214,1.00021,43,0,43,0,12,3,8,1,14,6,8,0,corner=25293/0/25293/0;rooms=7384/3329/3362/693;vertical=8163/5807/1870/486
684,2801664,0.046904,76,15,59,2,1.36238,0.000257999,43/43/42,f557daab706e40ce63f2fe4c498243dc23846566811d613ef11eadb175de98d1,0.000260205,1.67223,-0.000340698,1.00048,44,0,44,0,15,6,8,1,17,9,7,1,corner=25337/0/25337/0;rooms=7399/3335/3370/694;vertical=8180/5816/1877/487
685,2805760,0.0463378,69,18,51,0,1.38638,0.000658423,43/43/42,ad0d872716cc442fbddd3304ad9a99e6e81fcec8ff42888bcd7a904a2fcd8e8d,0.00126464,1.00955,-0.000340683,1.00087,43,0,43,0,12,7,5,0,14,11,3,0,corner=25380/0/25380/0;rooms=7411/3342/3375/694;vertical=8194/5827/1880/487
686,2809856,0.046517,64,13,51,0,1.35231,0.000270158,43/43/42,63f6515545b6cf10a35b8fcad912d7fbd9eb08c6866173f48739b38e542938ae,-0.00294007,0.886893,-0.000340207,1.00254,43,0,43,0,10,5,5,0,11,8,3,0,corner=25423/0/25423/0;rooms=7421/3347/3380/694;vertical=8205/5835/1883/487
687,2813952,0.0468771,65,13,52,0,1.35611,0.00026086,43/43/42,439df42b384f9ec0269fb02d38a0788fcfb0631705246ac984c1c0e3d9136074,-0.0023102,0.949543,-0.000339101,0.999692,45,0,45,0,8,5,3,0,12,8,4,0,corner=25468/0/25468/0;rooms=7429/3352/3383/694;vertical=8217/5843/1887/487
688,2818048,0.0458098,72,18,51,3,1.34325,0.000309646,43/43/42,32b55a5715b1c3eab384cfd238e3500bc3d391f059a3e192c5ff8e04255c0bfc,0.000579752,1.52922,-0.000338517,0.99767,39,0,39,0,16,8,6,2,17,10,6,1,corner=25507/0/25507/0;rooms=7445/3360/3389/696;vertical=8234/5853/1893/488
689,2822144,0.0466726,69,15,53,1,1.36159,0.000212699,43/43/42,b051cb9bc8f437154d0d4f9b5a8d8ed4a4dd8c2158886007f9bf26dd0228cfd1,-0.000475397,1.13429,-0.000338098,0.999197,45,0,45,0,10,7,3,0,14,8,5,1,corner=25552/0/25552/0;rooms=7455/3367/3392/696;vertical=8248/5861/1898/489
690,2826240,0.0466705,66,13,51,2,1.36834,0.000336558,43/43/42,eee7f98f54f0214d12c9a6e1363e0ddda68b3bc7d14140ed5b710a1cf1c816bd,-0.000255512,1.03731,-0.000337501,1.00115,42,0,42,0,11,5,4,2,13,8,5,0,corner=25594/0/25594/0;rooms=7466/3372/3396/698;vertical=8261/5869/1903/489
691,2830336,0.0454807,77,17,57,3,1.37363,0.00123397,43/43/42,06be2f784f45cd50e3cd4774fac2b4fe980368f949106f034626ff063ded828f,-0.00198512,1.3389,-0.000336666,0.998471,43,0,43,0,17,5,11,1,17,12,3,2,corner=25637/0/25637/0;rooms=7483/3377/3407/699;vertical=8278/5881/1906/491
692,2834432,0.0462032,71,14,54,3,1.4047,0.000250846,43/43/42,56fcf0bbe82e094005a5aac69c4f3a9b0b11291d28dbea2464c95c1482404f3a,-1.85438e-05,0.944319,-0.000336714,1.00173,45,0,45,0,14,5,7,2,12,9,2,1,corner=25682/0/25682/0;rooms=7497/3382/3414/701;vertical=8290/5890/1908/492
693,2838528,0.0463555,69,14,55,0,1.39718,0.000537306,43/43/42,8a8635528c6b18f5682df9cc9345ed1a60f27d6102d963bbd64f339c9b99b01c,-0.00328424,1.12606,-0.000336484,1.00124,42,0,42,0,11,2,9,0,16,12,4,0,corner=25724/0/25724/0;rooms=7508/3384/3423/701;vertical=8306/5902/1912/492
694,2842624,0.046597,75,18,57,0,1.40009,0.00127712,43/43/42,c31bdb1656c08684798823b9981445a4c3d2a488d5319c5646e5fa8c1849daa4,-0.00128509,1.29022,-0.000336316,0.998596,45,0,45,0,17,7,10,0,13,11,2,0,corner=25769/0/25769/0;rooms=7525/3391/3433/701;vertical=8319/5913/1914/492
695,2846720,0.0466453,80,22,56,2,1.38507,8.74102e-05,43/43/42,2a95acea3b18020257e83699eba8408cccc6ff25ea0260ae4ff081ac8c6188fd,-0.000300322,1.67044,-0.000335608,0.998665,42,0,42,0,20,10,8,2,18,12,6,0,corner=25811/0/25811/0;rooms=7545/3401/3441/703;vertical=8337/5925/1920/492
696,2850816,0.0471704,67,15,51,1,1.42949,0.000365764,43/43/42,f761cc215bf29ba63572c47c393bcee6d88763cb5e87552012a3a1b546df3749,-0.00184046,1.42293,-0.000335079,0.9989,42,0,42,0,9,5,4,0,16,10,5,1,corner=25853/0/25853/0;rooms=7554/3406/3445/703;vertical=8353/5935/1925/493
697,2854912,0.0455078,67,7,60,0,1.41855,0.000317127,43/43/42,8ee6652f9edb49c5d5e576242333ed4c7d25edf56938f748c44bf159daf31206,-0.00482441,1.51279,-0.000334327,0.996864,44,0,44,0,10,1,9,0,13,6,7,0,corner=25897/0/25897/0;rooms=7564/3407/3454/703;vertical=8366/5941/1932/493
698,2859008,0.0465393,78,21,56,1,1.40043,0.000436693,43/43/42,dde9624e6e4d961164211356399b322ccee9e1eca3f06aa0f2c9054ba5bbbc34,0.000523937,1.50289,-0.000333137,0.99945,45,0,45,0,17,11,6,0,16,10,5,1,corner=25942/0/25942/0;rooms=7581/3418/3460/703;vertical=8382/5951/1937/494
699,2863104,0.0468957,83,22,60,1,1.41545,0.00131014,43/43/42,c5de3f04b063b24eff9d3fc1bec9e1031f10c922fdf1fff0ccfebd207c6c1da6,-0.00355719,1.46587,-0.000332475,0.997332,46,0,46,0,17,7,9,1,20,15,5,0,corner=25988/0/25988/0;rooms=7598/3425/3469/704;vertical=8402/5966/1942/494
700,2867200,0.0466603,66,16,50,0,1.43057,7.27475e-05,43/43/42,ccedcd5ba5e3eaae3a5556392e8c286d3b446930fd8234bd156fb712347f6953,-0.00160457,1.30088,-0.000332506,1.00113,40,0,40,0,7,3,4,0,19,13,6,0,corner=26028/0/26028/0;rooms=7605/3428/3473/704;vertical=8421/5979/1948/494
701,2871296,0.0469629,66,11,55,0,1.40656,0.000580698,43/43/42,9ea7f02986f94fa61124d6cc5395e6cc7e1ddb3a68cb70ebf9993baa78d6bb5d,-0.00131893,1.00082,-0.000332165,1.00014,41,0,41,0,15,3,12,0,10,8,2,0,corner=26069/0/26069/0;rooms=7620/3431/3485/704;vertical=8431/5987/1950/494
702,2875392,0.0454155,78,20,58,0,1.39593,0.000124604,43/43/42,259e7dee6e90d330a94e36bf6d2264285c9df4c0b551a2c5b8ad6d0311540f45,-0.000352027,1.59511,-0.000333216,1.00117,43,0,43,0,16,7,9,0,19,13,6,0,corner=26112/0/26112/0;rooms=7636/3438/3494/704;vertical=8450/6000/1956/494
703,2879488,0.0465872,77,18,58,1,1.38731,0.000442207,43/43/42,1a92fd8af3ec9d093899d297de04671d0817e0bce16605163214730db4631b7f,-0.00052454,1.28023,-0.000333648,0.998166,44,0,44,0,11,2,8,1,22,16,6,0,corner=26156/0/26156/0;rooms=7647/3440/3502/705;vertical=8472/6016/1962/494
704,2883584,0.0468698,57,8,49,0,1.40426,0.00126329,43/43/42,c8a10c7d2eaceb97c32f81cd8e0b97b5152a4f4c2310c5ea9043b9bc345cd676,-0.00209911,0.888641,-0.000333678,0.999369,41,0,41,0,6,1,5,0,10,7,3,0,corner=26197/0/26197/0;rooms=7653/3441/3507/705;vertical=8482/6023/1965/494
705,2887680,0.0451993,67,16,49,2,1.39759,0.000534087,43/43/42,889520f59aa276022468c72dc15dc83282b2f83cbcc35688b3ec7660829fa296,-0.000322641,0.825123,-0.000334807,0.997982,43,0,43,0,16,9,5,2,8,7,1,0,corner=26240/0/26240/0;rooms=7669/3450/3512/707;vertical=8490/6030/1966/494
706,2891776,0.046605,73,19,53,1,1.39667,0.00054124,43/43/42,7d91199617066e0870915c027075410b6f20172dd6547b20c6e4f2d810ae5962,0.000883457,1.13894,-0.00033428,0.99907,43,0,43,0,14,5,8,1,16,14,2,0,corner=26283/0/26283/0;rooms=7683/3455/3520/708;vertical=8506/6044/1968/494
707,2895872,0.0463936,65,17,48,0,1.40172,5.73695e-05,43/43/42,cd0e08f07afdd6763274d9dabc1031d3885eca6ad3825885ead696a665116ffc,0.00168072,0.864422,-0.000333272,1.00054,43,0,43,0,4,2,2,0,18,15,3,0,corner=26326/0/26326/0;rooms=7687/3457/3522/708;vertical=8524/6059/1971/494
708,2899968,0.046702,64,10,53,1,1.3724,0.000481516,43/43/42,a09bb2d1b679e2eb575d19c00a426bf3ae39b5486b3cd7ad1d1f4b46eb3a886d,-0.00277524,1.05347,-0.000332616,0.999838,43,0,43,0,10,3,6,1,11,7,4,0,corner=26369/0/26369/0;rooms=7697/3460/3528/709;vertical=8535/6066/1975/494
709,2904064,0.0472319,82,22,60,0,1.36329,0.001389,43/43/42,1f81f7ff7a5217f64ba3c9e7c7e330e3fd48f67e467db964ef76932a5ee65727,-0.00212639,1.84187,-0.000332098,1.0002,43,0,43,0,15,6,9,0,24,16,8,0,corner=26412/0/26412/0;rooms=7712/3466/3537/709;vertical=8559/6082/1983/494
710,2908160,0.0470552,71,11,58,2,1.37087,0.00113824,43/43/42,b2506b21837f5e82268876c7990bb892dc300afb9160d906f123767a13a7a73e,0.0010176,1.70003,-0.000330618,0.999711,40,0,40,0,11,1,8,2,20,10,10,0,corner=26452/0/26452/0;rooms=7723/3467/3545/711;vertical=8579/6092/1993/494
711,2912256,0.045901,71,13,56,2,1.36675,0.000261694,43/43/42,bd0656cdeb477ca3bdd5b218130c861b6a44792845e6eb522ff64db924f7180e,-0.00222051,1.30353,-0.000330278,0.998785,44,0,44,0,12,3,7,2,15,10,5,0,corner=26496/0/26496/0;rooms=7735/3470/3552/713;vertical=8594/6102/1998/494
712,2916352,0.0453838,71,13,58,0,1.37659,1.4931e-05,43/43/42,1e67e301df03507f75feb7233c578f40133fb5417a2c9749dd38cffd533cf19b,-0.00085447,1.40904,-0.000330324,1.00094,43,0,43,0,14,2,12,0,14,11,3,0,corner=26539/0/26539/0;rooms=7749/3472/3564/713;vertical=8608/6113/2001/494
713,2920448,0.0462837,76,17,58,1,1.36609,0.00279588,43/43/42,2e294146e06a84f31754d53f1f5e903bdaa51d8ff34a3c91d9edafc64bbc6355,-0.000834469,0.922479,-0.000330407,1.0008,47,0,47,0,15,4,10,1,14,13,1,0,corner=26586/0/26586/0;rooms=7764/3476/3574/714;vertical=8622/6126/2002/494
714,2924544,0.045716,63,15,47,1,1.34796,0.000216275,43/43/42,1bfc5e98c3ccfeaae4f518bdaec252496d2f3922b44d0aff67ed33da2bd9e22f,-0.0030355,0.828283,-0.000329998,0.999702,40,0,40,0,6,2,3,1,17,13,4,0,corner=26626/0/26626/0;rooms=7770/3478/3577/715;vertical=8639/6139/2006/494
715,2928640,0.0466616,69,12,57,0,1.34088,0.000626549,43/43/42,37a0465afc915828aefe2e90adb7d169435631a65806346ce5fac818910ace24,-0.00249904,1.2889,-0.000329825,1.00007,44,0,44,0,12,3,9,0,13,9,4,0,corner=26670/0/26670/0;rooms=7782/3481/3586/715;vertical=8652/6148/2010/494
716,2932736,0.0465935,69,20,48,1,1.34994,0.000400215,43/43/42,0100ae41f5aac7a34892212549295d9ac5d0780a99e5c37a4cc6c9f32352525e,-0.000818416,0.966031,-0.000330069,0.998634,41,0,41,0,15,8,6,1,13,12,1,0,corner=26711/0/26711/0;rooms=7797/3489/3592/716;vertical=8665/6160/2011/494
717,2936832,0.0466611,74,17,56,1,1.34351,0.00103119,43/43/42,218a74c91f7b0a3154b724fdef380dae7cf315472b35d476d26bf504964286e4,-0.00346566,1.13854,-0.000330132,1.0019,44,0,44,0,12,4,7,1,18,13,5,0,corner=26755/0/26755/0;rooms=7809/3493/3599/717;vertical=8683/6173/2016/494
718,2940928,0.0466693,69,10,57,2,1.37377,7.45356e-05,43/43/42,a64b6c11739115ec1b1df4bc678d9700649029b00566218592ee82ca781d07af,-0.00192915,1.38387,-0.000329902,0.998518,43,0,43,0,10,0,8,2,16,10,6,0,corner=26798/0/26798/0;rooms=7819/3493/3607/719;vertical=8699/6183/2022/494
719,2945024,0.0459659,73,16,54,3,1.37588,0.000815183,43/43/42,eca2d6f86a9733b6da3954eb6a68e2c4049b93e9f245c0bb1a9850a172d5ad02,0.000708516,1.20058,-0.000329131,0.997937,41,0,41,0,18,5,11,2,14,11,2,1,corner=26839/0/26839/0;rooms=7837/3498/3618/721;vertical=8713/6194/2024/495
720,2949120,0.0473104,65,10,54,1,1.4225,0.000338823,43/43/42,1e5883db70017283eebc93a98281d8c7daac2bd9ab6a171d8cd9f5210e13acb7,-0.00218544,1.13979,-0.000329549,0.997643,43,0,43,0,6,0,5,1,16,10,6,0,corner=26882/0/26882/0;rooms=7843/3498/3623/722;vertical=8729/6204/2030/495
721,2953216,0.0465927,74,18,56,0,1.37446,0.00090225,43/43/42,2841d094d6e5f5aa9a912840d2ef457a1a7467f7f194ad18dcaac6d9066ab8b2,0.000440668,1.40353,-0.000329798,1.00121,46,0,46,0,9,5,4,0,19,13,6,0,corner=26928/0/26928/0;rooms=7852/3503/3627/722;vertical=8748/6217/2036/495
722,2957312,0.0470897,70,19,51,0,1.35366,0.000787839,43/43/42,3081244ba49ae23055520c8c4a4c9cd1bc82630b8e79c6d4de31495e7b12df9a,-0.00284867,0.907194,-0.000329127,0.999269,43,0,43,0,12,6,6,0,15,13,2,0,corner=26971/0/26971/0;rooms=7864/3509/3633/722;vertical=8763/6230/2038/495
723,2961408,0.0455772,65,14,51,0,1.37976,0.000429034,43/43/42,a484dfd83ab1df071a68f8cc1fcd0c6655f5c3e3ce135bbc8158c7ead8602770,0.00205448,1.02276,-0.000329294,1.00148,43,0,43,0,11,6,5,0,11,8,3,0,corner=27014/0/27014/0;rooms=7875/3515/3638/722;vertical=8774/6238/2041/495
724,2965504,0.0469363,70,16,52,2,1.33991,0.00141631,43/43/42,a0cef23fbb9559e24e95da22c2ff938d3ba4944326d479d9090159d858af3126,0.00227923,0.769344,-0.00032938,1.00143,46,0,46,0,9,3,4,2,15,13,2,0,corner=27060/0/27060/0;rooms=7884/3518/3642/724;vertical=8789/6251/2043/495
725,2969600,0.0462139,71,13,57,1,1.32405,0.000100881,43/43/42,ebbb6e6385d5ab0e3748bfac9993a05e90351380ee8d85c55509bee91700dae6,-0.00154817,1.51139,-0.000328376,1.00051,43,0,43,0,10,3,6,1,18,10,8,0,corner=27103/0/27103/0;rooms=7894/3521/3648/725;vertical=8807/6261/2051/495
726,2973696,0.0467073,74,17,55,2,1.33566,0.000435024,43/43/42,96c58762a66f4d72d106cf0a4d9b66aa8b17c3b7698f49df8ff755e10ced09ff,-0.000850575,0.944162,-0.000327701,1.00068,47,0,47,0,11,5,4,2,16,12,4,0,corner=27150/0/27150/0;rooms=7905/3526/3652/727;vertical=8823/6273/2055/495
727,2977792,0.0466166,63,13,49,1,1.32746,0.00226775,43/43/42,5bc5a65022e2847d79ddf421bf7052735f40328d81f43fe4bb660aa092d1ab9f,-0.000591205,1.04296,-0.000326836,1.00271,40,0,40,0,10,4,5,1,13,9,4,0,corner=27190/0/27190/0;rooms=7915/3530/3657/728;vertical=8836/6282/2059/495
728,2981888,0.0467904,73,18,53,2,1.3296,0.00013569,43/43/42,45cf5ef62ce95158859bbf83cb69c199b2e05eba47f8180892958e28b7573d46,0.00244657,1.03411,-0.000325512,1.00117,46,0,46,0,11,6,3,2,16,12,4,0,corner=27236/0/27236/0;rooms=7926/3536/3660/730;vertical=8852/6294/2063/495
729,2985984,0.045329,76,17,55,4,1.33746,0.000891834,43/43/42,9875f345670fe6c5c62ce3717329a9a0f316199305b0ed99c22137a9c0d59f93,-0.00173228,1.12928,-0.000324475,1.00096,43,0,43,0,14,3,7,4,19,14,5,0,corner=27279/0/27279/0;rooms=7940/3539/3667/734;vertical=8871/6308/2068/495
730,2990080,0.0466231,67,11,54,2,1.36562,3.51965e-05,43/43/42,0e0845a31f77d94a996c6765e127af3bc2a26319ba22bdee2e75a2ceae41a03c,3.71059e-05,1.20253,-0.000324144,1.00216,43,0,43,0,13,5,7,1,11,6,4,1,corner=27322/0/27322/0;rooms=7953/3544/3674/735;vertical=8882/6314/2072/496
731,2994176,0.0466889,72,16,54,2,1.36536,0.000345498,43/43/42,88fc973466552668a5560c0c8828ba35aa63ca13a76aa6059cb444d858314762,-0.0015619,1.00562,-0.000323377,1.00066,46,0,46,0,11,5,5,1,15,11,3,1,corner=27368/0/27368/0;rooms=7964/3549/3679/736;vertical=8897/6325/2075/497
732,2998272,0.0464865,68,14,50,4,1.36884,0.00142255,43/43/42,5b0805f1780dd96e268cefff1b03512c80e929b2dbe999e995ef5aa3973636e9,4.25344e-05,0.998012,-0.000322458,0.999413,43,0,43,0,9,2,3,4,16,12,4,0,corner=27411/0/27411/0;rooms=7973/3551/3682/740;vertical=8913/6337/2079/497
733,3002368,0.0458739,73,14,57,2,1.38631,0.000169083,43/43/42,1d2f03e05a98cb7dd3fbcdf17fd35737aadc7afaf0c3b6e69d4cb0f33c2581ea,0.00010655,1.24307,-0.000321614,0.999756,45,0,45,0,16,5,9,2,12,9,3,0,corner=27456/0/27456/0;rooms=7989/3556/3691/742;vertical=8925/6346/2082/497
734,3006464,0.0467606,64,10,53,1,1.38523,0.000882059,43/43/42,eb827a7772964bb1af438270af79017f6e6483d9a0d5967ff15cf126e3df89d9,-0.0034041,0.765888,-0.000321702,0.998488,45,0,45,0,10,3,7,0,9,7,1,1,corner=27501/0/27501/0;rooms=7999/3559/3698/742;vertical=8934/6353/2083/498
735,3010560,0.0465833,71,16,54,1,1.36131,0.000202686,43/43/42,d1a52967790d13f2ed8d33f3d549c668ce7c75ef638dc7de24ffa7e6dec694bf,-0.0017212,0.759643,-0.000322552,0.999144,45,0,45,0,10,3,6,1,16,13,3,0,corner=27546/0/27546/0;rooms=8009/3562/3704/743;vertical=8950/6366/2086/498
736,3014656,0.0461267,66,17,48,1,1.38224,0.000964195,43/43/42,f7ea76a9e831c00aee30fcbc417cf8207699f23c6042a3e13fbfdaef8b03c75c,0.000228813,0.81488,-0.000322557,1.00122,43,0,43,0,11,7,3,1,12,10,2,0,corner=27589/0/27589/0;rooms=8020/3569/3707/744;vertical=8962/6376/2088/498
737,3018752,0.0468702,63,11,52,0,1.3572,0.000546485,43/43/42,52a11fa45968d74cc50c58599f9d4198e92aa64cafc2364ec7bd37ff6cba1e1b,-0.000851597,1.46978,-0.000321631,0.999564,40,0,40,0,12,6,6,0,11,5,6,0,corner=27629/0/27629/0;rooms=8032/3575/3713/744;vertical=8973/6381/2094/498
738,3022848,0.0470192,74,19,53,2,1.35689,0.000271112,43/43/42,7d4acedfdf80861dd8007b473932db6c70b02226ada2e1efd999b796123ec14f,-0.00204864,1.06111,-0.000320508,1.00136,45,0,45,0,12,6,5,1,17,13,3,1,corner=27674/0/27674/0;rooms=8044/3581/3718/745;vertical=8990/6394/2097/499
739,3026944,0.0454452,64,18,45,1,1.3748,0.000399858,43/43/42,7f51a7345931a0d83206ddd323ba3b54c7282999dc377350184f1a20e17cbe17,-0.00245591,0.617348,-0.000319417,0.997525,43,0,43,0,10,8,2,0,11,10,0,1,corner=27717/0/27717/0;rooms=8054/3589/3720/745;vertical=9001/6404/2097/500
740,3031040,0.0462492,64,15,46,3,1.35828,0.000145227,43/43/42,9fc13db47856e06328c84879771b45a21185dfbbfd1d1e2584afad515e86db7c,0.000823515,0.763899,-0.000318846,0.99807,42,0,42,0,11,7,3,1,11,8,1,2,corner=27759/0/27759/0;rooms=8065/3596/3723/746;vertical=9012/6412/2098/502
741,3035136,0.0463865,76,18,53,5,1.38887,0.000308663,43/43/42,d077197e7f62ca01666c67be32ec62550349782c53c861531afddce77bacfdc9,0.00152046,0.925514,-0.000318669,1.00085,43,0,43,0,22,9,9,4,11,9,1,1,corner=27802/0/27802/0;rooms=8087/3605/3732/750;vertical=9023/6421/2099/503
742,3039232,0.0458213,67,16,50,1,1.402,0.000714451,43/43/42,3055a7d12aef1e9386c7e1f39c310023a2d0998a2391dad0b0f97936933d6de4,-0.000849491,1.0268,-0.000318353,1.00111,43,0,43,0,8,3,5,0,16,13,2,1,corner=27845/0/27845/0;rooms=8095/3608/3737/750;vertical=9039/6434/2101/504
743,3043328,0.0459393,67,13,52,2,1.39063,0.000308067,43/43/42,9e5f5eff7251e692605671bef1a8d8506440c3192ff771e6d3e2a09e722d6a88,-0.000922962,1.41582,-0.000318297,1.00061,43,0,43,0,10,5,4,1,14,8,5,1,corner=27888/0/27888/0;rooms=8105/3613/3741/751;vertical=9053/6442/2106/505
744,3047424,0.0468462,70,18,52,0,1.39478,0.00042513,43/43/42,a125ee0905c688bfbcb0dd41796435887168d7363e18a2c753f600de84e451fa,0.00109561,0.778132,-0.000318489,0.998112,46,0,46,0,15,9,6,0,9,9,0,0,corner=27934/0/27934/0;rooms=8120/3622/3747/751;vertical=9062/6451/2106/505
745,3051520,0.0468293,70,19,49,2,1.41998,0.00272313,43/43/42,21711f88bda2a927d901989fb6b0ae9010bfe5722bfe9c77c5a7aeaed97ae3ea,-0.00192236,0.837672,-0.000318852,1.00157,42,0,42,0,13,6,6,1,15,13,1,1,corner=27976/0/27976/0;rooms=8133/3628/3753/752;vertical=9077/6464/2107/506
746,3055616,0.0460731,66,10,55,1,1.39721,4.02033e-05,43/43/42,bd974683d8af21ef24ac7e6ef16b8024161491e0c1ca06059c3dd79ac7090b62,-0.00192598,1.12749,-0.000318256,0.99994,47,0,47,0,8,2,5,1,11,8,3,0,corner=28023/0/28023/0;rooms=8141/3630/3758/753;vertical=9088/6472/2110/506
747,3059712,0.0468004,66,17,49,0,1.38158,0.000157982,43/43/42,960763e3416439cbefa024a3db73dd3f423322bf7cf916ff85abb08a4c5ba25c,-0.00225855,0.914599,-0.000317581,0.997936,44,0,44,0,14,9,5,0,8,8,0,0,corner=28067/0/28067/0;rooms=8155/3639/3763/753;vertical=9096/6480/2110/506
748,3063808,0.047082,63,15,48,0,1.36418,0.000291049,43/43/42,401bd81d78a665cc814cb42bc665b3e0cbdcdb90e2ea9e68bcbc48190010bb20,-0.00215084,0.790034,-0.000317628,1.00056,42,0,42,0,10,5,5,0,11,10,1,0,corner=28109/0/28109/0;rooms=8165/3644/3768/753;vertical=9107/6490/2111/506
749,3067904,0.0457611,64,10,53,1,1.35538,0.000165254,43/43/42,b89409d40740cb2f91b64dbdb42e15fa0688f1c5ed5c464eaa48a57b8da447d9,-0.000153577,1.11229,-0.000316517,1.00021,44,0,44,0,9,3,5,1,11,7,4,0,corner=28153/0/28153/0;rooms=8174/3647/3773/754;vertical=9118/6497/2115/506
750,3072000,0.0460789,64,15,46,3,1.34371,0.000139028,43/43/42,845e1a1ef833843a70d6fa57470e34046834130d6d42ccca78dc1d64dbc44f14,-0.000167443,0.790431,-0.000315812,1.00113,43,0,43,0,8,5,2,1,13,10,1,2,corner=28196/0/28196/0;rooms=8182/3652/3775/755;vertical=9131/6507/2116/508
751,3076096,0.0468054,64,11,49,4,1.35436,0.000838429,43/43/42,33f63a512a66d4759806c402b4245d57da840934cac8b545c0063ea9809f3773,-0.00269907,0.723679,-0.000315859,0.998931,42,0,42,0,14,5,6,3,8,6,1,1,corner=28238/0/28238/0;rooms=8196/3657/3781/758;vertical=9139/6513/2117/509
752,3080192,0.0452182,70,13,56,1,1.37806,0.00176945,43/43/42,4271f274b28f4d848922e2f1463337d795ee6a56e29d46688637e26107bb32d4,-0.0013671,0.73556,-0.00031573,1.00048,49,0,49,0,11,3,7,1,10,10,0,0,corner=28287/0/28287/0;rooms=8207/3660/3788/759;vertical=9149/6523/2117/509
753,3084288,0.046936,60,11,47,2,1.33927,3.59118e-05,43/43/42,292242e4db9637899c3c5038d37d75cebd4c048c0793d7ac9312489259ea2857,-0.00496455,1.16781,-0.000315237,0.999852,41,0,41,0,4,2,1,1,15,9,5,1,corner=28328/0/28328/0;rooms=8211/3662/3789/760;vertical=9164/6532/2122/510
754,3088384,0.0465877,74,18,56,0,1.33902,0.00176933,43/43/42,2babf7af88a9ed392e4f45c87e1b674dca0771dd863cf04c352ae448c4cea476,0.00102783,1.53426,-0.000315471,0.999212,45,0,45,0,14,8,6,0,15,10,5,0,corner=28373/0/28373/0;rooms=8225/3670/3795/760;vertical=9179/6542/2127/510
755,3092480,0.0467289,64,12,48,4,1.33152,0.000168711,43/43/42,b4316e438cd892f91b9f23404700f654d5b295b2f4a91141d793b2c9a78cd620,0.00117972,0.630606,-0.000315677,1.00019,45,0,45,0,7,4,3,0,12,8,0,4,corner=28418/0/28418/0;rooms=8232/3674/3798/760;vertical=9191/6550/2127/514
756,3096576,0.0467496,63,11,48,4,1.33373,0.00214842,43/43/42,698754ef69770174b1f5868a83dc17c59c884bf0ef969ce94f50c467ba190673,0.00107746,0.59566,-0.000314814,1.00032,45,0,45,0,8,6,0,2,10,5,3,2,corner=28463/0/28463/0;rooms=8240/3680/3798/762;vertical=9201/6555/2130/516
757,3100672,0.0467214,67,20,42,5,1.35592,0.000149637,43/43/42,fc3eb20496a8de4197d1975b924e238006b460844d95dab79f0e02e546ae6d04,-0.000505733,0.8316,-0.000314655,0.998886,39,0,39,0,15,8,2,5,13,12,1,0,corner=28502/0/28502/0;rooms=8255/3688/3800/767;vertical=9214/6567/2131/516
758,3104768,0.045831,69,15,52,2,1.39213,0.000690371,43/43/42,402b2257551c952841204070e8daf588496693484e3600de80770cb6bfd39ca9,-0.00150565,1.08057,-0.000313831,1.00043,45,0,45,0,11,6,4,1,13,9,3,1,corner=28547/0/28547/0;rooms=8266/3694/3804/768;vertical=9227/6576/2134/517
759,3108864,0.0461043,65,16,48,1,1.37161,3.8296e-05,43/43/42,bf085d4128ae3c8830314ab1dc512b89db73d1521e016a834dbc4116121d0f43,0.0016923,0.928162,-0.000313905,0.999009,44,0,44,0,9,7,2,0,12,9,2,1,corner=28591/0/28591/0;rooms=8275/3701/3806/768;vertical=9239/6585/2136/518
760,3112960,0.0470228,68,12,53,3,1.35765,0.00131181,43/43/42,a6ca482ba9a0e4e8b90c87dab399476263c182d5fb2e4b9ca66889c181121fbc,-0.00379679,1.16035,-0.000313611,1.00208,44,0,44,0,12,4,6,2,12,8,3,1,corner=28635/0/28635/0;rooms=8287/3705/3812/770;vertical=9251/6593/2139/519
761,3117056,0.0458548,65,16,48,1,1.39125,7.77841e-06,43/43/42,8b297f874c212276f1c0dfb7c46750f28abe5322f593e50eb998861e9cbb4817,0.00195794,0.933588,-0.000312372,0.99887,44,0,44,0,12,8,3,1,9,8,1,0,corner=28679/0/28679/0;rooms=8299/3713/3815/771;vertical=9260/6601/2140/519
762,3121152,0.0457416,66,14,48,4,1.36957,0.000303894,43/43/42,36e797d8a6fbf137743920052c5c9e14a290d96f42de8c18f59ab5964bcdfb60,0.00161366,0.753141,-0.000311022,0.999717,44,0,44,0,12,5,4,3,10,9,0,1,corner=28723/0/28723/0;rooms=8311/3718/3819/774;vertical=9270/6610/2140/520
763,3125248,0.0465225,59,9,48,2,1.39046,4.18723e-05,43/43/42,c63d08d8e0a62242a6238fb86995e816e21891e777b4a5368f744902e0393570,-0.000170591,0.802192,-0.000310355,1.00148,43,0,43,0,8,3,4,1,8,6,1,1,corner=28766/0/28766/0;rooms=8319/3721/3823/775;vertical=9278/6616/2141/521
764,3129344,0.0470519,69,16,52,1,1.38023,1.31428e-05,43/43/42,210d104cd0e6c829b5e9636ebad8aca0bb82febd8174840d06d78fb8907fc799,-0.000781543,0.984809,-0.000310547,0.999353,44,0,44,0,12,5,6,1,13,11,2,0,corner=28810/0/28810/0;rooms=8331/3726/3829/776;vertical=9291/6627/2143/521
765,3133440,0.046679,62,13,49,0,1.36375,0.00112155,43/43/42,5bfd63b10d1d6a9c32d354f37327b8d5045390070e03ce60ba60fcbb6272d5e1,0.00131131,0.72301,-0.000308764,1.00049,44,0,44,0,10,5,5,0,8,8,0,0,corner=28854/0/28854/0;rooms=8341/3731/3834/776;vertical=9299/6635/2143/521
766,3137536,0.0468245,62,11,49,2,1.36163,7.38204e-05,43/43/42,ba29c9411a181eeef25da8b0fc2b410c6b1bee2d944577b0f0014f752b032c42,-0.00154545,0.756121,-0.000307002,1.00126,44,0,44,0,10,5,5,0,8,6,0,2,corner=28898/0/28898/0;rooms=8351/3736/3839/776;vertical=9307/6641/2143/523
767,3141632,0.0466997,63,14,47,2,1.31585,0.0010263,43/43/42,033daf7092ab7e8f3c4daf1a323e7a54432ddcae26fadcabb172b11d81c09db0,0.00261691,0.876145,-0.000306028,1.0032,41,0,41,0,9,4,4,1,13,10,2,1,corner=28939/0/28939/0;rooms=8360/3740/3843/777;vertical=9320/6651/2145/524
768,3145728,0.045983,61,12,46,3,1.3381,0.000853688,43/43/42,b706eb8cbcf668dc930091bcc3f45323a58162b5cd9a0b486257d32fea6082d7,0.000238596,0.776163,-0.000305629,1.0023,43,0,43,0,9,6,1,2,9,6,2,1,corner=28982/0/28982/0;rooms=8369/3746/3844/779;vertical=9329/6657/2147/525
769,3149824,0.0468817,65,11,50,4,1.32155,0.00152281,43/43/42,62f85899d260bc981c17b903e4e99d1eec8c0a1f2fe691f84120ff5721778072,-0.00131265,0.884851,-0.00030591,0.996828,45,0,45,0,11,6,3,2,9,5,2,2,corner=29027/0/29027/0;rooms=8380/3752/3847/781;vertical=9338/6662/2149/527
770,3153920,0.0470607,60,14,44,2,1.29526,0.000503451,43/43/42,5c5de82d61b5ec531f94f6deb1813288f45e90f2e47c7e010bcad80d347ab156,-0.00161905,0.782432,-0.000306199,1.00026,41,0,41,0,9,6,2,1,10,8,1,1,corner=29068/0/29068/0;rooms=8389/3758/3849/782;vertical=9348/6670/2150/528
771,3158016,0.0467791,67,12,51,4,1.32433,0.000369817,43/43/42,d60455d96639028b9f14b9f50b8c0f0105f1832fa4babd970b00042d22babe77,0.00216148,0.789155,-0.000306178,1.00027,47,0,47,0,9,5,2,2,11,7,2,2,corner=29115/0/29115/0;rooms=8398/3763/3851/784;vertical=9359/6677/2152/530
772,3162112,0.0451036,62,12,47,3,1.33979,0.000290543,43/43/42,cf9264ecc5d92217a219e01e4c3f1290c10101c5fc08e8b71d6ae00cdba85c75,0.00224498,1.02315,-0.000306093,1.00062,40,0,40,0,12,5,6,1,10,7,1,2,corner=29155/0/29155/0;rooms=8410/3768/3857/785;vertical=9369/6684/2153/532
773,3166208,0.0468807,70,9,57,4,1.34285,0.000703841,43/43/42,b944c9dfe4c90ed5d6286ef3fb22e46bf7725565f339c3b66a32274dcc662036,0.00017043,0.795163,-0.000305564,0.999479,48,0,48,0,13,1,8,4,9,8,1,0,corner=29203/0/29203/0;rooms=8423/3769/3865/789;vertical=9378/6692/2154/532
774,3170304,0.0462147,69,14,51,4,1.34427,0.00068143,43/43/42,55f1c99dd4ae2898071b6104095d5ba65bedabf88188b6a2ec603793d98bd915,-0.000702506,0.76504,-0.00030525,1.00333,43,0,43,0,13,4,8,1,13,10,0,3,corner=29246/0/29246/0;rooms=8436/3773/3873/790;vertical=9391/6702/2154/535
775,3174400,0.0459116,71,17,52,2,1.37311,0.000470668,43/43/42,4c1e8259e347c728017120005af7ccdf1a28c6e9d29e300e2a5a772131ccf905,0.000461463,1.08128,-0.0003051,1.0024,45,0,45,0,11,6,3,2,15,11,4,0,corner=29291/0/29291/0;rooms=8447/3779/3876/792;vertical=9406/6713/2158/535
776,3178496,0.0460285,63,9,51,3,1.3677,0.000528485,43/43/42,00a3cae02885b5b3d3e08b47b9a1b5c1f4bbdd04470d839a505f24109926b7d0,-0.00172106,0.63082,-0.000303724,0.999342,45,0,45,0,12,5,6,1,6,4,0,2,corner=29336/0/29336/0;rooms=8459/3784/3882/793;vertical=9412/6717/2158/537
777,3182592,0.0468107,71,17,51,3,1.37743,0.000768095,43/43/42,5158852a2be9cd03f6ac9f2f9c59fd60235796f8b52645d7be70389de6aec039,-0.0039069,0.806619,-0.000303482,1.00003,42,0,42,0,13,5,7,1,16,12,2,2,corner=29378/0/29378/0;rooms=8472/3789/3889/794;vertical=9428/6729/2160/539
778,3186688,0.0464161,75,18,55,2,1.37153,0.000368595,43/43/42,79368fbd9f24791c654b8ef7f2866c0d281cd3f55f4cfd3c3e8efce7539eea36,-0.00160759,1.15884,-0.000302526,0.999836,47,0,47,0,14,9,4,1,14,9,4,1,corner=29425/0/29425/0;rooms=8486/3798/3893/795;vertical=9442/6738/2164/540
779,3190784,0.0451909,65,12,52,1,1.3739,0.00129762,43/43/42,caee96339cd8040dd67cb08609a74a754b2b6cdfa9f08b3bbe5d23b996e55754,-0.00221484,1.0301,-0.000301592,1.00272,42,0,42,0,11,3,8,0,12,9,2,1,corner=29467/0/29467/0;rooms=8497/3801/3901/795;vertical=9454/6747/2166/541
780,3194880,0.0464081,78,19,55,4,1.36933,0.00115004,43/43/42,6fbfd6809b48f81ef25cb5b0fd3a0c1fc22a3579af11d12b6f190393579d28de,-0.00185173,1.39174,-0.000301105,0.999006,43,0,43,0,22,10,8,4,13,9,4,0,corner=29510/0/29510/0;rooms=8519/3811/3909/799;vertical=9467/6756/2170/541
781,3198976,0.0466263,70,15,55,0,1.39433,0.000398457,43/43/42,0a07eddd6361faa3dce2df483b9565cf2fdfe1aca7f2a916a96a6f0e3903e58b,-0.00188313,0.91614,-0.000300715,1.00055,45,0,45,0,11,3,8,0,14,12,2,0,corner=29555/0/29555/0;rooms=8530/3814/3917/799;vertical=9481/6768/2172/541
782,3203072,0.0470284,77,15,60,2,1.416,0.000826508,43/43/42,d755666b64eeba07da6da42ff26e2dae07ca17f4b977b825b286e63eccc5cdab,-0.00131047,1.54152,-0.000300314,1.00129,43,0,43,0,20,5,13,2,14,10,4,0,corner=29598/0/29598/0;rooms=8550/3819/3930/801;vertical=9495/6778/2176/541
783,3207168,0.046504,67,14,52,1,1.40943,0.000394136,43/43/42,1c2d1a10a96513269e14ae6a5e24bbc445e6679134bad6cbac70240eb9223ef8,0.00230588,0.858569,-0.000300219,0.995781,46,0,46,0,12,7,5,0,9,7,1,1,corner=29644/0/29644/0;rooms=8562/3826/3935/801;vertical=9504/6785/2177/542
784,3211264,0.0469321,66,18,48,0,1.4209,3.60608e-06,43/43/42,cd9c22c8f400a75d01725bd233945743002cebeec5b5779d0b6454e3d819fe69,-1.39016e-05,0.973088,-0.000300482,1.00076,41,0,41,0,8,5,3,0,17,13,4,0,corner=29685/0/29685/0;rooms=8570/3831/3938/801;vertical=9521/6798/2181/542
785,3215360,0.0456535,71,17,53,1,1.38282,3.00705e-05,43/43/42,f09ffd9cc62655210408480f17ad3f346485af4b60f4952406473db702611c31,0.000690251,0.796706,-0.000299947,1.00013,46,0,46,0,12,7,5,0,13,10,2,1,corner=29731/0/29731/0;rooms=8582/3838/3943/801;vertical=9534/6808/2183/543
786,3219456,0.045719,72,16,55,1,1.37475,0.0011856,43/43/42,25389ae55be2bab4f09d27a2e2c1b609d6b9ab3fb83cd594e17dd866d3d89af2,0.000766673,1.35181,-0.000299341,0.999045,43,0,43,0,14,6,8,0,15,10,4,1,corner=29774/0/29774/0;rooms=8596/3844/3951/801;vertical=9549/6818/2187/544
787,3223552,0.0467104,69,12,56,1,1.3806,0.00212553,43/43/42,cb963aefd8e327a2bd209efe98742865e182278c85b925da2e4facbf314aa5ed,-0.00020163,0.969216,-0.000298964,0.998715,46,0,46,0,10,3,7,0,13,9,3,1,corner=29820/0/29820/0;rooms=8606/3847/3958/801;vertical=9562/6827/2190/545
788,3227648,0.045541,71,15,54,2,1.37613,0.000188738,43/43/42,6cdfbf0061f44943464e97bdcdad5cce84bcdccae0075c2b2bc989ce3a5a2c74,-0.0018144,0.640446,-0.000297041,1.00078,46,0,46,0,11,3,8,0,14,12,0,2,corner=29866/0/29866/0;rooms=8617/3850/3966/801;vertical=9576/6839/2190/547
789,3231744,0.0461211,68,20,47,1,1.38229,0.00131491,43/43/42,d0c4655cd0b64a24e467109a7c78e1889d05bd5e67a913341107871d89c5bcb8,-0.00025302,1.11932,-0.000295166,0.997266,40,0,40,0,13,9,3,1,15,11,4,0,corner=29906/0/29906/0;rooms=8630/3859/3969/802;vertical=9591/6850/2194/547
790,3235840,0.0467662,75,17,57,1,1.39296,0.00113371,43/43/42,c7ff99f6e7d5028eac75e784fb7775f182f4f879ff2097df450164c3915b9cf6,-0.00118078,1.07937,-0.000294909,0.999149,46,0,46,0,19,9,10,0,10,8,1,1,corner=29952/0/29952/0;rooms=8649/3868/3979/802;vertical=9601/6858/2195/548
791,3239936,0.0468171,74,17,57,0,1.39194,0.00112429,43/43/42,99041a3455972bf40bc69247b18754bae8966b3779d9bd467a677c3a45a22f19,-0.00317682,1.32343,-0.000295367,1.00014,44,0,44,0,11,3,8,0,19,14,5,0,corner=29996/0/29996/0;rooms=8660/3871/3987/802;vertical=9620/6872/2200/548
792,3244032,0.0463798,69,15,54,0,1.42283,0.00199953,43/43/42,f92cab29e180a40572c0dd5cfa5e3531428af0e6412993800fb38cff344ba099,-0.00128519,0.985799,-0.000295628,1.00011,44,0,44,0,11,3,8,0,14,12,2,0,corner=30040/0/30040/0;rooms=8671/3874/3995/802;vertical=9634/6884/2202/548
793,3248128,0.0469374,68,18,50,0,1.40154,0.00125463,43/43/42,e095166257679716c6b5b91365333869ef2de00e0dc0ea7bad196059a19161b5,0.000459994,0.842865,-0.000294523,0.999522,43,0,43,0,14,8,6,0,11,10,1,0,corner=30083/0/30083/0;rooms=8685/3882/4001/802;vertical=9645/6894/2203/548
794,3252224,0.0477902,72,22,50,0,1.39883,0.00190559,43/43/42,d281c9fab629947b71a8957d3e9bc0557442c3be2b9c574ec76f1a6d615f3d92,0.00491323,1.00417,-0.000293488,1.00309,42,0,42,0,12,7,5,0,18,15,3,0,corner=30125/0/30125/0;rooms=8697/3889/4006/802;vertical=9663/6909/2206/548
795,3256320,0.0457095,68,16,52,0,1.41722,0.000144392,43/43/42,0656aaf32eda40f130b39facdb2c5df554aa7dbcddc081dbc20ceff8ba01bedf,-0.00137976,1.25971,-0.000293082,1.00333,43,0,43,0,12,6,6,0,13,10,3,0,corner=30168/0/30168/0;rooms=8709/3895/4012/802;vertical=9676/6919/2209/548
796,3260416,0.0470902,75,20,54,1,1.40728,0.00101355,43/43/42,10a527d80598d2c948bb646d046e9fe84c74a14ae8d0dfd0ec7e75d4ace3f193,-5.56465e-08,0.962239,-0.000292568,1.00015,45,0,45,0,13,6,7,0,17,14,2,1,corner=30213/0/30213/0;rooms=8722/3901/4019/802;vertical=9693/6933/2211/549
797,3264512,0.0467786,67,13,54,0,1.42624,0.000918776,43/43/42,5fb6fe4dc011d68dd354fd270f3c05f60f2ce7c09956b327031c61cb57b5d126,0.00118546,0.72516,-0.000291494,0.997813,45,0,45,0,12,4,8,0,10,9,1,0,corner=30258/0/30258/0;rooms=8734/3905/4027/802;vertical=9703/6942/2212/549
798,3268608,0.0458009,75,23,52,0,1.41185,0.00105563,43/43/42,fdb5c54fbb947e94e0cfb94355489c58b7b8e4b79d6c1292a94e3c8d44c94b22,-0.00133571,1.04636,-0.00029024,0.998936,42,0,42,0,16,8,8,0,17,15,2,0,corner=30300/0/30300/0;rooms=8750/3913/4035/802;vertical=9720/6957/2214/549
799,3272704,0.0459236,72,19,53,0,1.40889,0.000701696,43/43/42,74314de2929c0fcaf5023a48137bf85aa88076c49453259c07a14a8514d70831,0.0011332,1.06057,-0.000290366,1.00057,45,0,45,0,10,6,4,0,17,13,4,0,corner=30345/0/30345/0;rooms=8760/3919/4039/802;vertical=9737/6970/2218/549
800,3276800,0.0469723,67,17,50,0,1.41714,2.53022e-05,43/43/42,08c317b00905ba58cf167373592cc11f9b11a4de449c1917a36e56fbcad925fd,0.000276176,1.00134,-0.000290664,0.99776,42,0,42,0,13,9,4,0,12,8,4,0,corner=30387/0/30387/0;rooms=8773/3928/4043/802;vertical=9749/6978/2222/549
