rollout,transitions,gpu_s,episodes,success,collision,timeout,mean_speed_mps,min_preaction_sampled_clearance_m,family_slots_14_15_16,schedule_sha256,policy_loss,value_loss,entropy_loss,ratio,corner_episodes,corner_success,corner_collision,corner_timeout,rooms_episodes,rooms_success,rooms_collision,rooms_timeout,vertical_episodes,vertical_success,vertical_collision,vertical_timeout,cumulative_family_outcomes
1,4096,0.0460062,5,0,5,0,1.30578,0.00365686,43/43/42,5350539167ac699b5fb4cd3409c766982072b03a02fbdb7ae6cce5a720283351,0.00191846,3.28131,-0.000689731,0.999107,0,0,0,0,1,0,1,0,4,0,4,0,corner=0/0/0/0;rooms=1/0/1/0;vertical=4/0/4/0
2,8192,0.0464043,48,0,48,0,1.4342,0.000300676,43/43/42,482d441f81bf8f3cae543f97b4991c20081cca68130f07116de3ce5fc62807ef,0.00285272,2.4438,-0.000689948,1.0009,36,0,36,0,10,0,10,0,2,0,2,0,corner=36/0/36/0;rooms=11/0/11/0;vertical=6/0/6/0
3,12288,0.0456975,19,0,19,0,1.43442,0.00093928,43/43/42,9fe85ffb640b45bbd33c63ddf9bd568fbb9677351f047ff77647bdb985e82281,0.00263731,1.80105,-0.00069003,1.00231,15,0,15,0,4,0,4,0,0,0,0,0,corner=51/0/51/0;rooms=15/0/15/0;vertical=6/0/6/0
4,16384,0.0472047,91,53,38,0,1.31714,0.00093773,43/43/42,5a78a0ad129a2026d8a1cb0af85f91583c7a5c24b538e149312b4279ee313672,-0.00111979,3.2492,-0.000690066,0.998149,32,0,32,0,20,19,1,0,39,34,5,0,corner=83/0/83/0;rooms=35/19/16/0;vertical=45/34/11/0
5,20480,0.0463409,47,8,39,0,1.37355,0.000425369,43/43/42,e8e0e68dd0d08ec424267dd6ec7897c4200fb6f372a0e0cc9399052560b30af3,0.00353276,1.97283,-0.000689587,1.00094,26,0,26,0,12,3,9,0,9,5,4,0,corner=109/0/109/0;rooms=47/22/25/0;vertical=54/39/15/0
6,24576,0.04527,32,4,28,0,1.36204,0.000197679,43/43/42,aeaaef0af3596ab66840ad4a0371f04f29d371b9aebfa7a4ea2ddf1943a80cce,3.57794e-05,1.61533,-0.000689347,1.00042,21,0,21,0,9,2,7,0,2,2,0,0,corner=130/0/130/0;rooms=56/24/32/0;vertical=56/41/15/0
7,28672,0.0459615,49,18,31,0,1.34553,0.00011304,43/43/42,a46d9924b1d19311c2a485db5dc6096d1743c3a8b462c92720f99c757329c896,-0.00292711,1.66897,-0.000689147,1.00087,27,0,27,0,8,4,4,0,14,14,0,0,corner=157/0/157/0;rooms=64/28/36/0;vertical=70/55/15/0
8,32768,0.0470804,67,30,37,0,1.31293,0.000317127,43/43/42,b16555d530eed4083068410bc42ea1d96de7db58eae645f6ce0506b70e06e1b0,-0.00141724,2.79704,-0.000689574,1.00132,21,0,21,0,16,6,10,0,30,24,6,0,corner=178/0/178/0;rooms=80/34/46/0;vertical=100/79/21/0
9,36864,0.0464248,40,12,28,0,1.33601,0.000303417,43/43/42,d3d200ad96d5c4c7e00dde63a1181246634054e9886fdb70827c6c2e8b0bcbdd,0.00179413,1.51829,-0.000689763,0.998859,24,0,24,0,11,10,1,0,5,2,3,0,corner=202/0/202/0;rooms=91/44/47/0;vertical=105/81/24/0
10,40960,0.0464771,37,7,30,0,1.35441,0.00151828,43/43/42,d427b9facffb602e3c258645357c946b3a93954fc45013ab1af52c89be37c54f,0.00271565,0.925639,-0.000689372,0.997688,28,0,28,0,7,5,2,0,2,2,0,0,corner=230/0/230/0;rooms=98/49/49/0;vertical=107/83/24/0
11,45056,0.047055,58,29,29,0,1.31106,0.000343353,43/43/42,1ed4f1c56865c788e4cc31117bccd8772b0933b925fbb4fca34374476d3386ea,-0.00212232,1.64777,-0.000688834,1.00135,24,0,24,0,8,5,3,0,26,24,2,0,corner=254/0/254/0;rooms=106/54/52/0;vertical=133/107/26/0
12,49152,0.0467295,49,20,29,0,1.32266,9.51588e-05,43/43/42,f9e96a63b9c0a55bdf177a70e41f99d9abf6a9dd363c99716c4f38f32895705a,-0.00106929,1.27751,-0.000688513,0.999263,20,0,20,0,16,8,8,0,13,12,1,0,corner=274/0/274/0;rooms=122/62/60/0;vertical=146/119/27/0
13,53248,0.0464076,43,9,34,0,1.31856,0.000187904,43/43/42,c060c5dad0acbdbd6d3ac82de3494f4b30adb6b4d3351e17be052eba58664b37,-0.00102305,1.34662,-0.000687563,0.999646,31,0,31,0,7,6,1,0,5,3,2,0,corner=305/0/305/0;rooms=129/68/61/0;vertical=151/122/29/0
14,57344,0.0462874,44,15,29,0,1.3112,0.000866324,43/43/42,81c65c1008551c0a89c7f6beee2ba8a02d534c9c7c945eec8e1d36f6ea29d3b0,0.000336357,1.27474,-0.000686761,1.00126,22,0,22,0,10,4,6,0,12,11,1,0,corner=327/0/327/0;rooms=139/72/67/0;vertical=163/133/30/0
15,61440,0.0465999,59,29,30,0,1.3045,0.000108302,43/43/42,049b20908967f4e863e1c424ead91941e7b0a96b4efef36ef8584eed5379838f,0.00366632,1.38933,-0.000685571,1.0022,24,0,24,0,12,7,5,0,23,22,1,0,corner=351/0/351/0;rooms=151/79/72/0;vertical=186/155/31/0
16,65536,0.0467553,45,6,38,1,1.32239,0.000473201,43/43/42,979ab62d2e8e0eda7890f3699fbb7c0531a698427abbfc07e321357104665550,0.00109488,1.464,-0.000684943,0.998334,26,0,26,0,8,2,6,0,11,4,6,1,corner=377/0/377/0;rooms=159/81/78/0;vertical=197/159/37/1
17,69632,0.0460557,45,11,34,0,1.33249,0.000120789,43/43/42,5a5fa2cdce0a5a4867048ae7a7d567a7ec43f19f7fb61f73bfaa6213e8c708df,0.00403386,1.11072,-0.000684243,1.00326,27,0,27,0,15,9,6,0,3,2,1,0,corner=404/0/404/0;rooms=174/90/84/0;vertical=200/161/38/1
18,73728,0.0482191,54,26,28,0,1.28845,0.000571758,43/43/42,63e0f29c596fc70cb8b8099d0f091359be63649387a4d15c3d0cac0f7272673b,0.000319242,0.955858,-0.000683191,1.00028,26,0,26,0,5,4,1,0,23,22,1,0,corner=430/0/430/0;rooms=179/94/85/0;vertical=223/183/39/1
19,77824,0.0474445,55,16,39,0,1.28285,0.000632912,43/43/42,daf6ba3f0cd212714b611a75dce21dd67707508796ec7ab65f969b0867b51dfe,-0.000574019,1.56787,-0.000681854,1.00066,25,0,25,0,15,5,10,0,15,11,4,0,corner=455/0/455/0;rooms=194/99/95/0;vertical=238/194/43/1
20,81920,0.046341,39,7,32,0,1.29618,0.000150234,43/43/42,56d0461e676ca6b55b3b53c46739dd63db44245f930860db11a35331c2e19a85,0.000728685,0.861218,-0.000680385,0.999596,23,0,23,0,13,5,8,0,3,2,1,0,corner=478/0/478/0;rooms=207/104/103/0;vertical=241/196/44/1
21,86016,0.0457377,50,14,36,0,1.2766,0.000602037,43/43/42,6baea2aad3016a9a9268288901f48841f016eddad9d88d9134c4c4edc1b14e04,0.000281864,1.00044,-0.000679384,1.00124,28,0,28,0,14,6,8,0,8,8,0,0,corner=506/0/506/0;rooms=221/110/111/0;vertical=249/204/44/1
22,90112,0.044713,52,20,32,0,1.29764,0.000644475,43/43/42,1022b9344cd77f7a99be52c57cd1d34d162c15f3d43d131c72e6fb63b881ab9b,-0.00237569,0.990007,-0.000679249,1.00227,27,0,27,0,9,4,5,0,16,16,0,0,corner=533/0/533/0;rooms=230/114/116/0;vertical=265/220/44/1
23,94208,0.0466652,46,15,31,0,1.29819,6.6787e-05,43/43/42,96ebffaa0f4b2988c176b0d62cb6661ca63f1b88eac91b0502cbe5fb5a67a833,-0.000496729,0.952144,-0.00067931,1.00072,26,0,26,0,11,6,5,0,9,9,0,0,corner=559/0/559/0;rooms=241/120/121/0;vertical=274/229/44/1
24,98304,0.046505,38,8,29,1,1.31444,0.000462681,43/43/42,621d99f1b8e83b8c7188ae79428ba5ba6b27c9988f2586b8d144b3b03da707f8,0.0023795,0.707588,-0.000678637,1.00046,26,0,26,0,7,4,3,0,5,4,0,1,corner=585/0/585/0;rooms=248/124/124/0;vertical=279/233/44/2
25,102400,0.0472222,58,20,38,0,1.25689,0.000415981,43/43/42,c1f3c30404c11e6461a2349169a1b487dbb6e8f89dc1dd0deed49fdf94e2be4c,-0.000943838,0.745295,-0.000678021,1.00206,29,0,29,0,13,4,9,0,16,16,0,0,corner=614/0/614/0;rooms=261/128/133/0;vertical=295/249/44/2
26,106496,0.047035,54,17,36,1,1.2936,0.000204235,43/43/42,7abf0c03f5898f9e0633aff8c5ebf0d3fad826049af0f4242d5e53c67ea6b107,0.00244397,1.12251,-0.000677309,1.00207,26,0,26,0,11,6,5,0,17,11,5,1,corner=640/0/640/0;rooms=272/134/138/0;vertical=312/260/49/3
27,110592,0.047226,43,9,34,0,1.29286,0.00050059,43/43/42,711bcbe78b4103a66318d8068a23619536fc6141aaaddbd40728b631c84482f3,0.000649435,0.687751,-0.000676647,1.00178,29,0,29,0,9,4,5,0,5,5,0,0,corner=669/0/669/0;rooms=281/138/143/0;vertical=317/265/49/3
28,114688,0.0467606,40,10,29,1,1.27789,0.000671655,43/43/42,dd8df024e20dc6a67e963b945fbfe474cd42ba9129e680902bec5336309a35d1,0.00110281,0.682626,-0.000675254,1.00096,25,0,25,0,8,4,4,0,7,6,0,1,corner=694/0/694/0;rooms=289/142/147/0;vertical=324/271/49/4
29,118784,0.0453152,55,19,36,0,1.25395,0.000249565,43/43/42,508194d68ff16288fa378975add32a44cf5695e138ab78ac50e7c28eba2ec10c,-6.52417e-05,0.886818,-0.000674549,0.997256,29,0,29,0,11,6,5,0,15,13,2,0,corner=723/0/723/0;rooms=300/148/152/0;vertical=339/284/51/4
30,122880,0.0467995,56,13,41,2,1.23197,0.0012317,43/43/42,89c529921c90d851d2ad665a941e673a838dc6d59c91a1bf88e45cb58569255b,-0.00198747,0.793476,-0.000673574,1.00135,30,0,30,0,15,5,10,0,11,8,1,2,corner=753/0/753/0;rooms=315/153/162/0;vertical=350/292/52/6
31,126976,0.0444975,43,15,28,0,1.28794,0.00126663,43/43/42,8272baa7a84ae66c87c9a842c17da15f5af5c97baee08dc27b376f19dffe4881,-1.94106e-05,0.925315,-0.00067233,0.996873,23,0,23,0,12,8,4,0,8,7,1,0,corner=776/0/776/0;rooms=327/161/166/0;vertical=358/299/53/6
32,131072,0.0473362,51,14,37,0,1.32427,0.000728041,43/43/42,b7929920f1f59602e1089b0e989393aa700e5c3aaa6371f2e23e2f1be3c394a5,0.00226131,0.839452,-0.000671627,1.00174,32,0,32,0,11,7,4,0,8,7,1,0,corner=808/0/808/0;rooms=338/168/170/0;vertical=366/306/54/6
33,135168,0.046857,49,16,33,0,1.29835,0.000515014,43/43/42,1d3bf3f63b7a8ed5e511564011b00743bf09e605177fe3aa761818a6ca27d03b,-0.00102175,0.963338,-0.00067084,1.00051,26,0,26,0,12,7,5,0,11,9,2,0,corner=834/0/834/0;rooms=350/175/175/0;vertical=377/315/56/6
34,139264,0.046232,44,10,34,0,1.26031,0.000182182,43/43/42,9234ced84b6eac3e950841fb2959822c46ae3b0d12d477c96ffb0569a4cf5c80,-0.00143731,0.852926,-0.000669512,0.998833,26,0,26,0,6,3,3,0,12,7,5,0,corner=860/0/860/0;rooms=356/178/178/0;vertical=389/322/61/6
35,143360,0.0472676,49,10,39,0,1.24895,4.79519e-05,43/43/42,6503f986cfa76dddba9aaab9b37892da90679d913c912b04d8fa5bfd986e0094,0.000512303,0.861863,-0.000667886,1.00004,33,0,33,0,9,4,5,0,7,6,1,0,corner=893/0/893/0;rooms=365/182/183/0;vertical=396/328/62/6
36,147456,0.0477904,45,12,33,0,1.18147,0.000233322,43/43/42,d91c7bbb63887444a9e43a1526b94750701de17ab5873f7c721085c600ee3a42,0.000453841,0.92012,-0.000666981,0.99941,26,0,26,0,9,4,5,0,10,8,2,0,corner=919/0/919/0;rooms=374/186/188/0;vertical=406/336/64/6
37,151552,0.0459138,47,14,33,0,1.20386,0.000574768,43/43/42,1369fd68ec7e1f30a78d66cbd08ddf315860dadbb2374e0d196e63557a2c0fa5,0.000983322,0.883832,-0.000665857,1.00121,25,0,25,0,12,6,6,0,10,8,2,0,corner=944/0/944/0;rooms=386/192/194/0;vertical=416/344/66/6
38,155648,0.0454147,53,10,41,2,1.24062,0.0002262,43/43/42,a119c943345cd409b6fe96cab4507ff8bacb0885fa3d6e76855d0f5b9b852ff9,0.000630298,0.896276,-0.000664759,0.99914,30,0,30,0,12,5,7,0,11,5,4,2,corner=974/0/974/0;rooms=398/197/201/0;vertical=427/349/70/8
39,159744,0.0463894,42,7,34,1,1.24167,0.000161797,43/43/42,aa5c37d39a71f3b31c865b28aa99b2070173c067a9a7875b84a4d474c146744b,0.00313522,0.700503,-0.000663736,1.00094,27,0,27,0,8,2,6,0,7,5,1,1,corner=1001/0/1001/0;rooms=406/199/207/0;vertical=434/354/71/9
40,163840,0.0465872,40,5,35,0,1.23189,0.000834376,43/43/42,c0aca4fdc47a532332c507c22cbfa91480d5895463df5de2c0f3a6186d6b3468,3.23986e-05,0.717898,-0.000662652,1.00133,27,0,27,0,8,2,6,0,5,3,2,0,corner=1028/0/1028/0;rooms=414/201/213/0;vertical=439/357/73/9
41,167936,0.045903,47,11,33,3,1.25004,0.000879079,43/43/42,11228beaa3f3c3bec5af7ebb3ed8296af0477579aa540479a1be80f62f187514,0.00109152,0.468449,-0.000661891,1.00007,28,0,28,0,7,2,5,0,12,9,0,3,corner=1056/0/1056/0;rooms=421/203/218/0;vertical=451/366/73/12
42,172032,0.0460476,43,4,34,5,1.21776,0.00105551,43/43/42,245c4513d6730a2527afb8b08bf21d22654289f2ca2001b5a5d904b934eccb82,-0.000213321,0.641707,-0.000662065,0.998864,31,0,31,0,4,2,2,0,8,2,1,5,corner=1087/0/1087/0;rooms=425/205/220/0;vertical=459/368/74/17
43,176128,0.046501,37,3,33,1,1.18088,0.00181046,43/43/42,1b09ae9bd08a157558e7fde4fe1e0ae64d7c5a129191b97cb50a4515a171bac9,0.00140053,0.400612,-0.000661555,1.00051,26,0,26,0,7,0,7,0,4,3,0,1,corner=1113/0/1113/0;rooms=432/205/227/0;vertical=463/371/74/18
44,180224,0.046943,49,6,40,3,1.19353,0.000101358,43/43/42,aad6c3e86151ca515ee0bd9987e0b6966ede58b0db2d1856ba1bb02e39e1fca1,0.00013866,0.666907,-0.000660502,1.00086,32,0,32,0,13,4,8,1,4,2,0,2,corner=1145/0/1145/0;rooms=445/209/235/1;vertical=467/373/74/20
45,184320,0.046341,37,6,31,0,1.18924,0.00136085,43/43/42,33bbee8ec83b839a83f3caaf55374cfb1684b63a63681a9073b90eaf3a33fe9f,-5.21771e-05,0.563632,-0.000658938,1.00004,25,0,25,0,8,2,6,0,4,4,0,0,corner=1170/0/1170/0;rooms=453/211/241/1;vertical=471/377/74/20
46,188416,0.0461409,42,4,36,2,1.12142,0.00083223,43/43/42,725e8f46c0656fa49fe18648470ae40783deb998d5c31189361ff8bc56149f6e,-0.000184356,0.63031,-0.000658745,0.999604,30,0,30,0,10,4,6,0,2,0,0,2,corner=1200/0/1200/0;rooms=463/215/247/1;vertical=473/377/74/22
47,192512,0.0450188,47,6,38,3,1.15124,0.000174284,43/43/42,5e4a59b3851af4792222efcf58e066d0a6086b37a69a65042726fa746a33d083,0.00466678,0.727407,-0.000658701,1.00197,30,0,30,0,12,4,7,1,5,2,1,2,corner=1230/0/1230/0;rooms=475/219/254/2;vertical=478/379/75/24
48,196608,0.0460288,43,5,37,1,1.15266,0.00129846,43/43/42,68e44a5fc7e01e3318b846724bc30cd012a3307c3e620702f54dfb9798e5e6d8,0.00277252,0.661858,-0.000658086,0.996495,27,0,27,0,12,3,9,0,4,2,1,1,corner=1257/0/1257/0;rooms=487/222/263/2;vertical=482/381/76/25
49,200704,0.0454052,35,5,29,1,1.14274,0.000463635,43/43/42,4fc06cf76b152d733036445cd6485066d53594617244f4aa4a01c6d2fd0e16fc,-9.44933e-05,0.690574,-0.000657628,0.997959,25,0,25,0,7,4,3,0,3,1,1,1,corner=1282/0/1282/0;rooms=494/226/266/2;vertical=485/382/77/26
50,204800,0.0459784,43,5,35,3,1.1134,0.000481039,43/43/42,a7efa2c66b8d064c0bf580949bb89f520c6ed572e9db3dea5c790bc2cd680b35,0.000713167,0.471068,-0.00065693,0.998767,30,0,30,0,8,3,5,0,5,2,0,3,corner=1312/0/1312/0;rooms=502/229/271/2;vertical=490/384/77/29
51,208896,0.0468868,48,5,40,3,1.10138,5.29587e-05,43/43/42,64206846e176539d2df92abd46d93399477400e5787f866084888bed54266c68,-0.000536646,0.805957,-0.000655837,1.00068,28,0,28,0,13,3,10,0,7,2,2,3,corner=1340/0/1340/0;rooms=515/232/281/2;vertical=497/386/79/32
52,212992,0.0464655,40,3,33,4,1.15987,0.000194341,43/43/42,b1f027fe93c94e19061fb649050b1904f6d367b50f2e0cf1875d40985d960081,0.00152788,0.65706,-0.000654164,1.0021,26,0,26,0,9,3,6,0,5,0,1,4,corner=1366/0/1366/0;rooms=524/235/287/2;vertical=502/386/80/36
53,217088,0.0465837,47,8,34,5,1.17729,0.000100523,43/43/42,7667f1ad0067aef5ef16d3182aaf8fdbd7083add7efb7cd6c9a69ecd7c7c9cd5,-0.00120215,0.671304,-0.000653132,0.998406,28,0,28,0,12,6,6,0,7,2,0,5,corner=1394/0/1394/0;rooms=536/241/293/2;vertical=509/388/80/41
54,221184,0.0463849,48,6,36,6,1.23603,0.000135064,43/43/42,3e3260c7fed94a2a847ce8f1619f31cff569090a20bc7420c7d615556666afbf,-0.00121388,0.578476,-0.000653108,0.998871,28,0,28,0,12,4,8,0,8,2,0,6,corner=1422/0/1422/0;rooms=548/245/301/2;vertical=517/390/80/47
55,225280,0.0465634,49,8,36,5,1.22408,0.000199944,43/43/42,e8e0e6a64277181b6c87bc25e36c7bbab625ccadc2a60ec5677212b982dc3dca,0.00154407,0.529758,-0.000652697,1.00186,30,0,30,0,10,4,6,0,9,4,0,5,corner=1452/0/1452/0;rooms=558/249/307/2;vertical=526/394/80/52
56,229376,0.0456015,48,8,38,2,1.225,0.000491649,43/43/42,e741290bd94b242481fedbd86ae5a27403e9aecd9d07eeddec202156c0696dad,0.00206339,0.624945,-0.000652376,0.998874,32,0,32,0,8,3,5,0,8,5,1,2,corner=1484/0/1484/0;rooms=566/252/312/2;vertical=534/399/81/54
57,233472,0.0465321,52,16,33,3,1.24778,2.02954e-05,43/43/42,79673843c43bb3c88b0632ed8d7276f17ef51b89ab335ac9f28586370705152d,0.00164747,0.825934,-0.000651958,0.999508,23,0,23,0,12,6,6,0,17,10,4,3,corner=1507/0/1507/0;rooms=578/258/318/2;vertical=551/409/85/57
58,237568,0.0454785,62,17,45,0,1.25245,2.5332e-07,43/43/42,17b23803d9108b434623088506e9fd8c7f362a303d256786bcc65a20945d58ae,0.000243749,1.11878,-0.000651107,0.999541,34,0,34,0,13,8,5,0,15,9,6,0,corner=1541/0/1541/0;rooms=591/266/323/2;vertical=566/418/91/57
59,241664,0.0459023,42,8,32,2,1.27343,0.000573307,43/43/42,cec89cf24d71fc7fb8c61fb373256881b9c04075ef28773e9c0f6d0914faca23,-0.000685984,0.742818,-0.000650509,0.998956,23,0,23,0,9,3,6,0,10,5,3,2,corner=1564/0/1564/0;rooms=600/269/329/2;vertical=576/423/94/59
60,245760,0.046394,52,20,31,1,1.33569,6.76215e-05,43/43/42,a190c3e6fde2c44e45a92e0fc3b81c83910e2c68ba523e868a2a9eb5a803c0f6,0.00065359,0.73502,-0.000649891,1.00099,27,0,27,0,14,10,4,0,11,10,0,1,corner=1591/0/1591/0;rooms=614/279/333/2;vertical=587/433/94/60
61,249856,0.0467642,58,15,41,2,1.33969,1.30236e-05,43/43/42,3ee0a44bbbfece136c96c9ee0ba5991011ca54ac93b49425286f77c6615b4ee5,0.00186397,0.698472,-0.000649436,0.998687,36,0,36,0,11,6,5,0,11,9,0,2,corner=1627/0/1627/0;rooms=625/285/338/2;vertical=598/442/94/62
62,253952,0.0460101,58,20,38,0,1.3629,0.00147504,43/43/42,98efa8005cd492a512d82f890fd81f632b3b9079e9ed5b5587927cbfc3ad915f,0.000682813,0.738017,-0.000648567,0.999696,29,0,29,0,14,6,8,0,15,14,1,0,corner=1656/0/1656/0;rooms=639/291/346/2;vertical=613/456/95/62
63,258048,0.046515,50,15,35,0,1.35383,0.000821739,43/43/42,e422d10df2bddf7969e89fbcd507a436cf48ad396a96c285dd35d4b27f0bae01,0.00369008,0.576152,-0.000647425,0.999988,25,0,25,0,11,5,6,0,14,10,4,0,corner=1681/0/1681/0;rooms=650/296/352/2;vertical=627/466/99/62
64,262144,0.0468574,57,18,39,0,1.35668,0.000984371,43/43/42,dad90a0612df654a087f260f1428f6403b7e28d5ae27ba6f75ce2bce68b69eaa,1.27868e-05,0.930744,-0.000646448,0.99978,31,0,31,0,12,7,5,0,14,11,3,0,corner=1712/0/1712/0;rooms=662/303/357/2;vertical=641/477/102/62
65,266240,0.0453421,48,12,36,0,1.36866,0.000395447,43/43/42,8d5668617209437c2e2ec11383a59a99f54cbc981e333a956ce2369ffcd8e43c,-0.000266385,0.650436,-0.000646133,1.00304,30,0,30,0,12,6,6,0,6,6,0,0,corner=1742/0/1742/0;rooms=674/309/363/2;vertical=647/483/102/62
66,270336,0.0464091,53,13,40,0,1.31054,0.000817567,43/43/42,a11038280d2d7d454be66e0ec7f834c9dfb14fed37fbed8971130a8d1017e39f,0.000305475,0.711411,-0.000645609,0.99831,30,0,30,0,9,1,8,0,14,12,2,0,corner=1772/0/1772/0;rooms=683/310/371/2;vertical=661/495/104/62
67,274432,0.0467837,51,16,35,0,1.28306,0.000127465,43/43/42,29402f1387c32abf5b608a50df934cfdff555d506098546ceebd02b4bd5e1111,-0.00119386,0.632954,-0.000645703,1.00177,28,0,28,0,9,4,5,0,14,12,2,0,corner=1800/0/1800/0;rooms=692/314/376/2;vertical=675/507/106/62
68,278528,0.0456823,55,16,39,0,1.28789,0.000220925,43/43/42,d92c8a8c6ed334b65fa9cf7375b5a4d984decfbcb650d9b96456ed0ca91e9b77,-0.00082383,0.803961,-0.000645834,0.99822,30,0,30,0,18,10,8,0,7,6,1,0,corner=1830/0/1830/0;rooms=710/324/384/2;vertical=682/513/107/62
69,282624,0.0464099,51,14,37,0,1.2905,0.000563025,43/43/42,52a7fc5421895e8c35dfeee178d879c35f5822da249736bccbe49ea73b25f1ee,0.00194824,0.6412,-0.000645774,1.00094,31,0,31,0,11,6,5,0,9,8,1,0,corner=1861/0/1861/0;rooms=721/330/389/2;vertical=691/521/108/62
70,286720,0.046638,52,9,43,0,1.29235,0.000247985,43/43/42,33f2ce869499ead079c733c253e0da4c5714d3ebea05d1223ced347569570760,0.000827578,0.763212,-0.000645113,0.999409,31,0,31,0,13,3,10,0,8,6,2,0,corner=1892/0/1892/0;rooms=734/333/399/2;vertical=699/527/110/62
71,290816,0.0463271,49,13,36,0,1.2526,4.02033e-05,43/43/42,037fcbf72821944538430296107d78a88d91b28234fea7a4f76d54748408a3c7,0.00270367,0.6717,-0.000644272,0.999557,33,0,33,0,7,4,3,0,9,9,0,0,corner=1925/0/1925/0;rooms=741/337/402/2;vertical=708/536/110/62
72,294912,0.0464572,48,10,38,0,1.21257,0.000905067,43/43/42,9d77fb772686b56bf69383f1cf11d57e3c899de3460cae6988dd19f0f56945c7,0.00013079,0.715203,-0.00064353,1.00048,28,0,28,0,10,2,8,0,10,8,2,0,corner=1953/0/1953/0;rooms=751/339/410/2;vertical=718/544/112/62
73,299008,0.0467803,44,13,31,0,1.21625,0.000640899,43/43/42,0fc15588a2e71f4b98a5add1a1f37eb0923235521df405a4302bc64552102837,0.00146871,0.694114,-0.000642933,1.00234,27,0,27,0,8,5,3,0,9,8,1,0,corner=1980/0/1980/0;rooms=759/344/413/2;vertical=727/552/113/62
74,303104,0.0455677,65,15,50,0,1.19206,0.000544935,43/43/42,983bd7880e04292c216a7f9690a3ccb6c5afd8b33ff351e33ee4dd1cfcb31026,-0.000431251,1.05877,-0.000642037,0.999858,36,0,36,0,20,8,12,0,9,7,2,0,corner=2016/0/2016/0;rooms=779/352/425/2;vertical=736/559/115/62
75,307200,0.0463499,60,18,42,0,1.23601,0.000161678,43/43/42,ecb1513009088d92c6ecb014e2aaf680e7a28bff2ddd2213117fcf5b507692f7,-0.000449621,0.930176,-0.000641137,0.999159,29,0,29,0,17,6,11,0,14,12,2,0,corner=2045/0/2045/0;rooms=796/358/436/2;vertical=750/571/117/62
76,311296,0.0448534,43,13,30,0,1.36028,2.12491e-05,43/43/42,b62907bbe0093cdcd4b88f6701540fb1ccc7d652f14b55ba3e26c89190d129a7,0.000826377,0.511116,-0.000640006,1.00013,26,0,26,0,10,6,4,0,7,7,0,0,corner=2071/0/2071/0;rooms=806/364/440/2;vertical=757/578/117/62
77,315392,0.0460396,58,14,43,1,1.33647,0.000190169,43/43/42,bf7f2137a0ccae4a39462663ecb3ba63039ce9a5176402d9b1ecc14f8be7039f,-0.00208937,0.832337,-0.000638961,0.997652,33,0,33,0,12,2,10,0,13,12,0,1,corner=2104/0/2104/0;rooms=818/366/450/2;vertical=770/590/117/63
78,319488,0.0465189,50,15,35,0,1.3673,0.00137347,43/43/42,7ba634e9273643b6b9a95c22ff4b86ef95080f2ec8431ba0b055c000e361350c,0.00022753,0.559282,-0.000638065,1.00071,28,0,28,0,12,5,7,0,10,10,0,0,corner=2132/0/2132/0;rooms=830/371/457/2;vertical=780/600/117/63
79,323584,0.0464711,59,21,38,0,1.33644,1.88649e-05,43/43/42,05ed24480818bf3c7e422b72121bc7e5f138982cb93f27b338bde67b11a74e86,0.000210433,0.884928,-0.000636596,1.00091,30,0,30,0,14,8,6,0,15,13,2,0,corner=2162/0/2162/0;rooms=844/379/463/2;vertical=795/613/119/63
80,327680,0.0462999,52,14,38,0,1.32737,0.00120988,43/43/42,0681f13268a40965aebcf685391d9469c17dcf31a46d9216bf230daed68877a0,0.000476135,0.542454,-0.000634976,1.00091,34,0,34,0,6,3,3,0,12,11,1,0,corner=2196/0/2196/0;rooms=850/382/466/2;vertical=807/624/120/63
81,331776,0.047023,53,18,35,0,1.35593,0.000526339,43/43/42,34e1b8bc41945bab058535f181fc8b295ce3240f85200ca219bd7af36909e4fe,7.23774e-05,0.894396,-0.000634251,1.00065,28,0,28,0,11,7,4,0,14,11,3,0,corner=2224/0/2224/0;rooms=861/389/470/2;vertical=821/635/123/63
82,335872,0.0457336,52,19,33,0,1.34237,4.6432e-05,43/43/42,6e7e5a5403d4b011aee8ac16ef54fb5682f48946f54b18505b50ccb657f2dad3,0.00216655,0.68137,-0.000633086,0.996907,29,0,29,0,9,6,3,0,14,13,1,0,corner=2253/0/2253/0;rooms=870/395/473/2;vertical=835/648/124/63
83,339968,0.0456796,58,18,40,0,1.33149,0.00148597,43/43/42,5adc67ef821c7b801bfed571abc8045636159b29e6c2c7454f2d29ec6e75a2f5,0.00217986,0.84074,-0.000632229,0.998719,30,0,30,0,19,10,9,0,9,8,1,0,corner=2283/0/2283/0;rooms=889/405/482/2;vertical=844/656/125/63
84,344064,0.0463486,53,18,35,0,1.32868,0.000981957,43/43/42,555c700082f436414208ef97725ab7695c8490b9efb8746eb358666c0d2d5991,0.00207887,0.749613,-0.000631328,0.99838,27,0,27,0,12,5,7,0,14,13,1,0,corner=2310/0/2310/0;rooms=901/410/489/2;vertical=858/669/126/63
85,348160,0.0458082,56,18,38,0,1.34593,0.000179797,43/43/42,8faa7ddf0939bdb6cb75da0d15d558458785dfbb73ca687ace2cde9b4d702168,0.00213279,0.542959,-0.000630039,0.999826,33,0,33,0,12,7,5,0,11,11,0,0,corner=2343/0/2343/0;rooms=913/417/494/2;vertical=869/680/126/63
86,352256,0.0453561,63,18,45,0,1.30518,0.000157624,43/43/42,62388e46ab99eac645896712b68a1f8fb11a6e875543c941102aaab1c80658e3,-0.00235709,1.40175,-0.000629303,1.00034,29,0,29,0,17,6,11,0,17,12,5,0,corner=2372/0/2372/0;rooms=930/423/505/2;vertical=886/692/131/63
87,356352,0.046073,40,7,33,0,1.34692,4.78327e-05,43/43/42,5cc02a404765c081a62249170d360e509110629bd582c421deb14967003a3cd0,0.0014103,0.719476,-0.000629133,0.998347,26,0,26,0,7,2,5,0,7,5,2,0,corner=2398/0/2398/0;rooms=937/425/510/2;vertical=893/697/133/63
88,360448,0.0464421,54,18,36,0,1.31517,0.00161925,43/43/42,c2ef2f217e9f9114edc7ed0bd99d5087c9e321d8ed8b88192d8fc736aed30242,-7.16416e-05,0.668177,-0.000628219,1.00057,33,0,33,0,8,6,2,0,13,12,1,0,corner=2431/0/2431/0;rooms=945/431/512/2;vertical=906/709/134/63
89,364544,0.046044,54,13,41,0,1.25453,0.000487238,43/43/42,0c0893358f916b9d7bdc8b9b8cf73d5d0cde1ff3e9ab78d48ac443c169ef540e,0.00155828,1.03012,-0.000627527,1.00171,32,0,32,0,10,4,6,0,12,9,3,0,corner=2463/0/2463/0;rooms=955/435/518/2;vertical=918/718/137/63
90,368640,0.0471519,55,20,35,0,1.28505,0.000144035,43/43/42,a10ed155c26f2953cfae0a6cf1d510fb4329d91c02cd88eb4683a20024dd55a1,-0.000278517,0.941773,-0.000627818,0.998203,26,0,26,0,16,8,8,0,13,12,1,0,corner=2489/0/2489/0;rooms=971/443/526/2;vertical=931/730/138/63
91,372736,0.0460147,59,16,42,1,1.27148,2.41399e-06,43/43/42,97e701622e1f393a7374372358d6a743c6ca237179a07070866de8dbc11455e9,0.000384592,0.794933,-0.000626871,1.00031,33,0,33,0,13,5,8,0,13,11,1,1,corner=2522/0/2522/0;rooms=984/448/534/2;vertical=944/741/139/64
92,376832,0.0464187,50,10,40,0,1.35217,0.00142708,43/43/42,9c184497242d2a6386989473cc8afd4629e7ad7b0332da54cfa0bba387fdc346,0.0004704,0.74114,-0.000626375,1.00093,34,0,34,0,6,2,4,0,10,8,2,0,corner=2556/0/2556/0;rooms=990/450/538/2;vertical=954/749/141/64
93,380928,0.0454329,62,21,40,1,1.3857,0.000313118,43/43/42,3fbf5939432a108d493a86cc8c06bb02b1ab29c21d272ef38cc5de8d7ed80cba,-0.000770542,0.996847,-0.00062594,1.00171,28,0,28,0,16,7,9,0,18,14,3,1,corner=2584/0/2584/0;rooms=1006/457/547/2;vertical=972/763/144/65
94,385024,0.0454911,53,16,37,0,1.37985,0.000156075,43/43/42,0eef740d173576da3e8568af7afee5274a712ff45cf8c39bd5cf386b6f80923b,-0.00165134,0.69767,-0.000625143,0.997149,27,0,27,0,16,7,9,0,10,9,1,0,corner=2611/0/2611/0;rooms=1022/464/556/2;vertical=982/772/145/65
95,389120,0.0459579,59,19,40,0,1.354,0.000609547,43/43/42,6cdc1e8f7c538ecec642c7ec27d39649a61500eb92c1d55547a340a8cb2b56f3,0.00449828,0.570605,-0.000624048,1.00008,37,0,37,0,7,5,2,0,15,14,1,0,corner=2648/0/2648/0;rooms=1029/469/558/2;vertical=997/786/146/65
96,393216,0.0465042,55,17,38,0,1.38699,0.000167996,43/43/42,db3ae9f5edd00b464d5672e4ec80e255ffb1e4bf0a9e0843a696af47e8cb204b,0.00125152,1.0419,-0.00062329,0.998821,27,0,27,0,14,7,7,0,14,10,4,0,corner=2675/0/2675/0;rooms=1043/476/565/2;vertical=1011/796/150/65
97,397312,0.0461527,68,22,46,0,1.34481,0.000571638,43/43/42,2f61fe23681215efba7ba5b715933a4c728af3dfb522399c70a5d187316b728c,-0.00139242,0.989329,-0.000621764,0.999903,33,0,33,0,16,8,8,0,19,14,5,0,corner=2708/0/2708/0;rooms=1059/484/573/2;vertical=1030/810/155/65
98,401408,0.0456647,51,19,32,0,1.38454,0.00113454,43/43/42,879ffe2648f00360e9291345b833c22dfffbb102c5850a58563461222261aa54,-0.000226085,0.675197,-0.000620129,0.999297,28,0,28,0,11,8,3,0,12,11,1,0,corner=2736/0/2736/0;rooms=1070/492/576/2;vertical=1042/821/156/65
99,405504,0.046485,62,20,42,0,1.36179,7.40588e-05,43/43/42,0f60bdaf9fc0eb0c1d98df4e9c46ba8c36fd7e3034a9082d6108d64c823c626d,-0.00156938,0.857821,-0.00061795,1.00106,35,0,35,0,14,9,5,0,13,11,2,0,corner=2771/0/2771/0;rooms=1084/501/581/2;vertical=1055/832/158/65
100,409600,0.046479,60,20,40,0,1.37192,0.00185505,43/43/42,b43d051b155b3659185f86e4d4857544005e1112270783ef7ef6db4a8b02c7f1,0.0052714,0.816103,-0.0006169,1.0008,27,0,27,0,20,7,13,0,13,13,0,0,corner=2798/0/2798/0;rooms=1104/508/594/2;vertical=1068/845/158/65
101,413696,0.046861,54,16,38,0,1.35979,0.000130445,43/43/42,345b8b858a8864189b4f368446c141d99ebebc61418b051b369cda7c05925a0c,-0.000338084,0.825797,-0.000615961,0.998793,29,0,29,0,11,3,8,0,14,13,1,0,corner=2827/0/2827/0;rooms=1115/511/602/2;vertical=1082/858/159/65
102,417792,0.0465426,57,13,44,0,1.37528,0.000670224,43/43/42,f09ee4e1fe5acea1d66f2048b245c1e1e227c5c6a54467deb05160cb302f1525,-0.00237855,1.09895,-0.000615517,1.00129,34,0,34,0,9,3,6,0,14,10,4,0,corner=2861/0/2861/0;rooms=1124/514/608/2;vertical=1096/868/163/65
103,421888,0.0456825,52,13,39,0,1.35987,0.000263721,43/43/42,3a14fb8a189816b63e12ca0e8f4efe0cd4c5dab0aa9b6af6e523e218997e6d8f,-0.000650163,0.682006,-0.000615339,1.00168,31,0,31,0,11,3,8,0,10,10,0,0,corner=2892/0/2892/0;rooms=1135/517/616/2;vertical=1106/878/163/65
104,425984,0.0459831,55,16,39,0,1.33741,0.000582516,43/43/42,8c9e9d427a3956894382a00049fd5e0dde77d1217b12466910a38dfe3731aa01,-0.00159783,0.672617,-0.000615268,0.998364,29,0,29,0,15,5,10,0,11,11,0,0,corner=2921/0/2921/0;rooms=1150/522/626/2;vertical=1117/889/163/65
105,430080,0.0460877,56,11,45,0,1.29853,0.000115991,43/43/42,00c47e5a9951963bc339e3b22106bc5895df951f743687a3106bad72e6b18a2f,-0.0013413,0.942353,-0.000615478,0.99575,31,0,31,0,13,3,10,0,12,8,4,0,corner=2952/0/2952/0;rooms=1163/525/636/2;vertical=1129/897/167/65
106,434176,0.0463421,61,19,42,0,1.30235,0.00157073,43/43/42,a56d9a8ac53c356a564249a8200e5683bb4b795fb6f184bf163545c1fe80ca05,0.000345214,0.98586,-0.000614602,1.00252,34,0,34,0,10,5,5,0,17,14,3,0,corner=2986/0/2986/0;rooms=1173/530/641/2;vertical=1146/911/170/65
107,438272,0.0463208,57,17,40,0,1.33523,0.000398666,43/43/42,caadb4583de726c42958c05266de71fd37238df17fec37ccd94981fc89cd9cab,0.00156279,1.11625,-0.00061332,1.00202,28,0,28,0,17,7,10,0,12,10,2,0,corner=3014/0/3014/0;rooms=1190/537/651/2;vertical=1158/921/172/65
108,442368,0.0466422,49,10,39,0,1.30756,0.00114894,43/43/42,786ea2e0b790d456b72d7c4cb40f1a3e271989afc1240e83db5063477f12d3cd,0.00159699,0.898368,-0.000612203,0.998369,31,0,31,0,7,4,3,0,11,6,5,0,corner=3045/0/3045/0;rooms=1197/541/654/2;vertical=1169/927/177/65
109,446464,0.0467759,57,16,41,0,1.29156,2.89679e-05,43/43/42,c073c33030c8c3ed622fb6f024e89dd6a99fbf1c726f190f7a842c82424028c7,-0.000707944,0.568543,-0.000611235,0.999543,34,0,34,0,9,3,6,0,14,13,1,0,corner=3079/0/3079/0;rooms=1206/544/660/2;vertical=1183/940/178/65
110,450560,0.0473868,57,11,45,1,1.27344,0.000104129,43/43/42,bfd28e13942f3ec3509d24e47a6db252c7fb734d3ddacb5ce081bf943c9aa276,-0.00055301,1.05295,-0.000609648,0.999925,31,0,31,0,17,4,12,1,9,7,2,0,corner=3110/0/3110/0;rooms=1223/548/672/3;vertical=1192/947/180/65
111,454656,0.0460584,50,16,33,1,1.27519,0.00174692,43/43/42,875ef8998d2aa007f2cb2aac761bd25888d2a41ee2628bdd08c8ee56976397f1,0.00472964,0.40962,-0.000608873,1.00067,31,0,31,0,8,6,2,0,11,10,0,1,corner=3141/0/3141/0;rooms=1231/554/674/3;vertical=1203/957/180/66
112,458752,0.0466779,53,16,37,0,1.28517,0.000879675,43/43/42,ccd2ef566f43e5f5f4a11b4d699d891b26a8256c6f918e582a5176b63201d70a,-0.00246439,1.03473,-0.000607627,1.00021,29,0,29,0,9,5,4,0,15,11,4,0,corner=3170/0/3170/0;rooms=1240/559/678/3;vertical=1218/968/184/66
113,462848,0.0458439,62,14,48,0,1.2674,0.00110129,43/43/42,f0945928edd8b9cb5425f78b47cd58f928074a79169d6294935c80416b9bad57,0.00132344,0.951946,-0.000606648,1,36,0,36,0,13,3,10,0,13,11,2,0,corner=3206/0/3206/0;rooms=1253/562/688/3;vertical=1231/979/186/66
114,466944,0.0468783,58,16,42,0,1.2649,0.0010629,43/43/42,3abbddb702a1f8f1925f4e2539b74b8f07c3c58e43afde382c29889fa5bf4c23,-0.00166308,1.15265,-0.00060641,1.00082,30,0,30,0,14,6,8,0,14,10,4,0,corner=3236/0/3236/0;rooms=1267/568/696/3;vertical=1245/989/190/66
115,471040,0.04688,54,15,38,1,1.32956,0.00221911,43/43/42,e8d3f6ba6021f8e5eccfcc3eff6409f050513ee4387ac21d764c595f93f0e56f,0.000235951,0.698048,-0.000606486,1.00022,31,0,31,0,10,3,6,1,13,12,1,0,corner=3267/0/3267/0;rooms=1277/571/702/4;vertical=1258/1001/191/66
116,475136,0.0465639,60,16,44,0,1.30905,0.000383362,43/43/42,fd021f0bb8b95522ba1eb62bbc1d1dd60bd72d30415ab4533609ec0c62b68bca,-0.00232547,1.05735,-0.000606016,0.998087,32,0,32,0,12,5,7,0,16,11,5,0,corner=3299/0/3299/0;rooms=1289/576/709/4;vertical=1274/1012/196/66
117,479232,0.0452225,53,12,40,1,1.29064,9.07481e-05,43/43/42,aadd5905cc340e2656e04065f876c02aa181f952e90b6fc090fe9b2b889547b2,-0.000571067,0.640617,-0.000605524,0.997386,35,0,35,0,7,3,3,1,11,9,2,0,corner=3334/0/3334/0;rooms=1296/579/712/5;vertical=1285/1021/198/66
118,483328,0.0468232,60,18,42,0,1.30793,0.000969201,43/43/42,d67f9db930c6657f4cb19bc5c639ccc6e73b3fc39c9226710321dac2065de922,-0.00248633,0.878323,-0.00060482,0.998278,32,0,32,0,12,5,7,0,16,13,3,0,corner=3366/0/3366/0;rooms=1308/584/719/5;vertical=1301/1034/201/66
119,487424,0.0466365,49,15,34,0,1.32357,0.000837177,43/43/42,579af34795880f740d5525eb4ac0ecd496ed29ac180ef9fb7dea8fc46e1cfdd5,-0.000301519,0.466725,-0.00060418,0.99965,32,0,32,0,8,6,2,0,9,9,0,0,corner=3398/0/3398/0;rooms=1316/590/721/5;vertical=1310/1043/201/66
120,491520,0.0468378,60,19,41,0,1.31221,0.000400096,43/43/42,d0ef93337a1505f9fba74f3c01c636d8e7ed11aa401911d45de170d655ea68a6,-0.000682951,0.634708,-0.000603461,1.00168,32,0,32,0,13,4,9,0,15,15,0,0,corner=3430/0/3430/0;rooms=1329/594/730/5;vertical=1325/1058/201/66
121,495616,0.0467232,64,16,46,2,1.29909,0.00215071,43/43/42,c2a856537f7535bbc3839816e30634c24d9385e7939d0e0202c2b18b88c49144,-0.00174595,0.841305,-0.000603045,1.00132,34,0,34,0,16,4,11,1,14,12,1,1,corner=3464/0/3464/0;rooms=1345/598/741/6;vertical=1339/1070/202/67
122,499712,0.0465328,53,15,38,0,1.34904,0.000187784,43/43/42,14195903747e37f11cd605b300704c1d73b301a7f9ea1f8fab34c382c9e33f9d,-0.00182803,0.802562,-0.00060147,1.00038,30,0,30,0,10,4,6,0,13,11,2,0,corner=3494/0/3494/0;rooms=1355/602/747/6;vertical=1352/1081/204/67
123,503808,0.045781,60,13,45,2,1.37983,0.000572741,43/43/42,7b5bd274349cde3ac9ae82a6d9b8edc97ba8575b763c7854551b380edef191e5,-0.000343501,0.634859,-0.000600219,1.00079,33,0,33,0,15,3,10,2,12,10,2,0,corner=3527/0/3527/0;rooms=1370/605/757/8;vertical=1364/1091/206/67
124,507904,0.04604,55,16,39,0,1.33345,0.00126818,43/43/42,1388a03ef738414fad3274b432b77dc64627d6e992bb3b84e80bc58b027bab87,-0.00120209,0.884857,-0.00059983,0.998975,31,0,31,0,7,3,4,0,17,13,4,0,corner=3558/0/3558/0;rooms=1377/608/761/8;vertical=1381/1104/210/67
125,512000,0.0464803,62,19,43,0,1.31743,0.000545889,43/43/42,dd912a02b264db784a5daec86fc30c52fe64839e0e56f14f5f5c23397f8529b4,-0.000583551,0.814852,-0.000599218,1.00114,33,0,33,0,14,5,9,0,15,14,1,0,corner=3591/0/3591/0;rooms=1391/613/770/8;vertical=1396/1118/211/67
126,516096,0.0455152,54,12,41,1,1.32104,0.00244883,43/43/42,0bafe41b7f6d9acd47caa51986b5bf3894e651dc875c88850f5ca5dd14df4f15,0.000747805,0.845169,-0.000598646,1.00052,29,0,29,0,16,4,11,1,9,8,1,0,corner=3620/0/3620/0;rooms=1407/617/781/9;vertical=1405/1126/212/67
127,520192,0.0457798,53,14,39,0,1.32616,0.000414312,43/43/42,7fd225037a4e4b006c02a2f9b8d7c193d6b02fa279b959caacab8a6bfa831850,0.00528777,0.44097,-0.000598192,1.00009,32,0,32,0,11,4,7,0,10,10,0,0,corner=3652/0/3652/0;rooms=1418/621/788/9;vertical=1415/1136/212/67
128,524288,0.0467059,58,18,40,0,1.31959,0.000195414,43/43/42,fdc22c2b64527458d2d2e8f6d1f73f3a51b1d315d4404175a205f6be873a3739,-0.000357966,0.535348,-0.000597985,1.00013,34,0,34,0,9,3,6,0,15,15,0,0,corner=3686/0/3686/0;rooms=1427/624/794/9;vertical=1430/1151/212/67
129,528384,0.0463653,58,13,44,1,1.34599,0.000901371,43/43/42,33248f11520446fe6613071b91708adabe72a18f325f0dd097570e3178ddaf40,-0.00155735,0.673414,-0.0005982,1.00056,33,0,33,0,13,1,11,1,12,12,0,0,corner=3719/0/3719/0;rooms=1440/625/805/10;vertical=1442/1163/212/67
130,532480,0.0464511,54,13,41,0,1.33484,0.00245589,43/43/42,d4982e28086b2a1561607ab18089b806b90cb490e0f5ac4621512e8390bd8494,0.000183459,0.65584,-0.000597558,1.00071,31,0,31,0,12,3,9,0,11,10,1,0,corner=3750/0/3750/0;rooms=1452/628/814/10;vertical=1453/1173/213/67
131,536576,0.0472986,54,16,38,0,1.29649,0.000291049,43/43/42,17f735611a9a82773c9ad77025731643eb1759ee82dc4ef0cefa7f884448ccef,-0.000280194,0.432683,-0.000596587,1.00159,33,0,33,0,7,3,4,0,14,13,1,0,corner=3783/0/3783/0;rooms=1459/631/818/10;vertical=1467/1186/214/67
132,540672,0.0458353,52,15,36,1,1.33936,0.000296623,43/43/42,93495c7bcc793598ed5f1a7b9ea00e50f19fb171b224f950ceac576a97769213,-0.000680541,0.500478,-0.000595414,0.998955,30,0,30,0,11,5,6,0,11,10,0,1,corner=3813/0/3813/0;rooms=1470/636/824/10;vertical=1478/1196/214/68
133,544768,0.0465153,61,18,40,3,1.29021,0.00124958,43/43/42,9c4190120dcfcb180387211730afc0e0a3de91f45868838dd43611aae5185f3c,0.000189776,0.549408,-0.000595425,0.998311,36,0,36,0,13,7,3,3,12,11,1,0,corner=3849/0/3849/0;rooms=1483/643/827/13;vertical=1490/1207/215/68
134,548864,0.0454888,54,13,41,0,1.31999,5.27203e-05,43/43/42,2e52916945f56f059cab21c44e985fdc0aa7f48ef9cdd419e58e20a1fd49500f,-0.000214478,0.665683,-0.000594826,0.998922,32,0,32,0,10,2,8,0,12,11,1,0,corner=3881/0/3881/0;rooms=1493/645/835/13;vertical=1502/1218/216/68
135,552960,0.0456989,63,16,46,1,1.32858,0.000280291,43/43/42,bb4efc97e38d22246477a1ddaa0ceaca7d2a7cdd0202697b1d7900c6412af2dd,-0.000858272,1.03106,-0.00059416,0.999963,34,0,34,0,14,4,9,1,15,12,3,0,corner=3915/0/3915/0;rooms=1507/649/844/14;vertical=1517/1230/219/68
136,557056,0.0463709,64,18,46,0,1.33955,1.63615e-05,43/43/42,c5fdc68d23b995e7b2408ef992fca7ea5679de8fed436839ab1af574d0214ea1,-0.000864954,0.790004,-0.000593643,0.999265,34,0,34,0,15,4,11,0,15,14,1,0,corner=3949/0/3949/0;rooms=1522/653/855/14;vertical=1532/1244/220/68
137,561152,0.0468743,56,13,42,1,1.34194,0.00052157,43/43/42,1a5a8a062980a799c222153c9f52fefccef0f81af4f3f4f673e4627d902ca54e,-0.000335489,0.960953,-0.000593068,0.998004,31,0,31,0,14,5,9,0,11,8,2,1,corner=3980/0/3980/0;rooms=1536/658/864/14;vertical=1543/1252/222/69
138,565248,0.0472198,62,19,42,1,1.35854,0.000424773,43/43/42,9a0b2962a26de022336623966efad4e448999f8c4bc5c0dca087a788a61433b5,6.89114e-05,0.915876,-0.00059325,0.999075,30,0,30,0,13,4,8,1,19,15,4,0,corner=4010/0/4010/0;rooms=1549/662/872/15;vertical=1562/1267/226/69
139,569344,0.0463472,65,19,45,1,1.39015,0.000801712,43/43/42,0e681888f8bd29e8caa1ff891d762a04e69cc8ef724de2b71a32654846db88b2,-0.000114114,0.676051,-0.000592451,1.00102,37,0,37,0,14,7,7,0,14,12,1,1,corner=4047/0/4047/0;rooms=1563/669/879/15;vertical=1576/1279/227/70
140,573440,0.0470097,53,14,37,2,1.39179,0.00185242,43/43/42,afd8ca15039f74391b4934a9a1a9e10fbb84ea5acfc9eb1c7c1d129a001629e3,0.00253074,0.754067,-0.000591433,1.00052,29,0,29,0,13,5,6,2,11,9,2,0,corner=4076/0/4076/0;rooms=1576/674/885/17;vertical=1587/1288/229/70
141,577536,0.0469889,63,20,43,0,1.37381,0.00140637,43/43/42,c86a66a47b1288f97bf5cbdc290718add174a195630881466862361be78d5cc3,0.00204786,0.619138,-0.000590332,0.999691,36,0,36,0,13,6,7,0,14,14,0,0,corner=4112/0/4112/0;rooms=1589/680/892/17;vertical=1601/1302/229/70
142,581632,0.0457899,59,16,42,1,1.39656,0.000433236,43/43/42,1d56563b1592496f8bb8197c7737b42beeb80616a6649a7f5717b737044ac7d9,-0.00251834,0.879626,-0.000590233,1.00036,33,0,33,0,10,3,6,1,16,13,3,0,corner=4145/0/4145/0;rooms=1599/683/898/18;vertical=1617/1315/232/70
143,585728,0.0469331,63,17,46,0,1.4052,0.00111353,43/43/42,9f09fdb342e25f4f4eadaa01a8f07f717ea2a6cc7a4a6d87a1364c712f51ae48,-0.000998579,0.913809,-0.000589733,0.999207,36,0,36,0,14,6,8,0,13,11,2,0,corner=4181/0/4181/0;rooms=1613/689/906/18;vertical=1630/1326/234/70
144,589824,0.0471642,66,17,48,1,1.37938,0.00178009,43/43/42,2917ae208051f505ed14b78e2f496eb2f2b3642c7553e71529532a7846c5d269,-0.000413097,0.86455,-0.000588869,0.996869,38,0,38,0,18,8,9,1,10,9,1,0,corner=4219/0/4219/0;rooms=1631/697/915/19;vertical=1640/1335/235/70
145,593920,0.0453301,70,20,49,1,1.35338,0.000106394,43/43/42,0e4fb52ffc04657cc0944a96aee16d12da20b7c4b4304b98e9b783e0acbdb675,-0.00226628,1.25886,-0.000589056,1.0001,26,0,26,0,26,6,19,1,18,14,4,0,corner=4245/0/4245/0;rooms=1657/703/934/20;vertical=1658/1349/239/70
146,598016,0.0462203,59,18,41,0,1.37476,0.000183135,43/43/42,82fa3ce0e753a8a5ae00aab961657de3fd00188bf34ce981cef8ffc6bcb2674f,-0.0004469,1.00995,-0.000588133,1.00077,30,0,30,0,11,4,7,0,18,14,4,0,corner=4275/0/4275/0;rooms=1668/707/941/20;vertical=1676/1363/243/70
147,602112,0.0460266,57,12,45,0,1.37107,0.000154391,43/43/42,69e3934176cdc9fbd28d0510cb4a3cd738b653aaf886ce03beb8635094b97684,-0.00129367,0.582955,-0.000587416,1.00146,39,0,39,0,8,4,4,0,10,8,2,0,corner=4314/0/4314/0;rooms=1676/711/945/20;vertical=1686/1371/245/70
148,606208,0.0463977,58,15,43,0,1.3369,0.000418216,43/43/42,8b6921b216718e916aab79958388c5de686f4882bfe307012c1d4a8213da3c89,0.000581194,0.763536,-0.000587999,0.999818,36,0,36,0,13,7,6,0,9,8,1,0,corner=4350/0/4350/0;rooms=1689/718/951/20;vertical=1695/1379/246/70
149,610304,0.0463207,58,23,35,0,1.34043,0.00039053,43/43/42,90a6224994f1ca39cd89c8aac5347b976a8e0c4068934188b3d05097c76a1d7c,0.000373045,0.441478,-0.00058814,0.99981,30,0,30,0,13,8,5,0,15,15,0,0,corner=4380/0/4380/0;rooms=1702/726/956/20;vertical=1710/1394/246/70
150,614400,0.047104,58,19,38,1,1.37231,0.00137392,43/43/42,53951d37b4d0ab2f0246e44a6cfb12831324d53d6d49bd6d3d9cb4d9dae98be5,0.000814772,1.06547,-0.0005877,1.00143,27,0,27,0,20,9,10,1,11,10,1,0,corner=4407/0/4407/0;rooms=1722/735/966/21;vertical=1721/1404/247/70
151,618496,0.0456077,56,11,44,1,1.36898,8.38339e-05,43/43/42,0be604dda5ae163acf2fe9b9561ad86d9c99da1446d736b5f44ed2cb69ca21cc,0.00405102,0.443058,-0.000586733,1.00058,39,0,39,0,7,2,4,1,10,9,1,0,corner=4446/0/4446/0;rooms=1729/737/970/22;vertical=1731/1413/248/70
152,622592,0.0466936,59,18,41,0,1.3379,0.00024727,43/43/42,aeefc4b9629bcde15b676f4b1c484f13f276abd4e7e633510616eed5c77b1490,-0.000171446,0.714189,-0.000585871,0.998358,34,0,34,0,12,6,6,0,13,12,1,0,corner=4480/0/4480/0;rooms=1741/743/976/22;vertical=1744/1425/249/70
153,626688,0.0448257,59,17,40,2,1.36112,0.00080359,43/43/42,73c05bff3ae2694cb5897844d6a48abf98f256d68aecc71e64748991ffa939c9,0.000956445,0.784412,-0.000585949,1.00031,31,0,31,0,14,5,7,2,14,12,2,0,corner=4511/0/4511/0;rooms=1755/748/983/24;vertical=1758/1437/251/70
154,630784,0.046755,57,12,43,2,1.35462,0.00115457,43/43/42,9ac50050c1b88165883d7f686e39746aae8da3e657e1e5b4b1c472be7f5b1303,-0.00309481,1.05138,-0.000586016,1.00019,33,0,33,0,13,5,8,0,11,7,2,2,corner=4544/0/4544/0;rooms=1768/753/991/24;vertical=1769/1444/253/72
155,634880,0.0465999,52,15,37,0,1.37902,0.000869066,43/43/42,c7a8c3e0027f169c2a1b2b41c4b09216fe05dcf211ce33bd539ad78676720115,0.00189859,0.727824,-0.000586204,1.00116,32,0,32,0,9,6,3,0,11,9,2,0,corner=4576/0/4576/0;rooms=1777/759/994/24;vertical=1780/1453/255/72
156,638976,0.0467246,55,11,42,2,1.3164,5.51045e-05,43/43/42,c534780034a4978939e2f7aec633c82ba5311a85f6ad4b72ba3381653fa5e96b,-0.000316095,0.730502,-0.000585541,0.999019,35,0,35,0,12,6,5,1,8,5,2,1,corner=4611/0/4611/0;rooms=1789/765/999/25;vertical=1788/1458/257/73
157,643072,0.0469206,62,18,44,0,1.32837,0.000611693,43/43/42,5d2b317fa557bed1afcb80ed6693b6c11c07b59b496a086638bff52897308dab,0.00107593,0.78189,-0.000584685,0.998054,36,0,36,0,16,8,8,0,10,10,0,0,corner=4647/0/4647/0;rooms=1805/773/1007/25;vertical=1798/1468/257/73
158,647168,0.0468608,50,16,33,1,1.32707,0.000891119,43/43/42,19751a7994f4639493fbfe81a4fdd346e979eb0829df2050015f131f191fa93f,0.00373208,0.670097,-0.000583954,1.00045,28,0,28,0,14,9,4,1,8,7,1,0,corner=4675/0/4675/0;rooms=1819/782/1011/26;vertical=1806/1475/258/73
159,651264,0.0454981,54,10,44,0,1.33129,0.00145534,43/43/42,021b7288bfa895bb499b768c0c90537cdc5e683df85772ed1c2eb8a431f04e00,-0.00100925,1.47527,-0.000583536,1.00093,31,0,31,0,8,3,5,0,15,7,8,0,corner=4706/0/4706/0;rooms=1827/785/1016/26;vertical=1821/1482/266/73
160,655360,0.0469515,52,14,38,0,1.30694,0.000109106,43/43/42,2e8a89985ed73d5ec6e7beb56612766340dd7843aa4701137654324e9ea12407,0.00080416,0.472985,-0.000583461,1.00037,36,0,36,0,7,5,2,0,9,9,0,0,corner=4742/0/4742/0;rooms=1834/790/1018/26;vertical=1830/1491/266/73
161,659456,0.0468808,62,16,45,1,1.27571,0.000142962,43/43/42,af2e52b23e727f602a5ec159f90af36c062abb6ec77c3ed0e0f7ad237807ea8d,-0.00196412,1.18095,-0.000583641,1.00084,32,0,32,0,18,10,8,0,12,6,5,1,corner=4774/0/4774/0;rooms=1852/800/1026/26;vertical=1842/1497/271/74
162,663552,0.0454028,47,4,41,2,1.30303,0.000194103,43/43/42,bb2f7e4e0c6f63f46b970b8ec1c1c0e879b708415791755f4022211aa7456113,0.00316656,0.474548,-0.000583648,0.998021,35,0,35,0,7,0,5,2,5,4,1,0,corner=4809/0/4809/0;rooms=1859/800/1031/28;vertical=1847/1501/272/74
163,667648,0.0455824,54,15,37,2,1.32933,0.000825554,43/43/42,4226958d2ecb7c9396160bb93bdd7f6aeab25fdffee337d0e161579a415755c2,-0.00162758,0.70062,-0.000583149,0.997093,30,0,30,0,9,3,5,1,15,12,2,1,corner=4839/0/4839/0;rooms=1868/803/1036/29;vertical=1862/1513/274/75
164,671744,0.0464339,51,11,37,3,1.28479,0.000235468,43/43/42,2da98b101b3119b904123b77d9c994146d8a2698d7712a3248a103879e788db9,-0.00253757,0.734608,-0.000583409,1.00398,33,0,33,0,8,4,2,2,10,7,2,1,corner=4872/0/4872/0;rooms=1876/807/1038/31;vertical=1872/1520/276/76
165,675840,0.0466781,69,13,55,1,1.27597,0.00031665,43/43/42,4afb156ac3bd9ce955de0a6a45cedb51075c5a6d4cccd5d4eecaa27fce816f6d,-0.00198196,1.4763,-0.000583539,0.999195,38,0,38,0,13,7,6,0,18,6,11,1,corner=4910/0/4910/0;rooms=1889/814/1044/31;vertical=1890/1526/287/77
166,679936,0.0461459,53,14,37,2,1.29814,0.000892431,43/43/42,e339b8540415b60d873243d73e7d6295d1c9a16f59cff3e16be6dc46ba8c7685,-0.00143134,0.629706,-0.000583804,1.00072,30,0,30,0,8,3,5,0,15,11,2,2,corner=4940/0/4940/0;rooms=1897/817/1049/31;vertical=1905/1537/289/79
167,684032,0.0470002,55,17,38,0,1.31749,0.000124484,43/43/42,a4074a5e9222eb1c9fd0963fcf51da2aeaf4c0986085c99052b2ef0ad3889ae1,0.00297139,0.516485,-0.000583879,0.999187,34,0,34,0,11,8,3,0,10,9,1,0,corner=4974/0/4974/0;rooms=1908/825/1052/31;vertical=1915/1546/290/79
168,688128,0.0451991,50,16,33,1,1.32453,0.00077346,43/43/42,a76e34eecfaf0861ce3c57ed1a6b06363c34e9a4722b52b6ecc6211e2aa1f02b,-0.00177953,0.715253,-0.000583763,1.00027,28,0,28,0,12,8,3,1,10,8,2,0,corner=5002/0/5002/0;rooms=1920/833/1055/32;vertical=1925/1554/292/79
169,692224,0.0465021,58,12,41,5,1.34286,0.000597149,43/43/42,f6a994d1d08d8f60f7767f18595f1575405b7dcd8f7813fca921ee44bf45d71b,0.00378252,0.379386,-0.000582861,0.998978,39,0,39,0,8,2,1,5,11,10,1,0,corner=5041/0/5041/0;rooms=1928/835/1056/37;vertical=1936/1564/293/79
170,696320,0.0463243,59,19,40,0,1.34782,0.00025098,43/43/42,bd0a6602da5059b5e57305f288ca6daa4fa906351b1c6d3d65a84cb91bef53a0,0.00167517,1.08969,-0.000581477,1.001,30,0,30,0,12,5,7,0,17,14,3,0,corner=5071/0/5071/0;rooms=1940/840/1063/37;vertical=1953/1578/296/79
171,700416,0.0451992,57,19,37,1,1.35345,0.000533015,43/43/42,29b76e61a841a3933e78ab11d0773ef072058b5b51d94f9d12dc52be787adf0f,-0.00168129,0.803545,-0.000580477,1.00216,32,0,32,0,16,10,5,1,9,9,0,0,corner=5103/0/5103/0;rooms=1956/850/1068/38;vertical=1962/1587/296/79
172,704512,0.0461355,59,14,45,0,1.36594,5.64158e-05,43/43/42,f174f2be5406070701fb46842af9a91909e0f44b1d7739e063ddf0bbea26f5d2,0.000268511,0.805591,-0.000578851,0.999569,33,0,33,0,14,4,10,0,12,10,2,0,corner=5136/0/5136/0;rooms=1970/854/1078/38;vertical=1974/1597/298/79
173,708608,0.0468107,63,20,42,1,1.36611,0.000387549,43/43/42,0bc199addb5534bedd28b8ef2e9fea12ffadf2c7d3450eeb599257cd65c22f96,-0.00206251,0.61168,-0.000578529,1.00016,35,0,35,0,11,3,7,1,17,17,0,0,corner=5171/0/5171/0;rooms=1981/857/1085/39;vertical=1991/1614/298/79
174,712704,0.0475978,53,15,38,0,1.41395,0.00168326,43/43/42,b8fea665909bc7bcee59fa6b7ba0b4c45ea4c53428cf3d18896212d697bd4aab,-0.00185545,0.93929,-0.000577817,1.00143,28,0,28,0,13,7,6,0,12,8,4,0,corner=5199/0/5199/0;rooms=1994/864/1091/39;vertical=2003/1622/302/79
175,716800,0.0466513,58,17,41,0,1.38368,0.000745326,43/43/42,23cb8c3ae161ce2121d98427f88996efee23d3de5b36b52897b689d218d2a006,0.00566981,0.664192,-0.000577144,1.0005,34,0,34,0,13,6,7,0,11,11,0,0,corner=5233/0/5233/0;rooms=2007/870/1098/39;vertical=2014/1633/302/79
176,720896,0.0463824,58,15,41,2,1.37322,0.00010553,43/43/42,310828367877aa90779b47c7f436c6cee71ebf4b3df81e08713ff655df6caa11,0.00243479,0.694037,-0.000576651,0.999142,35,0,35,0,9,4,4,1,14,11,2,1,corner=5268/0/5268/0;rooms=2016/874/1102/40;vertical=2028/1644/304/80
177,724992,0.0469584,58,16,40,2,1.38871,0.000814706,43/43/42,648a86c45299a5bc4615f69622377aed8d7c861c2d48e31a3912db5cf6e2c7ed,0.00195397,0.638079,-0.000576366,1.00046,33,0,33,0,12,3,7,2,13,13,0,0,corner=5301/0/5301/0;rooms=2028/877/1109/42;vertical=2041/1657/304/80
178,729088,0.0458568,49,11,38,0,1.38535,0.00171819,43/43/42,b84a06354772286eaa175cd9ffe0684e6f303f017399cf823bf66b4702b3e5ee,-0.00109957,0.850739,-0.000576258,0.999645,28,0,28,0,14,5,9,0,7,6,1,0,corner=5329/0/5329/0;rooms=2042/882/1118/42;vertical=2048/1663/305/80
179,733184,0.0464897,54,13,39,2,1.35165,0.000311762,43/43/42,da361ce2d5ccf251de909a50436e47f50d15ac61537de91993af775dfee014be,0.00242713,0.402451,-0.000575572,1.00096,37,0,37,0,10,6,2,2,7,7,0,0,corner=5366/0/5366/0;rooms=2052/888/1120/44;vertical=2055/1670/305/80
180,737280,0.0466495,67,22,45,0,1.29207,0.000425607,43/43/42,00d1d17697f952bc9684ad0e6f07c4c6b4b93e70a629fe82454da496ad195bb1,0.00341306,0.825843,-0.000574464,1.0014,36,0,36,0,15,6,9,0,16,16,0,0,corner=5402/0/5402/0;rooms=2067/894/1129/44;vertical=2071/1686/305/80
181,741376,0.0453224,46,10,36,0,1.2935,0.00021258,43/43/42,900d5a95f1ec1068b0873e17c4b6074f9ccc773e4c657980585343c5256ceb4d,0.000919574,0.802456,-0.000572394,0.999882,30,0,30,0,12,7,5,0,4,3,1,0,corner=5432/0/5432/0;rooms=2079/901/1134/44;vertical=2075/1689/306/80
182,745472,0.0459941,49,10,37,2,1.32184,0.000548273,43/43/42,f6671de3838031e012b45280dc065ba51fe458cf743ba93d2fa91e1b28faa0db,-0.000181683,0.596463,-0.000570631,1.00389,30,0,30,0,12,4,6,2,7,6,1,0,corner=5462/0/5462/0;rooms=2091/905/1140/46;vertical=2082/1695/307/80
183,749568,0.046669,52,11,41,0,1.28719,5.21243e-05,43/43/42,298a7c18efd0867134dcaafb6f48650c5d43066508318947b1da9591d51d9977,-0.00258188,0.48369,-0.000569476,1.0012,36,0,36,0,7,2,5,0,9,9,0,0,corner=5498/0/5498/0;rooms=2098/907/1145/46;vertical=2091/1704/307/80
184,753664,0.0472156,57,12,45,0,1.29605,0.000813305,43/43/42,f8f92b9e15bc7814b44d4eb881dc8945ec8f2ce3a3b2c51d60b91b134893bf7d,0.00136735,0.981547,-0.000568551,0.997959,35,0,35,0,15,8,7,0,7,4,3,0,corner=5533/0/5533/0;rooms=2113/915/1152/46;vertical=2098/1708/310/80
185,757760,0.0462554,57,15,41,1,1.24224,0.000989109,43/43/42,bd6d9b0c610da9756a9c9182a77ada6cc323db50e12face2edfc20ea425e1d1f,0.000875099,0.826819,-0.000568007,1.00106,35,0,35,0,14,9,5,0,8,6,1,1,corner=5568/0/5568/0;rooms=2127/924/1157/46;vertical=2106/1714/311/81
186,761856,0.0468581,46,8,38,0,1.30992,0.00114131,43/43/42,9c1203baedb46feb020f35712fffb67ed827cbd61eb4a0d81c00f7241806928b,0.00172172,0.740915,-0.000568097,1.00008,28,0,28,0,10,2,8,0,8,6,2,0,corner=5596/0/5596/0;rooms=2137/926/1165/46;vertical=2114/1720/313/81
187,765952,0.0468128,59,12,42,5,1.25926,0.00209254,43/43/42,285451923c3323ef41101b3fe03eb08e915f3ef5356e440bf42be62566dfeb03,-0.000595681,0.682733,-0.000567842,1.00155,37,0,37,0,9,4,4,1,13,8,1,4,corner=5633/0/5633/0;rooms=2146/930/1169/47;vertical=2127/1728/314/85
188,770048,0.0456785,50,9,39,2,1.27865,0.000800997,43/43/42,171dba76a8aa61b7acefc4148f10247f17c1f275b0414d8bbc612ba083ffb646,-0.000298492,0.566055,-0.000566953,1.0015,34,0,34,0,11,5,5,1,5,4,0,1,corner=5667/0/5667/0;rooms=2157/935/1174/48;vertical=2132/1732/314/86
189,774144,0.0464547,54,12,37,5,1.30432,0.00101629,43/43/42,3e62c055795d06129f3a92d79bf53546c62ea65eda423bfb482b032664fc813e,0.000225794,0.544819,-0.000565871,1.00006,36,0,36,0,9,6,1,2,9,6,0,3,corner=5703/0/5703/0;rooms=2166/941/1175/50;vertical=2141/1738/314/89
190,778240,0.0449818,51,13,34,4,1.2967,2.37525e-05,43/43/42,0e005197cbbc6db90c87a1f29530d36dd9c7d845d0cd3897007d8c62db060b54,-0.000465611,0.616244,-0.000564527,1.0023,26,0,26,0,15,7,7,1,10,6,1,3,corner=5729/0/5729/0;rooms=2181/948/1182/51;vertical=2151/1744/315/92
191,782336,0.045519,55,12,39,4,1.30686,0.000490934,43/43/42,fdfc89ad18898d5e9b59bd5415c7185222d1090858706b920d7d167fdc942d01,-3.58901e-05,0.835742,-0.000564475,0.99958,33,0,33,0,9,5,4,0,13,7,2,4,corner=5762/0/5762/0;rooms=2190/953/1186/51;vertical=2164/1751/317/96
192,786432,0.04714,65,12,48,5,1.2917,0.00102201,43/43/42,86cef271b0a333944c64aae09e85123f8c43294e81aac4991df8bad9860e49f8,-0.00197325,0.897904,-0.000564321,1.00016,37,0,37,0,18,7,9,2,10,5,2,3,corner=5799/0/5799/0;rooms=2208/960/1195/53;vertical=2174/1756/319/99
193,790528,0.0466826,56,10,44,2,1.34147,0.00128642,43/43/42,be421cf165cd4f2c802f89e6d098a182a85394ae943e64019bd5d61c07377490,-0.0019814,0.787276,-0.00056374,0.997562,35,0,35,0,10,2,7,1,11,8,2,1,corner=5834/0/5834/0;rooms=2218/962/1202/54;vertical=2185/1764/321/100
194,794624,0.0459892,47,12,35,0,1.32991,0.000315458,43/43/42,d944810a5af17f7ed96d3fc834a5d10be4751d04b6c3257633c5ba265b382a53,-0.00150986,0.706752,-0.000562416,1.00107,32,0,32,0,8,7,1,0,7,5,2,0,corner=5866/0/5866/0;rooms=2226/969/1203/54;vertical=2192/1769/323/100
195,798720,0.0473968,60,13,45,2,1.27914,2.42293e-05,43/43/42,526209a590afb2ff8e2ed7960590d2c71382f1666829eea07a5b8ec73d85f719,-0.00206141,1.09133,-0.000561273,0.996034,30,0,30,0,19,5,13,1,11,8,2,1,corner=5896/0/5896/0;rooms=2245/974/1216/55;vertical=2203/1777/325/101
196,802816,0.0468536,62,19,43,0,1.286,0.000154287,43/43/42,9365c38969975d58ecf52395f1304ebed5b278c16f8893c79b133c5728000de5,-0.00215193,0.806803,-0.000561064,1.00222,37,0,37,0,11,6,5,0,14,13,1,0,corner=5933/0/5933/0;rooms=2256/980/1221/55;vertical=2217/1790/326/101
197,806912,0.0452136,53,10,42,1,1.30434,0.0023146,43/43/42,29cbc720b87aa9448e5e3cd191f92e976439a2bc4abd330dd290defaec790719,0.00130945,0.65145,-0.000561771,0.998628,36,0,36,0,10,5,5,0,7,5,1,1,corner=5969/0/5969/0;rooms=2266/985/1226/55;vertical=2224/1795/327/102
198,811008,0.0462029,49,8,40,1,1.29207,0.00035134,43/43/42,93c4380e8781e9c55cb3662d3e21c845bda783c79210e447e598776df9b56edc,-0.000324091,0.672259,-0.000561688,0.999243,32,0,32,0,11,3,8,0,6,5,0,1,corner=6001/0/6001/0;rooms=2277/988/1234/55;vertical=2230/1800/327/103
199,815104,0.0467982,58,18,38,2,1.30285,6.17802e-05,43/43/42,c8bae80753f5082e8b7fa18956edfdf3212f5153bd0318cd2535aed5011fe101,0.000428461,0.804111,-0.000560662,1.00054,29,0,29,0,15,7,8,0,14,11,1,2,corner=6030/0/6030/0;rooms=2292/995/1242/55;vertical=2244/1811/328/105
200,819200,0.0453718,56,15,39,2,1.31479,0.000496939,43/43/42,d1645f68fa856ea2832b2bd1e3a2513ec690660d32efe37b50d6eaa3e1734739,-0.00294341,0.735609,-0.000560361,1.00033,34,0,34,0,11,7,4,0,11,8,1,2,corner=6064/0/6064/0;rooms=2303/1002/1246/55;vertical=2255/1819/329/107
201,823296,0.0457283,59,13,44,2,1.34295,0.000930816,43/43/42,af06e6f82ae552ef5d62140fb67da12402e964e2e0891447a56a23143611cac0,0.00030749,0.589259,-0.000559417,0.999337,37,0,37,0,13,5,7,1,9,8,0,1,corner=6101/0/6101/0;rooms=2316/1007/1253/56;vertical=2264/1827/329/108
202,827392,0.0463307,55,12,40,3,1.36559,0.00127438,43/43/42,5b2d4b9afe56d1eec00eab10328b3f5987ae7918e7fe7987af3fdd1e48d51ede,-0.000911571,0.703609,-0.000559367,0.999085,32,0,32,0,9,3,6,0,14,9,2,3,corner=6133/0/6133/0;rooms=2325/1010/1259/56;vertical=2278/1836/331/111
203,831488,0.0466698,70,16,49,5,1.3445,0.000407487,43/43/42,93511c81f54794cd3800cd9e4e482f74c953d068cd3058c105c6287f983a6f16,-0.000862479,1.43476,-0.000559939,1.00077,35,0,35,0,17,6,8,3,18,10,6,2,corner=6168/0/6168/0;rooms=2342/1016/1267/59;vertical=2296/1846/337/113
204,835584,0.0469355,57,16,39,2,1.37821,0.000879198,43/43/42,d67be70b03636e583dc3b6ed3e3159e91b190594df8a67ca9d62e08e023aebb4,-0.00221476,0.705298,-0.000559217,0.997958,33,0,33,0,11,6,4,1,13,10,2,1,corner=6201/0/6201/0;rooms=2353/1022/1271/60;vertical=2309/1856/339/114
205,839680,0.0451937,55,14,41,0,1.36426,5.06639e-06,43/43/42,e36ffd45108b478581e6c53f8196d17fe386f7e0ea931a05b6cb84a0069c2363,0.000454872,0.954811,-0.000558,1.00081,30,0,30,0,14,7,7,0,11,7,4,0,corner=6231/0/6231/0;rooms=2367/1029/1278/60;vertical=2320/1863/343/114
206,843776,0.0468103,69,19,50,0,1.35919,0.00149313,43/43/42,b868640fc04a11976073c5139c0413c1c07cff4aa86cab918f3773ea5440a315,-0.000556299,1.28094,-0.000557307,0.998264,37,0,37,0,16,7,9,0,16,12,4,0,corner=6268/0/6268/0;rooms=2383/1036/1287/60;vertical=2336/1875/347/114
207,847872,0.0468501,64,17,46,1,1.37773,4.21107e-05,43/43/42,17e88b7a17a15e35a98de521e3d3e8cf8cc7daa9e11f10ad741da9a3dc69431e,0.000562368,0.936743,-0.00055665,1.00096,35,0,35,0,12,6,6,0,17,11,5,1,corner=6303/0/6303/0;rooms=2395/1042/1293/60;vertical=2353/1886/352/115
208,851968,0.0447443,50,8,42,0,1.3826,0.00169399,43/43/42,662b75e4e4a78eb87d294774fc7dd9f0c986cb3734e971b2642cf9f5389651d0,-0.00148432,0.997363,-0.000555774,1.00016,32,0,32,0,10,1,9,0,8,7,1,0,corner=6335/0/6335/0;rooms=2405/1043/1302/60;vertical=2361/1893/353/115
209,856064,0.0470354,54,17,37,0,1.37757,0.00097087,43/43/42,502455a034f43551f93ae47d039389fbe1d9f837e9fb1979ccc8effdef00370a,-0.000689333,0.510854,-0.000555163,0.997637,33,0,33,0,10,6,4,0,11,11,0,0,corner=6368/0/6368/0;rooms=2415/1049/1306/60;vertical=2372/1904/353/115
210,860160,0.0468267,61,20,40,1,1.34631,0.000511199,43/43/42,215f63e13bba146fdb1534cce80f9944d51d45322bac1b30313c28e9cc358845,0.000206375,0.692027,-0.000553999,1.002,36,0,36,0,13,9,3,1,12,11,1,0,corner=6404/0/6404/0;rooms=2428/1058/1309/61;vertical=2384/1915/354/115
211,864256,0.0468086,58,10,46,2,1.32959,0.00020808,43/43/42,a3141a9dbd6c5a8907c4ffbe7424f64f2b235513c5dce83deceef3555cda1b23,0.000539789,1.2429,-0.000552981,0.996862,32,0,32,0,14,3,9,2,12,7,5,0,corner=6436/0/6436/0;rooms=2442/1061/1318/63;vertical=2396/1922/359/115
212,868352,0.0464711,55,8,46,1,1.33399,3.86536e-05,43/43/42,023ea573287407a27fb43ccc2e0ee3fe00beee31bc9a50bcbd7c6e10404c7c85,-0.00162181,0.886919,-0.000552828,0.997762,32,0,32,0,15,2,13,0,8,6,1,1,corner=6468/0/6468/0;rooms=2457/1063/1331/63;vertical=2404/1928/360/116
213,872448,0.0461373,57,13,43,1,1.3416,2.33948e-05,43/43/42,3338da0fcdc6fa3c3e784cdb00ff197260029aeb76f239ed00052188f73f4e9a,0.00116889,0.752232,-0.000552143,1.00195,34,0,34,0,12,3,8,1,11,10,1,0,corner=6502/0/6502/0;rooms=2469/1066/1339/64;vertical=2415/1938/361/116
214,876544,0.0455428,58,14,43,1,1.31975,7.08401e-05,43/43/42,b70d622c735572ed5cb6f81a7910f90e51990eb14d43c743eecc692dedef07b6,0.000804472,0.82898,-0.000550854,1.00068,35,0,35,0,8,3,5,0,15,11,3,1,corner=6537/0/6537/0;rooms=2477/1069/1344/64;vertical=2430/1949/364/117
215,880640,0.0464786,52,13,39,0,1.35898,0.00125399,43/43/42,0269d883988cf9467590bec2250848b5b1c14a3b88f690737a618f351f4dcef1,0.000867592,0.723234,-0.000550219,0.999195,31,0,31,0,14,7,7,0,7,6,1,0,corner=6568/0/6568/0;rooms=2491/1076/1351/64;vertical=2437/1955/365/117
216,884736,0.0466822,62,20,40,2,1.33509,0.000917941,43/43/42,a6a2c74f81e38b53bd470ca3200e44aa88446ea2ac302599234c0dd7219f4c89,-0.00133199,0.807789,-0.000550208,0.998698,35,0,35,0,10,7,2,1,17,13,3,1,corner=6603/0/6603/0;rooms=2501/1083/1353/65;vertical=2454/1968/368/118
217,888832,0.046542,61,17,42,2,1.35867,0.000935346,43/43/42,1c48803e4d7a293e914aa69380d282c67fcff9a379c454488e59ab702bb66647,-0.00081052,0.708763,-0.000550817,1.00201,35,0,35,0,14,7,6,1,12,10,1,1,corner=6638/0/6638/0;rooms=2515/1090/1359/66;vertical=2466/1978/369/119
218,892928,0.0461149,60,12,46,2,1.36086,0.00122574,43/43/42,aa10b613194665bbeb9e41f811ea7666bf920c6dd74165806fd449784b2a9bdc,-0.000246274,0.995677,-0.000550713,1.00224,36,0,36,0,16,5,9,2,8,7,1,0,corner=6674/0/6674/0;rooms=2531/1095/1368/68;vertical=2474/1985/370/119
219,897024,0.0453219,69,16,49,4,1.35994,0.000696212,43/43/42,61f3a10e4a6868658b1476e09ab0b4fe4f8b9c63cc7b6816533cac5332d0650b,0.000428569,1.09687,-0.000550108,0.998671,34,0,34,0,20,6,13,1,15,10,2,3,corner=6708/0/6708/0;rooms=2551/1101/1381/69;vertical=2489/1995/372/122
220,901120,0.0461928,56,13,42,1,1.36665,1.69873e-06,43/43/42,27f52799e17a4f61400bea2f4db226d482be0d9cb35317dc6025a40085eac277,0.00142679,0.965121,-0.000549577,0.999522,31,0,31,0,12,2,9,1,13,11,2,0,corner=6739/0/6739/0;rooms=2563/1103/1390/70;vertical=2502/2006/374/122
221,905216,0.0461238,66,19,46,1,1.39305,0.000789791,43/43/42,19c60e7abe3dde563397a31e624065cdca51d8881a440d84ea26c71d68b636d0,0.00162167,0.923235,-0.000549088,0.999618,37,0,37,0,13,5,8,0,16,14,1,1,corner=6776/0/6776/0;rooms=2576/1108/1398/70;vertical=2518/2020/375/123
222,909312,0.0465582,54,11,42,1,1.42709,0.000562698,43/43/42,c67ac5cb04c51f7f35517002196655401ec299188b7c128a41f5ffb8a0a655c8,0.000375316,0.896282,-0.000548222,0.996729,32,0,32,0,15,5,9,1,7,6,1,0,corner=6808/0/6808/0;rooms=2591/1113/1407/71;vertical=2525/2026/376/123
223,913408,0.0467608,71,24,47,0,1.40534,7.58469e-05,43/43/42,65facd9a140c61e82527f703a18f25bbc35ab18359d469036894c88b0f2a5ae7,0.0018414,1.01116,-0.000547643,1.00129,36,0,36,0,15,6,9,0,20,18,2,0,corner=6844/0/6844/0;rooms=2606/1119/1416/71;vertical=2545/2044/378/123
224,917504,0.0451958,62,14,48,0,1.42349,0.00258389,43/43/42,1a14f5b6d6c883450b13616df30003038b7ff75bb160eac6aa417856e5268020,0.000254199,1.31639,-0.000546464,1.00138,31,0,31,0,15,2,13,0,16,12,4,0,corner=6875/0/6875/0;rooms=2621/1121/1429/71;vertical=2561/2056/382/123
225,921600,0.0466952,58,9,49,0,1.41485,0.000519544,43/43/42,5a6cd1c94d42fabb52f1113471c9cd744a9d7934f62c2cdb18861d5db6d88f6a,-0.000323188,1.01298,-0.000545488,1.00082,37,0,37,0,14,3,11,0,7,6,1,0,corner=6912/0/6912/0;rooms=2635/1124/1440/71;vertical=2568/2062/383/123
226,925696,0.0466817,66,19,47,0,1.40604,0.00115651,43/43/42,4a0306760a720b1b62cc08482cb4ef5302a6e437b007fc0799fe135eaee3e442,0.00283234,0.87547,-0.0005441,0.999375,36,0,36,0,16,6,10,0,14,13,1,0,corner=6948/0/6948/0;rooms=2651/1130/1450/71;vertical=2582/2075/384/123
227,929792,0.0456367,64,20,44,0,1.40846,0.000732332,43/43/42,05f6e469890b100e4f82662306903511b7ab02a6f6232f5030c362e1025359cb,-0.000469319,1.42903,-0.000543092,1.00091,31,0,31,0,14,5,9,0,19,15,4,0,corner=6979/0/6979/0;rooms=2665/1135/1459/71;vertical=2601/2090/388/123
228,933888,0.0465526,58,14,44,0,1.44821,0.000510484,43/43/42,5703e6e62439fc5babca81166989e3c0641c9dd6647d6164f36e20848afb123d,3.25129e-05,0.730281,-0.000542078,1.00096,37,0,37,0,8,2,6,0,13,12,1,0,corner=7016/0/7016/0;rooms=2673/1137/1465/71;vertical=2614/2102/389/123
229,937984,0.0464209,56,10,46,0,1.39085,0.000649005,43/43/42,974cc9d22554aee8ca3c6f1ba23351ac555b7dd9c2c04e349d461215477d0bd6,-0.00217584,1.11662,-0.000541986,0.998476,29,0,29,0,22,6,16,0,5,4,1,0,corner=7045/0/7045/0;rooms=2695/1143/1481/71;vertical=2619/2106/390/123
230,942080,0.0449261,67,21,46,0,1.40383,1.73151e-05,43/43/42,e4e2152c59214bf69c332cc0dad5f1717c29560418098b826635bb81499228ba,-0.00292128,1.15159,-0.000542665,1.00038,37,0,37,0,12,6,6,0,18,15,3,0,corner=7082/0/7082/0;rooms=2707/1149/1487/71;vertical=2637/2121/393/123
231,946176,0.0462943,64,18,45,1,1.39603,2.99513e-05,43/43/42,dbfcba4b85e40f2d79f9aab9f5614ae6157a40d56a22d949437668a72db4af9c,-0.000257952,0.645144,-0.000542293,0.998652,36,0,36,0,13,4,8,1,15,14,1,0,corner=7118/0/7118/0;rooms=2720/1153/1495/72;vertical=2652/2135/394/123
232,950272,0.0466262,53,10,43,0,1.40507,0.00116268,43/43/42,ce84f712e78e31d704d75e31319ce52c9328b1893ed450ca7d46b55d73c292e0,0.00107732,0.898898,-0.000540862,1.00138,34,0,34,0,12,4,8,0,7,6,1,0,corner=7152/0/7152/0;rooms=2732/1157/1503/72;vertical=2659/2141/395/123
233,954368,0.0463442,59,17,41,1,1.41861,9.95398e-05,43/43/42,37f65e3c8243cd39f7d32fdc494fa941575d0023521f2ebd3c9245feddc63c27,0.00326794,1.11444,-0.000540746,1.00068,31,0,31,0,14,4,9,1,14,13,1,0,corner=7183/0/7183/0;rooms=2746/1161/1512/73;vertical=2673/2154/396/123
234,958464,0.0466597,64,17,47,0,1.35157,0.000450999,43/43/42,c7403bc43a85f9bc3a090ed69f16d142ad40c1632e65f722c069a315d7d8b054,0.00123232,1.32275,-0.000541229,0.998691,36,0,36,0,8,4,4,0,20,13,7,0,corner=7219/0/7219/0;rooms=2754/1165/1516/73;vertical=2693/2167/403/123
235,962560,0.0467726,54,11,43,0,1.37255,0.000408083,43/43/42,2c19c71096214cfb95eac151160d51ab176b45e905d627e8c42a152d2b3fa00b,0.000839585,0.858827,-0.00054089,0.998951,33,0,33,0,12,3,9,0,9,8,1,0,corner=7252/0/7252/0;rooms=2766/1168/1525/73;vertical=2702/2175/404/123
236,966656,0.0458315,60,10,49,1,1.3552,0.000253379,43/43/42,6f1daa44c983ecdf5bf137ec42c69d11b77b015666fc3b552a2b7812310453ee,-0.00309263,1.00211,-0.000540767,0.998234,35,0,35,0,20,6,13,1,5,4,1,0,corner=7287/0/7287/0;rooms=2786/1174/1538/74;vertical=2707/2179/405/123
237,970752,0.0464647,63,13,49,1,1.36394,0.000420719,43/43/42,0645759e0c7815650b64d3432d37e9d5af22e9c70a938feb54d7448034cb3b4e,0.002799,1.45968,-0.000540257,1.0005,31,0,31,0,13,2,10,1,19,11,8,0,corner=7318/0/7318/0;rooms=2799/1176/1548/75;vertical=2726/2190/413/123
238,974848,0.0475325,53,12,40,1,1.35768,0.000857741,43/43/42,80b4a34974688e2a900c8d6b58895a753561257c62a1d5018226249f24510108,-0.0045098,0.515887,-0.000539761,0.999458,34,0,34,0,7,0,6,1,12,12,0,0,corner=7352/0/7352/0;rooms=2806/1176/1554/76;vertical=2738/2202/413/123
239,978944,0.04663,55,9,44,2,1.3684,0.00136676,43/43/42,5bb3844aef391b190422c0e2686c1a0e01d2391316c5d271f171485d44e6d461,8.2892e-05,0.674325,-0.000539599,0.997343,37,0,37,0,11,6,4,1,7,3,3,1,corner=7389/0/7389/0;rooms=2817/1182/1558/77;vertical=2745/2205/416/124
240,983040,0.0455905,61,14,45,2,1.33573,0.00049904,43/43/42,fe1fa88cc511c49472af5f29383aa9196619afe706b56661a9a713e23d22d9ca,7.1117e-05,1.13604,-0.000539998,1.00006,34,0,34,0,19,9,8,2,8,5,3,0,corner=7423/0/7423/0;rooms=2836/1191/1566/79;vertical=2753/2210/419/124
241,987136,0.0466788,70,21,48,1,1.33125,0.000242859,43/43/42,10f9d71110c977f1ac4fae1d3630fb0fadd8489e37d1ce15111e3ec39eebd15c,0.00139671,1.09565,-0.000540378,1.00042,37,0,37,0,14,5,8,1,19,16,3,0,corner=7460/0/7460/0;rooms=2850/1196/1574/80;vertical=2772/2226/422/124
242,991232,0.0466335,60,9,49,2,1.36707,0.000789672,43/43/42,65f03ec237e4940adfccc7fff3e1d79653bb43ee894a1ae6f4dc34967edc01f9,-0.000487184,0.852929,-0.000540071,1.00041,34,0,34,0,17,3,12,2,9,6,3,0,corner=7494/0/7494/0;rooms=2867/1199/1586/82;vertical=2781/2232/425/124
243,995328,0.04636,53,15,38,0,1.36699,2.17557e-06,43/43/42,858b19b8873d240ec0a3219a2e40bc8738f3221aa624af742f4b59acb368cf42,0.0017198,0.784827,-0.000539531,1.00072,33,0,33,0,12,8,4,0,8,7,1,0,corner=7527/0/7527/0;rooms=2879/1207/1590/82;vertical=2789/2239/426/124
244,999424,0.0462786,66,17,48,1,1.38109,0.00332466,43/43/42,2c4619a7e70c332e301cb894a88cbca2e5f0ac8badf45b0d8afe9ada7662cb84,-0.000590677,1.19335,-0.000538616,1.00077,35,0,35,0,15,6,9,0,16,11,4,1,corner=7562/0/7562/0;rooms=2894/1213/1599/82;vertical=2805/2250/430/125
245,1003520,0.0466335,57,15,42,0,1.38603,0.00206473,43/43/42,34f7db1d450a930ef20cfad56591e2d1299bf6cb1f53f32b52526cce5bd3b15c,-0.00324513,0.944307,-0.000539106,1.00115,35,0,35,0,10,5,5,0,12,10,2,0,corner=7597/0/7597/0;rooms=2904/1218/1604/82;vertical=2817/2260/432/125
246,1007616,0.0453563,64,11,52,1,1.36802,0.000742346,43/43/42,425cd8193871714014b3bc53abff27a77fe8040c7dc9fc0db1fdd7b4564d98c4,-0.000450514,1.02642,-0.000539793,0.998493,39,0,39,0,20,8,12,0,5,3,1,1,corner=7636/0/7636/0;rooms=2924/1226/1616/82;vertical=2822/2263/433/126
247,1011712,0.04644,55,13,41,1,1.36217,0.00089696,43/43/42,667c40ae1cfb44561eefef1a5fa20a4a8665b9c0e0899f37b8cdd5e4e7f43f6f,0.00049108,0.889269,-0.000539825,1.00024,30,0,30,0,16,5,10,1,9,8,1,0,corner=7666/0/7666/0;rooms=2940/1231/1626/83;vertical=2831/2271/434/126
248,1015808,0.0455635,60,15,43,2,1.3995,3.28124e-05,43/43/42,5cfcb018aaa5cc8eb770c79fc5e7e71bdb02a56d828f33f3599abe819afc2a89,0.00202318,0.654372,-0.000539178,0.999632,36,0,36,0,11,5,5,1,13,10,2,1,corner=7702/0/7702/0;rooms=2951/1236/1631/84;vertical=2844/2281/436/127
249,1019904,0.0462269,52,7,44,1,1.38733,0.000555664,43/43/42,bd8763c8e01060b6c0b697c17f08aa4286455d61b0b8962bfeec38b722e631b8,0.000743991,0.865981,-0.000538474,1.00053,34,0,34,0,14,4,9,1,4,3,1,0,corner=7736/0/7736/0;rooms=2965/1240/1640/85;vertical=2848/2284/437/127
250,1024000,0.0464459,54,10,43,1,1.35773,0.000576288,43/43/42,291f011e23f3b90da7b904c84ce5e86ed54ca1ce6b8c853d08572852eb9ae898,-0.000596517,0.804531,-0.000538171,0.997446,36,0,36,0,8,2,6,0,10,8,1,1,corner=7772/0/7772/0;rooms=2973/1242/1646/85;vertical=2858/2292/438/128
251,1028096,0.0463669,59,17,41,1,1.33319,3.20971e-05,43/43/42,489275bbcb62b96bbe776ae632317456fd28f515a4e492fe085ea70a2f873c9b,-0.000789845,0.731995,-0.00053779,1.0002,37,0,37,0,13,10,3,0,9,7,1,1,corner=7809/0/7809/0;rooms=2986/1252/1649/85;vertical=2867/2299/439/129
252,1032192,0.0463266,55,11,44,0,1.33499,0.00299135,43/43/42,b98df3dfe8ae3ae40cbfcf3c2ab3239650bd1246adfd527a6b8e14b10e7d2872,-0.00124522,0.895874,-0.000536481,0.998521,38,0,38,0,10,6,4,0,7,5,2,0,corner=7847/0/7847/0;rooms=2996/1258/1653/85;vertical=2874/2304/441/129
253,1036288,0.0466228,53,8,44,1,1.30001,0.00251094,43/43/42,e339d08c7a04baef0820341ca3d66536e089962b76f36f64048d8ed569fec781,-0.00347306,1.00416,-0.000535602,1.00236,32,0,32,0,16,5,11,0,5,3,1,1,corner=7879/0/7879/0;rooms=3012/1263/1664/85;vertical=2879/2307/442/130
254,1040384,0.0462414,54,6,46,2,1.32046,9.20594e-05,43/43/42,313c5ee7b42545808733cebb87ef9c15c83d076ada97c3b3ffff97a96d3df235,1.27614e-06,0.997701,-0.000535189,1.00237,35,0,35,0,12,3,9,0,7,3,2,2,corner=7914/0/7914/0;rooms=3024/1266/1673/85;vertical=2886/2310/444/132
255,1044480,0.0455478,57,6,50,1,1.29065,0.00163856,43/43/42,ae0ad2fd711b38b1f7b05dc2c263a7e404380a74d53e63d6c84bed8b05f3ea79,-0.000492082,1.12402,-0.000534223,1.00021,37,0,37,0,14,3,11,0,6,3,2,1,corner=7951/0/7951/0;rooms=3038/1269/1684/85;vertical=2892/2313/446/133
256,1048576,0.0465861,48,5,41,2,1.25144,0.000415713,43/43/42,9dd8ed5df9ed53d349266f309dac80581f3ef6f372cfafc00295dbad31b9e549,-0.000972527,0.742251,-0.00053338,1.00063,34,0,34,0,11,4,6,1,3,1,1,1,corner=7985/0/7985/0;rooms=3049/1273/1690/86;vertical=2895/2314/447/134
257,1052672,0.0456062,52,7,43,2,1.25487,0.00123444,43/43/42,f1d39401ea9a03e3d6217790606010444a70b84a90157106bf5920e09c5db4e9,0.000355955,0.577161,-0.000532842,1.00011,38,0,38,0,9,4,5,0,5,3,0,2,corner=8023/0/8023/0;rooms=3058/1277/1695/86;vertical=2900/2317/447/136
258,1056768,0.0454088,61,10,46,5,1.23401,0.000748307,43/43/42,54ea31e944f234124ff3acd838c7a281776213326e2d4ddc2405bc83e0cb5692,0.00223694,0.682509,-0.000532997,1.00352,39,0,39,0,12,5,6,1,10,5,1,4,corner=8062/0/8062/0;rooms=3070/1282/1701/87;vertical=2910/2322/448/140
259,1060864,0.0466265,49,10,38,1,1.25286,0.00107875,43/43/42,034ff35aa163b0c68f587e09526c9347f89ac706ddf86c3936129edfa1531ec6,0.00262685,0.89359,-0.000532647,0.999486,32,0,32,0,14,7,6,1,3,3,0,0,corner=8094/0/8094/0;rooms=3084/1289/1707/88;vertical=2913/2325/448/140
260,1064960,0.0465876,59,12,43,4,1.28951,0.000949413,43/43/42,7625443b6d13c552d9f3ce37f3fcc0464d0f7812371318263c56b4cf5cc16e2f,-0.00117466,0.874902,-0.000531623,1.00131,37,0,37,0,13,8,5,0,9,4,1,4,corner=8131/0/8131/0;rooms=3097/1297/1712/88;vertical=2922/2329/449/144
261,1069056,0.0459625,58,11,45,2,1.29606,0.000919133,43/43/42,495bcfaaa4e951007629377e88951cec07681cb50be9c7cc6d213dc2324b4363,-0.000345779,0.701898,-0.000530487,0.999783,38,0,38,0,9,2,7,0,11,9,0,2,corner=8169/0/8169/0;rooms=3106/1299/1719/88;vertical=2933/2338/449/146
262,1073152,0.0462538,54,10,42,2,1.27421,0.000553399,43/43/42,065ba64217b4d92adf6b045f4fae41efeaadb7ac0e349c47a40cbd325976cb7c,0.000211259,0.845176,-0.000528432,1.00082,34,0,34,0,13,6,7,0,7,4,1,2,corner=8203/0/8203/0;rooms=3119/1305/1726/88;vertical=2940/2342/450/148
263,1077248,0.045689,61,7,51,3,1.29604,1.56462e-05,43/43/42,03d45ecac28859620ffade83ed2edb339bc0757df051fda8da5f2cd478b503f1,0.00116356,0.818149,-0.000527546,0.998615,41,0,41,0,17,7,10,0,3,0,0,3,corner=8244/0/8244/0;rooms=3136/1312/1736/88;vertical=2943/2342/450/151
264,1081344,0.046064,64,13,44,7,1.30579,0.000972897,43/43/42,22cc28d1c53c595a3611c59cd5d277be5a33af81813563459eb16a43eeee6415,-0.00295869,0.763503,-0.000528222,1.00118,33,0,33,0,16,4,10,2,15,9,1,5,corner=8277/0/8277/0;rooms=3152/1316/1746/90;vertical=2958/2351/451/156
265,1085440,0.0460373,57,6,49,2,1.33859,0.000115305,43/43/42,2f655b4b3dc8afe40cd5c6ca21ee446cf91c839c21ddac8d9d519f7f98cdd187,0.0021595,0.960399,-0.000527617,0.998617,37,0,37,0,13,3,10,0,7,3,2,2,corner=8314/0/8314/0;rooms=3165/1319/1756/90;vertical=2965/2354/453/158
266,1089536,0.0450978,57,10,45,2,1.3271,0.000816017,43/43/42,d33d8abc66b77a4ab1bfc888f04b865030163fa75557143b1820b0e68aaa420b,-0.00190647,0.847506,-0.000526187,0.999356,36,0,36,0,14,4,8,2,7,6,1,0,corner=8350/0/8350/0;rooms=3179/1323/1764/92;vertical=2972/2360/454/158
267,1093632,0.0466657,59,9,46,4,1.32791,0.00114432,43/43/42,e9bc243ca08273ee0a8670fc39e073b3b03aa8c4ed5e104cf5e406b021aa48c2,-0.00405933,0.715829,-0.00052533,0.997944,40,0,40,0,12,6,5,1,7,3,1,3,corner=8390/0/8390/0;rooms=3191/1329/1769/93;vertical=2979/2363/455/161
268,1097728,0.0468243,57,16,40,1,1.32697,3.35276e-06,43/43/42,5e0364ec02271f9c6f4375514622ef86dc5afc549d983ec1e2cf03eb4322ed70,0.00142638,0.802819,-0.000524734,0.999837,35,0,35,0,12,9,3,0,10,7,2,1,corner=8425/0/8425/0;rooms=3203/1338/1772/93;vertical=2989/2370/457/162
269,1101824,0.0465817,54,8,45,1,1.33004,0.00141898,43/43/42,7408c9bf2db0b4714bf2ae3eb722f856dbc3abdca19be358503acb611da0e5df,0.000917757,0.839854,-0.000524551,0.996285,34,0,34,0,13,5,8,0,7,3,3,1,corner=8459/0/8459/0;rooms=3216/1343/1780/93;vertical=2996/2373/460/163
270,1105920,0.04676,63,11,52,0,1.33507,0.00024572,43/43/42,9098bbe96ab4846f1ba2000cfa0519083bfa7a03b301677100e2329234ef4df2,-0.00038517,0.826489,-0.000524389,1.00046,39,0,39,0,18,8,10,0,6,3,3,0,corner=8498/0/8498/0;rooms=3234/1351/1790/93;vertical=3002/2376/463/163
271,1110016,0.0446446,61,13,47,1,1.33567,5.49853e-05,43/43/42,9221ca32b4209eee048b0f1062aa074f4c1c53561a40f822c06c50f5e8c71607,-4.3139e-05,0.931135,-0.000523558,1.00038,38,0,38,0,11,6,4,1,12,7,5,0,corner=8536/0/8536/0;rooms=3245/1357/1794/94;vertical=3014/2383/468/163
272,1114112,0.0467386,50,9,40,1,1.33379,0.000366718,43/43/42,21f84fdc78aa405942c9a3de1d44a72d1e8f358c8f97f05abc58d98d7086eabf,0.00203388,0.63185,-0.000523113,0.999047,34,0,34,0,9,4,5,0,7,5,1,1,corner=8570/0/8570/0;rooms=3254/1361/1799/94;vertical=3021/2388/469/164
273,1118208,0.0464895,52,7,44,1,1.3264,0.000263005,43/43/42,6d9aa6308b814e03f77dfaeddede6a2b5115a8bc4ba1248ae587facf0cec8699,-0.00184739,0.782348,-0.000522855,1.00138,34,0,34,0,13,2,10,1,5,5,0,0,corner=8604/0/8604/0;rooms=3267/1363/1809/95;vertical=3026/2393/469/164
274,1122304,0.0466691,61,13,47,1,1.28131,0.000313908,43/43/42,75e89f1ceaee6db6838f169251e71ad00a49f61efad31b760ca32d3c9b81ca19,-0.000524601,0.923997,-0.000522786,1.00015,40,0,40,0,8,6,2,0,13,7,5,1,corner=8644/0/8644/0;rooms=3275/1369/1811/95;vertical=3039/2400/474/165
275,1126400,0.0459626,48,7,39,2,1.32851,0.000234276,43/43/42,84f2a6d1e572e25076e4c302c836cbdc9e00b8149fde4a239891bc82a3ddeaac,-9.3244e-05,0.632321,-0.000522866,0.999085,34,0,34,0,9,4,4,1,5,3,1,1,corner=8678/0/8678/0;rooms=3284/1373/1815/96;vertical=3044/2403/475/166
276,1130496,0.0468858,54,9,41,4,1.28104,0.000533491,43/43/42,6902bd0734ff42f44351697360a8726e7bd3074bcc443086a5a161be8a675b2e,-0.000150417,0.702948,-0.00052248,0.998415,34,0,34,0,12,5,6,1,8,4,1,3,corner=8712/0/8712/0;rooms=3296/1378/1821/97;vertical=3052/2407/476/169
277,1134592,0.0465737,58,5,50,3,1.28214,0.000203282,43/43/42,d76554d21e5e1d51e2854f6c6835bd1583368dea6b4ed63206e822f73af4b7e3,-0.000663018,0.77428,-0.000521949,1.0011,39,0,39,0,11,3,7,1,8,2,4,2,corner=8751/0/8751/0;rooms=3307/1381/1828/98;vertical=3060/2409/480/171
278,1138688,0.0456544,61,11,46,4,1.2771,6.36876e-05,43/43/42,8a98925e392bb4ac1ee42d7b30c43bec41e8e85ec8984df5942111f189a23ef0,-0.000336359,0.956601,-0.000522529,0.998777,40,0,40,0,9,4,3,2,12,7,3,2,corner=8791/0/8791/0;rooms=3316/1385/1831/100;vertical=3072/2416/483/173
279,1142784,0.04567,53,5,46,2,1.27347,0.00355259,43/43/42,806411e1eb07b8213aae6ccc075b163329d17572b69032839e3d81429e1401d2,-0.00183799,0.671343,-0.000522602,1.002,38,0,38,0,12,4,7,1,3,1,1,1,corner=8829/0/8829/0;rooms=3328/1389/1838/101;vertical=3075/2417/484/174
280,1146880,0.046673,61,10,49,2,1.28963,0.000371844,43/43/42,6376758adb829b4a8ac292aa3c16eeb1d226ebd339ea635fffa5764982ae02b4,-0.00174459,0.91762,-0.000522163,0.999845,37,0,37,0,16,5,10,1,8,5,2,1,corner=8866/0/8866/0;rooms=3344/1394/1848/102;vertical=3083/2422/486/175
281,1150976,0.046926,53,7,44,2,1.31925,0.000755578,43/43/42,a215dacaccb55db329bc8c0dc059abd15cb2ce8a0e2eb4826aea96207e7de924,0.00168466,0.878213,-0.000522955,0.999949,37,0,37,0,11,4,6,1,5,3,1,1,corner=8903/0/8903/0;rooms=3355/1398/1854/103;vertical=3088/2425/487/176
282,1155072,0.0461912,50,11,37,2,1.25676,0.00190857,43/43/42,7fb858bdc849aae99ba194b5cf5f9f6d0ee7d30a127ebf8347d36686abbd9fdb,0.000504463,0.539536,-0.000524114,0.996792,32,0,32,0,14,7,5,2,4,4,0,0,corner=8935/0/8935/0;rooms=3369/1405/1859/105;vertical=3092/2429/487/176
283,1159168,0.0468862,51,3,45,3,1.28794,0.00050655,43/43/42,d499653fd9f0b4ce402801dcbd829889d0e50cece2c7432d7fad0831f680d1c7,-0.0023652,0.790871,-0.000524488,0.997916,36,0,36,0,11,2,8,1,4,1,1,2,corner=8971/0/8971/0;rooms=3380/1407/1867/106;vertical=3096/2430/488/178
284,1163264,0.0454481,57,11,45,1,1.29633,0.000178725,43/43/42,53a9fd38c9a91beba3fc2cc58e09f8750e55cdb55be968d22791dece8c167512,0.00607934,0.755536,-0.000523276,0.998543,39,0,39,0,13,8,5,0,5,3,1,1,corner=9010/0/9010/0;rooms=3393/1415/1872/106;vertical=3101/2433/489/179
285,1167360,0.0457636,57,11,46,0,1.27521,8.07345e-05,43/43/42,33c0d68903e4474dcaa2e9448fbdb74463211ecaa32021025820701484d51a4d,0.00335281,1.04244,-0.000522758,1.00126,36,0,36,0,15,8,7,0,6,3,3,0,corner=9046/0/9046/0;rooms=3408/1423/1879/106;vertical=3107/2436/492/179
286,1171456,0.0464921,71,9,58,4,1.27092,0.000784099,43/43/42,54ef19a42f9906df73c2ab3107c280ee8ec89932874cecc2e02016504e893d05,-0.000332323,1.24007,-0.000522424,0.998316,43,0,43,0,18,4,12,2,10,5,3,2,corner=9089/0/9089/0;rooms=3426/1427/1891/108;vertical=3117/2441/495/181
287,1175552,0.0448513,54,8,45,1,1.33734,0.00100043,43/43/42,ca0fc171b61f8ab3942707d76302fd21dc6f152648a8d8e96e1eb721b115aa07,0.000683968,0.716526,-0.000522643,0.998798,38,0,38,0,11,5,6,0,5,3,1,1,corner=9127/0/9127/0;rooms=3437/1432/1897/108;vertical=3122/2444/496/182
288,1179648,0.0461541,59,9,48,2,1.32737,0.000815779,43/43/42,cac731e44c3357107a59f1a447bec1f1d0b9d19dc926050385c4cabdb90f2e98,-0.00123443,0.937483,-0.000522749,0.998705,34,0,34,0,18,6,12,0,7,3,2,2,corner=9161/0/9161/0;rooms=3455/1438/1909/108;vertical=3129/2447/498/184
289,1183744,0.0463047,60,7,49,4,1.31905,0.000392377,43/43/42,20bd38ea7a7a088f10de021eead9711fad74aee79e747dcfe84394cb9f45de12,-4.16354e-05,0.907662,-0.000522642,0.99787,34,0,34,0,14,3,11,0,12,4,4,4,corner=9195/0/9195/0;rooms=3469/1441/1920/108;vertical=3141/2451/502/188
290,1187840,0.0463156,64,13,47,4,1.34516,0.000321895,43/43/42,e89d3c3e0dcd5c06e7b9dffde775ae9f12dbbbf89fc635c1e64bc5fd0c0f8cf3,0.00299208,0.842637,-0.000522711,0.999498,39,0,39,0,15,7,7,1,10,6,1,3,corner=9234/0/9234/0;rooms=3484/1448/1927/109;vertical=3151/2457/503/191
291,1191936,0.0468496,50,0,48,2,1.34885,0.00035432,43/43/42,6eb3908f596fa56f01658a3965c6f024ee2dd8474d6484c6c27cb0447ede75aa,-0.00151973,0.843367,-0.000521897,0.998653,37,0,37,0,9,0,9,0,4,0,2,2,corner=9271/0/9271/0;rooms=3493/1448/1936/109;vertical=3155/2457/505/193
292,1196032,0.0469752,57,8,48,1,1.32108,3.36468e-05,43/43/42,b948c31c2626262e7ca1a3aa71a0fc7ee233d7d3f72186bf4c37f02d74c6be38,0.00275801,0.759023,-0.0005214,1.00062,40,0,40,0,11,4,7,0,6,4,1,1,corner=9311/0/9311/0;rooms=3504/1452/1943/109;vertical=3161/2461/506/194
293,1200128,0.0457229,55,10,43,2,1.29662,0.00206226,43/43/42,68090588d4a30627f890bfad757922f9c1045802d042e98b0f0a990e68904299,0.00549534,0.967192,-0.00052106,0.997645,38,0,38,0,9,7,2,0,8,3,3,2,corner=9349/0/9349/0;rooms=3513/1459/1945/109;vertical=3169/2464/509/196
294,1204224,0.0468155,48,5,43,0,1.24979,0.00104609,43/43/42,52f49657652f16612269f7177b0f6053ff53bad29b01b3154911c7cf14420907,-0.00181206,0.59198,-0.000520823,0.999281,35,0,35,0,10,2,8,0,3,3,0,0,corner=9384/0/9384/0;rooms=3523/1461/1953/109;vertical=3172/2467/509/196
295,1208320,0.0464579,53,5,48,0,1.18742,0.000738859,43/43/42,f960f7597980e729a4163a34f704d04f52e444dd96bebaf36b5019d02a0e5adf,0.00101117,0.833748,-0.00052075,0.998177,37,0,37,0,13,4,9,0,3,1,2,0,corner=9421/0/9421/0;rooms=3536/1465/1962/109;vertical=3175/2468/511/196
296,1212416,0.0455391,62,9,50,3,1.17594,0.00171736,43/43/42,2cfdd176300f2695cd6b9717a50bc0172dc7b64ea5fdeda3be1a86480780a78e,-0.00228883,0.892346,-0.000521067,1.00111,37,0,37,0,15,4,11,0,10,5,2,3,corner=9458/0/9458/0;rooms=3551/1469/1973/109;vertical=3185/2473/513/199
297,1216512,0.045703,45,6,38,1,1.19999,0.000227839,43/43/42,8661f303150e9cc945b5300983cfddb33b2b1f47540348e88186813abb0d917b,0.00258669,0.571934,-0.000521147,0.999804,35,0,35,0,5,2,2,1,5,4,1,0,corner=9493/0/9493/0;rooms=3556/1471/1975/110;vertical=3190/2477/514/199
298,1220608,0.0467405,52,7,45,0,1.24168,0.000633985,43/43/42,5e2124dc011b19ee121a6a3d7cb4eeca0d340d2757a1925b49b866711516afbd,9.90713e-05,0.674221,-0.000520773,1.00178,39,0,39,0,10,5,5,0,3,2,1,0,corner=9532/0/9532/0;rooms=3566/1476/1980/110;vertical=3193/2479/515/199
299,1224704,0.0467747,62,11,49,2,1.24582,0.000142366,43/43/42,815b835f83378e4ecbe5dd368bdd1b41f43d3d618aea83dbe8f57764af568de4,-0.001929,1.143,-0.000520754,1.00219,39,0,39,0,16,10,6,0,7,1,4,2,corner=9571/0/9571/0;rooms=3582/1486/1986/110;vertical=3200/2480/519/201
300,1228800,0.0466398,59,11,45,3,1.30689,0.000186116,43/43/42,7605b3a1f3ff7ef7ae35bfa55a34e2fe4e9294b1e53217fa9fd3c820053b42bb,0.00252711,0.74133,-0.000520862,1.00123,38,0,38,0,12,4,6,2,9,7,1,1,corner=9609/0/9609/0;rooms=3594/1490/1992/112;vertical=3209/2487/520/202
301,1232896,0.0466206,54,3,46,5,1.31475,0.00011602,43/43/42,7d38dd025bc650a58a7c1095794fcd67151409ef10db4e07ff35231e0ce71244,0.00135942,0.690954,-0.000520549,0.997445,37,0,37,0,12,2,8,2,5,1,1,3,corner=9646/0/9646/0;rooms=3606/1492/2000/114;vertical=3214/2488/521/205
302,1236992,0.0466917,53,4,43,6,1.32875,0.000103861,43/43/42,5b5e047b2c8d7c8ef33e8f639516f33ea9a0ef2a7c11e9c6050c7a9effa36524,-0.00478721,0.532808,-0.000519616,0.999262,36,0,36,0,11,3,7,1,6,1,0,5,corner=9682/0/9682/0;rooms=3617/1495/2007/115;vertical=3220/2489/521/210
303,1241088,0.0464168,54,7,44,3,1.32359,0.00136319,43/43/42,cea81ede20dd27f5dfe141ebb0e12b8006a75b89710692c3025f787860b8187c,0.00405458,0.841568,-0.00051846,1.0008,36,0,36,0,11,5,6,0,7,2,2,3,corner=9718/0/9718/0;rooms=3628/1500/2013/115;vertical=3227/2491/523/213
304,1245184,0.0467765,51,5,42,4,1.26818,0.000433117,43/43/42,b65e8044ddb5ba589cf49511e9b53489c897804a14dfd39218cf431a2c84238c,0.00384645,0.660093,-0.000517987,1.00119,40,0,40,0,6,4,2,0,5,1,0,4,corner=9758/0/9758/0;rooms=3634/1504/2015/115;vertical=3232/2492/523/217
305,1249280,0.0468936,52,8,42,2,1.2271,0.000610024,43/43/42,031334d510b2f3b6dca4eefbd5d89491f2a962446fa09936ed6c000842690880,-0.00172125,0.869588,-0.000517349,0.999419,36,0,36,0,10,5,5,0,6,3,1,2,corner=9794/0/9794/0;rooms=3644/1509/2020/115;vertical=3238/2495/524/219
306,1253376,0.0458144,58,10,48,0,1.23539,0.000579849,43/43/42,fba17e7555657c5e41cd9629a5b0e2ee58aede426785c08ed17306323840ba8d,-0.000279951,0.813048,-0.000517365,0.998356,41,0,41,0,12,5,7,0,5,5,0,0,corner=9835/0/9835/0;rooms=3656/1514/2027/115;vertical=3243/2500/524/219
307,1257472,0.0476063,50,8,42,0,1.23199,0.000673085,43/43/42,e0be366136c43b998754e6a805571f4ca3ba28488b15912c2da7e5e703fcae45,-0.00198429,0.61631,-0.000517448,0.999362,37,0,37,0,8,3,5,0,5,5,0,0,corner=9872/0/9872/0;rooms=3664/1517/2032/115;vertical=3248/2505/524/219
308,1261568,0.046716,53,10,42,1,1.19999,0.000811368,43/43/42,d190b863f81043b859330a384e19260f5df2b03af9b0f1e748e6d50a03310a90,0.00021702,0.550058,-0.000516878,0.999346,39,0,39,0,8,4,3,1,6,6,0,0,corner=9911/0/9911/0;rooms=3672/1521/2035/116;vertical=3254/2511/524/219
309,1265664,0.0454171,59,16,43,0,1.23468,0.000301987,43/43/42,1572735266b2903be121ab8ae6215cc806380ecd3aa3062333a12c0ee91823d2,0.000786174,1.1953,-0.000515961,0.999229,33,0,33,0,13,6,7,0,13,10,3,0,corner=9944/0/9944/0;rooms=3685/1527/2042/116;vertical=3267/2521/527/219
310,1269760,0.0459875,58,15,42,1,1.31329,0.000599414,43/43/42,6b2e271ad5de0024f24ef7e5831531dabedd7b87c32c59bc6ea1d69fcab0af18,0.00279691,0.902182,-0.000514779,1.00212,37,0,37,0,10,6,3,1,11,9,2,0,corner=9981/0/9981/0;rooms=3695/1533/2045/117;vertical=3278/2530/529/219
311,1273856,0.0463539,56,10,46,0,1.31418,0.000335962,43/43/42,663804d0463ad5534ae7a31496eb62ce97b2741b0983d4ebc2a65d490e87f293,-0.00163744,0.783808,-0.000514663,0.999063,38,0,38,0,12,5,7,0,6,5,1,0,corner=10019/0/10019/0;rooms=3707/1538/2052/117;vertical=3284/2535/530/219
312,1277952,0.0468629,60,16,42,2,1.33857,0.000376016,43/43/42,29fadae794ad7f437c706ffdce698a8dfeed0cf4f2f26008baa282cd17573f90,-0.000602059,0.844424,-0.000515313,1.0002,36,0,36,0,12,7,4,1,12,9,2,1,corner=10055/0/10055/0;rooms=3719/1545/2056/118;vertical=3296/2544/532/220
313,1282048,0.0467411,52,8,44,0,1.37041,0.00190587,43/43/42,86f89f992dde2332f71ca5e52612f7d4f3984ef1e67270e683b30bc01878f6a9,0.0026427,0.583384,-0.000515184,0.997724,41,0,41,0,8,5,3,0,3,3,0,0,corner=10096/0/10096/0;rooms=3727/1550/2059/118;vertical=3299/2547/532/220
314,1286144,0.0465783,61,15,46,0,1.30936,0.000228077,43/43/42,6d71fdc4e235d93da754d348d9f06425cc7fb64c867f882d3285df7fc59cbff4,-0.00305372,1.16044,-0.000515158,1.00037,38,0,38,0,12,7,5,0,11,8,3,0,corner=10134/0/10134/0;rooms=3739/1557/2064/118;vertical=3310/2555/535/220
315,1290240,0.0467917,66,17,49,0,1.29749,0.000122696,43/43/42,20dde36b2ed1b84f75cab2f2941cd68064ba8f840350f902bc91f722afd3d58e,-0.00231327,1.0986,-0.000515049,0.997377,37,0,37,0,15,9,6,0,14,8,6,0,corner=10171/0/10171/0;rooms=3754/1566/2070/118;vertical=3324/2563/541/220
316,1294336,0.0453251,66,18,47,1,1.3675,0.000391185,43/43/42,6ed5c09d65a53117e7741232efaaad7fd20a441e62c10a9bea2cccef8695af12,-0.00188389,1.08104,-0.000515228,1.00016,32,0,32,0,21,9,12,0,13,9,3,1,corner=10203/0/10203/0;rooms=3775/1575/2082/118;vertical=3337/2572/544/221
317,1298432,0.0464988,53,5,48,0,1.37164,8.01384e-05,43/43/42,7e41497759638f629a5ac6f7a472897010afcc5608158cc138b383258872cdf0,0.000337312,0.768317,-0.000515176,0.999314,38,0,38,0,12,2,10,0,3,3,0,0,corner=10241/0/10241/0;rooms=3787/1577/2092/118;vertical=3340/2575/544/221
318,1302528,0.0468131,68,18,50,0,1.39463,0.000518471,43/43/42,4d4e770e1e7fa4202e88083a702b06b5aa4349b55b57ee8aa197fa5a060d2e3d,-0.000862221,1.06251,-0.000514889,1.00025,41,0,41,0,9,6,3,0,18,12,6,0,corner=10282/0/10282/0;rooms=3796/1583/2095/118;vertical=3358/2587/550/221
319,1306624,0.0455046,57,13,44,0,1.37921,0.000177175,43/43/42,1624d67df1eda63e69a42e1196663097d1cc02622de4e0faee0e68e708156319,0.000132009,0.642996,-0.000514455,0.999948,40,0,40,0,10,6,4,0,7,7,0,0,corner=10322/0/10322/0;rooms=3806/1589/2099/118;vertical=3365/2594/550/221
320,1310720,0.0460236,58,8,50,0,1.3113,3.73423e-05,43/43/42,6b709ff5a0f8488bc29cc43ba7859ee7ddda6749453afb461ddd19b521f92c33,-0.0015786,1.2118,-0.000514385,1.0017,38,0,38,0,15,5,10,0,5,3,2,0,corner=10360/0/10360/0;rooms=3821/1594/2109/118;vertical=3370/2597/552/221
321,1314816,0.0464069,65,11,52,2,1.33317,0.00017789,43/43/42,bf31abc8ba15585a4b32e766dda1ead1a56a921dadaed854d4ac14b4b893071e,-0.00043495,0.845132,-0.000514374,1.00088,42,0,42,0,16,6,8,2,7,5,2,0,corner=10402/0/10402/0;rooms=3837/1600/2117/120;vertical=3377/2602/554/221
322,1318912,0.0464074,57,18,39,0,1.34147,0.00083223,43/43/42,7714b6d6711186d464ca59bca1b128a71579de85cab375dd6e80cfbc3fe2fbe9,-0.000750988,1.06488,-0.000514895,1.00039,33,0,33,0,8,5,3,0,16,13,3,0,corner=10435/0/10435/0;rooms=3845/1605/2120/120;vertical=3393/2615/557/221
323,1323008,0.0463043,59,12,46,1,1.36622,0.000993997,43/43/42,dc5cf4e9fdefbebfaddc43a835058d68aa93c51188444982176e9c80accedb3b,-0.000660837,0.836912,-0.000515143,0.995807,38,0,38,0,12,4,7,1,9,8,1,0,corner=10473/0/10473/0;rooms=3857/1609/2127/121;vertical=3402/2623/558/221
324,1327104,0.0465685,62,11,51,0,1.35364,9.80496e-06,43/43/42,31d87cdf4931a43c63dec7851de00dcb7ded3ce2190d13cc33c204f35f3e60e0,-0.0012044,0.893256,-0.000516131,0.998953,38,0,38,0,15,5,10,0,9,6,3,0,corner=10511/0/10511/0;rooms=3872/1614/2137/121;vertical=3411/2629/561/221
325,1331200,0.0452305,65,14,51,0,1.36373,6.09457e-05,43/43/42,cf4beced21d123761a6a5e96439bffec1ddf1de9ba7babaf78b14384d029fc85,0.00366929,1.17754,-0.000516889,0.998483,38,0,38,0,13,4,9,0,14,10,4,0,corner=10549/0/10549/0;rooms=3885/1618/2146/121;vertical=3425/2639/565/221
326,1335296,0.0463605,54,7,46,1,1.37901,0.00106731,43/43/42,fc43a4fbf9db02dc1a9107d49da61cf0d2bd365bddb5ba433ff37fafd7715c28,0.000740917,1.09336,-0.000516714,0.999792,37,0,37,0,8,3,4,1,9,4,5,0,corner=10586/0/10586/0;rooms=3893/1621/2150/122;vertical=3434/2643/570/221
327,1339392,0.0453684,46,7,39,0,1.34391,0.000263363,43/43/42,07b2bed73d5faab03c1bd9faf8eb9955c7b3217a0a00ceda8188e12b48b89cb4,0.0023549,0.756281,-0.000516206,0.998506,35,0,35,0,5,3,2,0,6,4,2,0,corner=10621/0/10621/0;rooms=3898/1624/2152/122;vertical=3440/2647/572/221
328,1343488,0.0464827,61,9,52,0,1.3482,0.000132591,43/43/42,ac0cf269a77ccbc0c5299bb0ae3a9a1fd7b152b2ca4543ca779fb3d31bcb4a4b,0.00610279,1.188,-0.000515743,1.00032,39,0,39,0,16,5,11,0,6,4,2,0,corner=10660/0/10660/0;rooms=3914/1629/2163/122;vertical=3446/2651/574/221
329,1347584,0.0466745,65,11,52,2,1.34573,0.000540644,43/43/42,57b278f29a015e238e051ce87287034a1172b6aaa0f33249ded9499b2fe08eca,0.000715719,1.20033,-0.000516258,0.998518,41,0,41,0,13,3,9,1,11,8,2,1,corner=10701/0/10701/0;rooms=3927/1632/2172/123;vertical=3457/2659/576/222
330,1351680,0.046458,56,8,48,0,1.36132,0.000845581,43/43/42,d777881388e9f85699ac543d45371773aa2c93946a4b836e6660fb84bad3b2fe,0.00531386,0.971386,-0.000516491,1.00343,39,0,39,0,9,3,6,0,8,5,3,0,corner=10740/0/10740/0;rooms=3936/1635/2178/123;vertical=3465/2664/579/222
331,1355776,0.0456119,59,15,44,0,1.35478,0.000618592,43/43/42,2f31fc8346337fd17e9780d7e22c3a9dea1321a6b8c21a2ccf73f792f97a3ff8,0.000509855,1.04575,-0.000516282,1.0003,37,0,37,0,11,5,6,0,11,10,1,0,corner=10777/0/10777/0;rooms=3947/1640/2184/123;vertical=3476/2674/580/222
332,1359872,0.0466877,65,15,50,0,1.35099,0.000643045,43/43/42,d2c81a62d363715b04ca42d0773da7228f5d47ce8acb842298c103e8f109a17b,0.00216711,1.14706,-0.000515827,0.999841,35,0,35,0,20,6,14,0,10,9,1,0,corner=10812/0/10812/0;rooms=3967/1646/2198/123;vertical=3486/2683/581/222
333,1363968,0.0463827,65,13,52,0,1.38791,0.000446528,43/43/42,ab2b61433064108951a929bae374bfd40b675ab34dc75309b2c40e9f4a2040dd,-0.00165246,1.0268,-0.000515835,1.00063,39,0,39,0,13,4,9,0,13,9,4,0,corner=10851/0/10851/0;rooms=3980/1650/2207/123;vertical=3499/2692/585/222
334,1368064,0.045672,50,8,41,1,1.40984,0.000646666,43/43/42,3472e00bd55697c713455d6a29bad7969dce11e606998a930199ed72b572770a,0.00080494,0.855914,-0.000515568,0.998204,33,0,33,0,8,2,5,1,9,6,3,0,corner=10884/0/10884/0;rooms=3988/1652/2212/124;vertical=3508/2698/588/222
335,1372160,0.0458539,67,13,54,0,1.39148,4.95017e-05,43/43/42,e89a475e7033377c85c5208d91bba002de59311941e9c6e505ce75a8c1f1d713,-0.00221107,1.32062,-0.00051501,0.998828,36,0,36,0,21,6,15,0,10,7,3,0,corner=10920/0/10920/0;rooms=4009/1658/2227/124;vertical=3518/2705/591/222
336,1376256,0.0465035,70,14,56,0,1.39208,0.00111321,43/43/42,9f1ed3c8f33497bdd00dda728f1a7f4fad362256940e9eb43953f4167587b8d9,0.000252653,1.13379,-0.000514058,0.998474,43,0,43,0,15,4,11,0,12,10,2,0,corner=10963/0/10963/0;rooms=4024/1662/2238/124;vertical=3530/2715/593/222
337,1380352,0.0467284,52,6,46,0,1.4287,2.73585e-05,43/43/42,db2dd5b8df9f2141a75e5711d601746b9bf82d7f63c3d4feab1d533739a115c7,-0.00291542,0.764139,-0.000513787,0.996961,37,0,37,0,12,3,9,0,3,3,0,0,corner=11000/0/11000/0;rooms=4036/1665/2247/124;vertical=3533/2718/593/222
338,1384448,0.0468633,60,15,44,1,1.38905,0.00060311,43/43/42,4e20b73d9fe1f6bb264acde576447123c02eadc993c84d4653558daafd4fd046,0.00271549,0.953959,-0.000513805,1.00036,36,0,36,0,10,3,6,1,14,12,2,0,corner=11036/0/11036/0;rooms=4046/1668/2253/125;vertical=3547/2730/595/222
339,1388544,0.0464311,58,10,48,0,1.38749,0.000583634,43/43/42,27a56dd291160ab047ee640b403b39c37525ca1fd6e0901dcdbe7a191b42c309,-0.000601654,0.927405,-0.000513782,0.998145,40,0,40,0,9,4,5,0,9,6,3,0,corner=11076/0/11076/0;rooms=4055/1672/2258/125;vertical=3556/2736/598/222
340,1392640,0.0457656,63,14,49,0,1.39045,0.000250012,43/43/42,07d7825c08ed650e4a5a28656a74f63352536b86d9d6dd013211cdee9385f9cb,-0.00121226,0.79595,-0.000513323,1.00306,39,0,39,0,17,7,10,0,7,7,0,0,corner=11115/0/11115/0;rooms=4072/1679/2268/125;vertical=3563/2743/598/222
341,1396736,0.0463464,62,14,48,0,1.4084,0.000703007,43/43/42,45c49490b7baabd8e85ff5e427f2138048f2ac0da366529efe83b9c48205cae0,0.00142821,0.827395,-0.000512164,0.997809,39,0,39,0,13,4,9,0,10,10,0,0,corner=11154/0/11154/0;rooms=4085/1683/2277/125;vertical=3573/2753/598/222
342,1400832,0.0468693,64,19,45,0,1.39667,0.000589401,43/43/42,4689b14fa33d9abca2e00c74b9fd001407487a6d2117728645380aceab56d45d,0.000113925,1.09639,-0.000511139,0.999161,35,0,35,0,13,6,7,0,16,13,3,0,corner=11189/0/11189/0;rooms=4098/1689/2284/125;vertical=3589/2766/601/222
343,1404928,0.0464812,63,14,49,0,1.42151,0.000464469,43/43/42,2eb3239d5c321808991f2d527e40b7175d43f33c7d3e92d384d067f1867cace0,-0.00139261,0.979983,-0.000509844,1.00149,38,0,38,0,14,5,9,0,11,9,2,0,corner=11227/0/11227/0;rooms=4112/1694/2293/125;vertical=3600/2775/603/222
344,1409024,0.0461533,60,12,48,0,1.42229,0.00128821,43/43/42,b50dd4f667dbf1e71a5a1494de3c7c962d8eeb1f2eb3abf5aae7c022661b7a5b,0.00100739,0.793939,-0.000509348,1.00259,39,0,39,0,16,8,8,0,5,4,1,0,corner=11266/0/11266/0;rooms=4128/1702/2301/125;vertical=3605/2779/604/222
345,1413120,0.0463791,57,16,41,0,1.42825,0.000489384,43/43/42,7f52f38a99e3e52647818909871859666fbb0b27067afb3ba5d737e2eb492782,0.00111238,0.629908,-0.000508716,1.00045,36,0,36,0,9,4,5,0,12,12,0,0,corner=11302/0/11302/0;rooms=4137/1706/2306/125;vertical=3617/2791/604/222
346,1417216,0.0453843,65,21,44,0,1.41564,0.000172883,43/43/42,c68f99f1e53d042afab901230c66a17d1a970da39d103c6644552ea4e9cc7343,-0.00320356,1.06289,-0.000507755,1.00146,35,0,35,0,15,10,5,0,15,11,4,0,corner=11337/0/11337/0;rooms=4152/1716/2311/125;vertical=3632/2802/608/222
347,1421312,0.0463203,56,14,42,0,1.41498,0.000734121,43/43/42,b2b1c00cdd6d857287ce7001eb047148bf5367b8c98f6e1939d4fa7b89640e42,0.000918617,0.698377,-0.000506665,0.997437,38,0,38,0,9,6,3,0,9,8,1,0,corner=11375/0/11375/0;rooms=4161/1722/2314/125;vertical=3641/2810/609/222
348,1425408,0.0451754,66,13,52,1,1.41619,0.000384957,43/43/42,26d2c190ee508a2ef6af03354f8fbbc4e63ff3082d40dbc962c88fe7c68b5511,-0.000521016,1.24483,-0.000507208,1.00016,38,0,38,0,18,8,9,1,10,5,5,0,corner=11413/0/11413/0;rooms=4179/1730/2323/126;vertical=3651/2815/614/222
349,1429504,0.0452015,61,11,50,0,1.38408,0.000190526,43/43/42,661949b51d47d4b63f18a9124e00004c43016568c833a47913d0190b55a7ddc8,0.00620993,0.846522,-0.000508262,1.00003,43,0,43,0,10,4,6,0,8,7,1,0,corner=11456/0/11456/0;rooms=4189/1734/2329/126;vertical=3659/2822/615/222
350,1433600,0.0465509,59,14,45,0,1.41494,0.00129595,43/43/42,5fb2254a7b4b367452188379c2836b515b4cd1a1385415bd6103029390d18233,-0.00105624,0.752091,-0.000507784,0.999669,38,0,38,0,16,9,7,0,5,5,0,0,corner=11494/0/11494/0;rooms=4205/1743/2336/126;vertical=3664/2827/615/222
351,1437696,0.046839,60,9,51,0,1.40482,0.000143558,43/43/42,9808e0d21cabacf1aaf66204addd2dd04ede0a70f1278e88e0ead30002350b4b,0.000176972,1.19458,-0.000506676,1.0008,37,0,37,0,14,2,12,0,9,7,2,0,corner=11531/0/11531/0;rooms=4219/1745/2348/126;vertical=3673/2834/617/222
352,1441792,0.0461965,65,19,46,0,1.44198,0.000961572,43/43/42,5e21ec3fd2b1262500846b5ad69da38c520553e21856d9a83336d42e5300c1e3,-6.54044e-05,1.21365,-0.000506124,1.0007,33,0,33,0,16,4,12,0,16,15,1,0,corner=11564/0/11564/0;rooms=4235/1749/2360/126;vertical=3689/2849/618/222
353,1445888,0.0464152,65,14,51,0,1.43362,0.000224501,43/43/42,aeee247158f2483501ebb58f5132a9a9edcf2ba7e9dc6c919e1663637308b587,-0.00209912,0.943811,-0.00050595,0.998532,40,0,40,0,15,6,9,0,10,8,2,0,corner=11604/0/11604/0;rooms=4250/1755/2369/126;vertical=3699/2857/620/222
354,1449984,0.0452642,52,11,41,0,1.45282,0.000238687,43/43/42,57d47bfdc9bcf47a2831648797e14ed56eaef5214f0315b620080f56b0990db6,0.000200743,0.700472,-0.000505074,0.998938,35,0,35,0,10,6,4,0,7,5,2,0,corner=11639/0/11639/0;rooms=4260/1761/2373/126;vertical=3706/2862/622/222
355,1454080,0.0462113,60,14,46,0,1.43483,8.9705e-06,43/43/42,4acf4b2eedc4278dd3c251ff860ffe84890cfd086458379118596b668430491a,0.000621486,0.651273,-0.0005053,0.997597,40,0,40,0,9,3,6,0,11,11,0,0,corner=11679/0/11679/0;rooms=4269/1764/2379/126;vertical=3717/2873/622/222
356,1458176,0.0463594,61,16,45,0,1.40905,0.00134936,43/43/42,e216959f19667ca8f03ef79ea5d0e310240ee38cf97563744ed550d8e26e912f,0.00100163,0.684745,-0.000505146,0.997054,39,0,39,0,12,7,5,0,10,9,1,0,corner=11718/0/11718/0;rooms=4281/1771/2384/126;vertical=3727/2882/623/222
357,1462272,0.0454198,66,18,48,0,1.37897,0.00046128,43/43/42,fa3a5fcbd56f2eaeb1fbe93a173c95ef9c0acc8eda816c8db1f760f28c34b8d0,0.00174905,1.04412,-0.000505284,1.00163,37,0,37,0,18,9,9,0,11,9,2,0,corner=11755/0/11755/0;rooms=4299/1780/2393/126;vertical=3738/2891/625/222
358,1466368,0.0459297,59,10,49,0,1.40913,0.00236121,43/43/42,75f1d304935ad342aec202f8805dce39f4c13ce4768133c1d65524739e1ca47e,-0.00114292,0.890568,-0.000504687,0.999914,38,0,38,0,14,4,10,0,7,6,1,0,corner=11793/0/11793/0;rooms=4313/1784/2403/126;vertical=3745/2897/626/222
359,1470464,0.0467297,63,14,49,0,1.40064,0.000104338,43/43/42,e348ea0771b729d1f873375ac664c7c80cc3f0829ec4214e2d0cd3a7d7fb30a1,0.00202951,0.829882,-0.000504013,1.0021,38,0,38,0,13,3,10,0,12,11,1,0,corner=11831/0/11831/0;rooms=4326/1787/2413/126;vertical=3757/2908/627/222
360,1474560,0.0465705,67,13,54,0,1.43497,0.00134173,43/43/42,f3fd7f4eed23ba19fd97ed05b1a2efadccb9295b5a127fbe47c524197772d28a,-0.000466439,1.07655,-0.000503408,0.998722,42,0,42,0,14,3,11,0,11,10,1,0,corner=11873/0/11873/0;rooms=4340/1790/2424/126;vertical=3768/2918/628/222
361,1478656,0.0461006,62,13,49,0,1.42721,0.000518262,43/43/42,470e8e0435a01c0a3a910c109d25fc4097e45a117b86af8533d6b72bb46ced84,0.00232971,0.942506,-0.000502839,1.00017,36,0,36,0,15,4,11,0,11,9,2,0,corner=11909/0/11909/0;rooms=4355/1794/2435/126;vertical=3779/2927/630/222
362,1482752,0.0467705,67,17,50,0,1.42349,8.49366e-06,43/43/42,b029399367986d40b1a4464660365c215aa1b81918a8c5069ac50ed97ee89706,0.00105095,1.07373,-0.00050233,0.9997,40,0,40,0,16,7,9,0,11,10,1,0,corner=11949/0/11949/0;rooms=4371/1801/2444/126;vertical=3790/2937/631/222
363,1486848,0.0457093,67,17,50,0,1.42685,0.00065282,43/43/42,aae8d34dcd48a81f014198a2e92a374149c438cbb966e01096c848cfcd3bf4f7,-0.000347006,0.924037,-0.000502202,1.00583,39,0,39,0,14,6,8,0,14,11,3,0,corner=11988/0/11988/0;rooms=4385/1807/2452/126;vertical=3804/2948/634/222
364,1490944,0.0461505,64,16,48,0,1.42139,7.81119e-05,43/43/42,d82d7f1ceacae530075acf282f99a6e9ab2af9388c6505eed3a4badcc5e8fa02,-0.000282136,0.973217,-0.000502081,0.9997,39,0,39,0,14,7,7,0,11,9,2,0,corner=12027/0/12027/0;rooms=4399/1814/2459/126;vertical=3815/2957/636/222
365,1495040,0.0468859,64,16,48,0,1.42975,0.00117841,43/43/42,f94a692023c62c1c7053c210b2a7d2610c2420c856c67f6521bc3c43abc99eba,-0.000615404,0.983962,-0.000500705,1.00161,38,0,38,0,14,7,7,0,12,9,3,0,corner=12065/0/12065/0;rooms=4413/1821/2466/126;vertical=3827/2966/639/222
366,1499136,0.045077,60,16,44,0,1.42459,0.000841841,43/43/42,c24aa65835d250795ba34da51922ff7eb9a7a75bf1201cda0cdae22ca6a21e7e,-0.000575681,0.751623,-0.000500958,1.00092,36,0,36,0,14,8,6,0,10,8,2,0,corner=12101/0/12101/0;rooms=4427/1829/2472/126;vertical=3837/2974/641/222
367,1503232,0.045631,64,17,47,0,1.43927,0.00109103,43/43/42,d7240fc9527799855f8060706476acf671ac6df1388218d68bdff9e79d7d8dd7,0.00127381,0.794455,-0.000500631,1.00129,40,0,40,0,14,8,6,0,10,9,1,0,corner=12141/0/12141/0;rooms=4441/1837/2478/126;vertical=3847/2983/642/222
368,1507328,0.0464525,62,16,46,0,1.44655,0.000261933,43/43/42,48e9e6313b53e03cd63932d97e6ca70b61d4f2b810c5189c877b88be1a197f89,0.0026023,0.678437,-0.000499523,0.99995,38,0,38,0,11,6,5,0,13,10,3,0,corner=12179/0/12179/0;rooms=4452/1843/2483/126;vertical=3860/2993/645/222
369,1511424,0.0471022,63,14,49,0,1.44783,0.000260502,43/43/42,4674bbcc5a61e913d9883d75b4f1ba54f829e8ea9a394123d117c93beb47724e,-7.14639e-06,0.926253,-0.000498815,1.00004,39,0,39,0,14,6,8,0,10,8,2,0,corner=12218/0/12218/0;rooms=4466/1849/2491/126;vertical=3870/3001/647/222
370,1515520,0.0460712,69,13,56,0,1.43881,0.000210673,43/43/42,b26c6185363fbfd4284acc06353afcf958894ffe95cbc24a6a211fddfa20faa5,-0.000833934,1.28382,-0.000498043,0.998991,41,0,41,0,20,8,12,0,8,5,3,0,corner=12259/0/12259/0;rooms=4486/1857/2503/126;vertical=3878/3006/650/222
371,1519616,0.0467832,62,11,51,0,1.45352,0.000113189,43/43/42,b4b723b93cefed52951d9fe8d7f18c157be92f98782d403abbdfc158ac595d65,-0.00402653,1.08695,-0.000496965,1.00137,36,0,36,0,17,2,15,0,9,9,0,0,corner=12295/0/12295/0;rooms=4503/1859/2518/126;vertical=3887/3015/650/222
372,1523712,0.0452325,65,15,50,0,1.43146,0.000365883,43/43/42,cfcd78de9f2f07e170b41f6148606ca977e70050749a2569c502e837d5c1566c,-0.00107388,1.04368,-0.000496511,1.00316,38,0,38,0,13,4,9,0,14,11,3,0,corner=12333/0/12333/0;rooms=4516/1863/2527/126;vertical=3901/3026/653/222
373,1527808,0.046157,59,11,48,0,1.44527,0.00113133,43/43/42,091d2c97e1c52cc1f95ef6a7fdfafcd0407a56f15e76a96400ed7cba056910d1,0.00129218,0.84972,-0.000495687,1.0014,39,0,39,0,13,5,8,0,7,6,1,0,corner=12372/0/12372/0;rooms=4529/1868/2535/126;vertical=3908/3032/654/222
374,1531904,0.0464832,57,9,48,0,1.43161,0.002556,43/43/42,7064f3eab5e916c1478fdcbb04b3282041c6e764f17bb5bd1ab999597bd03f04,-0.000308321,0.906849,-0.000494692,0.999663,37,0,37,0,12,2,10,0,8,7,1,0,corner=12409/0/12409/0;rooms=4541/1870/2545/126;vertical=3916/3039/655/222
375,1536000,0.0455182,63,16,47,0,1.40101,0.000268012,43/43/42,f6eaf58fe827b932d01e3b8aaefae67a82720ec506b4d6bd1fd68300aa8d50ca,-0.000134899,1.00029,-0.000493543,1.00018,38,0,38,0,14,7,7,0,11,9,2,0,corner=12447/0/12447/0;rooms=4555/1877/2552/126;vertical=3927/3048/657/222
376,1540096,0.0461656,60,13,47,0,1.41187,0.000769407,43/43/42,192cf6a48fe07c440ce96354a6e1c0d29ee2d6eaeeb1e818955cc65b1b71d361,-0.000271072,0.797442,-0.000493349,1.00007,37,0,37,0,15,6,9,0,8,7,1,0,corner=12484/0/12484/0;rooms=4570/1883/2561/126;vertical=3935/3055/658/222
377,1544192,0.0465128,59,10,49,0,1.43454,0.00086692,43/43/42,4b9c925a79f34b7a7da2ed57e19c90da46f7a45395546bef0e2e1e248fb8bac8,0.000778487,0.965897,-0.000493697,0.998746,36,0,36,0,14,3,11,0,9,7,2,0,corner=12520/0/12520/0;rooms=4584/1886/2572/126;vertical=3944/3062/660/222
378,1548288,0.0464795,59,15,44,0,1.44512,0.000433713,43/43/42,42eb2e9c95f15a281247acd948ca7060c699779a9bba56a7e78a5f17aa04b06f,-0.000291336,0.590976,-0.000493777,0.999817,38,0,38,0,11,6,5,0,10,9,1,0,corner=12558/0/12558/0;rooms=4595/1892/2577/126;vertical=3954/3071/661/222
379,1552384,0.0463113,66,10,56,0,1.43371,5.53429e-05,43/43/42,a367f73c30f4e5cb821a728e461538760208cb90254d07c2387c9e3dba45e607,0.00074491,0.958446,-0.00049322,1.00012,43,0,43,0,14,2,12,0,9,8,1,0,corner=12601/0/12601/0;rooms=4609/1894/2589/126;vertical=3963/3079/662/222
380,1556480,0.0468508,66,15,51,0,1.4478,0.000751048,43/43/42,86fbc2ef4e1b1190da24b0b6846877b6693b2f355fe928488d4a64bd1254669a,0.00330343,0.867629,-0.000493495,1.00001,38,0,38,0,15,4,11,0,13,11,2,0,corner=12639/0/12639/0;rooms=4624/1898/2600/126;vertical=3976/3090/664/222
381,1560576,0.0468501,66,10,56,0,1.46017,2.25306e-05,43/43/42,cef8662b2dbcdee9a2e26c576349c6271632a231afea02debeb6270438b7fb0a,-0.0023021,1.1695,-0.000493076,1.00001,40,0,40,0,16,3,13,0,10,7,3,0,corner=12679/0/12679/0;rooms=4640/1901/2613/126;vertical=3986/3097/667/222
382,1564672,0.0458697,54,8,46,0,1.45272,9.19402e-05,43/43/42,21e2a80e506769237e4c4da9feed94c72fa1e6c720228aa0a66a871faea326d6,0.00326862,0.868396,-0.0004928,0.998756,36,0,36,0,11,4,7,0,7,4,3,0,corner=12715/0/12715/0;rooms=4651/1905/2620/126;vertical=3993/3101/670/222
383,1568768,0.0465334,57,10,47,0,1.44322,0.000288278,43/43/42,bd29bbf62d27f5c4fd6e16f50d59a8d3480d5e3e63915444306e2df93dbf2cc7,0.00342883,0.723447,-0.000492048,0.999514,37,0,37,0,14,6,8,0,6,4,2,0,corner=12752/0/12752/0;rooms=4665/1911/2628/126;vertical=3999/3105/672/222
384,1572864,0.0468587,65,16,49,0,1.41863,0.000923783,43/43/42,05698f1d5d7a191b2d8e18c238dbbfe49f5af1227f1ac407f82328c032945cb5,-0.00026501,0.875548,-0.000491269,0.998425,35,0,35,0,18,5,13,0,12,11,1,0,corner=12787/0/12787/0;rooms=4683/1916/2641/126;vertical=4011/3116/673/222
385,1576960,0.045359,61,13,48,0,1.46115,0.000112087,43/43/42,14630737434abf3018341ff315e5376b870e561941ee26e07f61635494d4fafb,0.00345595,0.600078,-0.000491122,1.00166,42,0,42,0,10,5,5,0,9,8,1,0,corner=12829/0/12829/0;rooms=4693/1921/2646/126;vertical=4020/3124/674/222
386,1581056,0.0464509,58,17,41,0,1.42006,7.10785e-05,43/43/42,b9d732308b08947f1f02a3937e73200e2889e92bf6995086a1cb3f4e1926416d,-0.000544647,0.698106,-0.000489998,0.999694,36,0,36,0,10,7,3,0,12,10,2,0,corner=12865/0/12865/0;rooms=4703/1928/2649/126;vertical=4032/3134/676/222
387,1585152,0.0464287,65,10,55,0,1.42939,0.000243694,43/43/42,d3c301acffa37631e32e21efe0ba43ad303d961c8a8e9412aab46ba30713df8c,-0.00178558,0.797084,-0.000489228,1.00121,44,0,44,0,13,4,9,0,8,6,2,0,corner=12909/0/12909/0;rooms=4716/1932/2658/126;vertical=4040/3140/678/222
388,1589248,0.0463945,73,23,50,0,1.41219,0.000152647,43/43/42,8620d0e4ab3173f5fcc353ae493ec9700b5987fe590a2f723dfbb65b2443a93c,0.00309613,0.980828,-0.000489463,1.00078,39,0,39,0,17,9,8,0,17,14,3,0,corner=12948/0/12948/0;rooms=4733/1941/2666/126;vertical=4057/3154/681/222
389,1593344,0.0465235,65,17,48,0,1.4494,0.000569254,43/43/42,4bf11199d3f82a07840d8af2f2515423ec9b91438f2727bdf633457160e77712,0.00035729,0.826941,-0.000489374,0.999563,38,0,38,0,15,7,8,0,12,10,2,0,corner=12986/0/12986/0;rooms=4748/1948/2674/126;vertical=4069/3164/683/222
390,1597440,0.0466525,61,12,49,0,1.4622,0.000972301,43/43/42,6c7f4d36dbf77aa16beca770c423e0492f0a59b732084d32e23590c6252b52e0,-0.000116987,0.855945,-0.000489091,0.999586,36,0,36,0,17,5,12,0,8,7,1,0,corner=13022/0/13022/0;rooms=4765/1953/2686/126;vertical=4077/3171/684/222
391,1601536,0.0443682,63,12,51,0,1.4511,6.78599e-05,43/43/42,67314d554c85a5122538f7fd8a0bb4011e116f7cd20de5c69e030d14f9638f7d,-0.000400922,0.979174,-0.000488833,0.998904,39,0,39,0,15,5,10,0,9,7,2,0,corner=13061/0/13061/0;rooms=4780/1958/2696/126;vertical=4086/3178/686/222
392,1605632,0.0470047,63,19,44,0,1.46184,0.000482827,43/43/42,42e37cb8446f715690fa6d7e7d684eb3e4a74ffe12e44ff77dc1900c31128514,0.00221544,0.754941,-0.000488588,0.999254,36,0,36,0,15,8,7,0,12,11,1,0,corner=13097/0/13097/0;rooms=4795/1966/2703/126;vertical=4098/3189/687/222
393,1609728,0.0465327,62,14,48,0,1.46125,0.00154677,43/43/42,e59be03d63c630667c80ffcd065c55b4d7e8f23ec220646772f7725ad7e008ce,-0.00205843,0.737747,-0.000488181,1.00068,38,0,38,0,12,2,10,0,12,12,0,0,corner=13135/0/13135/0;rooms=4807/1968/2713/126;vertical=4110/3201/687/222
394,1613824,0.0456668,54,13,41,0,1.4551,0.00311688,43/43/42,b897b06c0d8a2927bc5c2a73d2c65bc02b9ad3575088899672db1b86bc1a4ef8,-0.00104102,0.522733,-0.000487904,0.998936,37,0,37,0,11,7,4,0,6,6,0,0,corner=13172/0/13172/0;rooms=4818/1975/2717/126;vertical=4116/3207/687/222
395,1617920,0.0453571,74,21,53,0,1.41155,1.02222e-05,43/43/42,3080ac84d3797503c9cb6dd68bb7006a5c5f594c97de6f47210c06f47e239844,-0.000695818,1.03982,-0.000487709,0.999086,40,0,40,0,23,12,11,0,11,9,2,0,corner=13212/0/13212/0;rooms=4841/1987/2728/126;vertical=4127/3216/689/222
396,1622016,0.0462882,71,17,54,0,1.43558,0.000465304,43/43/42,e4cead6bcc300194af774bec2647da0511106fa1df5b5c6a5d0d3c0809122642,-0.00302184,0.985466,-0.000487373,0.99894,40,0,40,0,15,6,9,0,16,11,5,0,corner=13252/0/13252/0;rooms=4856/1993/2737/126;vertical=4143/3227/694/222
397,1626112,0.0464747,59,11,48,0,1.43779,0.000361949,43/43/42,fe76744057f772ae14e62f0a9bfd5f7a9861bd14c7b42b861a6592ac18fe24af,-0.00193646,0.690759,-0.000487366,0.998516,40,0,40,0,7,2,5,0,12,9,3,0,corner=13292/0/13292/0;rooms=4863/1995/2742/126;vertical=4155/3236/697/222
398,1630208,0.0465212,59,10,49,0,1.43829,0.000151187,43/43/42,168298effac05cef0aba449ebfc8cf223a55ea2fa3b134b6120cf31604a88cba,-0.00277182,0.830741,-0.000487523,0.999373,40,0,40,0,11,5,6,0,8,5,3,0,corner=13332/0/13332/0;rooms=4874/2000/2748/126;vertical=4163/3241/700/222
399,1634304,0.0460478,68,19,49,0,1.40369,0.000462085,43/43/42,14629fd502be143e36cab27faebca50b06c390fb05db6c7c7b5607ace0d9e671,-0.00024806,0.756614,-0.000486765,1.00225,37,0,37,0,21,9,12,0,10,10,0,0,corner=13369/0/13369/0;rooms=4895/2009/2760/126;vertical=4173/3251/700/222
400,1638400,0.0450459,62,13,49,0,1.43465,0.000224024,43/43/42,a5f3574723ba1957adb410e536b1d6d3097210930ce620bed2d64f35e84c8b11,0.000142772,0.860071,-0.000485565,0.999292,36,0,36,0,17,6,11,0,9,7,2,0,corner=13405/0/13405/0;rooms=4912/2015/2771/126;vertical=4182/3258/702/222
401,1642496,0.0456885,63,15,48,0,1.43511,0.000826627,43/43/42,7f8fc4f1d24c4d486984798f286b52e48da9d871b4ad6653a0b135a053dc0680,0.00249794,0.569518,-0.000485478,1.00037,42,0,42,0,8,3,5,0,13,12,1,0,corner=13447/0/13447/0;rooms=4920/2018/2776/126;vertical=4195/3270/703/222
402,1646592,0.0466408,65,17,48,0,1.44333,1.69873e-06,43/43/42,60cc66ef16b8207416974fe8ec5a1174b904d03e799ddb6021b69ce007378545,0.00211771,1.0068,-0.000485322,0.999003,38,0,38,0,15,7,8,0,12,10,2,0,corner=13485/0/13485/0;rooms=4935/2025/2784/126;vertical=4207/3280/705/222
403,1650688,0.0466918,64,9,55,0,1.41369,0.000536665,43/43/42,c4408018af4fdff93d1cc9d2b2529cc2e5594a4655279f51946219fa533bd305,-0.00216997,0.967436,-0.00048521,0.999306,38,0,38,0,19,3,16,0,7,6,1,0,corner=13523/0/13523/0;rooms=4954/2028/2800/126;vertical=4214/3286/706/222
404,1654784,0.0463652,69,18,51,0,1.42924,0.000525504,43/43/42,9e67e8f6bf49dc3031e1ce4d4dfcdd1ba7f4e90cf7e129ffc7116a0b69025c7e,0.00188139,0.645158,-0.000484777,1.0005,41,0,41,0,16,7,9,0,12,11,1,0,corner=13564/0/13564/0;rooms=4970/2035/2809/126;vertical=4226/3297/707/222
405,1658880,0.0450843,60,16,44,0,1.43731,0.000540525,43/43/42,5334ab992fe9e82098f06b065287a4d2f2d55b24702005b4bec65dd890780429,0.00225003,0.728006,-0.000484982,0.999409,36,0,36,0,12,4,8,0,12,12,0,0,corner=13600/0/13600/0;rooms=4982/2039/2817/126;vertical=4238/3309/707/222
406,1662976,0.0466742,67,14,53,0,1.43781,5.88e-05,43/43/42,fe9a7082dea163bac573b79eb2377b178f6cee49f089ee50fb6a3f38be7ffe34,-0.001171,1.10298,-0.000485157,0.999349,41,0,41,0,14,5,9,0,12,9,3,0,corner=13641/0/13641/0;rooms=4996/2044/2826/126;vertical=4250/3318/710/222
407,1667072,0.0465218,66,15,51,0,1.4647,0.000528604,43/43/42,568989a600d684cd096b808e86c0b624409c36c9bcb425ca0d53061efde6c9ae,-0.000644248,1.06186,-0.000484503,1.00257,40,0,40,0,14,6,8,0,12,9,3,0,corner=13681/0/13681/0;rooms=5010/2050/2834/126;vertical=4262/3327/713/222
408,1671168,0.0470221,63,16,47,0,1.44444,3.63886e-05,43/43/42,28261474b9e7edad4181d0851a27c7522e105b6a284fde824c244e6245668a57,-0.000918835,0.851526,-0.000483267,0.999711,38,0,38,0,12,8,4,0,13,8,5,0,corner=13719/0/13719/0;rooms=5022/2058/2838/126;vertical=4275/3335/718/222
409,1675264,0.0459857,68,13,55,0,1.43709,0.000163108,43/43/42,a4dd9c23d67e50883662b47cdf2d325d52391fc492918d180ae3bc67bd5c4ba2,-0.000738738,0.710594,-0.000482412,0.998016,44,0,44,0,12,3,9,0,12,10,2,0,corner=13763/0/13763/0;rooms=5034/2061/2847/126;vertical=4287/3345/720/222
410,1679360,0.0454859,74,20,54,0,1.43542,0.000508815,43/43/42,df8f407b359308b61bffca48632f1f2f1b70e88f2ea9bcb59094c6897becd816,-0.000776628,1.30876,-0.000482126,0.997483,38,0,38,0,21,9,12,0,15,11,4,0,corner=13801/0/13801/0;rooms=5055/2070/2859/126;vertical=4302/3356/724/222
411,1683456,0.046645,63,12,51,0,1.46467,0.000705749,43/43/42,825f89336f337398c7b722730381a0fa293d81f24a7dda7bb52789b3fa16f044,0.00178443,0.911137,-0.000481957,1.00029,38,0,38,0,17,7,10,0,8,5,3,0,corner=13839/0/13839/0;rooms=5072/2077/2869/126;vertical=4310/3361/727/222
412,1687552,0.0464586,61,15,46,0,1.45189,0.000868708,43/43/42,0c9fbe508ef057a8c2ea2861f89c72dbf03096d2e9c6b70cb133da74bef9c3f4,-0.000652183,0.658072,-0.000481906,1.00053,36,0,36,0,13,4,9,0,12,11,1,0,corner=13875/0/13875/0;rooms=5085/2081/2878/126;vertical=4322/3372/728/222
413,1691648,0.0464213,68,14,54,0,1.43998,9.61125e-05,43/43/42,6de71f6f8409b7367be24d4a2b9d1e59da437abf44370e1946e33dc634419c47,0.00214801,1.16999,-0.000482256,0.997455,41,0,41,0,12,4,8,0,15,10,5,0,corner=13916/0/13916/0;rooms=5097/2085/2886/126;vertical=4337/3382/733/222
414,1695744,0.0453147,59,16,43,0,1.42158,0.00113621,43/43/42,e52c817a595a5f6d912b0b2165c1ecf1c528c8dc796e7f6d0b37baa3f96390db,0.00123217,0.618734,-0.000482219,1.00059,36,0,36,0,14,7,7,0,9,9,0,0,corner=13952/0/13952/0;rooms=5111/2092/2893/126;vertical=4346/3391/733/222
415,1699840,0.0462422,63,15,48,0,1.39295,8.96752e-05,43/43/42,f9d76c35f36a4c1e4845e1e663caf4a698e6315b38b7187933d2d06a251bff29,0.000351186,0.685113,-0.000481445,0.998327,39,0,39,0,12,4,8,0,12,11,1,0,corner=13991/0/13991/0;rooms=5123/2096/2901/126;vertical=4358/3402/734/222
416,1703936,0.046664,67,13,54,0,1.40935,0.00144878,43/43/42,7c91739cbfe16228c56e1688f68369f1792d99984ad8088889162544c20b18ec,0.00297158,1.12784,-0.000480744,0.999841,42,0,42,0,14,4,10,0,11,9,2,0,corner=14033/0/14033/0;rooms=5137/2100/2911/126;vertical=4369/3411/736/222
417,1708032,0.046812,69,18,51,0,1.38749,0.00160339,43/43/42,e967777afbcd84711aaed941e7fcb65a5970555859787308777ceadb1c303d5a,0.000761476,1.14946,-0.000480132,1.00187,37,0,37,0,17,5,12,0,15,13,2,0,corner=14070/0/14070/0;rooms=5154/2105/2923/126;vertical=4384/3424/738/222
418,1712128,0.045951,61,12,49,0,1.41187,0.000204235,43/43/42,c7aa503a41dcde991fe2a8c860123e80aa4512bb4cb3e8fe3020b1d0acf691f3,0.000605167,0.867659,-0.000478766,0.998148,41,0,41,0,10,3,7,0,10,9,1,0,corner=14111/0/14111/0;rooms=5164/2108/2930/126;vertical=4394/3433/739/222
419,1716224,0.0455853,72,14,58,0,1.4213,0.000280648,43/43/42,36839d95610fd81cf6ce29eae44f379976c5db7c6435df606b174b5f4908f82a,0.000222932,1.01619,-0.00047791,0.998903,40,0,40,0,18,3,15,0,14,11,3,0,corner=14151/0/14151/0;rooms=5182/2111/2945/126;vertical=4408/3444/742/222
420,1720320,0.0464533,60,10,50,0,1.39479,3.65078e-05,43/43/42,84d19f944bf330ceb72655b31c41c93074258f5e4a98048062f0c904c2bc2aee,0.00207824,0.606606,-0.000476459,1.00009,41,0,41,0,10,1,9,0,9,9,0,0,corner=14192/0/14192/0;rooms=5192/2112/2954/126;vertical=4417/3453/742/222
421,1724416,0.0464099,68,14,54,0,1.37408,5.83231e-05,43/43/42,599a2d3445d59bd78555fc1d49b37e88d62a9660c503dbd2a26aec215652d568,-0.0020276,1.06845,-0.000475507,0.99923,39,0,39,0,17,4,13,0,12,10,2,0,corner=14231/0/14231/0;rooms=5209/2116/2967/126;vertical=4429/3463/744/222
422,1728512,0.0462649,65,13,52,0,1.38437,0.000573188,43/43/42,72837a85681982bf1583b01b5c19c0cbaffef02432901379f0af46e558889d3e,0.00511821,0.839136,-0.000475251,0.999758,40,0,40,0,14,3,11,0,11,10,1,0,corner=14271/0/14271/0;rooms=5223/2119/2978/126;vertical=4440/3473/745/222
423,1732608,0.0457998,63,16,47,0,1.38808,3.04282e-05,43/43/42,a388e4b96ded6660d28a736047e9b2374e6015ba2cef3a54573c45cc3caf7034,0.00217232,0.913426,-0.000475321,0.999478,38,0,38,0,9,3,6,0,16,13,3,0,corner=14309/0/14309/0;rooms=5232/2122/2984/126;vertical=4456/3486/748/222
424,1736704,0.0465665,63,9,54,0,1.38686,2.27988e-05,43/43/42,92b9dc2e331ecd4f6ca9b8f02f010f093a3c65c1923bc9ae509e4453c3304002,-0.00144894,1.11835,-0.000474685,1.00124,34,0,34,0,16,1,15,0,13,8,5,0,corner=14343/0/14343/0;rooms=5248/2123/2999/126;vertical=4469/3494/753/222
425,1740800,0.0468665,60,9,51,0,1.41157,0.000113636,43/43/42,16a99d27f5d3248e6b3e3d70773fab3e6d34eab4da3bba63ce6508d313f967dd,-0.00223694,0.991727,-0.000473764,1.00005,41,0,41,0,10,3,7,0,9,6,3,0,corner=14384/0/14384/0;rooms=5258/2126/3006/126;vertical=4478/3500/756/222
426,1744896,0.0463656,64,12,52,0,1.34814,0.000890285,43/43/42,d2dc138c31609feed56d0eb59a6f33ebf7a6cc898943d83a5ab919933182d6d6,-0.00185706,0.91817,-0.000473443,0.999589,37,0,37,0,12,1,11,0,15,11,4,0,corner=14421/0/14421/0;rooms=5270/2127/3017/126;vertical=4493/3511/760/222
427,1748992,0.0463764,63,14,49,0,1.35072,0.000179559,43/43/42,07ed771bdd1d1df4178b843691c33dbbaf213fdb82234453bb1f2cbd267a1769,0.00193575,0.690888,-0.000473387,0.99724,40,0,40,0,8,1,7,0,15,13,2,0,corner=14461/0/14461/0;rooms=5278/2128/3024/126;vertical=4508/3524/762/222
428,1753088,0.0450249,63,10,53,0,1.37523,6.09457e-05,43/43/42,e30a42cc9b4d7276aefc6dbded479934b4b63c687addc6a25522ba82266be559,0.00256236,0.742915,-0.000473281,1.00261,43,0,43,0,12,3,9,0,8,7,1,0,corner=14504/0/14504/0;rooms=5290/2131/3033/126;vertical=4516/3531/763/222
429,1757184,0.0464715,62,13,49,0,1.39323,8.13603e-06,43/43/42,3a231819c5ca2e77137952f3402b7b3fd2e49f57892e098c478555fb949c33a9,0.000938678,0.663495,-0.00047266,0.997846,38,0,38,0,13,2,11,0,11,11,0,0,corner=14542/0/14542/0;rooms=5303/2133/3044/126;vertical=4527/3542/763/222
430,1761280,0.0464388,63,15,48,0,1.35796,0.000685364,43/43/42,ee11bd89828f4bf712d19fb951e4ac0d88dcdca5d7190dae82217256e50073ce,0.000563967,1.08718,-0.000472171,0.999999,34,0,34,0,10,1,9,0,19,14,5,0,corner=14576/0/14576/0;rooms=5313/2134/3053/126;vertical=4546/3556/768/222
431,1765376,0.0461096,59,9,50,0,1.35224,0.000388652,43/43/42,6ef201471237c815145e0a8a3ab8d3328174e6ce80acf7c26748dbbe24d9fa03,0.00063058,0.715286,-0.000472126,1.00014,41,0,41,0,9,2,7,0,9,7,2,0,corner=14617/0/14617/0;rooms=5322/2136/3060/126;vertical=4555/3563/770/222
432,1769472,0.0455383,58,8,50,0,1.36057,0.00170234,43/43/42,f53415a96eb5a15d8ca4d0a404f44852d452289564ccfda573c0ddb5b2c14b4a,0.000387025,0.554189,-0.000472123,1.00257,43,0,43,0,9,2,7,0,6,6,0,0,corner=14660/0/14660/0;rooms=5331/2138/3067/126;vertical=4561/3569/770/222
433,1773568,0.0466713,66,18,48,0,1.33126,0.00122839,43/43/42,616a16c1d366e8fbc4d47736d4ec694d383544c5fed4a778d7e092d81f91bf63,0.00179419,0.704183,-0.000472344,0.999927,40,0,40,0,9,2,7,0,17,16,1,0,corner=14700/0/14700/0;rooms=5340/2140/3074/126;vertical=4578/3585/771/222
434,1777664,0.0466412,61,13,48,0,1.39612,0.000241458,43/43/42,b6fd63e5dfdedd3b4af6cbb03e34fc515a8d1238657cf26c0dd5275d8b5b48f4,-0.000735621,0.871837,-0.000471812,0.999789,37,0,37,0,11,1,10,0,13,12,1,0,corner=14737/0/14737/0;rooms=5351/2141/3084/126;vertical=4591/3597/772/222
435,1781760,0.0483185,64,12,52,0,1.36719,0.000181466,43/43/42,c18ba857e5c81670c5d1f7b7f750cef06f5fc9947edc565ff8b372b88d58988a,0.00130529,1.01816,-0.000471231,0.997161,38,0,38,0,17,4,13,0,9,8,1,0,corner=14775/0/14775/0;rooms=5368/2145/3097/126;vertical=4600/3605/773/222
436,1785856,0.0478808,66,10,56,0,1.3799,0.00120416,43/43/42,f5692b06854cd52e27ae1551a70373711643ed8ec648ce1286adebb08b52ad31,0.00190397,1.5046,-0.000471652,0.996858,40,0,40,0,9,1,8,0,17,9,8,0,corner=14815/0/14815/0;rooms=5377/2146/3105/126;vertical=4617/3614/781/222
437,1789952,0.0483828,61,15,46,0,1.35424,0.000158697,43/43/42,731f3a995f900530fe57202003fed757b88d1d71d1f18048f84b99bb6588a968,0.00190012,0.546478,-0.000471968,1.00072,40,0,40,0,7,1,6,0,14,14,0,0,corner=14855/0/14855/0;rooms=5384/2147/3111/126;vertical=4631/3628/781/222
438,1794048,0.0482779,56,10,46,0,1.35063,9.90927e-05,43/43/42,7dab177ddd098cf61ed2d2418e0fd2fab6e063cf72d63d6f5cc4b86e713e16a1,-3.62989e-05,0.809951,-0.000472248,0.99992,36,0,36,0,9,2,7,0,11,8,3,0,corner=14891/0/14891/0;rooms=5393/2149/3118/126;vertical=4642/3636/784/222
439,1798144,0.0481895,64,10,54,0,1.33367,4.13954e-05,43/43/42,5058bbd66261a052b48e3522026f55652f0d8bc4589f657fb78ec0bc88e79efb,0.00269859,1.26884,-0.000472131,1.00044,39,0,39,0,13,2,11,0,12,8,4,0,corner=14930/0/14930/0;rooms=5406/2151/3129/126;vertical=4654/3644/788/222
440,1802240,0.0481987,61,8,53,0,1.37823,3.16203e-05,43/43/42,c6172b61d5c95f2e8744aeea4f104bf260453b6731a94c42d5e929085a3f10bb,0.00111422,1.12861,-0.00047189,1.00136,36,0,36,0,12,1,11,0,13,7,6,0,corner=14966/0/14966/0;rooms=5418/2152/3140/126;vertical=4667/3651/794/222
441,1806336,0.0486273,64,11,53,0,1.38247,0.000823766,43/43/42,82d509c4ff6390a62876253983e2e4fd9656b8024c0a86834987521daa798527,0.0023889,0.856165,-0.000472175,1.00046,39,0,39,0,15,2,13,0,10,9,1,0,corner=15005/0/15005/0;rooms=5433/2154/3153/126;vertical=4677/3660/795/222
442,1810432,0.0466403,64,13,51,0,1.39396,2.5928e-05,43/43/42,d9aa56fc055e7ab051fccd7a78dd80dae8501fe7fb93e84029cc236193fc5c0c,0.00169953,0.595482,-0.000471549,1.00172,42,0,42,0,10,1,9,0,12,12,0,0,corner=15047/0/15047/0;rooms=5443/2155/3162/126;vertical=4689/3672/795/222
443,1814528,0.046362,77,12,65,0,1.36489,0.000270158,43/43/42,e27439aa408df0e94012b56080b6d94402f12c01f4e46156873e3180cc5650d6,0.000645241,1.2319,-0.00047119,0.998611,41,0,41,0,18,0,18,0,18,12,6,0,corner=15088/0/15088/0;rooms=5461/2155/3180/126;vertical=4707/3684/801/222
444,1818624,0.0470987,66,7,59,0,1.39635,0.00035432,43/43/42,fbb63d4002689281161c57c0c46793bce0a296ffeff1121ef279a470b4dcc06d,0.00407526,1.0545,-0.000471482,0.998087,40,0,40,0,14,0,14,0,12,7,5,0,corner=15128/0/15128/0;rooms=5475/2155/3194/126;vertical=4719/3691/806/222
445,1822720,0.0473461,61,5,56,0,1.41206,4.31836e-05,43/43/42,a61791e8610e0ad8548efa47bdf2a7a62b16b94296c026e256c3e7247234f1a3,0.01017,1.13337,-0.000471221,0.998905,40,0,40,0,10,0,10,0,11,5,6,0,corner=15168/0/15168/0;rooms=5485/2155/3204/126;vertical=4730/3696/812/222
446,1826816,0.0457919,58,9,49,0,1.37625,5.30779e-05,43/43/42,cd406bf218cb5afe6a9084fd2a64a30a0fc9307909e8adef9549bb3d432b53ee,0.00365875,0.574872,-0.000471488,1.0014,40,0,40,0,7,0,7,0,11,9,2,0,corner=15208/0/15208/0;rooms=5492/2155/3211/126;vertical=4741/3705/814/222
447,1830912,0.0475792,62,18,44,0,1.3651,0.000323802,43/43/42,3d8096ef45d39f59529d9f95dcf39059c60c339ff3f462ef43530c4b4524e128,-0.000132293,0.798116,-0.000471116,1.00351,31,0,31,0,15,3,12,0,16,15,1,0,corner=15239/0/15239/0;rooms=5507/2158/3223/126;vertical=4757/3720/815/222
448,1835008,0.0474987,68,8,60,0,1.41521,3.80576e-05,43/43/42,d79d77f32383df995620439090fd96f7def7f0e5c65071180e1339f1be86cc01,0.000231321,0.961157,-0.000470367,0.998002,40,0,40,0,17,0,17,0,11,8,3,0,corner=15279/0/15279/0;rooms=5524/2158/3240/126;vertical=4768/3728/818/222
449,1839104,0.0472603,67,10,57,0,1.40851,0.000624806,43/43/42,cb4be624b0102a0cd6cb5a004a4ee481c802cb38912938a988956eb4d7cf68b7,0.00334449,0.889092,-0.000470183,1.00106,42,0,42,0,14,2,12,0,11,8,3,0,corner=15321/0/15321/0;rooms=5538/2160/3252/126;vertical=4779/3736/821/222
450,1843200,0.0463504,58,10,48,0,1.39155,0.000433624,43/43/42,9fcf4de70bd806e032c8ccf53fb2af748c351ac062f3c7ef7d9b00c9bc1c16b6,-0.0014134,0.757668,-0.000470411,0.998081,34,0,34,0,12,0,12,0,12,10,2,0,corner=15355/0/15355/0;rooms=5550/2160/3264/126;vertical=4791/3746/823/222
451,1847296,0.0465565,60,11,49,0,1.36729,0.000125408,43/43/42,42029a2228a9feb256803d800d0b063a8a6a4999e67f44b749796cf6abddf895,0.00121349,0.617056,-0.000471016,0.998835,39,0,39,0,7,0,7,0,14,11,3,0,corner=15394/0/15394/0;rooms=5557/2160/3271/126;vertical=4805/3757/826/222
452,1851392,0.0468631,59,5,54,0,1.34102,0.000216037,43/43/42,c12205b4975db1cce4187142a33e1d804f5bd05a6b377a94f746ff2b944f6bc5,0.00356938,0.782676,-0.000471152,0.996707,41,0,41,0,10,1,9,0,8,4,4,0,corner=15435/0/15435/0;rooms=5567/2161/3280/126;vertical=4813/3761/830/222
453,1855488,0.047489,75,11,64,0,1.34443,0.000430286,43/43/42,304b16d16467c8459169d610ff4122bbae23ba56993b45ac63818a52d0f0438e,-0.000627236,0.970663,-0.000471162,1.00182,42,0,42,0,21,0,21,0,12,11,1,0,corner=15477/0/15477/0;rooms=5588/2161/3301/126;vertical=4825/3772/831/222
454,1859584,0.0477368,65,9,56,0,1.36598,8.32975e-06,43/43/42,6360115dd275247cf1e6cfda5dfd53720f952ff3e5a9185fe3afd46bd3a07490,0.000976599,0.791683,-0.000471689,1.00135,40,0,40,0,15,0,15,0,10,9,1,0,corner=15517/0/15517/0;rooms=5603/2161/3316/126;vertical=4835/3781/832/222
455,1863680,0.0469769,65,14,51,0,1.4101,0.000660211,43/43/42,65d641b59edebfac0ea77c6690d9f9e8f22cbef3c14a0b368d3c8e0f2a7c26a0,0.000498693,0.520947,-0.000472046,1.00008,43,0,43,0,7,1,6,0,15,13,2,0,corner=15560/0/15560/0;rooms=5610/2162/3322/126;vertical=4850/3794/834/222
456,1867776,0.0456211,64,6,58,0,1.38111,0.00017336,43/43/42,a400f9394c9950b3d4471b5a442743a08ab6936124f5cb8d816ccf823e3ea3e5,0.0025428,0.771109,-0.000471825,0.995635,40,0,40,0,18,0,18,0,6,6,0,0,corner=15600/0/15600/0;rooms=5628/2162/3340/126;vertical=4856/3800/834/222
457,1871872,0.0464993,58,9,49,0,1.3442,0.000393063,43/43/42,bd08ed5de90be1fca4a2cecef42b57404e35c46feb9f16bee97b29791456b7d0,-0.000972241,0.644219,-0.000472489,1.00022,39,0,39,0,10,0,10,0,9,9,0,0,corner=15639/0/15639/0;rooms=5638/2162/3350/126;vertical=4865/3809/834/222
458,1875968,0.0477165,60,12,48,0,1.36903,0.000430375,43/43/42,c9774b6788274acdcaf8c4fad32732e6e80345ce1fcf86e29ea0101472724f6c,0.00430985,0.742705,-0.000472134,1.00086,36,0,36,0,13,1,12,0,11,11,0,0,corner=15675/0/15675/0;rooms=5651/2163/3362/126;vertical=4876/3820/834/222
459,1880064,0.0479789,66,16,50,0,1.36015,0.00134066,43/43/42,5b24d565b3d9b56e559ce15f81a4be00a471e682e26cdd704635b8f65520fb9a,0.00242611,0.637205,-0.000471719,1.00002,37,0,37,0,13,0,13,0,16,16,0,0,corner=15712/0/15712/0;rooms=5664/2163/3375/126;vertical=4892/3836/834/222
460,1884160,0.0466421,57,6,51,0,1.38512,0.000672966,43/43/42,076f1b68703a1b3b8d0384dac45c87a114b006b04c0b08f0d136b718119728ec,0.000368419,0.727874,-0.000471638,0.997374,36,0,36,0,13,0,13,0,8,6,2,0,corner=15748/0/15748/0;rooms=5677/2163/3388/126;vertical=4900/3842/836/222
461,1888256,0.0469395,63,6,57,0,1.39411,0.00030008,43/43/42,10bfb154053bda354cbe706a53b2eced56861349e0c4e7c2d511c1403e86077a,0.00263558,0.765724,-0.000472052,0.997127,38,0,38,0,18,0,18,0,7,6,1,0,corner=15786/0/15786/0;rooms=5695/2163/3406/126;vertical=4907/3848/837/222
462,1892352,0.0475538,65,10,55,0,1.38386,0.00206056,43/43/42,045df7decad275345dac982ca68ff5f28307445ddb50d685326af2ba34b8ee3e,0.00486244,0.622228,-0.000473311,1.00064,40,0,40,0,15,0,15,0,10,10,0,0,corner=15826/0/15826/0;rooms=5710/2163/3421/126;vertical=4917/3858/837/222
463,1896448,0.04725,60,15,45,0,1.3527,0.00125614,43/43/42,a4626d5e0e193ff33489a8326e21606d5418bbd10891f753bec93b1468c89e01,0.0026961,0.60632,-0.000473965,0.999813,37,0,37,0,8,2,6,0,15,13,2,0,corner=15863/0/15863/0;rooms=5718/2165/3427/126;vertical=4932/3871/839/222
464,1900544,0.0465579,70,9,61,0,1.37568,0.000740558,43/43/42,65b73ec6d2070692b7d24d3e1307387a1028103020a32982e85a75381452cb96,0.00330046,0.760473,-0.000474418,1.0003,44,0,44,0,16,0,16,0,10,9,1,0,corner=15907/0/15907/0;rooms=5734/2165/3443/126;vertical=4942/3880/840/222
465,1904640,0.0466837,67,8,59,0,1.36033,1.87457e-05,43/43/42,c1c359d11a95fad0f9b5877f039ff52f1d0d059b966636e74a70acc852c3c88b,0.000256741,0.74586,-0.000473889,1.00045,42,0,42,0,16,0,16,0,9,8,1,0,corner=15949/0/15949/0;rooms=5750/2165/3459/126;vertical=4951/3888/841/222
466,1908736,0.0471633,48,5,43,0,1.42279,0.00476855,43/43/42,63fb80f0288e393c14ecac381420a9ba0e4f199a77ecf26596a7055399f8c730,-0.00159682,0.47993,-0.000473266,0.999875,34,0,34,0,8,0,8,0,6,5,1,0,corner=15983/0/15983/0;rooms=5758/2165/3467/126;vertical=4957/3893/842/222
467,1912832,0.0461367,65,18,47,0,1.38515,0.000280082,43/43/42,cf6c6ef7d8078e6bd26a11a342e73dfcbc07d2b4131c2348261bde24f850581f,0.00189748,0.625625,-0.000473708,0.99856,36,0,36,0,11,0,11,0,18,18,0,0,corner=16019/0/16019/0;rooms=5769/2165/3478/126;vertical=4975/3911/842/222
468,1916928,0.0475725,61,9,52,0,1.35393,0.0014818,43/43/42,55f38116772f3639b555a0c707ff7c31f548841f0fd05e98e950671a7f5e5f39,-0.000456583,0.595545,-0.000473345,1.00053,41,0,41,0,8,0,8,0,12,9,3,0,corner=16060/0/16060/0;rooms=5777/2165/3486/126;vertical=4987/3920/845/222
469,1921024,0.0471073,53,6,47,0,1.35302,0.00018242,43/43/42,0813f9c5c517ae51bc807c265bc0fc1e1d8fc0ccb3a1b0cf24cba444a01952f4,0.00150547,0.439742,-0.000472508,0.999708,40,0,40,0,7,1,6,0,6,5,1,0,corner=16100/0/16100/0;rooms=5784/2166/3492/126;vertical=4993/3925/846/222
470,1925120,0.0473942,64,6,58,0,1.32594,0.000894576,43/43/42,a198d581713b07dafb05cb4c6b2fea90b51f51aa0e570475e0dc5ae501439e9d,0.00376097,0.652799,-0.000472357,0.999069,40,0,40,0,16,0,16,0,8,6,2,0,corner=16140/0/16140/0;rooms=5800/2166/3508/126;vertical=5001/3931/848/222
471,1929216,0.046077,72,18,54,0,1.37476,0.000796467,43/43/42,24049d95c9a2037a937f5ae2cf712d0547112ba04bed5929109e3f1110c15099,-0.00176208,0.595268,-0.000472879,0.999601,42,0,42,0,11,0,11,0,19,18,1,0,corner=16182/0/16182/0;rooms=5811/2166/3519/126;vertical=5020/3949/849/222
472,1933312,0.0472284,60,10,50,0,1.41459,0.000360191,43/43/42,5dd9fd7ab9300a4ed220d1cca0a4a44bbdd8e9e5a1b2b8409c32a6702843644f,0.00509004,0.650363,-0.000473134,0.996838,37,0,37,0,11,1,10,0,12,9,3,0,corner=16219/0/16219/0;rooms=5822/2167/3529/126;vertical=5032/3958/852/222
473,1937408,0.0476341,51,6,45,0,1.36016,0.00334051,43/43/42,82260fd67123ab57e50603ab1858d3f11fb0aa8128ec567b6ab702ad2c672c49,0.00105777,0.490039,-0.000472967,0.99955,37,0,37,0,7,0,7,0,7,6,1,0,corner=16256/0/16256/0;rooms=5829/2167/3536/126;vertical=5039/3964/853/222
474,1941504,0.0483676,60,9,51,0,1.36165,0.000569656,43/43/42,aa183a9618b9173acb0c420f2a411d78233928765d22a5d58f7e34afdc8809ff,0.00287241,0.596288,-0.000473617,0.998927,37,0,37,0,11,0,11,0,12,9,3,0,corner=16293/0/16293/0;rooms=5840/2167/3547/126;vertical=5051/3973/856/222
475,1945600,0.0482515,69,17,52,0,1.33335,1.94609e-05,43/43/42,7ecc1454a8bc411fb75578a733833716c046571a74fc9b4493ffd76ba5a02dd7,0.0017277,0.934094,-0.000473726,0.998087,38,0,38,0,13,1,12,0,18,16,2,0,corner=16331/0/16331/0;rooms=5853/2168/3559/126;vertical=5069/3989/858/222
476,1949696,0.0484861,56,7,49,0,1.39367,0.00487107,43/43/42,8ed27a97a25b0ea0e2719848636a239774c383b047b590876a7445659c5c8d3c,-0.00401629,0.519933,-0.000474544,0.999057,41,0,41,0,8,1,7,0,7,6,1,0,corner=16372/0/16372/0;rooms=5861/2169/3566/126;vertical=5076/3995/859/222
477,1953792,0.0478094,63,7,56,0,1.39875,0.000153571,43/43/42,1a83751670561f39f2913217b0c58a8879bc4d6ba97dc0f999f37e3c0e74f678,0.00157562,0.749915,-0.000475718,1.00155,38,0,38,0,16,0,16,0,9,7,2,0,corner=16410/0/16410/0;rooms=5877/2169/3582/126;vertical=5085/4002/861/222
478,1957888,0.0470217,62,12,50,0,1.39432,0.000199229,43/43/42,253192d5ad88330c8d72651b070b4d9b13358200e3efd53ec14eb71d4c6cefc2,-0.000537068,0.789667,-0.000475073,0.998442,39,0,39,0,8,0,8,0,15,12,3,0,corner=16449/0/16449/0;rooms=5885/2169/3590/126;vertical=5100/4014/864/222
479,1961984,0.0472041,62,15,47,0,1.36868,0.000946552,43/43/42,a294a6bc0b1eb35dad0d9cb08326902e9df786b3037278a8b5ec0b0406df805b,0.000320847,0.60458,-0.000474151,1.00057,37,0,37,0,8,1,7,0,17,14,3,0,corner=16486/0/16486/0;rooms=5893/2170/3597/126;vertical=5117/4028/867/222
480,1966080,0.0478868,47,3,44,0,1.34415,0.00136045,43/43/42,f73f690003a291c406321d8433dcace07eac0d8b2fc217b309be596d5d3f69ab,0.000682245,0.494814,-0.000473421,1.00016,35,0,35,0,6,0,6,0,6,3,3,0,corner=16521/0/16521/0;rooms=5899/2170/3603/126;vertical=5123/4031/870/222
481,1970176,0.0483196,59,7,52,0,1.32954,0.000605375,43/43/42,9f87b547f288588ff39baacd19399650eb1082be70a6d933c29d041a10591453,0.000121583,0.58756,-0.000474076,0.999074,38,0,38,0,12,0,12,0,9,7,2,0,corner=16559/0/16559/0;rooms=5911/2170/3615/126;vertical=5132/4038/872/222
482,1974272,0.0472455,77,17,60,0,1.35822,6.18994e-05,43/43/42,4a3993ff587c0a7ff3259cfe0e74924cc771885e7ee4300c12bc5af34187540b,0.00343303,0.983709,-0.000474559,0.998756,40,0,40,0,15,0,15,0,22,17,5,0,corner=16599/0/16599/0;rooms=5926/2170/3630/126;vertical=5154/4055/877/222
483,1978368,0.0462202,54,7,47,0,1.40331,0.000617683,43/43/42,aa0529db78169b23c07002c2e5ca16de79cad59a89851bb28b4bde120a7d6796,-0.00064956,0.402717,-0.000473991,0.998882,42,0,42,0,4,0,4,0,8,7,1,0,corner=16641/0/16641/0;rooms=5930/2170/3634/126;vertical=5162/4062/878/222
484,1982464,0.0468332,53,6,47,0,1.36416,0.000561416,43/43/42,d480262c228000fdd608aae36df7af8a171aaa413a3d3427a6214aeb2713e110,0.0052618,0.392594,-0.00047276,1.00161,38,0,38,0,10,1,9,0,5,5,0,0,corner=16679/0/16679/0;rooms=5940/2171/3643/126;vertical=5167/4067/878/222
485,1986560,0.0471603,62,13,49,0,1.34548,0.00136176,43/43/42,1431d4c5e847be4f3e1b40de25fb1d9504f101f9ad0d2575f4e651d22f0c7988,0.00409199,0.89575,-0.000471922,1.00189,38,0,38,0,11,3,8,0,13,10,3,0,corner=16717/0/16717/0;rooms=5951/2174/3651/126;vertical=5180/4077/881/222
486,1990656,0.0452832,69,18,51,0,1.35146,0.000262648,43/43/42,3480723f5db0ce467d8b08539f180d6123e8d4817b1e995fa68e2b65b2e4a67d,0.000301116,0.991416,-0.000471966,0.998041,40,0,40,0,10,2,8,0,19,16,3,0,corner=16757/0/16757/0;rooms=5961/2176/3659/126;vertical=5199/4093/884/222
487,1994752,0.0475183,56,7,49,0,1.38766,7.58469e-05,43/43/42,c4b130daf52ab529aec597750c57f0e7646ed3e8891526746a91064454fedd51,2.5951e-05,0.532703,-0.000471339,0.999733,40,0,40,0,8,0,8,0,8,7,1,0,corner=16797/0/16797/0;rooms=5969/2176/3667/126;vertical=5207/4100/885/222
488,1998848,0.046243,49,5,44,0,1.3767,0.00201958,43/43/42,d112aa0aa26035f6942aa9b4ae2a3621a933f02ff7233f3e16a30c82163daa79,0.00422585,0.423894,-0.000470834,0.997026,35,0,35,0,11,2,9,0,3,3,0,0,corner=16832/0/16832/0;rooms=5980/2178/3676/126;vertical=5210/4103/885/222
489,2002944,0.0476694,67,21,46,0,1.35948,0.00225383,43/43/42,d9b6d6111b14abc3d3de9fc366f66887536a3cc6d96b4ea008883a524075c509,-0.00194285,0.434414,-0.000470497,0.99706,38,0,38,0,8,0,8,0,21,21,0,0,corner=16870/0/16870/0;rooms=5988/2178/3684/126;vertical=5231/4124/885/222
490,2007040,0.0471195,68,14,54,0,1.35311,0.000327975,43/43/42,6e30ddb899bd6a19c879a7960b51caf9ea3d4b83b5ca22fa64f91458989d0568,-0.00246958,0.667162,-0.000470037,0.999732,43,0,43,0,11,2,9,0,14,12,2,0,corner=16913/0/16913/0;rooms=5999/2180/3693/126;vertical=5245/4136/887/222
491,2011136,0.0481103,56,8,48,0,1.37878,0.000100881,43/43/42,b9094f0682d41b1ef7835610b8b4d574ec5fcdc64945c76212904030cff81a2e,-0.00309903,0.770328,-0.000469654,0.999826,38,0,38,0,11,3,8,0,7,5,2,0,corner=16951/0/16951/0;rooms=6010/2183/3701/126;vertical=5252/4141/889/222
492,2015232,0.0472631,61,10,50,1,1.37813,0.000501782,43/43/42,8fb75ce1a5433c233019b3b9c2d02f56f6524689f901b48a67dbd60ba43d0184,-0.00187691,0.611652,-0.000469359,1.00028,41,0,41,0,12,4,8,0,8,6,1,1,corner=16992/0/16992/0;rooms=6022/2187/3709/126;vertical=5260/4147/890/223
493,2019328,0.0467941,68,20,48,0,1.36613,0.000262529,43/43/42,c1cd968013ee5604bec68ed48c9f58486113205e5cd7bf0091daff2ce5291980,0.00256887,0.755476,-0.00046901,0.997427,38,0,38,0,9,2,7,0,21,18,3,0,corner=17030/0/17030/0;rooms=6031/2189/3716/126;vertical=5281/4165/893/223
494,2023424,0.0470576,53,11,42,0,1.3257,0.000979692,43/43/42,cc294133d0ebdf9d545f5e7400fa30b09780d4f4a671b4fdebac9b26827aec79,0.0022295,0.372001,-0.000468732,1.00105,39,0,39,0,4,2,2,0,10,9,1,0,corner=17069/0/17069/0;rooms=6035/2191/3718/126;vertical=5291/4174/894/223
495,2027520,0.0466545,54,5,49,0,1.31713,0.000534803,43/43/42,d7afd8f3c732bf62cd85889276d29422696b3c5c6dd3878ccf424f9d87abadfa,0.00384166,0.7232,-0.000468994,0.996889,41,0,41,0,6,1,5,0,7,4,3,0,corner=17110/0/17110/0;rooms=6041/2192/3723/126;vertical=5298/4178/897/223
496,2031616,0.0458706,69,19,50,0,1.33016,0.000720173,43/43/42,ed0d8fdd5aca76811c7ed1689e496fc3c7b85fbabd8f7f6a6a58053130fb89c1,0.00322934,0.819671,-0.000469409,1.00246,39,0,39,0,14,5,9,0,16,14,2,0,corner=17149/0/17149/0;rooms=6055/2197/3732/126;vertical=5314/4192/899/223
497,2035712,0.0471349,62,16,46,0,1.36336,0.00032261,43/43/42,b3223c199fdd423ff0ea7263afc3bf91eadc62bd69ad163647188f7ebd5deb10,0.0040722,0.868574,-0.000469691,0.996896,37,0,37,0,11,5,6,0,14,11,3,0,corner=17186/0/17186/0;rooms=6066/2202/3738/126;vertical=5328/4203/902/223
498,2039808,0.0470505,54,7,47,0,1.3927,0.000207931,43/43/42,961469f86005da8a18043aef9edd8e5ca89919583c46b465f2b5ec1c7cf36060,-0.00058759,0.541745,-0.000469654,0.998684,37,0,37,0,9,1,8,0,8,6,2,0,corner=17223/0/17223/0;rooms=6075/2203/3746/126;vertical=5336/4209/904/223
499,2043904,0.0454774,57,11,46,0,1.35493,0.00110935,43/43/42,efa87a014f41b99c858d29aa93dd55b07402770b9922fd12db26b785f46d7e58,-0.00117121,0.699426,-0.000469702,1.00023,38,0,38,0,11,5,6,0,8,6,2,0,corner=17261/0/17261/0;rooms=6086/2208/3752/126;vertical=5344/4215/906/223
500,2048000,0.0466315,64,16,48,0,1.39322,0.000879556,43/43/42,b150e7de0a9615b2df46205b93e4c183033f12f8914c3a555cd5f987a5788cd2,-0.0033544,0.821882,-0.000469769,1.00096,38,0,38,0,10,2,8,0,16,14,2,0,corner=17299/0/17299/0;rooms=6096/2210/3760/126;vertical=5360/4229/908/223
501,2052096,0.0478487,65,16,49,0,1.36355,0.00138158,43/43/42,653f3e9d545144430b43810f23a20eb1c4a1eb71d8e69422123de5ba9cca07e8,-0.00168569,0.750474,-0.000469895,0.998406,39,0,39,0,12,4,8,0,14,12,2,0,corner=17338/0/17338/0;rooms=6108/2214/3768/126;vertical=5374/4241/910/223
502,2056192,0.0465325,65,10,55,0,1.41116,0.00102106,43/43/42,6874008def6fa97b6265d25d83fcf1dc119f16dff0ba4bc7406c0c5e7b318965,0.00146443,0.762102,-0.000470495,1.00008,41,0,41,0,15,3,12,0,9,7,2,0,corner=17379/0/17379/0;rooms=6123/2217/3780/126;vertical=5383/4248/912/223
503,2060288,0.0472632,61,10,51,0,1.42688,0.000309616,43/43/42,c972da2b8dbf5119df7a51efb8e335fefceed587a0d200942ff7775dfb2f25f2,0.000219072,0.953669,-0.000470395,1.00118,35,0,35,0,15,2,13,0,11,8,3,0,corner=17414/0/17414/0;rooms=6138/2219/3793/126;vertical=5394/4256/915/223
504,2064384,0.0476714,58,13,45,0,1.40914,5.79804e-05,43/43/42,b2521e830e6f6a8fb0de3f423daf036bb07d28b65745de6cf50d6a4074a5ed11,0.00247541,0.61636,-0.000470309,0.998987,41,0,41,0,3,2,1,0,14,11,3,0,corner=17455/0/17455/0;rooms=6141/2221/3794/126;vertical=5408/4267/918/223
505,2068480,0.0455913,54,12,42,0,1.36226,0.000204235,43/43/42,9db892c4863edb6aff9c9a990dbbf894510af5caa009ec456188d76b4de57e12,0.00371271,0.319374,-0.00046981,1.0009,38,0,38,0,5,1,4,0,11,11,0,0,corner=17493/0/17493/0;rooms=6146/2222/3798/126;vertical=5419/4278/918/223
506,2072576,0.0459083,65,10,55,0,1.34391,0.000250965,43/43/42,0d15349f8347812864fffc801ad4427694e6c084e7cfed18d317298322b7689e,0.00245154,0.831074,-0.000469667,0.998675,42,0,42,0,14,2,12,0,9,8,1,0,corner=17535/0/17535/0;rooms=6160/2224/3810/126;vertical=5428/4286/919/223
507,2076672,0.0479,68,12,56,0,1.35915,0.000906616,43/43/42,b4fb30d2426f24ee340109030e20bd782bddfcca70eb92a949fbe43128846a71,0.00116697,0.703812,-0.000469493,1.00108,38,0,38,0,17,2,15,0,13,10,3,0,corner=17573/0/17573/0;rooms=6177/2226/3825/126;vertical=5441/4296/922/223
508,2080768,0.04719,55,5,50,0,1.40707,0.00164767,43/43/42,bb786a962eb939527482adc2d77b0039e8340463b3acadfc52df5d52d6c5c393,0.000422697,0.517329,-0.000468702,0.997814,38,0,38,0,11,0,11,0,6,5,1,0,corner=17611/0/17611/0;rooms=6188/2226/3836/126;vertical=5447/4301/923/223
509,2084864,0.045624,58,9,49,0,1.39703,0.000187427,43/43/42,1c86b58e3e65a66a31fce07479042f9019bc0bf0ed1f60e9d1d930e1a9cb7c69,0.000942078,0.627417,-0.000468377,1.00126,40,0,40,0,9,1,8,0,9,8,1,0,corner=17651/0/17651/0;rooms=6197/2227/3844/126;vertical=5456/4309/924/223
510,2088960,0.0466293,63,12,51,0,1.35996,0.000619113,43/43/42,0958e5066295c3f81ba7fd57730542fc730389b8896c756afd7a8aab9920407c,0.000240562,0.883414,-0.000467944,1.00147,38,0,38,0,12,2,10,0,13,10,3,0,corner=17689/0/17689/0;rooms=6209/2229/3854/126;vertical=5469/4319/927/223
511,2093056,0.0470015,51,9,42,0,1.38805,0.000776559,43/43/42,542068b0de65fff3070c02593a90258f1fbac28b841bab29b62315aed4b9edd7,0.000154691,0.711428,-0.000467079,1.0002,33,0,33,0,13,4,9,0,5,5,0,0,corner=17722/0/17722/0;rooms=6222/2233/3863/126;vertical=5474/4324/927/223
512,2097152,0.045446,61,9,52,0,1.40095,6.33299e-05,43/43/42,ce9fa9cb0099246a50c62a707bb1f60e8ce636f10da2f7d7b475761ab4ab477f,0.00139713,0.687277,-0.000466699,0.999751,38,0,38,0,12,0,12,0,11,9,2,0,corner=17760/0/17760/0;rooms=6234/2233/3875/126;vertical=5485/4333/929/223
513,2101248,0.0459779,58,6,52,0,1.40061,0.000315338,43/43/42,39750044d1f97febd67f8af6a6c623d85f85310a286eb4724e275ea6a187acf0,0.00169422,0.551504,-0.00046671,0.997655,42,0,42,0,10,0,10,0,6,6,0,0,corner=17802/0/17802/0;rooms=6244/2233/3885/126;vertical=5491/4339/929/223
514,2105344,0.046595,54,7,47,0,1.35666,4.59254e-05,43/43/42,036f214c5eab2213d928dd5da9ab2d03872ece7737478d8aa6ae9f824483664c,0.00114806,0.547104,-0.000466789,0.999735,36,0,36,0,12,1,11,0,6,6,0,0,corner=17838/0/17838/0;rooms=6256/2234/3896/126;vertical=5497/4345/929/223
515,2109440,0.0468416,63,14,49,0,1.37321,0.00091961,43/43/42,abcf81bd800bbdf5f28d7eda2a9ceaae4677b9c98cd20084d66b143cd6c46d73,0.00385271,0.677411,-0.000466939,0.999511,38,0,38,0,15,4,11,0,10,10,0,0,corner=17876/0/17876/0;rooms=6271/2238/3907/126;vertical=5507/4355/929/223
516,2113536,0.0457835,64,12,52,0,1.37565,0.000157177,43/43/42,359848e4e19482d758a1839fba71628d0d6a70bb7faef6f87b377f1e0f5db0a8,0.000465508,0.843256,-0.000466005,1.00028,39,0,39,0,9,0,9,0,16,12,4,0,corner=17915/0/17915/0;rooms=6280/2238/3916/126;vertical=5523/4367/933/223
517,2117632,0.0466997,66,10,55,1,1.39024,0.000531375,43/43/42,81276a94ebade93d04cd8c71828854ef3b145357250544a72bfac9fd816a4e0c,-0.00280747,0.719652,-0.000464295,1.00081,37,0,37,0,15,0,15,0,14,10,3,1,corner=17952/0/17952/0;rooms=6295/2238/3931/126;vertical=5537/4377/936/224
518,2121728,0.0467008,57,8,49,0,1.39741,0.000509888,43/43/42,bfe3749feee42dc5b61b6766747c9597cf514cc12b6e352558fc2b25f1b7bc57,-0.000877905,0.45467,-0.000462771,1.00236,36,0,36,0,11,0,11,0,10,8,2,0,corner=17988/0/17988/0;rooms=6306/2238/3942/126;vertical=5547/4385/938/224
519,2125824,0.0454215,53,6,47,0,1.38637,0.000242144,43/43/42,16c97320cc487f6f9e5337463b8a41be9ef751b17a48255006bc7bdbf74af52f,-0.000320794,0.435024,-0.000462635,1.00012,40,0,40,0,6,0,6,0,7,6,1,0,corner=18028/0/18028/0;rooms=6312/2238/3948/126;vertical=5554/4391/939/224
520,2129920,0.0463305,69,12,57,0,1.36146,0.000524431,43/43/42,9dccc96ce2c50fe1e7fe219881a8137c2b306dd9b7baacbdccac53b6ab626dbe,-0.00132529,0.782291,-0.000462299,1.00006,41,0,41,0,17,4,13,0,11,8,3,0,corner=18069/0/18069/0;rooms=6329/2242/3961/126;vertical=5565/4399/942/224
521,2134016,0.045128,54,10,44,0,1.40479,0.000435621,43/43/42,3d813ab4cb4c7093fcb47fcd1817b77632ef9c4d03b4c6f3718cb11c34d9076b,-0.00105513,0.586857,-0.000462455,0.999747,35,0,35,0,12,3,9,0,7,7,0,0,corner=18104/0/18104/0;rooms=6341/2245/3970/126;vertical=5572/4406/942/224
522,2138112,0.0455136,62,13,49,0,1.39603,0.000884563,43/43/42,961031b311bd4d6797167d24b87a4caa6df0b2406f52f53f6a6b7ca8e870f5f3,0.00141917,0.62034,-0.000462848,1.00048,41,0,41,0,7,1,6,0,14,12,2,0,corner=18145/0/18145/0;rooms=6348/2246/3976/126;vertical=5586/4418/944/224
523,2142208,0.0466232,49,6,43,0,1.43432,0.000917315,43/43/42,a8f52d0d0f774b05fce61f92b667feb7fc9abd3cf6f6491300923bfa3119bd0e,-0.00167982,0.599622,-0.000462275,0.999641,33,0,33,0,9,1,8,0,7,5,2,0,corner=18178/0/18178/0;rooms=6357/2247/3984/126;vertical=5593/4423/946/224
524,2146304,0.046861,65,11,54,0,1.37356,0.000152141,43/43/42,27873e95887689fa4aced300555127200129b3977c7fbec72d07495a3566e423,0.00510019,0.757007,-0.000461875,0.998357,40,0,40,0,17,4,13,0,8,7,1,0,corner=18218/0/18218/0;rooms=6374/2251/3997/126;vertical=5601/4430/947/224
525,2150400,0.0465496,61,11,50,0,1.39434,0.000102788,43/43/42,9cb0409dd36b9d12d3220872e964b39e1e2bf7f580052f6f0116d5a94b2c5fb0,-0.000142458,0.51882,-0.00046225,0.998318,43,0,43,0,7,2,5,0,11,9,2,0,corner=18261/0/18261/0;rooms=6381/2253/4002/126;vertical=5612/4439/949/224
526,2154496,0.0465646,55,16,39,0,1.40378,0.0014762,43/43/42,de569a2f4a7e9385c85dd1b848e245c962672f3f92d1323543ec074c1a6c81a6,0.00198876,0.602472,-0.000462044,1.00054,35,0,35,0,9,6,3,0,11,10,1,0,corner=18296/0/18296/0;rooms=6390/2259/4005/126;vertical=5623/4449/950/224
527,2158592,0.0467728,56,10,46,0,1.35451,0.000207469,43/43/42,0c893821646412dac811cde2591fec1b41876c2b9d28a999114723a355031484,0.00190958,0.817906,-0.000462372,1.00238,41,0,41,0,8,5,3,0,7,5,2,0,corner=18337/0/18337/0;rooms=6398/2264/4008/126;vertical=5630/4454/952/224
528,2162688,0.0457472,62,13,49,0,1.39163,0.00162524,43/43/42,fb3e5e1cab4a83755018d6a6f90ae6c58e3c63d65baa3cb49990cc3b6bb226b1,-0.00269235,0.761894,-0.000461823,1.00078,35,0,35,0,18,5,13,0,9,8,1,0,corner=18372/0/18372/0;rooms=6416/2269/4021/126;vertical=5639/4462/953/224
529,2166784,0.0473698,68,18,50,0,1.41286,0.00111905,43/43/42,752692ce7305349129982ff98acd95e26736265d0c297785a708d1ee2f392954,-0.000656143,0.749993,-0.000460662,0.998526,36,0,36,0,19,5,14,0,13,13,0,0,corner=18408/0/18408/0;rooms=6435/2274/4035/126;vertical=5652/4475/953/224
530,2170880,0.0481409,55,12,43,0,1.44206,0.00011462,43/43/42,bf8fb3286efd1dcf1def17e1939d25f77029d817c5ba12c653f5b5ef1160a9e5,0.000270221,0.412862,-0.000459997,1.00071,37,0,37,0,8,2,6,0,10,10,0,0,corner=18445/0/18445/0;rooms=6443/2276/4041/126;vertical=5662/4485/953/224
531,2174976,0.0474595,61,7,54,0,1.4155,0.00024727,43/43/42,f51a2356f41c9479018fd5550eaf24f85be09bbf2fb97735cd2d9b25e7a1711f,0.000131698,0.423782,-0.000458977,0.998634,43,0,43,0,10,0,10,0,8,7,1,0,corner=18488/0/18488/0;rooms=6453/2276/4051/126;vertical=5670/4492/954/224
532,2179072,0.0456778,65,15,50,0,1.41805,0.000521928,43/43/42,9e98751a61113219d12ab606585c82b67d8783495d50680604fe47063440da43,-0.00229762,0.861859,-0.000457949,0.999318,39,0,39,0,16,7,9,0,10,8,2,0,corner=18527/0/18527/0;rooms=6469/2283/4060/126;vertical=5680/4500/956/224
533,2183168,0.0463803,72,18,54,0,1.41857,0.000258237,43/43/42,1d224cc9c00833a0b2245c9002b566934af0875f4f138b9fa26715a56eac43ac,-0.00187383,0.894183,-0.000457048,0.999978,42,0,42,0,16,5,11,0,14,13,1,0,corner=18569/0/18569/0;rooms=6485/2288/4071/126;vertical=5694/4513/957/224
534,2187264,0.0469058,76,14,62,0,1.42528,0.00061658,43/43/42,56c0340f29853b04f4fe3c6a0a805015a43d997718eed856f2936c6ef1aab3d7,-0.00170929,1.23856,-0.000455974,0.997032,44,0,44,0,14,3,11,0,18,11,7,0,corner=18613/0/18613/0;rooms=6499/2291/4082/126;vertical=5712/4524/964/224
535,2191360,0.0473662,54,8,46,0,1.43481,0.00113466,43/43/42,f6db8a3afddaa816093d0d1f9944115afa56405a002153099be6e01328cb5d32,-0.00214374,0.799327,-0.000454983,1.00034,37,0,37,0,10,4,6,0,7,4,3,0,corner=18650/0/18650/0;rooms=6509/2295/4088/126;vertical=5719/4528/967/224
536,2195456,0.0464344,57,11,46,0,1.42352,0.00127962,43/43/42,c50029a1011239a747898a8bd71c953b51dff258c0eea742bb5b50a60119aa15,-0.00267251,0.602535,-0.000453806,0.999334,35,0,35,0,11,2,9,0,11,9,2,0,corner=18685/0/18685/0;rooms=6520/2297/4097/126;vertical=5730/4537/969/224
537,2199552,0.046289,57,7,50,0,1.40534,0.000336677,43/43/42,13a4f6744ecf8fd589249b32ff95079e829a4dfb961233c5c6b4d5457fd88ea5,-0.000177018,0.656822,-0.000454054,1.00022,38,0,38,0,11,1,10,0,8,6,2,0,corner=18723/0/18723/0;rooms=6531/2298/4107/126;vertical=5738/4543/971/224
538,2203648,0.0469112,76,21,55,0,1.38257,0.000437409,43/43/42,b943090b6ccc387486c8d2b575eede0d5984083b58a8b77c7f6e50d860bf9f00,-0.000192248,0.932039,-0.000454694,0.999159,40,0,40,0,19,5,14,0,17,16,1,0,corner=18763/0/18763/0;rooms=6550/2303/4121/126;vertical=5755/4559/972/224
539,2207744,0.0456392,58,9,49,0,1.43653,0.000294358,43/43/42,e053744a3d44b5fdeb33830db641730dae92b7f9b4c780feb987d16d93170b31,0.00235432,0.803399,-0.000455359,0.998763,38,0,38,0,13,4,9,0,7,5,2,0,corner=18801/0/18801/0;rooms=6563/2307/4130/126;vertical=5762/4564/974/224
540,2211840,0.0467995,63,4,59,0,1.43435,0.00013116,43/43/42,37cbd7341c0f5eae1fef572b28ab00c0f58745dcb8c1560bcbdf8b0e13facc65,-0.00279019,0.685913,-0.000455136,0.999717,40,0,40,0,20,1,19,0,3,3,0,0,corner=18841/0/18841/0;rooms=6583/2308/4149/126;vertical=5765/4567/974/224
541,2215936,0.0469686,67,14,53,0,1.41979,0.000305206,43/43/42,62bfe086d37197904c313f89b5466886a48ceb66f259b9a36488716cc7ce843c,-0.00144793,0.807858,-0.000454577,1.00148,40,0,40,0,15,3,12,0,12,11,1,0,corner=18881/0/18881/0;rooms=6598/2311/4161/126;vertical=5777/4578/975/224
542,2220032,0.0471182,68,7,61,0,1.39682,6.24955e-05,43/43/42,f95f5b9e01263e60f354f1189933e90d09f20cffaed5552197f08117f699d5a3,0.00700469,1.01307,-0.000453556,1.00009,40,0,40,0,21,2,19,0,7,5,2,0,corner=18921/0/18921/0;rooms=6619/2313/4180/126;vertical=5784/4583/977/224
543,2224128,0.0455325,62,10,52,0,1.36897,0.000243843,43/43/42,e078e572d0e82b07f9ae72ffbb7c5ce3d7896b7e61f85a0957b61feea18582cd,-0.000805718,0.653197,-0.000453394,1.0015,38,0,38,0,15,2,13,0,9,8,1,0,corner=18959/0/18959/0;rooms=6634/2315/4193/126;vertical=5793/4591/978/224
544,2228224,0.0468082,63,10,53,0,1.39821,0.00137109,43/43/42,5d18b6a334c8c370c991dc7795491a0779f4bcbd4db3fea7d498982563fd5089,0.000265135,0.580439,-0.00045412,0.99993,44,0,44,0,9,1,8,0,10,9,1,0,corner=19003/0/19003/0;rooms=6643/2316/4201/126;vertical=5803/4600/979/224
545,2232320,0.0469966,61,11,50,0,1.36414,0.00094083,43/43/42,076f95c2eb2e3cd33a40f463c1606c32187ddd2ceba3bcbc6cf3eea36f002566,-0.000320605,0.782984,-0.000454861,0.998789,41,0,41,0,9,3,6,0,11,8,3,0,corner=19044/0/19044/0;rooms=6652/2319/4207/126;vertical=5814/4608/982/224
546,2236416,0.046897,57,9,48,0,1.35262,9.06289e-05,43/43/42,79d0ad94db95760f410a09ea1476022037a3623cc0ea902bdf04b8321df60e5d,0.0011616,0.744533,-0.000454245,1.00036,38,0,38,0,13,4,9,0,6,5,1,0,corner=19082/0/19082/0;rooms=6665/2323/4216/126;vertical=5820/4613/983/224
547,2240512,0.046388,59,8,51,0,1.35846,0.000787765,43/43/42,e1ec56e313de2146c74f4201d52bf9c154de9678e2ef3d1ac03d915c7342c248,0.0010342,0.661004,-0.000453508,0.999924,36,0,36,0,15,2,13,0,8,6,2,0,corner=19118/0/19118/0;rooms=6680/2325/4229/126;vertical=5828/4619/985/224
548,2244608,0.046465,67,10,57,0,1.36115,1.46925e-05,43/43/42,57b9b984bbb5f761d5bc55de572c097823cb4d0951e01d76adc8f53b9bfd6d90,0.00196445,0.844145,-0.000453382,0.999954,43,0,43,0,16,3,13,0,8,7,1,0,corner=19161/0/19161/0;rooms=6696/2328/4242/126;vertical=5836/4626/986/224
549,2248704,0.0475981,63,11,52,0,1.34702,0.00158456,43/43/42,e03df5427acb3f277151143e83ef58bfdf2e420b450a9325eb419a151185bb27,0.00036562,0.882174,-0.000453703,0.998352,38,0,38,0,14,2,12,0,11,9,2,0,corner=19199/0/19199/0;rooms=6710/2330/4254/126;vertical=5847/4635/988/224
550,2252800,0.0469201,66,9,57,0,1.33,0.000568062,43/43/42,007ec709fde69cbadd3129ad1651c4a87f4a401d25b102ccb1976805c2404464,-0.00369915,0.910713,-0.000454801,1.00115,41,0,41,0,15,2,13,0,10,7,3,0,corner=19240/0/19240/0;rooms=6725/2332/4267/126;vertical=5857/4642/991/224
551,2256896,0.0456474,62,5,57,0,1.3353,9.45926e-05,43/43/42,b5b45270facfecefac3945863f0cd18eb0ce5429778a204d34fe1cb1c1051426,0.000196904,0.68155,-0.000454984,0.999652,39,0,39,0,19,3,16,0,4,2,2,0,corner=19279/0/19279/0;rooms=6744/2335/4283/126;vertical=5861/4644/993/224
552,2260992,0.0467193,71,17,54,0,1.34544,0.00133248,43/43/42,bb6d2711cb95b782a31fad322a5127cf73839b88f6f3aa125d843a666764d674,-0.00212401,0.846614,-0.000455296,1.0046,39,0,39,0,15,3,12,0,17,14,3,0,corner=19318/0/19318/0;rooms=6759/2338/4295/126;vertical=5878/4658/996/224
553,2265088,0.0466732,69,9,60,0,1.37244,0.000200093,43/43/42,33d8ed559069dc00cab9009ff0d26033d90ccbe2b30b6b87a54a6bb37fc2836c,0.000724429,0.799478,-0.000455372,0.999573,40,0,40,0,18,1,17,0,11,8,3,0,corner=19358/0/19358/0;rooms=6777/2339/4312/126;vertical=5889/4666/999/224
554,2269184,0.0457787,65,10,55,0,1.38839,5.87106e-06,43/43/42,f605cf6f125272cbbd2206eccc9b8ecf1f3ac04fcaa079655032e6fcdaa64fd2,0.00215075,0.675032,-0.00045553,0.998893,39,0,39,0,18,2,16,0,8,8,0,0,corner=19397/0/19397/0;rooms=6795/2341/4328/126;vertical=5897/4674/999/224
555,2273280,0.0460293,68,8,60,0,1.39245,0.000170141,43/43/42,42c177d375c457752c141cf4547918e5d51e6de2cf7ea2446b392aa7560caff9,0.00147334,1.0508,-0.000455383,0.998307,42,0,42,0,18,3,15,0,8,5,3,0,corner=19439/0/19439/0;rooms=6813/2344/4343/126;vertical=5905/4679/1002/224
556,2277376,0.0465909,72,11,61,0,1.38487,0.00120611,43/43/42,e75c3ffc360aabeeec732dae1af4df0381bbf520750ee0dd294e8cba70d69c3a,-0.00227716,1.12904,-0.000455279,0.999002,41,0,41,0,17,2,15,0,14,9,5,0,corner=19480/0/19480/0;rooms=6830/2346/4358/126;vertical=5919/4688/1007/224
557,2281472,0.0467115,69,10,59,0,1.36953,0.00011161,43/43/42,5ca2b3f5d0220e1d1dcea9dad0f0f730130c058edd6a2a714cd5854e25aff7e1,0.00122966,0.870067,-0.000454243,0.999855,42,0,42,0,15,1,14,0,12,9,3,0,corner=19522/0/19522/0;rooms=6845/2347/4372/126;vertical=5931/4697/1010/224
558,2285568,0.0460253,66,14,52,0,1.40177,0.000126392,43/43/42,b1d05163f9a20d09da8a7e9a89aad1847804abd32da1170031fafa285b294e65,0.00170198,0.657427,-0.000453308,1.00094,39,0,39,0,17,4,13,0,10,10,0,0,corner=19561/0/19561/0;rooms=6862/2351/4385/126;vertical=5941/4707/1010/224
559,2289664,0.0468942,57,8,49,0,1.41473,0.00194684,43/43/42,27f2d913245ff95186693842db5933b8c4d06ab1fa556b3fe9951717564357ee,0.00059301,0.47769,-0.000452384,0.998255,41,0,41,0,10,2,8,0,6,6,0,0,corner=19602/0/19602/0;rooms=6872/2353/4393/126;vertical=5947/4713/1010/224
560,2293760,0.047041,68,14,54,0,1.4142,0.000106126,43/43/42,0520492f7451d2c011e642491157a3c4d44ab2bd30f5102685142dbfb972dbb1,-0.000646435,1.18518,-0.000451612,1.00264,40,0,40,0,11,4,7,0,17,10,7,0,corner=19642/0/19642/0;rooms=6883/2357/4400/126;vertical=5964/4723/1017/224
561,2297856,0.0461307,71,20,51,0,1.44528,0.000120431,43/43/42,c2e3967409197d74ec3fee8b63bbd8241b744fc76665ee4fe314aac10e120ead,0.000595416,0.844379,-0.000451284,0.999654,40,0,40,0,18,8,10,0,13,12,1,0,corner=19682/0/19682/0;rooms=6901/2365/4410/126;vertical=5977/4735/1018/224
562,2301952,0.047265,74,13,61,0,1.44688,0.000398159,43/43/42,b4da6b533e3a53297baf5f2ce2ac2e2e5d403a2d8a5baa79381e7c9807f273d7,0.000217103,0.975873,-0.000451463,0.997092,41,0,41,0,22,3,19,0,11,10,1,0,corner=19723/0/19723/0;rooms=6923/2368/4429/126;vertical=5988/4745/1019/224
563,2306048,0.0471575,61,3,58,0,1.47338,0.000145584,43/43/42,2aa5558bd65dfade360d0e69c1e62f03e6c8a370ad8195faf0e5a23dba15b4f0,-9.21766e-05,0.812574,-0.000452251,1.00036,42,0,42,0,13,0,13,0,6,3,3,0,corner=19765/0/19765/0;rooms=6936/2368/4442/126;vertical=5994/4748/1022/224
564,2310144,0.0467458,71,14,57,0,1.43061,2.26796e-05,43/43/42,ff9967a2f0d16ac07d5de732c9036467a594e069cb5d0330135e797b8999fe59,0.00521082,0.94976,-0.000452891,1.00434,39,0,39,0,14,1,13,0,18,13,5,0,corner=19804/0/19804/0;rooms=6950/2369/4455/126;vertical=6012/4761/1027/224
565,2314240,0.0454383,61,9,52,0,1.42149,0.000157535,43/43/42,a61c1e7e9a1706e8b1b733831d4b2b6516c17fff379c14b50fbbb0685aa0cada,-0.00117346,0.709986,-0.000452362,1.00162,39,0,39,0,9,1,8,0,13,8,5,0,corner=19843/0/19843/0;rooms=6959/2370/4463/126;vertical=6025/4769/1032/224
566,2318336,0.0463275,63,9,54,0,1.40462,0.00015226,43/43/42,48d451f7831d59f7750bed544773884357b11a065df95fa4a18e1dcf3447e1e9,-0.000145401,0.619569,-0.000452006,1.00011,40,0,40,0,15,3,12,0,8,6,2,0,corner=19883/0/19883/0;rooms=6974/2373/4475/126;vertical=6033/4775/1034/224
567,2322432,0.0466339,65,9,56,0,1.37932,0.000226527,43/43/42,dcd0984994773cbcf9b9e37d86623a172ddb770df48124f74f345054b39d9e27,-0.000169428,0.660086,-0.0004519,1.00064,42,0,42,0,18,4,14,0,5,5,0,0,corner=19925/0/19925/0;rooms=6992/2377/4489/126;vertical=6038/4780/1034/224
568,2326528,0.0466798,65,6,59,0,1.40882,0.000714689,43/43/42,316147282eddaf93be915286c7d8fd2329fbd4e2233648b3b2cd7c9afc17b0cb,0.000147189,0.863505,-0.000451831,0.998954,41,0,41,0,16,1,15,0,8,5,3,0,corner=19966/0/19966/0;rooms=7008/2378/4504/126;vertical=6046/4785/1037/224
569,2330624,0.0465524,53,7,46,0,1.35216,0.000725299,43/43/42,588e9db746988a03353ebb4b9958f0990589c8dadc2bd926b3837a5f3b8fbf5e,0.00117106,0.51399,-0.00045138,1.00133,38,0,38,0,9,1,8,0,6,6,0,0,corner=20004/0/20004/0;rooms=7017/2379/4512/126;vertical=6052/4791/1037/224
570,2334720,0.0470285,71,14,57,0,1.32908,5.18858e-05,43/43/42,56b1a3feb959be6c3182868381e62e87833dbd734c26bf3cf93d5fb394485ce9,-0.00306184,0.969006,-0.000450794,0.998448,42,0,42,0,16,4,12,0,13,10,3,0,corner=20046/0/20046/0;rooms=7033/2383/4524/126;vertical=6065/4801/1040/224
571,2338816,0.0455466,74,9,65,0,1.37729,0.00206524,43/43/42,e590adf3260744a21324543ff617859449435e692f789481343c833cebfc80ba,0.000787565,1.07283,-0.00044999,1.00198,43,0,43,0,19,1,18,0,12,8,4,0,corner=20089/0/20089/0;rooms=7052/2384/4542/126;vertical=6077/4809/1044/224
572,2342912,0.0464851,73,9,64,0,1.37853,0.000176221,43/43/42,03f37edea05383685fabe227f9abc78d65eedb55a674792e14f4fc319aa52066,0.000168585,0.73017,-0.000449274,0.999432,45,0,45,0,21,3,18,0,7,6,1,0,corner=20134/0/20134/0;rooms=7073/2387/4560/126;vertical=6084/4815/1045/224
573,2347008,0.0463414,69,12,57,0,1.37825,0.00169268,43/43/42,b11b4a46da2fcbf4eb616b5247cd4156e6d7165031f4fb602e7ec84dfbd36e6e,0.00223854,0.903517,-0.00044901,0.998067,39,0,39,0,18,2,16,0,12,10,2,0,corner=20173/0/20173/0;rooms=7091/2389/4576/126;vertical=6096/4825/1047/224
574,2351104,0.0467897,59,7,52,0,1.38891,0.000286847,43/43/42,95054bee6feb84a5e6e07c75e41a02faef0739e117a33c10eef539b1f4ab95fb,0.00161675,0.813988,-0.000448775,0.99859,40,0,40,0,14,4,10,0,5,3,2,0,corner=20213/0/20213/0;rooms=7105/2393/4586/126;vertical=6101/4828/1049/224
575,2355200,0.0472405,68,9,59,0,1.34461,0.00255588,43/43/42,173f4752a2925be3dd07093e8559e77c61d3169ae166ab98689a6e0ed46bf070,0.00697928,0.553778,-0.000448752,0.998209,43,0,43,0,17,1,16,0,8,8,0,0,corner=20256/0/20256/0;rooms=7122/2394/4602/126;vertical=6109/4836/1049/224
576,2359296,0.0468848,71,14,57,0,1.3296,0.000525534,43/43/42,4bce61dfd6d474b369b3a2f2da725191eb29dda710f0b161e27b295eaf03bc47,-0.000542622,1.22733,-0.000448759,1.00032,40,0,40,0,18,5,13,0,13,9,4,0,corner=20296/0/20296/0;rooms=7140/2399/4615/126;vertical=6122/4845/1053/224
577,2363392,0.046703,71,10,61,0,1.3791,0.00191715,43/43/42,6f80936f2c595570764b32f1f76866a6b27772e533e1052c7a0371b4be426423,-0.00108262,0.685009,-0.000449317,0.999645,43,0,43,0,18,1,17,0,10,9,1,0,corner=20339/0/20339/0;rooms=7158/2400/4632/126;vertical=6132/4854/1054/224
578,2367488,0.0458875,53,2,51,0,1.35602,0.000626355,43/43/42,91a22b8551efc65fb30f0934c0ebcfe4b2d64b70249d4b72197b10da1cb5ae3d,-0.00173494,0.381758,-0.000450096,0.996621,43,0,43,0,8,0,8,0,2,2,0,0,corner=20382/0/20382/0;rooms=7166/2400/4640/126;vertical=6134/4856/1054/224
579,2371584,0.0465871,62,10,52,0,1.32892,0.0001463,43/43/42,e25077d09ab2ed4ae2eaae6053bf48e331ab92f406167858734acf36fff0a9ff,-0.00266152,0.733116,-0.000450255,1.00303,41,0,41,0,12,3,9,0,9,7,2,0,corner=20423/0/20423/0;rooms=7178/2403/4649/126;vertical=6143/4863/1056/224
580,2375680,0.0467285,66,11,55,0,1.30173,0.000128061,43/43/42,84bc753852a637d4b3139c96b3adb65ab79fa3aa20af18565f3b1c73c66847eb,-0.000147421,0.812733,-0.000449618,1.00222,42,0,42,0,12,2,10,0,12,9,3,0,corner=20465/0/20465/0;rooms=7190/2405/4659/126;vertical=6155/4872/1059/224
581,2379776,0.0450875,58,8,50,0,1.27087,0.000191838,43/43/42,a4ed47da483eb94b6daf2ffa6aa2338a7cddd5aee98655443afb23ea8b30808e,0.000252657,0.628991,-0.000447993,0.999581,41,0,41,0,13,4,9,0,4,4,0,0,corner=20506/0/20506/0;rooms=7203/2409/4668/126;vertical=6159/4876/1059/224
582,2383872,0.0462963,61,14,47,0,1.2672,0.000233352,43/43/42,a3baea1dcfdb259655bc08bb928b512c0931286315bec08891a8b337c006904b,0.00189972,0.457703,-0.000445944,0.998092,42,0,42,0,7,2,5,0,12,12,0,0,corner=20548/0/20548/0;rooms=7210/2411/4673/126;vertical=6171/4888/1059/224
583,2387968,0.0471123,58,11,47,0,1.30479,0.000506073,43/43/42,f508f45f90598a9c83654db6da037d5f653a0056bcf27859031121e6443612bd,-0.000518253,0.537774,-0.000444598,0.999954,42,0,42,0,9,4,5,0,7,7,0,0,corner=20590/0/20590/0;rooms=7219/2415/4678/126;vertical=6178/4895/1059/224
584,2392064,0.0469881,71,12,59,0,1.27622,0.00213912,43/43/42,13181ba09fc59c735103441ff1fab296a6cc3e0eb563af09b25b6d4bea78d91a,0.00511196,0.790156,-0.000443735,1.00083,43,0,43,0,21,5,16,0,7,7,0,0,corner=20633/0/20633/0;rooms=7240/2420/4694/126;vertical=6185/4902/1059/224
585,2396160,0.0462146,68,11,57,0,1.28813,0.000263005,43/43/42,183db2f9529e3a5198ba1061a1cfcb9e29c9f213003ac708310be240ac6c8c0c,-0.00203529,0.839242,-0.000443489,0.997382,42,0,42,0,16,4,12,0,10,7,3,0,corner=20675/0/20675/0;rooms=7256/2424/4706/126;vertical=6195/4909/1062/224
586,2400256,0.0471135,69,23,46,0,1.35126,0.000883102,43/43/42,f0f60e621c43fe6c80d6a67033a042f15456979a263ea3d2ed492dde4316ee80,-0.000965122,0.684126,-0.000443407,1.00032,39,0,39,0,15,9,6,0,15,14,1,0,corner=20714/0/20714/0;rooms=7271/2433/4712/126;vertical=6210/4923/1063/224
587,2404352,0.0470083,72,15,57,0,1.42729,0.000160843,43/43/42,2a13504cf0b56b8be71499748f1cd66bc34675f31fa221737b79a45c31c4f4d1,-0.000730935,0.860548,-0.000444209,1.00128,41,0,41,0,16,4,12,0,15,11,4,0,corner=20755/0/20755/0;rooms=7287/2437/4724/126;vertical=6225/4934/1067/224
588,2408448,0.0461201,67,9,58,0,1.4397,0.000194699,43/43/42,859706aac206a0fc07db906c3c824b671d4278f20418231403134ad718289524,-0.000212882,0.758952,-0.00044495,0.996847,43,0,43,0,19,5,14,0,5,4,1,0,corner=20798/0/20798/0;rooms=7306/2442/4738/126;vertical=6230/4938/1068/224
589,2412544,0.0471698,68,14,54,0,1.43085,0.000792056,43/43/42,386d3aa95a6e7957694b2135235b5b27393c8fa3a82c3c1fad7bffb3d74f4bb8,0.00140725,0.80589,-0.000444069,0.997331,44,0,44,0,11,5,6,0,13,9,4,0,corner=20842/0/20842/0;rooms=7317/2447/4744/126;vertical=6243/4947/1072/224
590,2416640,0.0475405,63,9,54,0,1.39568,0.000217319,43/43/42,9633ac8668345fc70c000b1599c3d65946a917e2f72ef1a0b151d67271d417eb,0.000431476,0.689561,-0.000442922,1.00137,43,0,43,0,10,2,8,0,10,7,3,0,corner=20885/0/20885/0;rooms=7327/2449/4752/126;vertical=6253/4954/1075/224
591,2420736,0.0476398,71,18,53,0,1.38228,0.000677764,43/43/42,4ab84af1ad78ce16f12a92c806dd07214bfca15b01218cbd825513ef8ca444e6,-0.000958948,0.753421,-0.000442,0.997228,42,0,42,0,14,5,9,0,15,13,2,0,corner=20927/0/20927/0;rooms=7341/2454/4761/126;vertical=6268/4967/1077/224
592,2424832,0.0472966,66,18,48,0,1.4196,0.00105467,43/43/42,a22757a5aa6729b425476eccb7deab1abdec28fc4c7efa8ec8623d8bbc246dd9,0.000618206,0.539163,-0.000440679,1.00229,42,0,42,0,14,8,6,0,10,10,0,0,corner=20969/0/20969/0;rooms=7355/2462/4767/126;vertical=6278/4977/1077/224
593,2428928,0.045533,58,4,54,0,1.4109,0.000101238,43/43/42,b3eaa5620f7d043542bb9f2ee0a71f4f30bbfb357b170e1081b614c5cff9bcb9,0.00236826,0.545906,-0.000439468,1.00044,46,0,46,0,9,2,7,0,3,2,1,0,corner=21015/0/21015/0;rooms=7364/2464/4774/126;vertical=6281/4979/1078/224
594,2433024,0.0467434,62,17,45,0,1.38539,0.000190526,43/43/42,62f1972e7786c7ee9fa22dd62fc4e31ae1a3fe063db3dfa13b80374b7a953235,0.00540021,0.659558,-0.000439334,0.999671,41,0,41,0,11,8,3,0,10,9,1,0,corner=21056/0/21056/0;rooms=7375/2472/4777/126;vertical=6291/4988/1079/224
595,2437120,0.0467443,63,13,50,0,1.37416,0.000154525,43/43/42,34869fdbf25fd2079b77bc4c7b3412706fb64092491aa2230ac65296b44d108b,0.000533152,0.665352,-0.000439346,0.999018,41,0,41,0,12,4,8,0,10,9,1,0,corner=21097/0/21097/0;rooms=7387/2476/4785/126;vertical=6301/4997/1080/224
596,2441216,0.0465247,73,21,52,0,1.34884,0.000471145,43/43/42,843bc76bcf4a0c7c6fd2d7387232363a1bf81034b119b01674226b40c2569d55,-0.0026708,1.06429,-0.000439013,0.998269,41,0,41,0,17,8,9,0,15,13,2,0,corner=21138/0/21138/0;rooms=7404/2484/4794/126;vertical=6316/5010/1082/224
597,2445312,0.0460362,66,13,53,0,1.39124,0.000387102,43/43/42,04437d8dda2d64043f9d89810099b81fcaa6c1081b2925fef5933982ba9c6e16,-0.00212061,0.80811,-0.000438799,1.00209,42,0,42,0,16,6,10,0,8,7,1,0,corner=21180/0/21180/0;rooms=7420/2490/4804/126;vertical=6324/5017/1083/224
598,2449408,0.0468948,53,7,46,0,1.41523,5.67734e-05,43/43/42,33c620bf7464efedb6622d25b94e4df4727db8ed80f610e58814b1fb0bd0f006,-0.000180585,0.492698,-0.00043823,1.00112,41,0,41,0,7,3,4,0,5,4,1,0,corner=21221/0/21221/0;rooms=7427/2493/4808/126;vertical=6329/5021/1084/224
599,2453504,0.0465594,63,12,51,0,1.38376,0.00023976,43/43/42,096975d3b902b90b3d08acede2aac879263ca7dbfd0b3c97f6e14a1ede890677,-0.00148989,0.499974,-0.000437912,0.998453,44,0,44,0,10,3,7,0,9,9,0,0,corner=21265/0/21265/0;rooms=7437/2496/4815/126;vertical=6338/5030/1084/224
600,2457600,0.0456268,71,17,54,0,1.3349,0.00197369,43/43/42,9357f51f859f2ce344af31bade963b5cd5db0e1e9eeb20dbe02678d1ffce388a,-0.00161342,1.15986,-0.000437295,0.998165,39,0,39,0,18,7,11,0,14,10,4,0,corner=21304/0/21304/0;rooms=7455/2503/4826/126;vertical=6352/5040/1088/224
601,2461696,0.0447652,69,13,56,0,1.35864,0.000461012,43/43/42,d836093c787e4eee52fecba2ae421dbab21045d18ee9b7c22c25097c3d9b4fbb,-0.00138493,0.702972,-0.000436769,1.00099,43,0,43,0,16,5,11,0,10,8,2,0,corner=21347/0/21347/0;rooms=7471/2508/4837/126;vertical=6362/5048/1090/224
602,2465792,0.0465168,65,12,53,0,1.36588,0.00100091,43/43/42,969fd6127a97527fdff68a60fda19295b6209494e0d2ccdaecba1693e05ead09,-0.00311196,0.657873,-0.000436781,1.00043,43,0,43,0,8,1,7,0,14,11,3,0,corner=21390/0/21390/0;rooms=7479/2509/4844/126;vertical=6376/5059/1093/224
603,2469888,0.0467471,59,8,51,0,1.39651,0.000317365,43/43/42,56fb56730a7eb3c3ac721a5d3c1da4007e0b33b90dbfff0783fbcbae308d8f4b,0.00142551,0.649624,-0.000437038,1.00006,44,0,44,0,7,3,4,0,8,5,3,0,corner=21434/0/21434/0;rooms=7486/2512/4848/126;vertical=6384/5064/1096/224
604,2473984,0.0460639,68,10,58,0,1.3569,5.34356e-05,43/43/42,ea477e6d19dd16cf93fd4163b97fe0a635859d8750c3641756eb7c53953ea60c,0.00018281,0.810254,-0.000437414,0.998602,41,0,41,0,20,5,15,0,7,5,2,0,corner=21475/0/21475/0;rooms=7506/2517/4863/126;vertical=6391/5069/1098/224
605,2478080,0.0467118,67,21,46,0,1.33273,0.00240019,43/43/42,c400d4990573c3f66e5101c90a4528963f5fc98957b2ea7c193816497ef44f2c,0.00286592,0.51361,-0.000437511,0.998096,40,0,40,0,15,9,6,0,12,12,0,0,corner=21515/0/21515/0;rooms=7521/2526/4869/126;vertical=6403/5081/1098/224
606,2482176,0.0473795,54,6,48,0,1.39087,0.00056687,43/43/42,850c1bf2c68143e11ef134ac709594e0caa9f8712c677168c8014d8717544ad7,0.00467286,0.443589,-0.000437305,1.00122,43,0,43,0,6,1,5,0,5,5,0,0,corner=21558/0/21558/0;rooms=7527/2527/4874/126;vertical=6408/5086/1098/224
607,2486272,0.0460128,73,16,57,0,1.32967,0.000509322,43/43/42,f6e1c0074300152635aaf5399599906c1e8d5414074a838f5f50ae04e3c05311,-0.00210403,1.03806,-0.000436552,1.00037,41,0,41,0,13,3,10,0,19,13,6,0,corner=21599/0/21599/0;rooms=7540/2530/4884/126;vertical=6427/5099/1104/224
608,2490368,0.0463801,69,11,58,0,1.37119,0.000154287,43/43/42,b54e7a489a3b79489c6ef6ee534ef8486f979ad2b8937ae926727dab15db9f4c,-0.00362149,1.09588,-0.000436743,0.99767,40,0,40,0,18,6,12,0,11,5,6,0,corner=21639/0/21639/0;rooms=7558/2536/4896/126;vertical=6438/5104/1110/224
609,2494464,0.047059,59,11,48,0,1.40114,6.83367e-05,43/43/42,34e232c5b0d654815c99b7b79beadccad1e91fcc4ac91fbdc5b3e3d8e0ed5b6d,-0.000607527,0.489195,-0.00043623,1.0003,41,0,41,0,12,5,7,0,6,6,0,0,corner=21680/0/21680/0;rooms=7570/2541/4903/126;vertical=6444/5110/1110/224
610,2498560,0.0452638,63,14,49,0,1.36426,0.000839025,43/43/42,fadf4d80bbd7c565b47ebb8bdc41fc88e9cd0f397abaf0905b57563fae0591a5,9.56459e-05,0.529425,-0.000435705,0.999592,42,0,42,0,12,6,6,0,9,8,1,0,corner=21722/0/21722/0;rooms=7582/2547/4909/126;vertical=6453/5118/1111/224
611,2502656,0.0446921,61,10,51,0,1.42237,0.000263497,43/43/42,ec37e07460dac36adae650a7007f00a13cfd26646c070a6af6a56063d46a5b04,-0.000909976,0.695737,-0.00043536,1.00119,40,0,40,0,10,2,8,0,11,8,3,0,corner=21762/0/21762/0;rooms=7592/2549/4917/126;vertical=6464/5126/1114/224
612,2506752,0.0467241,74,16,58,0,1.36661,0.000187904,43/43/42,57cc80bfd534289240de74d1f711c2a94ba962104beef0f7aa81efd42ac056c6,-0.000333385,0.688574,-0.000433919,0.998995,39,0,39,0,23,5,18,0,12,11,1,0,corner=21801/0/21801/0;rooms=7615/2554/4935/126;vertical=6476/5137/1115/224
613,2510848,0.0467305,71,13,58,0,1.41312,0.000193626,43/43/42,3ab63cc8f37edfab02f15c24045b7c3f7ca4dba6c6b933bb38c37c38d3e56d22,-0.00120008,0.769021,-0.000432475,1.00075,46,0,46,0,15,5,10,0,10,8,2,0,corner=21847/0/21847/0;rooms=7630/2559/4945/126;vertical=6486/5145/1117/224
614,2514944,0.0464546,61,11,50,0,1.43466,0.000356108,43/43/42,3f0ef02e2e536b9270480935d2a329c49fa7083c81414d9d58ebfa959e029636,0.00118875,0.689469,-0.000431327,1.00101,38,0,38,0,15,4,11,0,8,7,1,0,corner=21885/0/21885/0;rooms=7645/2563/4956/126;vertical=6494/5152/1118/224
615,2519040,0.0472002,71,14,57,0,1.4196,0.000545532,43/43/42,1455c2b1cd01521a1ac5bceb332ff3818ed4872128453d634738fb5349b81059,0.000628537,0.865423,-0.000431183,0.998942,41,0,41,0,18,5,13,0,12,9,3,0,corner=21926/0/21926/0;rooms=7663/2568/4969/126;vertical=6506/5161/1121/224
616,2523136,0.0470256,72,17,55,0,1.43502,0.000672609,43/43/42,1253bfd08038f17ee3b41ddbbe6e8c2df729e56f3c65b53785d2d3f65524b38d,0.000800224,0.536212,-0.000431192,0.998216,45,0,45,0,18,8,10,0,9,9,0,0,corner=21971/0/21971/0;rooms=7681/2576/4979/126;vertical=6515/5170/1121/224
617,2527232,0.0456942,63,17,46,0,1.44455,1.39773e-05,43/43/42,54bc3cb0900a741ab30d1d58d917f7142680a4019e2dfa56cbe166059f3a27bf,0.00212138,0.572729,-0.000431053,1.00253,39,0,39,0,11,5,6,0,13,12,1,0,corner=22010/0/22010/0;rooms=7692/2581/4985/126;vertical=6528/5182/1122/224
618,2531328,0.0466064,70,16,54,0,1.43723,0.000859886,43/43/42,ea0d2c703b66119cf6e99fe55d232cddb7a264aaeecf8fd29321f02ff82500a5,0.00108735,0.475226,-0.000430801,0.997996,42,0,42,0,17,5,12,0,11,11,0,0,corner=22052/0/22052/0;rooms=7709/2586/4997/126;vertical=6539/5193/1122/224
619,2535424,0.0469442,64,11,53,0,1.4671,0.00138313,43/43/42,b08a939b32aac66ea586568ddf89bf7cbe45476f0ade264013c878fb0664102c,-0.00156066,0.514717,-0.00043063,1.00083,42,0,42,0,14,5,9,0,8,6,2,0,corner=22094/0/22094/0;rooms=7723/2591/5006/126;vertical=6547/5199/1124/224
620,2539520,0.0452205,59,13,46,0,1.48258,0.000264823,43/43/42,d000f7ab9b77f00509c7c25c9c55d2eb317dd7154dfce77f5bcf689c9747ce41,0.00134783,0.39678,-0.000430431,1.00058,38,0,38,0,11,3,8,0,10,10,0,0,corner=22132/0/22132/0;rooms=7734/2594/5014/126;vertical=6557/5209/1124/224
621,2543616,0.0460573,69,19,50,0,1.45294,0.00115159,43/43/42,6543841c15ad8b3a060fa2ca75e048c3e9b2225c2e6fb6b8b229b6725b64510c,-0.00442655,0.997782,-0.000429986,1.00207,40,0,40,0,11,6,5,0,18,13,5,0,corner=22172/0/22172/0;rooms=7745/2600/5019/126;vertical=6575/5222/1129/224
622,2547712,0.0460157,68,15,53,0,1.4572,0.000541955,43/43/42,0a3830247e2e6d0e9ff28e6f751801f7027067247002596633779ee8389dbf92,0.00143445,0.910916,-0.000429935,0.998084,40,0,40,0,17,8,9,0,11,7,4,0,corner=22212/0/22212/0;rooms=7762/2608/5028/126;vertical=6586/5229/1133/224
623,2551808,0.046116,71,21,50,0,1.44437,0.000824481,43/43/42,a39ba3c64d9b51e693c70b9c2fce1199be322d6d9c088b98c2f72da775432a44,0.000486736,0.518389,-0.00042982,0.999279,42,0,42,0,18,11,7,0,11,10,1,0,corner=22254/0/22254/0;rooms=7780/2619/5035/126;vertical=6597/5239/1134/224
624,2555904,0.046813,60,10,50,0,1.47432,0.000196725,43/43/42,8420f0176f7e83ea9a7e6faaf94ff6723f229ae34868ea485fb7da662dd20e1f,0.00130242,0.59218,-0.000430148,0.998561,41,0,41,0,9,2,7,0,10,8,2,0,corner=22295/0/22295/0;rooms=7789/2621/5042/126;vertical=6607/5247/1136/224
625,2560000,0.0468658,77,19,58,0,1.4498,0.000425249,43/43/42,fd676dd927e64003d3fc61c39779b4d71abd44af8eac8ccdfab971850a951910,0.00150229,0.877186,-0.000429906,0.998534,43,0,43,0,16,3,13,0,18,16,2,0,corner=22338/0/22338/0;rooms=7805/2624/5055/126;vertical=6625/5263/1138/224
626,2564096,0.0455055,66,9,57,0,1.49109,1.14739e-05,43/43/42,7e33132255923d7e3118be4609b0c61dea90a857fe89293398ad4796171c378e,-0.00281583,0.801704,-0.000430254,0.996835,41,0,41,0,18,3,15,0,7,6,1,0,corner=22379/0/22379/0;rooms=7823/2627/5070/126;vertical=6632/5269/1139/224
627,2568192,0.0452248,73,13,60,0,1.4664,6.9797e-05,43/43/42,f51da00c6dc73e4890cd93805ad09a340675ae4a07f6bc5298d30dd986e40d6b,-7.36432e-06,1.20396,-0.000430611,0.998567,42,0,42,0,14,2,12,0,17,11,6,0,corner=22421/0/22421/0;rooms=7837/2629/5082/126;vertical=6649/5280/1145/224
628,2572288,0.0463515,66,12,54,0,1.46847,0.00105092,43/43/42,5abe3fe7d83a119679073eeb06903baca2cf387b99a1b158c41a5891a7e0967a,0.00219149,1.09477,-0.000430498,0.999182,38,0,38,0,15,3,12,0,13,9,4,0,corner=22459/0/22459/0;rooms=7852/2632/5094/126;vertical=6662/5289/1149/224
629,2576384,0.0465001,73,18,55,0,1.46291,4.9293e-05,43/43/42,9c84be531526894a173014fd2f57b6a0e6a0564fff16979a4e771ca267275561,-0.00101206,0.790096,-0.000429481,1.00018,43,0,43,0,18,7,11,0,12,11,1,0,corner=22502/0/22502/0;rooms=7870/2639/5105/126;vertical=6674/5300/1150/224
630,2580480,0.0451487,69,13,56,0,1.44992,0.00129047,43/43/42,6a03f8b7604cc96bfcbf8656f0f597b0f2c78d44b6e03d46e9c9cdc06fd60c85,0.000903431,1.10626,-0.000428151,1.00266,41,0,41,0,14,6,8,0,14,7,7,0,corner=22543/0/22543/0;rooms=7884/2645/5113/126;vertical=6688/5307/1157/224
631,2584576,0.0464055,66,13,53,0,1.47044,0.000807196,43/43/42,2b63e42d2997806ff5656c96c6ff41fef356087a5b6fbdef2bb889a7d5cd1698,-0.00129378,0.800559,-0.000427336,0.999517,41,0,41,0,13,2,11,0,12,11,1,0,corner=22584/0/22584/0;rooms=7897/2647/5124/126;vertical=6700/5318/1158/224
632,2588672,0.04626,69,14,55,0,1.45991,6.72638e-05,43/43/42,3d5f114cd6c75ad232f42734f697fedc9126b01124e9b7bd0207b017f1991de1,-0.00130628,0.816812,-0.000426854,0.996597,38,0,38,0,18,3,15,0,13,11,2,0,corner=22622/0/22622/0;rooms=7915/2650/5139/126;vertical=6713/5329/1160/224
633,2592768,0.0459209,70,13,57,0,1.48351,0.00281885,43/43/42,c20da615d5319dc08f9f8e89c6fb65afdb061ec3d315111bd5cb42e9e1ac3338,0.00377563,0.731481,-0.000426209,0.998311,42,0,42,0,17,3,14,0,11,10,1,0,corner=22664/0/22664/0;rooms=7932/2653/5153/126;vertical=6724/5339/1161/224
634,2596864,0.0464356,60,9,51,0,1.49455,0.000198901,43/43/42,12deda839eb6bfb1e40be06c9110ab8eb267dfb39bbe9f1dc3ed4d959445bc4d,-0.00115173,0.522032,-0.000424978,1.0002,40,0,40,0,9,0,9,0,11,9,2,0,corner=22704/0/22704/0;rooms=7941/2653/5162/126;vertical=6735/5348/1163/224
635,2600960,0.0466373,71,19,52,0,1.47904,7.39396e-05,43/43/42,9b9860f40181d418f32652d5bb07fe6677003b14e07d45a604a396a94d70a7d8,0.000329825,0.912417,-0.000425199,0.998195,41,0,41,0,16,8,8,0,14,11,3,0,corner=22745/0/22745/0;rooms=7957/2661/5170/126;vertical=6749/5359/1166/224
636,2605056,0.0454941,83,19,64,0,1.47611,4.07994e-05,43/43/42,547daedd07ce4727c5f69e889da79d3c2fae14ea06739b29925b5766d729f92c,-5.52332e-05,1.14009,-0.000425677,0.998905,45,0,45,0,19,5,14,0,19,14,5,0,corner=22790/0/22790/0;rooms=7976/2666/5184/126;vertical=6768/5373/1171/224
637,2609152,0.046312,60,12,48,0,1.46331,0.00162694,43/43/42,aa755921cbe580151d5a9c08bf98dbde975b5c7260c2a6989b80abb0fa5b3c84,-0.00103064,1.06141,-0.000425724,1.00173,35,0,35,0,13,5,8,0,12,7,5,0,corner=22825/0/22825/0;rooms=7989/2671/5192/126;vertical=6780/5380/1176/224
638,2613248,0.0455778,62,11,51,0,1.46433,0.00127569,43/43/42,7ffd91c3f835609077d992eaee007aca9f223a0b3ca45703d3b7c583dc665b8c,-0.000681777,0.672092,-0.000426125,1.00289,40,0,40,0,10,1,9,0,12,10,2,0,corner=22865/0/22865/0;rooms=7999/2672/5201/126;vertical=6792/5390/1178/224
639,2617344,0.0459799,71,15,56,0,1.43078,0.000153095,43/43/42,223be69f9eae03d008c3e77c62aa6de889e2a2db218b8e998caaeeea0317ac40,-0.00217041,1.04652,-0.000426041,1.00124,41,0,41,0,18,4,14,0,12,11,1,0,corner=22906/0/22906/0;rooms=8017/2676/5215/126;vertical=6804/5401/1179/224
640,2621440,0.0467272,76,21,55,0,1.45197,0.00104192,43/43/42,b34ecbdc659f49717d9830da4b964a4eebf4f6f6609b9f00ebc6d6f0e56b88f9,-9.2563e-06,0.638004,-0.000425848,1.00123,44,0,44,0,17,7,10,0,15,14,1,0,corner=22950/0/22950/0;rooms=8034/2683/5225/126;vertical=6819/5415/1180/224
641,2625536,0.0465841,67,12,55,0,1.45283,0.00143078,43/43/42,693361cdc28015941e6370226100c35688737292f1a2382d32df88a269305e7c,-0.00110037,0.547092,-0.000425902,0.99861,41,0,41,0,15,3,12,0,11,9,2,0,corner=22991/0/22991/0;rooms=8049/2686/5237/126;vertical=6830/5424/1182/224
642,2629632,0.0463674,64,14,50,0,1.45286,0.0011144,43/43/42,03f88998f9a09568ad80db9a962719a1fb372b08a024bdb1423ff547470983e1,0.00264142,0.744085,-0.000425812,0.999851,44,0,44,0,9,4,5,0,11,10,1,0,corner=23035/0/23035/0;rooms=8058/2690/5242/126;vertical=6841/5434/1183/224
643,2633728,0.04644,76,20,56,0,1.43246,0.000860959,43/43/42,45bb2ce855998c215654ccaea4e48bc0fc6584d7031f06c4ddc24b7893b9f297,0.00466348,0.880545,-0.000424933,1.00008,41,0,41,0,17,5,12,0,18,15,3,0,corner=23076/0/23076/0;rooms=8075/2695/5254/126;vertical=6859/5449/1186/224
644,2637824,0.0469987,56,13,43,0,1.45292,0.000442058,43/43/42,fa23266d5f6d6bee83ffb691ba7e3a40b8614545ae6f9c3223bed6a9e8f7cc65,0.000229886,0.453066,-0.000424337,0.999419,38,0,38,0,9,5,4,0,9,8,1,0,corner=23114/0/23114/0;rooms=8084/2700/5258/126;vertical=6868/5457/1187/224
645,2641920,0.0457079,61,14,47,0,1.40177,9.0152e-05,43/43/42,1b852eaeb347ebb2d77165d2eef16359c2527a34bee34bba869ca61cd0a9a56f,-0.000844082,0.580984,-0.00042377,0.999319,41,0,41,0,9,3,6,0,11,11,0,0,corner=23155/0/23155/0;rooms=8093/2703/5264/126;vertical=6879/5468/1187/224
646,2646016,0.0466798,67,12,55,0,1.41814,0.00089708,43/43/42,e3e8bff65d7244e0d1bb101bd2efb8fc5e098c69ecee002b3b3460ec84ca001f,0.00320034,0.849349,-0.000424127,1.00209,43,0,43,0,14,2,12,0,10,10,0,0,corner=23198/0/23198/0;rooms=8107/2705/5276/126;vertical=6889/5478/1187/224
647,2650112,0.0468338,69,14,55,0,1.40105,0.00118223,43/43/42,9d6551753d91851228aacbb1f14ee2ed6d3f4ae7e6d40f2e0ff30b0361a245d9,0.00361465,0.764461,-0.000424052,0.998809,43,0,43,0,14,2,12,0,12,12,0,0,corner=23241/0/23241/0;rooms=8121/2707/5288/126;vertical=6901/5490/1187/224
648,2654208,0.0453313,67,17,49,1,1.4358,0.000149399,43/43/42,912383962889d7f167b662184973e8ba94536b17c97236cd138fa645f12b3064,0.00208877,0.750203,-0.000424165,0.998829,40,0,40,0,16,6,9,1,11,11,0,0,corner=23281/0/23281/0;rooms=8137/2713/5297/127;vertical=6912/5501/1187/224
649,2658304,0.0464625,64,16,48,0,1.40655,5.18858e-05,43/43/42,ab36e63d1edd72301bd8ca489d614877f335feb857849610b73fc5b4f91c450c,0.000821187,0.796071,-0.000423755,0.997666,42,0,42,0,13,7,6,0,9,9,0,0,corner=23323/0/23323/0;rooms=8150/2720/5303/127;vertical=6921/5510/1187/224
650,2662400,0.0468177,64,10,53,1,1.42497,0.00058344,43/43/42,b40a67c8ffa48ec8b38179b2b9661f09af72f9efa1d52402e82f63d42a3a3cf0,-0.000546276,0.956111,-0.000423623,0.999648,41,0,41,0,11,0,11,0,12,10,1,1,corner=23364/0/23364/0;rooms=8161/2720/5314/127;vertical=6933/5520/1188/225
651,2666496,0.0467776,70,17,53,0,1.40902,1.19507e-05,43/43/42,79e8cbb132a06d445e195f5e5f85dbb0226f189920caa5d9f37b6e8bae6ff7a7,-0.00207868,0.829795,-0.000422862,1.00193,41,0,41,0,15,4,11,0,14,13,1,0,corner=23405/0/23405/0;rooms=8176/2724/5325/127;vertical=6947/5533/1189/225
652,2670592,0.046194,64,16,48,0,1.44789,0.000444323,43/43/42,5a24e9af37c9e74a2264a9ddbaad8966f6a29d3a60453fadd5a1341dc9a5bfcf,-0.00078545,0.603516,-0.000422004,0.996027,38,0,38,0,11,3,8,0,15,13,2,0,corner=23443/0/23443/0;rooms=8187/2727/5333/127;vertical=6962/5546/1191/225
653,2674688,0.0468413,65,9,56,0,1.42504,0.000146091,43/43/42,df73c54c98e1a1265891a6384ca9f8375deed4296d78e402aca797e59b09da41,-0.000373175,0.942367,-0.000421132,0.998939,42,0,42,0,15,4,11,0,8,5,3,0,corner=23485/0/23485/0;rooms=8202/2731/5344/127;vertical=6970/5551/1194/225
654,2678784,0.0455221,68,16,52,0,1.41181,0.00111344,43/43/42,88853e8bcc1919e9136a7744ad4f13b67bb6c4648d93802e908228f83cdf776b,0.00279303,0.568474,-0.000420319,1.00115,41,0,41,0,14,3,11,0,13,13,0,0,corner=23526/0/23526/0;rooms=8216/2734/5355/127;vertical=6983/5564/1194/225
655,2682880,0.0463915,69,14,55,0,1.41358,2.47061e-05,43/43/42,f6d2aeed9ab6fa8311d7ddb9b8991e9ee078dfb87d859ffad3c36e823ffc5eb2,-0.000366803,0.922928,-0.000420505,1.00035,41,0,41,0,15,2,13,0,13,12,1,0,corner=23567/0/23567/0;rooms=8231/2736/5368/127;vertical=6996/5576/1195/225
656,2686976,0.0462555,67,12,55,0,1.43962,0.000494391,43/43/42,fe9615617d05d9c8733225a995c281ab67c53c6292f8fa7462c56ab21d8fa4b2,0.00242653,0.579966,-0.000419837,0.998693,42,0,42,0,15,2,13,0,10,10,0,0,corner=23609/0/23609/0;rooms=8246/2738/5381/127;vertical=7006/5586/1195/225
657,2691072,0.0452031,62,9,53,0,1.43938,0.000286728,43/43/42,5fcfc742d7510002c0514048bc259a0cc3aa8ca5fd558ebea56f95b784282249,-0.00226731,0.553129,-0.00041929,0.999243,43,0,43,0,11,2,9,0,8,7,1,0,corner=23652/0/23652/0;rooms=8257/2740/5390/127;vertical=7014/5593/1196/225
658,2695168,0.045777,69,17,52,0,1.38992,0.00105563,43/43/42,9316a9d050965b687d6fc1c117738ff41cb5200d8a26b4f4598285da0db6ab95,0.000878696,0.750556,-0.000419226,1.00065,39,0,39,0,17,5,12,0,13,12,1,0,corner=23691/0/23691/0;rooms=8274/2745/5402/127;vertical=7027/5605/1197/225
659,2699264,0.0464136,70,18,52,0,1.38981,0.000291258,43/43/42,aca0d429cc588c1142271296d32c5e4f53bf037c7c92eb97f960f04c0f93a156,0.0055812,0.345976,-0.000419502,1.00152,43,0,43,0,12,3,9,0,15,15,0,0,corner=23734/0/23734/0;rooms=8286/2748/5411/127;vertical=7042/5620/1197/225
660,2703360,0.0464843,58,6,52,0,1.37291,0.000326425,43/43/42,a68ed47df947b0462730da552d0edfb08da4b937fcb5ed8d917c49567dad8ddc,0.00245993,0.802129,-0.000418986,1.00147,41,0,41,0,9,0,9,0,8,6,2,0,corner=23775/0/23775/0;rooms=8295/2748/5420/127;vertical=7050/5626/1199/225
661,2707456,0.0467347,70,13,57,0,1.38911,0.000457317,43/43/42,38a951971c381e3f552fdfd70f5eb367c9be0718e52bd5a5055334d3590cb26e,0.00104916,1.06619,-0.000418317,0.999973,42,0,42,0,15,2,13,0,13,11,2,0,corner=23817/0/23817/0;rooms=8310/2750/5433/127;vertical=7063/5637/1201/225
662,2711552,0.0467704,75,19,56,0,1.37398,0.000387937,43/43/42,85382e8048666f28abb81a7a66c0dad9ada4efdebb56cc6ee209842600cf76fd,0.00175676,0.748491,-0.000418215,0.99971,42,0,42,0,18,5,13,0,15,14,1,0,corner=23859/0/23859/0;rooms=8328/2755/5446/127;vertical=7078/5651/1202/225
663,2715648,0.0457743,62,10,52,0,1.4245,0.000207335,43/43/42,d6683efa189247cb424eadf608cfa6f3c91c1d56e8c4fe56df9df42377bce293,-0.000363314,0.684615,-0.00041854,0.999749,43,0,43,0,7,1,6,0,12,9,3,0,corner=23902/0/23902/0;rooms=8335/2756/5452/127;vertical=7090/5660/1205/225
664,2719744,0.0464153,65,13,52,0,1.39807,0.000129685,43/43/42,b4efbf335eccfb0f5c12677da42d139619065d9107f4247774d7e030748d6ded,-0.00103097,0.676173,-0.000418625,1.0016,42,0,42,0,12,2,10,0,11,11,0,0,corner=23944/0/23944/0;rooms=8347/2758/5462/127;vertical=7101/5671/1205/225
665,2723840,0.0462097,58,12,46,0,1.40278,7.17938e-05,43/43/42,ad0fea0e058613ab015793508a2e66fc2f3442fdbd2b2063f3cdb9e58fdb0831,0.00765998,0.39379,-0.000418817,0.99956,41,0,41,0,9,4,5,0,8,8,0,0,corner=23985/0/23985/0;rooms=8356/2762/5467/127;vertical=7109/5679/1205/225
666,2727936,0.0450867,62,14,48,0,1.35091,0.000182182,43/43/42,cf733904bb920f54d4f931ceef10dc0e9586a809236918e68630119f49ddc2c1,0.00114855,0.644913,-0.000418312,0.997354,38,0,38,0,10,1,9,0,14,13,1,0,corner=24023/0/24023/0;rooms=8366/2763/5476/127;vertical=7123/5692/1206/225
667,2732032,0.0457835,64,12,52,0,1.3973,0.000660568,43/43/42,47d13d96cd1197173497ad52f65f0eff715f027699ecaeebbfd68d21d421bd8e,0.0015881,0.970391,-0.000417542,1.00087,41,0,41,0,11,4,7,0,12,8,4,0,corner=24064/0/24064/0;rooms=8377/2767/5483/127;vertical=7135/5700/1210/225
668,2736128,0.0464678,66,14,52,0,1.37134,0.0026876,43/43/42,97a16a153f098e16b378695a48246582545aa4f9f1998b82f44748c423cc7f79,-0.0023663,0.77572,-0.000416505,1.00225,41,0,41,0,11,2,9,0,14,12,2,0,corner=24105/0/24105/0;rooms=8388/2769/5492/127;vertical=7149/5712/1212/225
669,2740224,0.0466795,65,13,52,0,1.37944,8.13603e-06,43/43/42,3876c1acf5d4b258d866a9d77ad6bd64b7976b59312747d751b6b649841293ae,3.49164e-05,0.663141,-0.00041561,0.999442,42,0,42,0,9,1,8,0,14,12,2,0,corner=24147/0/24147/0;rooms=8397/2770/5500/127;vertical=7163/5724/1214/225
670,2744320,0.0464909,71,11,60,0,1.39676,0.000648737,43/43/42,fb70bee7ed24110c16324d5c9fa425dec23f6b5b47499cb4c0056c8fe6d5eaa2,0.00833116,0.794985,-0.000415332,1.00208,45,0,45,0,18,4,14,0,8,7,1,0,corner=24192/0/24192/0;rooms=8415/2774/5514/127;vertical=7171/5731/1215/225
671,2748416,0.0467951,63,14,49,0,1.40882,0.000580579,43/43/42,95995eda94e34bc0f57f00d27c69ffbd327202cd9562f2c8868b63083ded9066,0.000479641,0.772298,-0.000414828,0.999422,39,0,39,0,14,4,10,0,10,10,0,0,corner=24231/0/24231/0;rooms=8429/2778/5524/127;vertical=7181/5741/1215/225
672,2752512,0.0453969,59,9,50,0,1.41218,0.000149041,43/43/42,041ff11d5d3870181412d3c4cc622186f6c168c1dafb0a7a5f36afba38d0287a,-0.00148817,0.678057,-0.000414267,1.00134,44,0,44,0,5,2,3,0,10,7,3,0,corner=24275/0/24275/0;rooms=8434/2780/5527/127;vertical=7191/5748/1218/225
673,2756608,0.046603,65,10,55,0,1.39268,0.000800759,43/43/42,7d2c902263fe4dba5b1268c7b0e4b5d3b7aee1b7b67bcad67aede617135141a7,0.00140608,0.470432,-0.000413885,1.00163,43,0,43,0,13,1,12,0,9,9,0,0,corner=24318/0/24318/0;rooms=8447/2781/5539/127;vertical=7200/5757/1218/225
674,2760704,0.0462487,63,15,48,0,1.36325,0.00021258,43/43/42,39a1659307bcffadb29d738a73496e43ee1264ac60402c8c4599577fc1c514c2,0.00192234,0.658421,-0.000413158,0.999224,39,0,39,0,14,5,9,0,10,10,0,0,corner=24357/0/24357/0;rooms=8461/2786/5548/127;vertical=7210/5767/1218/225
675,2764800,0.0455,68,14,54,0,1.38692,0.000512511,43/43/42,711617eb1328ce49dc4ce32bc7f23ce13119fc868fb46bc9a6378bb8d3800a77,-0.0045669,0.820688,-0.000412845,1.00044,44,0,44,0,8,1,7,0,16,13,3,0,corner=24401/0/24401/0;rooms=8469/2787/5555/127;vertical=7226/5780/1221/225
676,2768896,0.0461824,62,11,50,1,1.38749,0.000119478,43/43/42,faaad6e339150c11346af28e4b10bf93211f03383ce8a23d270a24ae5a776cff,-0.0020817,0.602904,-0.000412924,1.00144,40,0,40,0,9,1,8,0,13,10,2,1,corner=24441/0/24441/0;rooms=8478/2788/5563/127;vertical=7239/5790/1223/226
677,2772992,0.0467627,69,9,60,0,1.38102,0.00112107,43/43/42,0ffeb5a9101232d972abf45691f302bee15b6ddbe9064557abaaecf0812660df,0.00162498,0.706387,-0.000412877,0.997109,44,0,44,0,19,3,16,0,6,6,0,0,corner=24485/0/24485/0;rooms=8497/2791/5579/127;vertical=7245/5796/1223/226
678,2777088,0.0468295,63,15,48,0,1.38253,0.000213653,43/43/42,43e79496157e2e050d34a9faedaa6640b7dffd231a93ef883fe1115a89fce551,-0.00127474,0.366584,-0.000412716,0.998094,43,0,43,0,7,2,5,0,13,13,0,0,corner=24528/0/24528/0;rooms=8504/2793/5584/127;vertical=7258/5809/1223/226
679,2781184,0.0460225,69,15,54,0,1.40718,0.000334769,43/43/42,d009c886cc2cd7e646787d800ee20b5c6e911551ce459e912374c59d4daa4860,-5.94116e-05,0.730922,-0.000412824,1.00028,44,0,44,0,9,1,8,0,16,14,2,0,corner=24572/0/24572/0;rooms=8513/2794/5592/127;vertical=7274/5823/1225/226
680,2785280,0.0467334,69,16,53,0,1.37008,0.000715911,43/43/42,46fa9d6956c1d5f29286a9483b3dec074e133a575c4275f140078b376707ce9f,0.00364493,0.550435,-0.000412934,0.999847,42,0,42,0,16,5,11,0,11,11,0,0,corner=24614/0/24614/0;rooms=8529/2799/5603/127;vertical=7285/5834/1225/226
681,2789376,0.0457085,60,6,54,0,1.40817,0.000631481,43/43/42,c973f3040f38a3df4eecc0582c7c5ca94f974f4a44b442e988b1d4ef97b48d6b,-0.00104944,0.650777,-0.000412759,1.00003,42,0,42,0,13,2,11,0,5,4,1,0,corner=24656/0/24656/0;rooms=8542/2801/5614/127;vertical=7290/5838/1226/226
682,2793472,0.0464918,77,16,61,0,1.39965,0.000818968,43/43/42,3bb76922680447466932138d75c64bd5894481db33c4ac669bbdf4d3baa3b08c,-0.00460895,0.98401,-0.00041249,1.00038,43,0,43,0,18,3,15,0,16,13,3,0,corner=24699/0/24699/0;rooms=8560/2804/5629/127;vertical=7306/5851/1229/226
683,2797568,0.0466623,72,18,54,0,1.40812,0.00141957,43/43/42,c6618de80fe4ed90ed761b797a89a0e0f6c204a69af1a11bdea35c60eb49202f,-0.00455871,0.973205,-0.000411665,0.998352,41,0,41,0,12,2,10,0,19,16,3,0,corner=24740/0/24740/0;rooms=8572/2806/5639/127;vertical=7325/5867/1232/226
684,2801664,0.0454898,60,11,49,0,1.41639,0.0011802,43/43/42,60aca9a9aea4f177eb95f020d1896b1262cd6a00fb9b0ad51367ad8d9c81ffa8,0.000888134,0.762704,-0.000411166,1.00095,38,0,38,0,11,4,7,0,11,7,4,0,corner=24778/0/24778/0;rooms=8583/2810/5646/127;vertical=7336/5874/1236/226
685,2805760,0.0460296,67,9,58,0,1.39145,0.00121191,43/43/42,78d1c75b6d9c862fc6c08b795fee5f2477414dc8423d91d56f62ce1668c5c2fc,-0.00173834,0.478619,-0.000411989,0.999013,47,0,47,0,11,0,11,0,9,9,0,0,corner=24825/0/24825/0;rooms=8594/2810/5657/127;vertical=7345/5883/1236/226
686,2809856,0.0466045,65,12,53,0,1.36008,0.000526935,43/43/42,8f55cc9a5ea7ea24005961ff63a8cacb41084dc0ddfddd6b29ba835c14269665,0.00142726,0.64841,-0.000412752,0.997681,43,0,43,0,10,2,8,0,12,10,2,0,corner=24868/0/24868/0;rooms=8604/2812/5665/127;vertical=7357/5893/1238/226
687,2813952,0.0471182,74,19,55,0,1.35694,0.000678688,43/43/42,bc6886e9945bf20bc5bd9c98bc613ae658af06fd7fd546544b7baa70ad9afaee,0.000917157,0.903041,-0.00041309,1.00204,43,0,43,0,12,3,9,0,19,16,3,0,corner=24911/0/24911/0;rooms=8616/2815/5674/127;vertical=7376/5909/1241/226
688,2818048,0.046217,61,9,52,0,1.37051,0.00047186,43/43/42,24640e7df44a8f5699ca91876267fc3ac077500f6b42ce7c975bf7d153b10a44,0.000154596,0.55812,-0.000413156,1.00053,43,0,43,0,11,2,9,0,7,7,0,0,corner=24954/0/24954/0;rooms=8627/2817/5683/127;vertical=7383/5916/1241/226
689,2822144,0.045452,67,13,54,0,1.34504,0.000546843,43/43/42,41179e60bdcde2829017bfbb9cca1d55589f701f5bb81c4d365222bfefc4baed,0.00142089,0.505229,-0.000413103,1.00118,43,0,43,0,16,5,11,0,8,8,0,0,corner=24997/0/24997/0;rooms=8643/2822/5694/127;vertical=7391/5924/1241/226
690,2826240,0.0448782,68,19,49,0,1.37729,0.000357538,43/43/42,72c78fe008c8e5ce96d36a79bbf2c2efa0c8c4edae01d357323c56fbb9e5ad30,0.00132062,0.445396,-0.000411833,1.00106,43,0,43,0,7,2,5,0,18,17,1,0,corner=25040/0/25040/0;rooms=8650/2824/5699/127;vertical=7409/5941/1242/226
691,2830336,0.0458987,61,13,48,0,1.38662,8.48919e-05,43/43/42,3838b03d2628b90195a1ef11196e52996a821aa712c1901f272cf66678f09372,-8.26376e-05,0.621656,-0.000411144,1.00046,41,0,41,0,9,4,5,0,11,9,2,0,corner=25081/0/25081/0;rooms=8659/2828/5704/127;vertical=7420/5950/1244/226
692,2834432,0.046675,66,11,55,0,1.34755,0.000321895,43/43/42,4ba06a6a9371b2c9b5917dabedd4cfd56b5e2a723b86bb2a4083a2d688c3226a,0.00267945,0.712525,-0.000410254,0.997063,43,0,43,0,13,3,10,0,10,8,2,0,corner=25124/0/25124/0;rooms=8672/2831/5714/127;vertical=7430/5958/1246/226
693,2838528,0.0463726,77,15,62,0,1.37187,0.000656024,43/43/42,ed6b07cbbe952c69b1052673fd09cf312d63196a621193b45074b7210c5abce8,-0.00151015,0.85006,-0.000409991,1.00022,43,0,43,0,24,5,19,0,10,10,0,0,corner=25167/0/25167/0;rooms=8696/2836/5733/127;vertical=7440/5968/1246/226
694,2842624,0.0460618,68,15,53,0,1.3794,0.000407964,43/43/42,7a7d83d0d4ef0e37a7f9cf76fcd1ad901ed0dd0db12cdbafbd9ceab9e583ac64,-0.00108069,0.818421,-0.000410074,0.998662,42,0,42,0,10,2,8,0,16,13,3,0,corner=25209/0/25209/0;rooms=8706/2838/5741/127;vertical=7456/5981/1249/226
695,2846720,0.0468218,67,13,54,0,1.38562,0.00196102,43/43/42,5f49d9f1b4fa2e502fb858f8fb2a5a4ba751af0274d949a76fd3f5a4fed80384,-0.0015214,0.531455,-0.000409871,1.00024,45,0,45,0,10,3,7,0,12,10,2,0,corner=25254/0/25254/0;rooms=8716/2841/5748/127;vertical=7468/5991/1251/226
696,2850816,0.0457622,57,11,46,0,1.34521,2.23219e-05,43/43/42,d0610799e6660e97403ad8a5ac8727279a18509f6c622e0de6c71637155f0f1c,-0.000242109,0.31123,-0.000409334,0.997653,41,0,41,0,8,3,5,0,8,8,0,0,corner=25295/0/25295/0;rooms=8724/2844/5753/127;vertical=7476/5999/1251/226
697,2854912,0.0463459,71,15,56,0,1.35834,3.62694e-05,43/43/42,d3d1854934db928ac2b814d08a79e3ab34e4595535fb7c4d946c8ed769fbcac9,-0.00196363,0.622512,-0.000409499,0.99905,46,0,46,0,12,3,9,0,13,12,1,0,corner=25341/0/25341/0;rooms=8736/2847/5762/127;vertical=7489/6011/1252/226
698,2859008,0.0465417,66,14,52,0,1.36992,0.000858724,43/43/42,b5a28633a44e1edf10c8dd5d6ac14e2e3fd3332cda197083a8c261ed2663fdb9,0.00254151,0.883602,-0.000409765,1.00068,35,0,35,0,18,4,14,0,13,10,3,0,corner=25376/0/25376/0;rooms=8754/2851/5776/127;vertical=7502/6021/1255/226
699,2863104,0.0452592,62,13,49,0,1.38033,0.000170022,43/43/42,41a0e6607e9332afc90934efdd947eaae337b2a8e745f4e4c0a409f49c9d6ffa,0.00282417,0.483691,-0.000409846,1.00163,42,0,42,0,10,3,7,0,10,10,0,0,corner=25418/0/25418/0;rooms=8764/2854/5783/127;vertical=7512/6031/1255/226
700,2867200,0.0457372,74,18,56,0,1.3997,0.00126496,43/43/42,c7ddd620dfdd52eefa09f85f3ad31a3973ed9519ab1b38c03200cb8157033eb3,0.00198833,0.693085,-0.000410348,0.998927,45,0,45,0,17,6,11,0,12,12,0,0,corner=25463/0/25463/0;rooms=8781/2860/5794/127;vertical=7524/6043/1255/226
701,2871296,0.0454778,71,10,61,0,1.38691,0.000560313,43/43/42,7c2e4b39728b4abb0dd1f9a8854c98f11ce8241cf461a6950c776149ef631faa,-0.00020023,0.780389,-0.000410912,1.0016,44,0,44,0,16,1,15,0,11,9,2,0,corner=25507/0/25507/0;rooms=8797/2861/5809/127;vertical=7535/6052/1257/226
702,2875392,0.0463738,61,8,53,0,1.38754,0.000665337,43/43/42,475f066ab67a74d4b74c44565339fcb4307dee5ddcc66cf1549170f8ee8a1bc5,-0.00114946,0.672214,-0.000410863,1.00062,43,0,43,0,8,1,7,0,10,7,3,0,corner=25550/0/25550/0;rooms=8805/2862/5816/127;vertical=7545/6059/1260/226
703,2879488,0.0473605,68,16,52,0,1.36319,0.000543386,43/43/42,f458a68e931ac565ee8e50cd81d79b7865e9fa47c46ec16ec549831ba338d701,-0.000515537,0.646539,-0.000410742,1.00257,43,0,43,0,10,3,7,0,15,13,2,0,corner=25593/0/25593/0;rooms=8815/2865/5823/127;vertical=7560/6072/1262/226
704,2883584,0.0466576,69,11,58,0,1.3508,8.02875e-05,43/43/42,6cc5bd210546e9cf195dbefda102195809cd15976c4c153ea062b45fabf45003,0.00193744,0.541078,-0.000410766,1.00131,42,0,42,0,17,2,15,0,10,9,1,0,corner=25635/0/25635/0;rooms=8832/2867/5838/127;vertical=7570/6081/1263/226
705,2887680,0.0463233,66,11,55,0,1.36522,0.000447065,43/43/42,deb5ea79eab8a18ec20eb10a4e51df56ba2c8d6ef9fc11c0ab52a24da8aef580,-0.00200355,0.674364,-0.000411588,0.998149,43,0,43,0,12,2,10,0,11,9,2,0,corner=25678/0/25678/0;rooms=8844/2869/5848/127;vertical=7581/6090/1265/226
706,2891776,0.0470927,75,17,58,0,1.36616,0.000106722,43/43/42,9f4b686dffdb039aa16819cf566bebf83ceb37d4caf9faa2d93b746a1b07c84b,-0.000476159,0.616404,-0.000411925,0.999499,45,0,45,0,15,3,12,0,15,14,1,0,corner=25723/0/25723/0;rooms=8859/2872/5860/127;vertical=7596/6104/1266/226
707,2895872,0.0469096,68,11,57,0,1.39333,9.82583e-05,43/43/42,9af6b209589414477b36542fc45cba9397c9a0f0377859cb8f972aea6cd03562,0.00228816,0.535852,-0.000412138,0.996648,45,0,45,0,14,3,11,0,9,8,1,0,corner=25768/0/25768/0;rooms=8873/2875/5871/127;vertical=7605/6112/1267/226
708,2899968,0.045662,66,15,51,0,1.40451,0.000569642,43/43/42,0b46e6da1b299e417b5b1529fa158c588e69ce72baaaf094cd29035162a719bc,0.0020167,0.412025,-0.000412527,1.00107,42,0,42,0,14,5,9,0,10,10,0,0,corner=25810/0/25810/0;rooms=8887/2880/5880/127;vertical=7615/6122/1267/226
709,2904064,0.0464188,67,12,55,0,1.37194,1.65999e-05,43/43/42,f03b7d8b80441ac8b01518ee7ad185dc80f5f2e4ccc5a9a918d70c4720eaff13,0.00264783,0.494583,-0.00041241,1.00231,45,0,45,0,10,1,9,0,12,11,1,0,corner=25855/0/25855/0;rooms=8897/2881/5889/127;vertical=7627/6133/1268/226
710,2908160,0.0467968,71,14,57,0,1.38533,0.00029853,43/43/42,acc7c1eed849c7b9790ecf18ea6fd1b0135bc0ddd598329f91ab92231623da4c,0.0105894,0.591525,-0.000411883,0.998878,44,0,44,0,14,2,12,0,13,12,1,0,corner=25899/0/25899/0;rooms=8911/2883/5901/127;vertical=7640/6145/1269/226
711,2912256,0.0452135,68,10,58,0,1.40132,0.00059098,43/43/42,6d71e67337997dd7d5637714bfda4cdfb26bc46c40c0097e57e4bce152c965c9,0.00292213,0.706939,-0.000410733,1.00069,44,0,44,0,15,4,11,0,9,6,3,0,corner=25943/0/25943/0;rooms=8926/2887/5912/127;vertical=7649/6151/1272/226
712,2916352,0.0463083,59,9,50,0,1.39774,0.00148717,43/43/42,f60e3988d52a191e7df8a248aaa5f0baa10695168369a1d4c9cea9abc83414fd,-0.00271349,0.524152,-0.00040974,0.999624,40,0,40,0,11,2,9,0,8,7,1,0,corner=25983/0/25983/0;rooms=8937/2889/5921/127;vertical=7657/6158/1273/226
713,2920448,0.0460005,68,19,49,0,1.36323,0.00062564,43/43/42,08b449cbd4b4b83e884d3a7ef652b889f6bb414694a43a8bde6fbe751fcc8fb1,-0.00269051,0.381623,-0.000409116,0.999432,41,0,41,0,10,3,7,0,17,16,1,0,corner=26024/0/26024/0;rooms=8947/2892/5928/127;vertical=7674/6174/1274/226
714,2924544,0.046159,65,12,53,0,1.35647,0.000543624,43/43/42,7db1e3b0479e36d083489ca7298cee33f109e3f885e597c798c7cf737f3d7db3,-0.00256373,0.628235,-0.000408281,1.00243,43,0,43,0,9,1,8,0,13,11,2,0,corner=26067/0/26067/0;rooms=8956/2893/5936/127;vertical=7687/6185/1276/226
715,2928640,0.046248,69,12,57,0,1.34709,0.000174433,43/43/42,1c845c1d662b7a12adb95d91a352bb037b5ebe21d51a6e9d236c543554cb0ec1,-0.00222323,0.768384,-0.000407927,0.998699,44,0,44,0,15,5,10,0,10,7,3,0,corner=26111/0/26111/0;rooms=8971/2898/5946/127;vertical=7697/6192/1279/226
716,2932736,0.045303,69,18,51,0,1.41568,0.00058642,43/43/42,4e220e786a72e0721a2f63096c646d27b850250c4995f8cfea1a7ab68d3d6541,0.00208651,0.499136,-0.000407575,0.999332,42,0,42,0,16,7,9,0,11,11,0,0,corner=26153/0/26153/0;rooms=8987/2905/5955/127;vertical=7708/6203/1279/226
717,2936832,0.0461989,70,19,51,0,1.42019,4.26173e-05,43/43/42,52ec1e51064ca2a0a5c0fec2599966aa27d8aa8875c0320cd034b9371699d034,-0.00157929,0.345196,-0.00040866,0.99826,43,0,43,0,12,4,8,0,15,15,0,0,corner=26196/0/26196/0;rooms=8999/2909/5963/127;vertical=7723/6218/1279/226
718,2940928,0.0465277,61,7,54,0,1.40503,0.00258619,43/43/42,5cef872297363d1971d84f6fa95e618e9d020abbe6af348a76ce22ee207bd92b,-0.00245541,0.762872,-0.00040861,1.00043,42,0,42,0,11,2,9,0,8,5,3,0,corner=26238/0/26238/0;rooms=9010/2911/5972/127;vertical=7731/6223/1282/226
719,2945024,0.0450892,62,10,52,0,1.39668,0.00170305,43/43/42,297e1218d249db26517713540a14cc377ea02fd503b64f65beda706faf073fd1,0.00551825,0.705,-0.000407773,1.00155,42,0,42,0,9,1,8,0,11,9,2,0,corner=26280/0/26280/0;rooms=9019/2912/5980/127;vertical=7742/6232/1284/226
720,2949120,0.0459423,64,12,52,0,1.36427,0.00138932,43/43/42,01f56d24656ea8163db9f01262d7b46fb2043d4aed6229bbfe3478c705bb43af,0.00437562,0.373444,-0.000407227,1.00293,41,0,41,0,16,5,11,0,7,7,0,0,corner=26321/0/26321/0;rooms=9035/2917/5991/127;vertical=7749/6239/1284/226
721,2953216,0.0467509,67,12,55,0,1.36476,0.000105768,43/43/42,fa56ae2c4b25c133d460732be83e9d459091527cc01f4633830b3f0d5376d828,0.00338594,0.652856,-0.000407063,1.00355,42,0,42,0,14,3,11,0,11,9,2,0,corner=26363/0/26363/0;rooms=9049/2920/6002/127;vertical=7760/6248/1286/226
722,2957312,0.0467562,61,12,49,0,1.35618,0.000451475,43/43/42,dfb4d5b5eebe4e6fe25c50f0d6bf6dfc6ed1150dd33948b2affdd48a7f4223c4,-0.000348924,0.322676,-0.000407082,1.00256,43,0,43,0,8,2,6,0,10,10,0,0,corner=26406/0/26406/0;rooms=9057/2922/6008/127;vertical=7770/6258/1286/226
723,2961408,0.0465089,65,11,54,0,1.33534,0.000274837,43/43/42,45a8112a93592c86a6eb05635b2324e32e6f0b760a1727378047c45f57813c1c,0.0103045,0.586624,-0.000406974,1.00617,42,0,42,0,12,2,10,0,11,9,2,0,corner=26448/0/26448/0;rooms=9069/2924/6018/127;vertical=7781/6267/1288/226
724,2965504,0.046744,73,17,56,0,1.37164,0.000125751,43/43/42,21f6f9bcc536a5569fa05005c08da28184fb131b45d0b2b8e032c5e23b6f84a3,0.000143596,0.549184,-0.00040679,1.00084,43,0,43,0,18,6,12,0,12,11,1,0,corner=26491/0/26491/0;rooms=9087/2930/6030/127;vertical=7793/6278/1289/226
725,2969600,0.0455516,56,8,48,0,1.40752,0.000275642,43/43/42,a935be4a58cbc8dc895cc23642b2595744b3271211b95f2f588086d314ec6b02,0.00278661,0.378869,-0.00040631,0.998151,41,0,41,0,9,2,7,0,6,6,0,0,corner=26532/0/26532/0;rooms=9096/2932/6037/127;vertical=7799/6284/1289/226
726,2973696,0.0464464,66,13,52,1,1.37306,0.000414282,43/43/42,aa42095b3b72a85c520e48557d30cac7737010d5bb7c9f8b89d4e53c626417ec,-0.000206129,0.516848,-0.000405202,0.999951,46,0,46,0,6,2,4,0,14,11,2,1,corner=26578/0/26578/0;rooms=9102/2934/6041/127;vertical=7813/6295/1291/227
727,2977792,0.0470464,73,14,59,0,1.38151,0.000212938,43/43/42,5cefe0e1dc26d554f25c732cf3247a91db80a7250941236cce3295ba755f08e3,0.000162192,0.641298,-0.000404453,0.99952,42,0,42,0,18,2,16,0,13,12,1,0,corner=26620/0/26620/0;rooms=9120/2936/6057/127;vertical=7826/6307/1292/227
728,2981888,0.0462403,66,8,57,1,1.36324,0.000783965,43/43/42,13367e0a5f54129b953d7b8ef152a2613ee4c5d97dbc7555eca3b07cdee35284,0.000282694,0.599046,-0.000403779,1.00013,44,0,44,0,13,1,12,0,9,7,1,1,corner=26664/0/26664/0;rooms=9133/2937/6069/127;vertical=7835/6314/1293/228
729,2985984,0.0451915,75,15,60,0,1.39269,0.000451356,43/43/42,135539d6dabbc900c9a9b2ae8b847f403d9b19f498993bd71df78d6860824e08,0.00135995,0.801356,-0.000403515,0.998171,42,0,42,0,21,4,17,0,12,11,1,0,corner=26706/0/26706/0;rooms=9154/2941/6086/127;vertical=7847/6325/1294/228
730,2990080,0.0463647,57,9,48,0,1.40325,2.41101e-05,43/43/42,81e23f15c39e2e64d4f4a358d4f82bc3a1841ea863237105327ee3968a39e027,0.0115784,0.340156,-0.000403544,0.998194,42,0,42,0,7,1,6,0,8,8,0,0,corner=26748/0/26748/0;rooms=9161/2942/6092/127;vertical=7855/6333/1294/228
731,2994176,0.0461632,65,11,54,0,1.35923,0.0001252,43/43/42,2b36001b32d2a1daba72b871164b799d87e76749e1b77e663dcd533555edff0c,0.00281227,0.491979,-0.000403405,1.00123,43,0,43,0,13,2,11,0,9,9,0,0,corner=26791/0/26791/0;rooms=9174/2944/6103/127;vertical=7864/6342/1294/228
732,2998272,0.046093,64,12,52,0,1.3782,0.000246435,43/43/42,38d06676893fec2b08ea77496b8c72bd1defd3418e17b693b19c457eab082e00,0.00152353,0.573325,-0.000402773,0.999112,40,0,40,0,13,2,11,0,11,10,1,0,corner=26831/0/26831/0;rooms=9187/2946/6114/127;vertical=7875/6352/1295/228
733,3002368,0.0461925,64,10,54,0,1.37185,0.000317723,43/43/42,91f5a8c7ac0b3f709bad4c225d07a32c3053b2f03de226c54f1aac9c701803d7,-0.00196331,0.521136,-0.000403235,0.998959,45,0,45,0,10,2,8,0,9,8,1,0,corner=26876/0/26876/0;rooms=9197/2948/6122/127;vertical=7884/6360/1296/228
734,3006464,0.0453611,79,13,66,0,1.38107,0.000586897,43/43/42,bc249e58f27758d85be6d834f565839eea81c67f8c66bd89174326c45d789561,0.00386382,0.719271,-0.000403531,1.00057,47,0,47,0,21,4,17,0,11,9,2,0,corner=26923/0/26923/0;rooms=9218/2952/6139/127;vertical=7895/6369/1298/228
735,3010560,0.0462541,63,18,45,0,1.37104,0.00114125,43/43/42,7280dac6391730ebd64ad9de4dfe9db53eeee7979f481a1f8392d7094fd325a9,-0.00150877,0.538656,-0.000402926,1.00046,41,0,41,0,7,4,3,0,15,14,1,0,corner=26964/0/26964/0;rooms=9225/2956/6142/127;vertical=7910/6383/1299/228
736,3014656,0.0462573,62,8,54,0,1.38272,1.4931e-05,43/43/42,330f9870967abbefabc3027205ade2ae5fdfc25ad29d184d9b7c99f37452fa27,0.00356386,0.481504,-0.000402729,1.00067,42,0,42,0,14,2,12,0,6,6,0,0,corner=27006/0/27006/0;rooms=9239/2958/6154/127;vertical=7916/6389/1299/228
737,3018752,0.0451384,75,10,65,0,1.37783,0.000966936,43/43/42,0d74ce2f6821b82ca124391bab70755856576cf4ef3bb76e942e268839741be8,0.000891467,0.93527,-0.000403719,1.00008,46,0,46,0,17,1,16,0,12,9,3,0,corner=27052/0/27052/0;rooms=9256/2959/6170/127;vertical=7928/6398/1302/228
738,3022848,0.0467267,67,11,56,0,1.40209,0.000172794,43/43/42,e9d91c91b980f355fd0433eb0d6f08aa75d45ee56a3d5c7e6e90d6d7c298a58a,-0.00126587,0.656505,-0.00040433,1.00106,43,0,43,0,14,2,12,0,10,9,1,0,corner=27095/0/27095/0;rooms=9270/2961/6182/127;vertical=7938/6407/1303/228
739,3026944,0.0468092,67,19,48,0,1.36647,0.000585988,43/43/42,398cb1afac728bcb77fb25137d34456b06d2188b2ad21a99af2a30d535b4974a,-0.00294275,0.663703,-0.000404789,1.00086,39,0,39,0,7,1,6,0,21,18,3,0,corner=27134/0/27134/0;rooms=9277/2962/6188/127;vertical=7959/6425/1306/228
740,3031040,0.0466561,56,3,53,0,1.38573,5.03659e-06,43/43/42,a2b05f9ca7bc0f704c5a3953bd51fa1e6ede115b0badf4d09364d954afea6ef2,-0.00184014,0.589028,-0.000404974,0.99973,44,0,44,0,8,1,7,0,4,2,2,0,corner=27178/0/27178/0;rooms=9285/2963/6195/127;vertical=7963/6427/1308/228
741,3035136,0.0462821,72,18,54,0,1.34238,0.000572234,43/43/42,26c9bfac7bc9007c3c5a245373487a971e92220c134bb1249b946b1756250249,-0.000845292,0.415083,-0.000405522,1.00124,40,0,40,0,20,6,14,0,12,12,0,0,corner=27218/0/27218/0;rooms=9305/2969/6209/127;vertical=7975/6439/1308/228
742,3039232,0.046939,72,13,59,0,1.40633,9.39667e-05,43/43/42,cf1976c74ab5848064f7e0bf2c51725812969197a217e1f8aadfd4a006b9789e,0.00298725,0.475007,-0.000404905,1.00178,46,0,46,0,14,1,13,0,12,12,0,0,corner=27264/0/27264/0;rooms=9319/2970/6222/127;vertical=7987/6451/1308/228
743,3043328,0.0456167,63,15,48,0,1.40175,2.62558e-05,43/43/42,cc81ec484ef0f285ae4a33f07df98e1651b825af2c6223033de2e4e4bcac153b,0.000419586,0.470743,-0.000403902,0.997993,40,0,40,0,11,5,6,0,12,10,2,0,corner=27304/0/27304/0;rooms=9330/2975/6228/127;vertical=7999/6461/1310/228
744,3047424,0.0461677,68,9,59,0,1.38165,0.000782758,43/43/42,6641291ad995f5f8d8f94e8734dde718dfaea3273c567cac79d64d293422050e,-0.000745785,0.689711,-0.000403611,0.9985,45,0,45,0,13,2,11,0,10,7,3,0,corner=27349/0/27349/0;rooms=9343/2977/6239/127;vertical=8009/6468/1313/228
745,3051520,0.0465871,74,16,58,0,1.36464,0.000463158,43/43/42,22e5240ae79430fc2371fcdf5ac9b85c51f33b7b73a71d010b7bd131b041350d,0.00179582,0.655536,-0.00040376,1.00036,44,0,44,0,16,3,13,0,14,13,1,0,corner=27393/0/27393/0;rooms=9359/2980/6252/127;vertical=8023/6481/1314/228
746,3055616,0.0455592,76,14,62,0,1.38764,0.00033322,43/43/42,d3d8eecd607af45603cf5e7913f33beb150bca883bd59b936538acaaabc49d2d,0.00161244,0.596106,-0.000403649,0.996728,45,0,45,0,16,1,15,0,15,13,2,0,corner=27438/0/27438/0;rooms=9375/2981/6267/127;vertical=8038/6494/1316/228
747,3059712,0.0460396,62,8,54,0,1.44018,0.000709206,43/43/42,b53e7e025bc20362a2c068ea90248cf38730aeed88db19a3bb6e0ec8ed40440b,0.00187954,0.473878,-0.00040384,1.00338,43,0,43,0,15,5,10,0,4,3,1,0,corner=27481/0/27481/0;rooms=9390/2986/6277/127;vertical=8042/6497/1317/228
748,3063808,0.046742,63,11,52,0,1.41099,0.000134498,43/43/42,60f1971ec3e0b87ac843800cb9813658235d679ad7caf8c52b08f46a5806227c,0.000623525,0.3699,-0.000403495,1.00222,44,0,44,0,9,2,7,0,10,9,1,0,corner=27525/0/27525/0;rooms=9399/2988/6284/127;vertical=8052/6506/1318/228
749,3067904,0.046574,70,12,58,0,1.37316,0.000485688,43/43/42,74550bb51c0280e3fbfde7adcc761d02208c477db058c10b9556d290c1d2c14c,-0.000891072,0.715444,-0.00040312,1.00043,44,0,44,0,14,2,12,0,12,10,2,0,corner=27569/0/27569/0;rooms=9413/2990/6296/127;vertical=8064/6516/1320/228
750,3072000,0.0446229,75,16,59,0,1.38012,0.000560373,43/43/42,e68ed4a4111c1b76de2a4fad08881e10dd1b3b97f48e756c813561d9771f50ef,0.00140359,0.73581,-0.000402498,0.996909,43,0,43,0,18,4,14,0,14,12,2,0,corner=27612/0/27612/0;rooms=9431/2994/6310/127;vertical=8078/6528/1322/228
751,3076096,0.0462526,64,10,54,0,1.43223,0.00166577,43/43/42,2da6a727fc81b2d2170829ac897eabae5ad40f14c2960eaaf6217255729d859e,-0.000144064,0.361593,-0.000401583,0.99883,43,0,43,0,13,2,11,0,8,8,0,0,corner=27655/0/27655/0;rooms=9444/2996/6321/127;vertical=8086/6536/1322/228
752,3080192,0.046253,57,10,46,1,1.41587,0.000353724,43/43/42,4896575d548a27243fa5117bd319e8a61ea5aea1f8c85db32752c5bb27238ca5,0.0106048,0.249951,-0.000401382,1.00115,43,0,43,0,4,1,3,0,10,9,0,1,corner=27698/0/27698/0;rooms=9448/2997/6324/127;vertical=8096/6545/1322/229
753,3084288,0.0463134,63,11,52,0,1.36852,0.000615776,43/43/42,4d19c09c9c43b6a10c66dce2b339222e119242e78ef3c74a2a6ef62eafce3457,0.00168564,0.399113,-0.000400738,1.00229,43,0,43,0,11,2,9,0,9,9,0,0,corner=27741/0/27741/0;rooms=9459/2999/6333/127;vertical=8105/6554/1322/229
754,3088384,0.0461475,66,10,56,0,1.33523,0.000602424,43/43/42,8a794056824bd23da7a6b9ee38cc6d37f166509edd682cd854a53a761c156572,3.81195e-05,0.491206,-0.000400722,0.999337,43,0,43,0,15,2,13,0,8,8,0,0,corner=27784/0/27784/0;rooms=9474/3001/6346/127;vertical=8113/6562/1322/229
755,3092480,0.0459109,70,13,57,0,1.37362,0.000192791,43/43/42,04b7603abac47209c81a8f2a40286fec8fe4cfe90b88f6a58576b87d6e1d85ab,-8.06653e-05,0.551499,-0.000401576,1.00263,46,0,46,0,14,4,10,0,10,9,1,0,corner=27830/0/27830/0;rooms=9488/3005/6356/127;vertical=8123/6571/1323/229
756,3096576,0.0466665,66,15,51,0,1.38104,4.86672e-05,43/43/42,890483bdb5dffb5b609ba243035ae19d653931d53cd2ce1796e45f6e4c847d78,-0.0010755,0.514859,-0.000401207,1.00086,41,0,41,0,13,4,9,0,12,11,1,0,corner=27871/0/27871/0;rooms=9501/3009/6365/127;vertical=8135/6582/1324/229
757,3100672,0.0464654,71,10,61,0,1.40406,0.0014706,43/43/42,879246b3de4305a7db363766cd4b9d8088af3db005bcd4f6d3e9f259fe7fbda5,0.00137806,0.540684,-0.000400693,1.00241,48,0,48,0,15,3,12,0,8,7,1,0,corner=27919/0/27919/0;rooms=9516/3012/6377/127;vertical=8143/6589/1325/229
758,3104768,0.0466608,58,9,49,0,1.38316,0.000547081,43/43/42,ae9199f8c2dbf8c3bca340de06980537824ddddaa0c2a5fa270c9c156f2b8695,0.00228456,0.509209,-0.000400833,1.00024,42,0,42,0,8,3,5,0,8,6,2,0,corner=27961/0/27961/0;rooms=9524/3015/6382/127;vertical=8151/6595/1327/229
759,3108864,0.0462333,65,14,51,0,1.35239,5.20051e-05,43/43/42,93ad12cd8b50026446f38bbfc63fc841a90fbd301609b61b4171a758d39dd521,0.00201966,0.501729,-0.000400772,0.998807,44,0,44,0,11,5,6,0,10,9,1,0,corner=28005/0/28005/0;rooms=9535/3020/6388/127;vertical=8161/6604/1328/229
760,3112960,0.0452404,64,12,52,0,1.33365,0.000247657,43/43/42,68258f21191e44476bc8537e3178ccb591f4bc06c6f1cd6c7c39414544798022,-0.00076698,0.347584,-0.000400223,1.00033,46,0,46,0,9,3,6,0,9,9,0,0,corner=28051/0/28051/0;rooms=9544/3023/6394/127;vertical=8170/6613/1328/229
761,3117056,0.0468974,66,13,52,1,1.34142,0.000556856,43/43/42,7604c6b5d8e2d75a436c5d5c2b713124dee4f26e180602b964fc00c2b35522d7,0.000381748,0.443432,-0.000398855,0.998273,42,0,42,0,13,3,10,0,11,10,0,1,corner=28093/0/28093/0;rooms=9557/3026/6404/127;vertical=8181/6623/1328/230
762,3121152,0.0465685,61,9,50,2,1.36746,0.000252753,43/43/42,971ec6532177d54d3c77686c55ff008ca6d9f928a69de8201911583373b79039,0.00142916,0.227418,-0.000397693,0.998962,44,0,44,0,11,5,6,0,6,4,0,2,corner=28137/0/28137/0;rooms=9568/3031/6410/127;vertical=8187/6627/1328/232
763,3125248,0.0467067,73,11,60,2,1.34921,0.000186145,43/43/42,209f4abc255d42da4b4d8f05439c0936c3ee17e3d8d0087c487b11c90a18b0be,0.00490867,0.864537,-0.000396791,1.00222,44,0,44,0,15,2,13,0,14,9,3,2,corner=28181/0/28181/0;rooms=9583/3033/6423/127;vertical=8201/6636/1331/234
764,3129344,0.0472147,67,12,53,2,1.38761,3.92795e-05,43/43/42,ddbba6f5067e59380e8c1b8e020ad8c20d435b3ba4732f14f8775e3312216211,0.00145476,0.417011,-0.000396824,1.00259,43,0,43,0,11,2,9,0,13,10,1,2,corner=28224/0/28224/0;rooms=9594/3035/6432/127;vertical=8214/6646/1332/236
765,3133440,0.0457204,68,15,53,0,1.38349,0.00110686,43/43/42,7b76f725f8ee81775de8e2c1abcd5acec881f9d6564c7c879b1bff5dba0374b0,-0.00147026,0.389516,-0.000396789,0.999188,45,0,45,0,10,3,7,0,13,12,1,0,corner=28269/0/28269/0;rooms=9604/3038/6439/127;vertical=8227/6658/1333/236
766,3137536,0.0461255,62,5,57,0,1.35822,0.00121835,43/43/42,24b7b38cdd0fc138296c09fc68c161dc53b7beefc1416a27d5a8c8b47dbf19ac,0.00122939,0.661884,-0.000397049,1.00233,45,0,45,0,12,2,10,0,5,3,2,0,corner=28314/0/28314/0;rooms=9616/3040/6449/127;vertical=8232/6661/1335/236
767,3141632,0.0466897,65,10,54,1,1.35791,0.00131291,43/43/42,3d66bdb3b38b93b38544361f823c305de39f7409648e2321db15932c3aece74a,0.000800531,0.432336,-0.000397577,1.00049,43,0,43,0,13,2,11,0,9,8,0,1,corner=28357/0/28357/0;rooms=9629/3042/6460/127;vertical=8241/6669/1335/237
768,3145728,0.0466747,70,11,58,1,1.33264,0.000707328,43/43/42,6e2a5178013b6388cbf4ff526fff078d0bf126f63ec3a103a735b9198ac01ba3,-0.000281173,0.71571,-0.000397909,0.999818,44,0,44,0,14,1,13,0,12,10,1,1,corner=28401/0/28401/0;rooms=9643/3043/6473/127;vertical=8253/6679/1336/238
769,3149824,0.0461881,60,12,48,0,1.35205,9.32813e-06,43/43/42,dd4d2521b3b11a89de1e06d6347c639c141f8bd3fed7eab85d48b935fedda4e0,-0.000720934,0.394575,-0.000397854,1.00185,40,0,40,0,14,6,8,0,6,6,0,0,corner=28441/0/28441/0;rooms=9657/3049/6481/127;vertical=8259/6685/1336/238
770,3153920,0.0471898,61,8,53,0,1.3532,0.0019168,43/43/42,19e6cde952d79b446ce8fb407de1375a8f1619d6db632505430b89fcd8625741,-0.00107186,0.498983,-0.000396987,1.00226,44,0,44,0,11,3,8,0,6,5,1,0,corner=28485/0/28485/0;rooms=9668/3052/6489/127;vertical=8265/6690/1337/238
771,3158016,0.047003,69,9,60,0,1.34785,0.00045231,43/43/42,d02661c019906f72bdbcf0ee15a1daf0d990cc7896a9d99ca741a5da0a9be44e,-0.00149721,0.637225,-0.000396235,0.998941,45,0,45,0,14,1,13,0,10,8,2,0,corner=28530/0/28530/0;rooms=9682/3053/6502/127;vertical=8275/6698/1339/238
772,3162112,0.0457018,59,13,45,1,1.34952,0.00185934,43/43/42,b3c99a708e4c0d144445b3a00c90edfca69187dbed2711f710b69684d8c7ac57,0.00165185,0.380044,-0.000395953,0.999481,40,0,40,0,10,5,5,0,9,8,0,1,corner=28570/0/28570/0;rooms=9692/3058/6507/127;vertical=8284/6706/1339/239
773,3166208,0.0466338,60,7,53,0,1.31258,4.0561e-05,43/43/42,6c2354a0ed1fdd0a0b32494a1440ba9495d02c376eecae78c35a37b5fffdb286,-0.000643077,0.4072,-0.000395959,0.997811,44,0,44,0,11,3,8,0,5,4,1,0,corner=28614/0/28614/0;rooms=9703/3061/6515/127;vertical=8289/6710/1340/239
774,3170304,0.0467553,66,7,58,1,1.33759,0.000591308,43/43/42,2efb28f2f834d4420034c9da979912f20a4cccf93a9116f60ad802f339f51d80,-0.00251822,0.797704,-0.000395807,1.00272,45,0,45,0,14,3,11,0,7,4,2,1,corner=28659/0/28659/0;rooms=9717/3064/6526/127;vertical=8296/6714/1342/240
775,3174400,0.0454543,64,11,52,1,1.30792,0.000373036,43/43/42,b018739dfbad2841fa1229c75b15fe5259ae1c5cf2700f1388d88b1700d8ef0d,0.00279033,0.470214,-0.000395983,0.997635,44,0,44,0,7,2,5,0,13,9,3,1,corner=28703/0/28703/0;rooms=9724/3066/6531/127;vertical=8309/6723/1345/241
776,3178496,0.0458835,71,13,55,3,1.31788,0.000542432,43/43/42,bb9775b7ce6c2f10068c9df8e6f4239d9366d7fe9f0dd7ee61a4ad77f00b854a,-0.000357981,0.589185,-0.000395962,1.00289,43,0,43,0,15,4,11,0,13,9,1,3,corner=28746/0/28746/0;rooms=9739/3070/6542/127;vertical=8322/6732/1346/244
777,3182592,0.0467797,70,8,59,3,1.3593,0.000127226,43/43/42,efb0494232514b5bea518779364c180b1d21368ec8ade5ea6f18a03eb6104317,0.000855288,0.44274,-0.000395306,0.998716,46,0,46,0,17,4,13,0,7,4,0,3,corner=28792/0/28792/0;rooms=9756/3074/6555/127;vertical=8329/6736/1346/247
778,3186688,0.0461915,66,10,56,0,1.39229,0.000442654,43/43/42,751b968bbdfe5b7357edfa0b10d98d7a9b73f167faafb63f66eb1b8f2996e614,0.00237556,0.643153,-0.000394802,1.00091,43,0,43,0,15,3,12,0,8,7,1,0,corner=28835/0/28835/0;rooms=9771/3077/6567/127;vertical=8337/6743/1347/247
779,3190784,0.0464179,66,15,51,0,1.38872,0.00154892,43/43/42,2f68ec259adb55772a0e6941b60b0092270425312a5956e5e4ce9862e3c74c90,-0.00053043,0.554834,-0.000394417,1.00135,46,0,46,0,10,6,4,0,10,9,1,0,corner=28881/0/28881/0;rooms=9781/3083/6571/127;vertical=8347/6752/1348/247
780,3194880,0.0470192,69,15,53,1,1.37416,0.000401765,43/43/42,de625aa314eb571fe4c6f55ca6598fbc70e0ae91bc1b4a2b0310d2810a446a0e,0.00239767,0.474761,-0.000393582,1.00276,43,0,43,0,13,3,10,0,13,12,0,1,corner=28924/0/28924/0;rooms=9794/3086/6581/127;vertical=8360/6764/1348/248
781,3198976,0.0459036,62,8,50,4,1.41488,0.000904083,43/43/42,903c2845ad011ea5c40a4b2aead7e11fc18f9ba8b1cda973a11d52065567c50b,0.00216301,0.341615,-0.000392456,1.00098,44,0,44,0,9,3,6,0,9,5,0,4,corner=28968/0/28968/0;rooms=9803/3089/6587/127;vertical=8369/6769/1348/252
782,3203072,0.0460736,62,12,50,0,1.37943,0.00105837,43/43/42,ee3736e5c52f9b094135b9368efacc63d7ff6c0493a58d46c3343274a92bb0f1,0.00156785,0.531407,-0.000392066,0.996923,40,0,40,0,11,2,9,0,11,10,1,0,corner=29008/0/29008/0;rooms=9814/3091/6596/127;vertical=8380/6779/1349/252
783,3207168,0.0464778,64,15,49,0,1.35105,5.06639e-07,43/43/42,b32fcc3ee16b179c00d70b509e36b2f90e18b5e0a25c648392ec4fd54a0b968b,0.00189227,0.49031,-0.00039239,0.998766,42,0,42,0,8,2,6,0,14,13,1,0,corner=29050/0/29050/0;rooms=9822/3093/6602/127;vertical=8394/6792/1350/252
784,3211264,0.045172,72,12,59,1,1.3636,0.000108272,43/43/42,c9fd95780b8f9c64068357f86ae8624dd7d6ee5550643f4b44998764745e65b4,0.00675223,0.544967,-0.000392366,1.00123,45,0,45,0,18,4,14,0,9,8,0,1,corner=29095/0/29095/0;rooms=9840/3097/6616/127;vertical=8403/6800/1350/253
785,3215360,0.0465147,63,11,52,0,1.42663,0.000494897,43/43/42,3f57520c99f994f23ea4583bf1d058261336ba5c371fc5c62feb1f78dce22c14,0.00115923,0.395722,-0.000392041,0.998876,43,0,43,0,11,2,9,0,9,9,0,0,corner=29138/0/29138/0;rooms=9851/3099/6625/127;vertical=8412/6809/1350/253
786,3219456,0.046704,69,16,53,0,1.3673,0.0024114,43/43/42,8e8b3b54fe2d394b3bc1a543a8982888fefc7bab1c48188aa8f3dea7a426981d,-0.0006388,0.435942,-0.000392046,0.999307,45,0,45,0,11,3,8,0,13,13,0,0,corner=29183/0/29183/0;rooms=9862/3102/6633/127;vertical=8425/6822/1350/253
787,3223552,0.046281,72,19,53,0,1.37994,8.59797e-05,43/43/42,a75f33692dbed69c6fa247fa6f72d48f2fdcab657ad0ecfb3d220a819678f637,-0.00178452,0.528894,-0.000391929,1.00016,46,0,46,0,12,6,6,0,14,13,1,0,corner=29229/0/29229/0;rooms=9874/3108/6639/127;vertical=8439/6835/1351/253
788,3227648,0.0464086,63,12,51,0,1.395,0.000464737,43/43/42,b735aa78ad265e357a4a502a5c1c3670d6a18b61721f2e59905533f3c62ef3dc,-0.00253425,0.455146,-0.000392166,0.998179,43,0,43,0,11,4,7,0,9,8,1,0,corner=29272/0/29272/0;rooms=9885/3112/6646/127;vertical=8448/6843/1352/253
789,3231744,0.0465454,68,14,54,0,1.38531,0.000549465,43/43/42,856c9a3233f9196edf8541d0d3568def0add9be6b9b666ebb691607c040588d2,0.00427489,0.446601,-0.000392765,1.00364,45,0,45,0,11,3,8,0,12,11,1,0,corner=29317/0/29317/0;rooms=9896/3115/6654/127;vertical=8460/6854/1353/253
790,3235840,0.0453913,68,15,53,0,1.35867,0.000400826,43/43/42,aecbaeedcb06724e113a037833c3748eff960baa783104faf20d0ebf4555442c,0.00198221,0.546455,-0.000392116,0.999397,43,0,43,0,15,7,8,0,10,8,2,0,corner=29360/0/29360/0;rooms=9911/3122/6662/127;vertical=8470/6862/1355/253
791,3239936,0.0463731,76,21,55,0,1.41205,0.00046581,43/43/42,abd701adca9f52f90eaffe6eaa77ef45f777a94162e2d5ef84983ddeb19fa3d3,-4.20887e-05,0.569652,-0.000391194,1.00038,43,0,43,0,12,2,10,0,21,19,2,0,corner=29403/0/29403/0;rooms=9923/3124/6672/127;vertical=8491/6881/1357/253
792,3244032,0.0466684,67,10,57,0,1.42422,0.000726014,43/43/42,28b3b7483df3998494381c85942d94049036f9fb80c5e69e1b3e487a446c79a6,-0.00135414,0.664876,-0.000391192,0.999624,42,0,42,0,16,4,12,0,9,6,3,0,corner=29445/0/29445/0;rooms=9939/3128/6684/127;vertical=8500/6887/1360/253
793,3248128,0.0449184,54,6,48,0,1.43276,0.000388533,43/43/42,1c4e61bd2fef604860c85635d7f513fbed86c8fd6ddd811816588ac5c346e890,0.00196613,0.341733,-0.00039045,1.00067,42,0,42,0,8,2,6,0,4,4,0,0,corner=29487/0/29487/0;rooms=9947/3130/6690/127;vertical=8504/6891/1360/253
794,3252224,0.046745,68,16,52,0,1.37315,0.000619441,43/43/42,94c9ab8b036b618501494e7d4835927a052aef30e5b1efc0d97b0d0233c2f253,0.00142097,0.58076,-0.000389865,0.99727,42,0,42,0,11,2,9,0,15,14,1,0,corner=29529/0/29529/0;rooms=9958/3132/6699/127;vertical=8519/6905/1361/253
795,3256320,0.046328,78,17,61,0,1.40786,0.000163108,43/43/42,94b76a9ba38e3dc1c9d68b16432395a0efd27b0d2d7653de54b184b02248bd05,-0.000531538,0.484464,-0.000389486,1.00023,42,0,42,0,22,3,19,0,14,14,0,0,corner=29571/0/29571/0;rooms=9980/3135/6718/127;vertical=8533/6919/1361/253
796,3260416,0.0463192,68,11,57,0,1.43292,0.000171587,43/43/42,38a07ff7f9000ecfc282c33c79bb3510a9e5c469888b7c65550adcb6cad17cbf,-0.0010173,0.447047,-0.000389323,1.0015,46,0,46,0,13,2,11,0,9,9,0,0,corner=29617/0/29617/0;rooms=9993/3137/6729/127;vertical=8542/6928/1361/253
797,3264512,0.0466515,58,7,51,0,1.39667,0.00165406,43/43/42,390a992f94ffb53e48057b0e8468aaf046f769f37d7103e166fc3f12ae398a4e,-0.000268555,0.271314,-0.000388842,0.997758,43,0,43,0,9,1,8,0,6,6,0,0,corner=29660/0/29660/0;rooms=10002/3138/6737/127;vertical=8548/6934/1361/253
798,3268608,0.047148,75,19,56,0,1.38544,0.000164181,43/43/42,fc92fada2c4aa0c2d87ae6fe05d9fc0df4dbc49891ee9d15e3d44293cf0c7265,0.000510417,0.585683,-0.000389577,1.00081,45,0,45,0,12,2,10,0,18,17,1,0,corner=29705/0/29705/0;rooms=10014/3140/6747/127;vertical=8566/6951/1362/253
799,3272704,0.04542,66,16,50,0,1.40063,0.00143126,43/43/42,15c7d144e7d8351e7290f495a622f7103004d547a566a5bbfdc880032ac3e272,0.00234698,0.347748,-0.000390278,0.999744,43,0,43,0,11,4,7,0,12,12,0,0,corner=29748/0/29748/0;rooms=10025/3144/6754/127;vertical=8578/6963/1362/253
800,3276800,0.0464505,60,11,49,0,1.41815,2.75671e-05,43/43/42,2a2d9d296855bc8eb6ff77fabc2ebb2db1aa92d1f6ebd5a379926f0170c2742f,-0.00250812,0.341491,-0.000389889,1.0008,43,0,43,0,9,4,5,0,8,7,1,0,corner=29791/0/29791/0;rooms=10034/3148/6759/127;vertical=8586/6970/1363/253
