index,env,slot,family,family_name,scene_seed,route_class,attempts,start_x,start_y,start_z,start_yaw,start_velocity_x,start_velocity_y,start_velocity_z,goal_x,goal_y,goal_z,initial_distance_m,clearance_start_m,clearance_goal_m,direct_clearance_m,witness_clearance_m,witness_length_m
0,0,0,0,open,549169502,0,1,0.771198511,2.05981636,2.12223244,2.71920943,0.908743739,-0.216360986,0.1458745,2.35050416,1.6838026,2.37574768,1.64312589,1.94223237,2.19574761,1.94223237,1.94223237,1.64312589
1,0,1,1,boxes,2770723238,0,1,-0.844951212,2.60253596,2.26893687,0.170377851,0.0374250375,-0.00832479633,0.0700740591,0.189075053,2.37252808,4.20503139,2.20693803,0.97504884,0.614968598,0.614968598,0.614968598,2.20693803
2,0,2,2,poles,4262043196,0,1,-0.312449157,-0.96790731,1.73677468,-2.76225114,-0.0032913473,0.616417408,0.453077614,-0.320717394,0.5806005,2.87495518,1.92182195,1.50755072,1.36692262,1.36692262,1.36692262,1.92182195
3,0,3,4,doorway,3948349741,0,1,-0.761065125,0.733355641,2.59155345,-0.292920291,0.0496287085,-0.0107191512,-0.0225035138,1.44954717,0.255892366,1.58917916,2.47376871,1.05893493,0.567449629,0.567449629,0.567449629,2.47376871
4,0,4,5,table,2793431351,0,1,0.985803723,2.09735012,2.1546092,-1.39821827,0.0332323276,-0.0259163752,0.609512269,1.08693218,2.01848459,4.0094018,1.85922086,0.590424776,0.810598195,0.590424776,0.590424776,1.85922086
5,0,5,14,bent_hallway,135528789,0,1,-0.0510876849,-2.76429462,2.11982179,-3.0405612,-0.055047147,-0.0231601503,0.00807752833,-1.02985013,-3.17609215,2.26344371,1.07153177,0.641982615,0.790149868,0.641982615,0.641982615,1.07153177
6,0,6,15,connected_rooms,1409629332,0,1,-0.186544254,2.89889288,2.43673277,-0.364124209,-0.0494633503,-0.146464556,0.00764235249,-0.52338022,1.90149736,2.48877573,1.05402315,0.52980721,0.866643131,0.52980721,0.52980721,1.05402315
7,0,7,16,vertical_choices,2424293612,0,1,-0.751441658,0.0372991562,2.57357836,-0.170638889,0.236635849,0.0243391227,0.357883066,-0.0849093199,0.105855174,3.58162785,1.21042514,1.06855822,1.23837209,1.06855822,1.06855822,1.21042514
8,1,0,0,open,4254781970,0,1,-0.530432343,-2.15873051,1.4892267,1.54841101,0.109635197,0.490832478,-0.093642436,0.0965372324,0.648187399,0.953714788,2.92551732,1.28956771,0.773714781,0.773714781,0.773714781,2.92551732
9,1,1,1,boxes,1333134814,1,2,-0.289144129,-2.49472904,2.33692503,-1.55259907,0.594631076,0.311318278,0.508394718,1.5943228,-1.50864244,3.94724226,2.66700888,1.26252389,0.310322106,-0.108222008,0.0894207656,5.77321768
10,1,2,2,poles,877089781,0,1,-1.16525865,-0.0158704519,1.4516784,-1.66060162,0.372490585,-0.180362195,0.0829992816,0.0236828327,-0.591563106,1.71660137,1.3472892,0.654741347,1.14183116,0.654741347,0.654741347,1.3472892
11,1,3,4,doorway,974676791,1,2,0.940732479,-2.3646965,2.21294141,-2.02323198,0.177608564,0.110053636,0.0539694056,3.32230687,-0.888974309,2.93662357,2.89367723,0.941646516,0.839927852,-0.2902022,0.136757761,5.4356184
12,1,4,5,table,1799034887,0,1,-1.25686657,0.49810338,1.39223874,0.840910614,0.462021321,-0.29342097,0.256589264,0.917574763,-0.882843018,2.59984159,2.84490991,0.563133419,0.489713609,0.489713609,0.489713609,2.84490991
13,1,5,14,bent_hallway,58577094,1,2,0.00437353458,1.49659073,0.930382967,0.47683996,0.0656696111,0.183157235,0.0423903055,0.948271394,4.12918949,1.53967726,2.86229968,0.655129731,0.511241615,-0.0485098511,0.220000088,4.22080326
14,1,6,15,connected_rooms,3180293498,1,2,-0.611304045,-0.618450522,1.15946424,3.09043908,0.514514923,0.531261325,0.138619542,1.42769003,1.48690856,1.7088058,2.98191381,0.979464233,0.481470168,-0.299855769,0.134532154,4.27585697
15,1,7,16,vertical_choices,900363595,1,2,-1.14313257,-0.194368243,2.50335479,1.41140473,0.298707306,-0.119162425,-0.110554382,1.1505028,-1.10936141,1.65445876,2.61124492,0.676867425,0.30868274,-0.0850862041,0.241325825,5.36126137
16,2,0,0,open,372509767,0,1,-0.498523086,-1.56230271,1.78814805,2.93403125,0.142772987,-0.279498547,-0.180873841,0.349635094,-3.22269368,0.713647723,2.15193439,1.32147694,0.533647716,0.533647716,0.533647716,2.15193439
17,2,1,1,boxes,3262868735,0,1,-0.617197454,-2.21746492,0.969495475,2.12885189,0.0260629915,0.291021287,0.382124752,-0.534497976,-1.29403639,2.18200088,1.5263449,0.789495468,1.28550196,0.789495468,0.789495468,1.5263449
18,2,2,2,poles,893463836,0,1,-1.28083384,-0.179621816,1.74480069,-2.58399677,0.371473968,-0.755180001,-0.511341512,-0.604080021,-1.55541396,0.813235283,1.79404962,0.539166152,0.633235276,0.539166152,0.539166152,1.79404962
19,2,3,4,doorway,2737017155,0,1,0.854417682,-0.390155554,0.936778307,2.23138452,-0.339979887,-0.206083953,0.278122216,-0.644760728,-1.29890513,2.16318846,2.13949609,0.574214518,1.17523932,0.574214518,0.574214518,2.13949609
20,2,4,5,table,3700874823,0,1,0.818121433,-1.21644008,0.855742455,-0.739332318,-0.541703403,-0.27270925,0.168980256,-0.908717394,-2.0857811,1.39441657,2.00696182,0.640738487,0.911282599,0.640738487,0.640738487,2.00696182
21,2,5,14,bent_hallway,3210191568,0,1,-0.999312997,-0.587203503,1.34820879,1.31584132,0.169186234,0.38730219,0.193224043,-0.49131465,0.575709462,1.92838299,1.39536059,0.820686996,1.20346427,0.820686996,0.820686996,1.39536059
22,2,6,15,connected_rooms,826590357,0,1,-0.021279972,-2.81093931,0.983133078,0.254854292,-0.218236402,0.107256524,0.333063841,-0.761271894,-2.44725585,2.11247969,1.39831233,0.39134109,1.05872798,0.39134109,0.39134109,1.39831233
23,2,7,16,vertical_choices,3133175252,0,1,-0.845142007,2.99316359,2.51092601,-1.72851288,0.489150286,-0.112769291,0.0268155579,0.329093218,2.72245407,2.57529831,1.20675421,0.974857986,0.663183928,0.663183928,0.663183928,1.20675421
24,3,0,0,open,3619995590,0,1,-0.727649808,2.03204298,1.19714475,-1.91358113,0.883334637,-0.114042602,-0.110292934,0.347648144,1.89321709,1.06288338,1.09250379,1.01714468,0.88288337,0.88288337,0.88288337,1.09250379
25,3,1,1,boxes,1562937660,1,2,0.530473053,-2.79220724,1.21241856,-0.566609323,0.0108134151,0.00784407463,0.00457654521,2.74657464,-1.18464243,2.15033579,2.89396954,1.03241849,0.548847854,-0.152618378,0.197960198,5.86789608
26,3,2,2,poles,529584769,1,2,0.380041033,-2.04975128,1.37156856,-1.1233077,0.508105993,-0.264270455,0.00541401189,2.97075558,-3.39720488,1.39917338,2.92030716,0.402911961,0.870303214,-0.547725439,0.220000088,5.18709278
27,3,3,4,doorway,3182743341,1,2,0.235895962,1.79321444,2.06712508,0.14118278,0.438114256,-0.0825112537,-0.0635968223,2.77875423,1.31431103,1.69800282,2.61375761,1.59463716,0.348221004,-0.276522696,0.0329267085,4.76128769
28,3,4,5,table,1763026792,0,1,-0.4729743,2.57610464,2.26875639,-1.94341445,0.809874237,-0.139301449,0.12664263,1.39820206,2.25425529,2.56135821,1.92106843,1.34702563,1.43725991,1.34702563,1.34702563,1.92106843
29,3,5,14,bent_hallway,3641780817,0,1,-0.282398105,1.52434301,1.35728109,-3.13199401,-0.254976928,-0.907030761,-0.170197979,-0.65411067,0.202047944,1.10916162,1.39577854,0.856095493,0.929161608,0.856095493,0.856095493,1.39577854
30,3,6,15,connected_rooms,146283552,1,2,-0.380498737,0.923395872,1.2325021,2.72233462,0.47486493,0.154228717,-0.124386005,2.38564658,1.82179666,0.507938683,2.99727798,0.723708808,0.327938676,-0.29054445,0.031027019,5.23560476
31,3,7,16,vertical_choices,1467339956,1,2,-0.635665953,-2.07046318,2.40380549,-0.717620671,0.564196408,-0.231460586,-0.300180495,1.79461884,-3.06748319,1.11077344,2.92784309,1.07164335,0.930773437,-0.178335011,0.225898206,6.01970625
32,4,0,0,open,2276495143,0,1,-0.529859126,-1.38857388,2.08910537,-2.68825507,0.343220681,-0.155660987,-0.501532257,0.513146937,-1.86160874,0.565009713,1.90643418,1.29014087,0.385009706,0.385009706,0.385009706,1.90643418
33,4,1,1,boxes,4108746772,0,1,0.328748882,-2.86172962,1.37865186,2.0362134,-0.510100424,0.0546337813,0.416034549,-1.22915649,-2.69487166,2.64926934,2.01727033,0.761163056,0.590843499,0.590843499,0.590843499,2.01727033
34,4,2,2,poles,536448952,0,1,0.848738849,0.585780144,1.56802392,-0.97583425,0.2921139,-0.00215258729,0.133365199,3.36590242,0.567231178,2.7172401,2.76715636,1.38802385,1.64891124,1.38802385,1.38802385,2.76715636
35,4,3,4,doorway,2920178673,0,1,-0.982879579,1.72087741,1.24357986,-1.34858036,-0.123259842,0.14613837,0.866675556,-1.13366234,1.89964724,2.30377698,1.08568501,0.837120354,0.68633765,0.68633765,0.68633765,1.08568501
36,4,4,5,table,1340011309,0,1,0.164174691,2.40528774,1.84905934,0.557622612,0.074976325,-0.209981218,-0.564667106,0.330165148,1.94040918,0.598939776,1.34404755,1.66905928,0.418939769,0.418939769,0.418939769,1.34404755
37,4,5,14,bent_hallway,1414289666,0,1,-0.922950685,1.36875737,2.3171742,-1.93727767,-0.167372912,0.56511724,0.687361121,-1.19765055,2.29625297,3.44530201,1.48606205,0.897049248,0.622349441,0.622349441,0.622349441,1.48606205
38,4,6,15,connected_rooms,31507491,0,1,-0.894272685,-0.976601958,1.91600788,-2.6258049,0.516189635,-0.121968597,-0.491577446,-0.132484853,-1.15660203,1.19054246,1.06724918,0.925727308,0.591182947,0.591182947,0.591182947,1.06724918
39,4,7,16,vertical_choices,1397365520,0,1,-1.20157039,-1.87489879,1.69578111,-1.66990709,0.219195247,0.413354695,0.0223711599,-0.209833741,-0.00469863415,1.79699814,2.1193006,0.618429601,0.518879592,0.518879592,0.518879592,2.1193006
40,5,0,0,open,1640559050,0,1,-0.183583379,0.39915204,1.60842907,-1.45311582,0.212177917,-0.305924445,-0.0698845983,1.43553936,-1.93534732,1.07514191,2.89064717,1.42842913,0.8951419,0.8951419,0.8951419,2.89064717
41,5,1,1,boxes,3839319910,1,2,0.777656138,2.61995411,1.7466644,-2.92263389,0.125049144,-0.0324384384,-0.0244545881,3.22482777,1.98514414,1.26809597,2.57306457,0.689419866,0.917740881,-0.399966836,0.139400899,5.29065418
42,5,2,2,poles,2581220511,1,2,0.638525188,0.428009391,2.12472248,-1.76329744,0.62618953,0.203830287,0.127194956,3.3724103,1.31791329,2.6800437,2.92821407,1.20288134,0.725823939,-0.337980628,0.0483389795,3.6517067
43,5,3,4,doorway,1323308071,1,2,0.409322441,-1.12655604,1.40286696,2.7261157,0.721343219,0.549758792,0.170312881,2.25014949,0.276397347,1.8374958,2.35495734,1.18503022,0.365502298,-0.0687610209,0.044050768,3.19274664
44,5,4,5,table,2560422039,0,1,0.618423343,-2.51377726,1.23912597,2.56595182,-0.160523281,0.184244439,0.860873222,0.294605553,-2.14210773,2.97573423,1.80521595,1.0591259,1.8442657,1.0591259,1.0591259,1.80521595
45,5,5,14,bent_hallway,628234268,0,1,0.177519932,-2.81884289,1.27831781,-2.5877459,-0.0068122209,0.0943470821,0.524090469,0.142759919,-2.33742785,3.9525404,2.71743155,0.477037013,0.511797011,0.477037013,0.477037013,2.71743155
46,5,6,15,connected_rooms,3624695411,1,2,-0.0638565719,0.388914943,1.76202309,2.19976068,0.48116222,-0.521086037,-0.218652442,1.47109139,-1.27339339,1.06450343,2.36767149,0.346090972,0.531630874,-0.248820961,0.109879494,2.77323174
47,5,7,16,vertical_choices,308204435,1,2,0.528545737,-2.17941785,2.29883313,1.26619899,0.612021506,0.0401519723,0.165975571,3.32756281,-1.99578691,3.0579052,2.90592599,0.410661817,0.664060175,-0.205607831,0.0472682714,3.90369463
48,6,0,0,open,1671090533,0,1,-1.25483942,2.68800402,0.93156743,2.4094038,-7.43474957e-05,-0.000704645237,0.00117143942,-1.31814671,2.08799481,1.92905426,1.16576099,0.565160573,0.501853287,0.501853287,0.501853287,1.16576099
49,6,1,1,boxes,3631494386,0,1,-0.165972784,-0.011847496,1.0471698,2.4186008,0.262969524,0.226121545,0.104819998,1.7394793,1.62660766,1.80668545,2.62528992,0.867169797,0.365024269,0.365024269,0.365024269,2.62528992
50,6,2,2,poles,2352161061,0,1,0.802294254,2.21291041,2.20043445,0.737837672,-0.0603613146,-0.0642072111,0.0279949736,0.124192953,1.49160409,2.51493096,1.03875518,1.13681984,1.62191892,1.13681984,1.13681984,1.03875518
51,6,3,4,doorway,3208753931,0,1,0.223720446,1.96911085,2.46252227,2.59740114,0.0689826086,-0.158544272,-0.0319739543,1.06340241,0.0392508507,2.07332349,2.14030409,1.74739838,1.00417352,1.00417352,1.00417352,2.14030409
52,6,4,5,table,1872937364,0,1,0.452553809,-1.03779495,1.21433377,-1.54138446,0.113539115,-0.0799475014,-0.0097678164,2.51828122,-2.49235749,1.03661835,2.53269911,0.633613586,0.856618345,0.572558641,0.572558641,2.53269911
53,6,5,14,bent_hallway,1870303926,0,1,0.0310711712,-2.49364257,2.41611385,-0.525111675,-0.465548605,0.539789081,0.568568826,-1.23769236,-1.02255082,3.96563911,2.48493481,0.674809873,0.582307637,0.582307637,0.582307637,2.48493481
54,6,6,15,connected_rooms,1214826136,0,1,-0.727116227,0.757327795,1.7037102,-1.89523447,-0.171454817,0.0253727771,-0.333604604,-1.27446747,0.838327706,0.638713002,1.20015562,1.01728702,0.458712995,0.458712995,0.458712995,1.20015562
55,6,7,16,vertical_choices,2736135404,0,1,-0.331315011,-0.394855857,0.944626451,2.5077219,-0.11252743,0.335226983,-0.0387722887,-0.709055305,0.730458617,0.814472795,1.19413579,0.629755795,0.634472787,0.629755795,0.629755795,1.19413579
56,7,0,0,open,1647891134,0,1,-0.298034757,-0.620490074,1.52455878,-2.08229327,0.337006927,-0.693690777,0.0905362666,0.329663128,-1.91253555,1.69318867,1.44631326,1.34455872,1.5131886,1.34455872,1.34455872,1.44631326
57,7,1,1,boxes,553725998,1,2,0.771283925,-0.82718575,2.37558365,2.18326473,0.148103461,-0.278877527,0.00384753197,2.09323215,-3.31640291,2.40992618,2.81867504,1.0155561,0.344097912,-0.0953598693,0.220000088,5.52558517
58,7,2,2,poles,3942133894,1,2,-0.331530303,-2.08203602,2.40507197,2.43361855,0.163052559,-0.134208739,0.0369171426,1.66052997,-3.72170305,2.85609937,2.61920571,1.29948688,0.478814185,-0.10442853,0.220000088,4.56351328
59,7,3,4,doorway,2912261567,1,2,0.957125843,1.84084117,2.31116629,2.22160983,0.853845537,0.11464224,-0.181224972,2.93789315,2.10679054,1.89075708,2.04228091,0.9601776,0.420589626,-0.295918524,0.0471030027,3.14479208
60,7,4,5,table,577170571,0,1,-1.39027297,-0.601409912,1.3465507,0.752865136,0.403850615,0.112355568,0.140736371,0.829928756,0.0162739754,2.12026048,2.43093729,0.429727018,0.300833583,0.300833583,0.300833583,2.43093729
61,7,5,14,bent_hallway,1067981523,0,1,0.12574257,2.55344939,2.31002021,1.98790622,-0.132705897,0.193485945,0.335819095,-0.57094115,3.56921816,4.07301426,2.15065169,0.62504977,0.746985734,0.62504977,0.62504977,2.15065169
62,7,6,15,connected_rooms,679926130,1,2,-0.137123227,-2.26765013,2.17003465,2.05607963,0.799708426,-0.0693167225,-0.333858669,1.82216406,-2.43747616,1.35208023,2.12995243,0.481439531,0.832523763,-0.293162465,0.0284363329,3.20632792
63,7,7,16,vertical_choices,1704114761,1,2,-0.409329683,1.46949434,0.805386841,-2.31098413,0.654589117,0.00310433516,0.0545889735,2.51565981,1.48336589,1.04931414,2.93517566,0.625386834,0.78261745,-0.299981833,0.143597394,3.83794022
64,8,0,0,open,2357685241,0,1,-0.509700656,-2.67194033,1.67684066,-2.40193224,-0.00032573397,0.25784266,-0.0669639558,-0.511717141,-1.07575452,1.26229751,1.64913893,1.3102994,1.08229756,1.08229756,1.08229756,1.64913893
65,8,1,1,boxes,3512840383,0,1,-1.30909681,-0.149546027,1.95776725,-0.516245961,0.558163106,-0.390624344,0.0273949318,1.14139438,-1.86449564,2.07803869,2.99339676,0.51090318,0.305862904,0.304852188,0.304852188,2.99339676
66,8,2,2,poles,4044482660,0,1,-0.652462304,-1.94779015,2.47632909,-1.26554167,0.0939469784,0.286374032,-0.467962354,-0.355267107,-1.0418644,0.995960474,1.76082873,1.16753769,0.815960467,0.815960467,0.815960467,1.76082873
67,8,3,4,doorway,4070834492,0,1,-1.07228827,-1.73666739,1.79529643,0.541027486,0.242820323,-0.157817438,0.0132048363,1.04969072,-3.11581588,1.91069198,2.53340912,0.747711718,0.684192359,0.684192359,0.684192359,2.53340912
68,8,4,5,table,1867049716,0,1,-0.941937029,-2.28101349,1.48797476,0.822042227,0.294401348,0.0949000642,0.472251296,-0.248359978,-2.05743933,2.6005466,1.32998145,0.878063023,1.57164001,0.878063023,0.878063023,1.32998145
69,8,5,14,bent_hallway,1293004665,0,1,-0.432879925,2.04689026,1.80761302,1.44652402,0.0342779718,-0.090455994,0.174250856,0.0166966319,0.860504627,4.09301949,2.61394596,1.17294812,0.723371446,0.723371446,0.723371446,2.61394596
70,8,6,15,connected_rooms,3158542432,0,1,-0.455973655,-0.45280695,2.03409076,-0.59101665,-0.0037003411,0.0728005767,0.0193789303,-0.593523979,2.25336075,2.7544508,2.80378008,0.803463638,0.941013992,0.803463638,0.803463638,2.80378008
71,8,7,16,vertical_choices,27195657,0,1,-1.31293392,2.94564629,2.15066624,-0.87714529,0.345109105,0.36287412,0.320210546,-0.615922928,3.67853689,2.79738998,1.2005018,0.507066071,1.14146304,0.507066071,0.507066071,1.2005018
72,9,0,0,open,4036176790,0,1,-1.00780451,0.474719167,2.53932476,2.53340673,0.0644898862,-0.555475652,-0.27037704,-0.731972575,-1.90112531,1.38288558,2.65670323,0.81219548,1.08802748,0.81219548,0.81219548,2.65670323
73,9,1,1,boxes,3981486448,1,2,0.921648741,-0.0463521481,2.2706697,-1.10097468,0.0645044222,-0.0052672266,-0.0517828353,2.55707812,-0.179896131,0.957780361,2.10146165,0.460980833,0.510762751,0.0180786252,0.211257726,2.82244611
74,9,2,2,poles,1623204505,1,2,0.915228307,-2.10210705,1.78655088,0.479528189,0.348776937,-0.155614957,0.226368397,3.04364085,-3.0517478,3.16796494,2.7092917,0.357509196,0.31581986,-0.191222161,0.170878649,5.70066881
75,9,3,4,doorway,805384898,1,2,0.676206112,1.0197444,2.16132474,0.601173282,0.510744631,-0.130954415,-0.0144014833,3.28510594,0.350825071,2.0877614,2.69429445,1.18782043,0.825745761,-0.290118754,0.171568692,3.33618569
76,9,4,5,table,3612838066,0,1,0.835742056,1.95320678,1.85552418,2.36197352,0.00972620212,0.392820805,-0.196189567,0.876096725,3.5830462,1.04152071,1.82225323,0.670064151,0.861520708,0.670064151,0.670064151,1.82225323
77,9,5,14,bent_hallway,927791531,0,1,0.167987004,1.44064486,1.43904448,2.24067569,-0.586210549,0.00542138936,0.362554044,-1.26273501,1.4538765,2.32390404,1.6822952,0.573070109,0.557264984,0.557264984,0.557264984,1.6822952
78,9,6,15,connected_rooms,2984231044,1,2,-0.348684996,0.968477726,2.12027788,-1.73307061,0.641445279,-0.467870086,0.277844995,1.92241144,-0.688059688,3.10401392,2.9782095,0.653754294,0.866519392,-0.292535961,0.146078944,5.34965086
79,9,7,16,vertical_choices,2477013019,1,2,-0.197176248,-1.32080233,1.47045577,-0.0295396168,0.263438523,-0.0787231699,-0.0945055038,2.19467902,-2.03555894,0.612405479,2.63971567,0.496028125,0.432405472,-0.28369987,0.0838172138,3.51933312
80,10,0,0,open,2440396253,0,1,0.766452074,0.0131986141,1.22518909,-2.85467505,-0.0343176574,-0.750786066,-0.292572588,0.70222044,-1.39203143,0.67758733,1.5095247,1.04518914,0.497587323,0.497587323,0.497587323,1.5095247
81,10,1,1,boxes,2369874010,0,1,0.184575215,2.83924198,1.23011756,-0.295160621,0.311056226,-0.0355642326,-0.0391709544,2.05276132,2.62564516,0.99485904,1.89501703,1.05011749,0.71021831,0.71021831,0.71021831,1.89501703
82,10,2,2,poles,783483524,0,1,-0.0257162731,-1.16473746,2.38931632,-0.3870489,0.111029483,0.569513202,-0.0070311036,0.252913177,0.264460802,2.37167168,1.45621204,1.79428363,1.04859304,1.04859304,1.04859304,1.45621204
83,10,3,4,doorway,4085296309,0,1,-1.05453372,1.1043148,2.24866581,2.94585443,-0.0693613589,0.522603154,0.486632288,-1.31636608,3.07709074,4.08565521,2.70830774,0.765466273,0.503633916,0.503633916,0.503633916,2.70830774
84,10,4,5,table,2644653064,0,1,0.393276989,2.67163658,2.53767824,0.80804348,0.0495360643,-0.946842313,0.100966275,0.486961603,0.880930185,2.72862983,1.80329394,1.7080822,1.01051402,1.00774527,1.00774527,1.80329394
85,10,5,14,bent_hallway,3205013276,0,1,-0.935849905,2.16541767,1.43095577,0.949289978,0.027756175,-0.0524171889,-0.0023969491,0.0683494806,0.268999577,1.34423578,2.14763546,0.884150088,0.610466778,0.610466778,0.610466778,2.14763546
86,10,6,15,connected_rooms,3119020109,0,1,-0.398563504,0.70455265,2.23475885,1.87080681,-0.143546298,-0.141924143,-0.505160451,-0.724894106,0.381909758,1.08635378,1.23669899,0.718240678,0.906353772,0.718240678,0.718240678,1.23669899
87,10,7,16,vertical_choices,2402797513,0,1,-0.067968145,0.00530004501,1.10502744,0.838511527,-0.0343059711,0.0961417779,0.0815518871,-0.805699766,2.07277775,2.85875726,2.80967617,0.373514056,1.01430011,0.373514056,0.373514056,2.80967617
88,11,0,0,open,3206808227,0,1,0.564057767,-0.0785697699,1.5660888,-0.630551159,0.180869222,0.0846106559,0.0999288335,2.61676764,0.881688237,2.70019484,2.53414869,1.38608885,2.1198051,1.38608885,1.38608885,2.53414869
89,11,1,1,boxes,3087481429,1,2,0.315443546,-2.09389901,2.54382539,0.133415505,0.469895214,-0.284511536,-0.213625684,2.38627291,-3.34774208,1.60237646,2.59745717,0.774825931,0.492232203,-0.318694383,0.220000088,4.91632557
90,11,2,2,poles,3271183655,1,2,0.70483309,-0.518144131,1.10365605,-0.57754153,0.485355884,0.00168009952,-0.0725669563,3.51676345,-0.508410394,0.683236241,2.84320259,0.700644374,0.503236234,-0.357874244,0.436824739,3.72072077
91,11,3,4,doorway,1992813674,1,2,0.719622135,-2.38277721,0.831116021,-2.56618166,0.483439624,0.609837711,0.0644956753,2.45053744,-0.199304104,1.06203735,2.79588056,0.651116014,0.459474027,-0.286743939,0.0508299172,4.0164156
92,11,4,5,table,1143404334,0,1,0.425056219,2.24778318,2.57640362,-0.412331879,0.0406427793,-0.00925532449,0.00186080218,2.20875931,1.84159172,2.65806937,1.83119011,1.45946407,0.712192237,0.712192237,0.712192237,1.83119011
93,11,5,14,bent_hallway,2812873515,0,1,-0.50669688,-2.48701072,0.95139271,-2.93577838,0.159780756,0.693359911,0.0892385468,-0.221427441,-1.24909949,1.11071742,1.28030741,0.771392703,0.814412296,0.771392703,0.771392703,1.28030741
94,11,6,15,connected_rooms,3128704673,1,2,-0.118845582,0.918425202,1.09234083,-0.985387206,0.566298723,-0.338632166,0.391335189,1.91678822,-0.29883182,2.49904585,2.75759649,0.445232809,0.748442888,-0.281870186,0.0448357612,3.29232526
95,11,7,16,vertical_choices,792522409,1,2,0.848660588,1.70554984,2.44744825,3.10669494,0.656818092,-0.00619883044,0.0374586508,3.8138032,1.67756581,2.61655164,2.97009254,0.570445716,0.775769114,-0.0668660998,0.191580445,4.95140553
96,12,0,0,open,1476837958,0,1,-0.110715695,-1.46344543,1.71498466,2.95123863,-0.012959565,-0.033600267,0.0182461832,-0.438650131,-2.31368113,2.17669392,1.02157581,1.53498459,1.3813498,1.3813498,1.3813498,1.02157581
97,12,1,1,boxes,3662870670,0,1,-0.976504624,2.63423467,1.01920998,2.18360376,0.00561654381,0.482547402,0.0940189734,-0.954564393,4.51923895,1.386482,1.92057574,0.839209974,0.300761044,0.300761044,0.300761044,1.92057574
98,12,2,2,poles,1741807331,0,1,0.678889751,1.00345838,1.19813406,1.13225317,-0.0021218122,-0.00214978168,0.00079591776,-0.0849061608,0.229594231,1.48464322,1.12442756,0.32688427,1.20952058,0.32688427,0.32688427,1.12442756
99,12,3,4,doorway,1436257416,0,1,0.150145665,-2.36338568,1.38155222,0.989863276,0.00252784998,-0.63617456,-0.246578336,0.155223176,-3.64122486,0.886267662,1.37047637,1.20155215,0.706267655,0.706267655,0.706267655,1.37047637
100,12,4,5,table,1903365334,0,1,-1.27045977,2.21313953,1.14910555,3.08228731,-0.00920242257,-0.0888734534,0.315595984,-1.35154748,1.43002605,3.92999721,2.89019036,0.549540222,0.468452513,0.468452513,0.468452513,2.89019036
101,12,5,14,bent_hallway,3686041494,0,1,-1.06681609,0.095061779,1.92245209,-1.34041989,-0.0212880541,0.150495976,0.548849285,-1.14059114,0.616615176,3.82452416,1.9736613,0.753183901,0.679408848,0.679408848,0.679408848,1.9736613
102,12,6,15,connected_rooms,4256099066,0,1,-0.811465502,0.381383657,2.18562794,0.828189373,-0.0067253802,-0.0194510762,0.0454865769,-1.02007389,-0.221951544,3.59653473,1.54860866,1.00853443,0.799926102,0.799926102,0.799926102,1.54860866
103,12,7,16,vertical_choices,3247243418,0,1,-0.628302813,2.9253366,1.7096194,1.71232188,-0.115199327,0.201614544,-0.211633712,-1.02857661,3.62587047,0.974272788,1.09165072,0.908204854,0.79142338,0.79142338,0.79142338,1.09165072
104,13,0,0,open,46452323,0,1,0.944505274,-0.949474812,2.25666261,-1.89233649,0.429304421,-0.0850783661,0.131586194,2.97877789,-1.35262132,2.88018799,2.16554284,2.07666254,1.93981194,1.93981194,1.93981194,2.16554284
105,13,1,1,boxes,4090307459,1,2,0.100600183,-2.21217299,0.838946462,2.83884025,0.447164834,-0.0343836322,0.0891054571,2.40623093,-2.38945866,1.29838395,2.35763574,0.658946455,0.401302457,-0.0435691029,0.159173012,5.2556181
106,13,2,2,poles,326776160,1,2,0.84142822,-2.72201514,1.94738913,2.7346344,0.478731841,0.00384976459,-0.0980655774,3.71590137,-2.69889975,1.35856915,2.93425274,0.905677259,0.992112339,-0.0232156217,0.165401489,4.78445244
107,13,3,4,doorway,12087881,1,2,0.558054864,-0.151515126,1.46546233,1.12237585,0.352302521,-0.205270275,0.246849895,2.71014929,-1.40544033,2.97338295,2.91164255,1.05855393,0.493540466,-0.29106456,0.0701692998,4.84944725
108,13,4,5,table,707086476,1,2,0.752942026,-1.2371335,0.976990938,1.62803268,0.378136873,0.823621571,-0.106118046,1.41356194,0.201765537,0.791598558,1.59412038,0.647689521,0.378371775,-0.187026516,0.0482935458,2.54031324
109,13,5,14,bent_hallway,1553440054,0,1,-0.715025425,-2.31349325,0.882699072,2.23292637,-0.154356003,-0.258583218,0.809279621,-1.07676613,-2.91949534,2.77928448,2.02364302,0.702699065,0.74323386,0.702699065,0.702699065,2.02364302
110,13,6,15,connected_rooms,2439554436,1,2,-0.810966551,-0.828880906,1.03452694,2.05155182,0.601020098,-0.359718829,-0.126943603,1.69803762,-2.33055449,0.504591167,2.9716928,0.854526937,0.32459116,-0.289166689,0.293533415,4.06822014
111,13,7,16,vertical_choices,1965293147,1,2,-0.575146735,-1.95965731,1.80082583,-0.0624336936,0.380424112,-0.0911187902,-0.0814141631,2.21616769,-2.62823009,1.20345962,2.93176937,0.842101395,0.790022373,-0.261174262,0.406105042,3.7696991
112,14,0,0,open,1767163289,0,1,0.52261436,-2.0335803,2.52943754,2.84967732,0.485658288,-0.622593224,0.00478683179,2.18865037,-4.16936779,2.54585862,2.70878839,2.29056239,0.650632203,0.650632203,0.650632203,2.70878839
113,14,1,1,boxes,2907457834,0,1,0.187102214,-1.95916378,1.49618661,-1.31789172,-0.104796149,0.017137466,0.143523768,-1.46703434,-1.68866038,3.76161242,2.81806564,0.426624119,0.352965653,0.352965653,0.352965653,2.81806564
114,14,2,2,poles,433380137,0,1,0.592442214,-1.22836483,0.862688303,1.51884365,-0.0124728512,0.0494411997,0.202044651,0.531310856,-0.986045957,1.85293984,1.02129996,0.682688296,0.903955758,0.682688296,0.682688296,1.02129996
115,14,3,4,doorway,3784306210,0,1,-0.000794903492,-1.37571788,2.10700774,-2.03926682,0.0346362479,-0.186906904,-0.0708083361,0.174627259,-2.32234502,1.74838483,1.02736866,1.81920505,1.56838489,1.56838489,1.56838489,1.02736866
116,14,4,5,table,1391553593,0,1,-0.0338862129,0.978646874,0.810567796,-1.9839735,0.0317796916,-0.0995858312,0.103731938,0.199135602,0.248442531,1.57117319,1.07982314,0.630567789,0.693084538,0.630567789,0.630567789,1.07982314
117,14,5,14,bent_hallway,804750755,0,1,-0.882515013,0.77756381,1.56378567,-2.0381546,0.0148655651,-0.00260789692,0.00715294108,0.0582897067,0.612516463,2.01647758,1.05701661,0.937485039,0.571562946,0.571562946,0.571562946,1.05701661
118,14,6,15,connected_rooms,338612144,0,1,-0.286224008,-2.52298069,1.87333858,1.39786696,-0.0145572042,-0.0085838763,0.0457243472,-0.673190355,-2.75116134,3.08880424,1.29582644,0.578342676,0.965309083,0.578342676,0.578342676,1.29582644
119,14,7,16,vertical_choices,229626605,0,1,-1.30906367,2.74091816,1.94619286,-1.33457494,-0.00117181335,-0.00693709217,0.00159277965,-1.50930691,1.55548537,2.21837234,1.23265159,0.51093632,0.310693085,0.310693085,0.310693085,1.23265159
120,15,0,0,open,1535584095,0,1,-0.621892512,2.49832869,0.92672956,2.5834949,0.379678428,-0.539588928,0.444556952,0.760830104,0.533239961,2.54572845,2.8973527,0.746729553,2.27427149,0.746729553,0.746729553,2.8973527
121,15,1,1,boxes,179113115,1,2,0.5216223,-2.46202397,2.1901288,-3.0650053,0.545490205,-0.490044534,-0.493007958,2.21903086,-3.98690128,0.656030059,2.74952817,1.06069493,0.476030052,-0.0380363315,0.220000088,4.29866171
122,15,2,2,poles,4154566071,1,2,0.118297324,-0.631585836,2.5051477,0.190430462,0.146351233,0.177070722,-0.00915636308,1.81764734,1.42446208,2.39882898,2.66953683,1.31704569,0.558498085,-0.0219148099,0.510667264,3.25366688
123,15,3,4,doorway,1260772867,1,2,0.815907001,2.43079996,1.79625046,0.35731867,0.346339852,-0.164253458,0.0541590936,3.01579261,1.3874929,2.14025879,2.45892835,0.918315351,0.681570232,-0.286379397,0.146045506,3.35394859
124,15,4,5,table,3020031942,0,1,-0.390538067,0.473875165,0.822688282,-2.05121136,-0.144423574,0.337308049,0.0351274945,-1.02523506,1.95623994,0.977062821,1.61990035,0.642688274,0.794764936,0.642688274,0.642688274,1.61990035
125,15,5,14,bent_hallway,804685898,0,1,-1.09028375,-0.462391019,1.91375566,-2.8849566,0.489238471,0.0923751816,-0.371329248,0.177933574,-0.222933546,0.951185763,1.61004841,0.729716241,0.541563451,0.541563451,0.541563451,1.61004841
126,15,6,15,connected_rooms,664418189,1,2,-0.686355531,-2.08352709,2.34733295,-1.81375813,0.53162694,-0.0748688504,0.062433783,2.05105424,-2.46903563,2.6688118,2.78305197,1.03341484,1.04267645,-0.286407769,0.219571024,4.16753864
127,15,7,16,vertical_choices,1660090864,1,2,-0.159569517,-2.39699268,2.03412819,-2.19573975,0.6093328,0.0415912345,-0.253260791,2.39138651,-2.22287202,0.973858476,2.76800752,0.494186223,0.793858469,-0.155174062,0.17963329,3.59453964
128,16,0,0,open,3969743809,0,1,-0.80665642,-0.731286764,1.56488121,2.29620314,0.158868521,-0.567710459,-0.395400226,-0.458072752,-1.97693694,0.697308004,1.55751026,1.01334357,0.517307997,0.517307997,0.517307997,1.55751026
129,16,1,1,boxes,3505265328,0,1,-0.455670387,-1.3217926,2.41806674,0.287305683,-0.341606021,-0.487293184,-0.441303939,-1.15190411,-2.31495404,1.51863682,1.5099951,1.36432958,0.668095887,0.668095887,0.668095887,1.5099951
130,16,2,2,poles,562518993,0,1,0.000346501678,1.75402701,2.34449053,-1.33355474,-0.130695775,0.155391514,0.0835291818,-0.602511168,2.47079802,2.72978377,1.01274323,0.939772189,1.21748877,0.939772189,0.939772189,1.01274323
131,16,3,4,doorway,3423998850,0,1,0.425076663,-2.87922406,1.80686772,-2.46591496,0.312600374,-0.0363324098,0.773926139,0.949326634,-2.94015574,3.10478926,1.40112495,1.31292081,0.788670838,0.788670838,0.788670838,1.40112495
132,16,4,5,table,2391415965,0,1,-0.367483079,0.602091551,1.55156088,-1.2161876,0.0181205049,-0.00120756566,0.00567288278,2.17866588,0.432414055,2.34866905,2.67339611,1.37156081,0.803448081,0.466080606,0.466080606,2.67339611
133,16,5,14,bent_hallway,339441945,0,1,-1.17423236,-0.830498457,1.04017353,3.00342774,0.26251328,-0.739140987,0.388341725,-0.531024754,-2.64153481,1.99168468,2.14451456,0.645767629,1.28645134,0.645767629,0.645767629,2.14451456
134,16,6,15,connected_rooms,504542850,0,1,-0.644413233,-0.555080652,1.53256905,-2.45749164,0.0350191519,-0.182504192,0.0642040744,-0.317204237,-2.26034784,2.13247371,1.83708668,1.02020669,0.63854903,0.63854903,0.63854903,1.83708668
135,16,7,16,vertical_choices,1952964313,0,1,-0.273403347,-0.516271234,1.80843627,1.38045692,0.103610002,-0.590934396,0.287087113,0.170251727,-3.04663563,3.03773499,2.84793782,0.575648665,1.24805498,0.570064843,0.570064843,2.84793782
136,17,0,0,open,1887408883,0,1,0.457121998,1.57193685,1.5815475,2.74776411,0.430443615,-0.162744895,-0.011626251,2.6576488,0.739947498,1.52211142,2.35330749,1.40154743,1.34211135,1.34211135,1.34211135,2.35330749
137,17,1,1,boxes,3369686833,0,1,0.155069485,2.48213553,0.906806648,-1.20497227,0.712808311,0.449097544,0.159848839,2.15209126,3.7403388,1.35464323,2.40244222,0.726806641,1.07966113,0.726806641,0.726806641,2.40244222
138,17,2,2,poles,3981631721,1,2,0.0319055878,-0.86354363,2.49664736,-2.74451351,0.288604259,-0.258120596,-0.021728728,2.15895438,-2.76592398,2.33650398,2.85815215,0.992953837,0.475830972,-0.676695704,0.220000088,6.39759588
139,17,3,4,doorway,4148935826,1,2,0.0618459098,1.09426796,1.22317898,3.12077308,0.610860705,-0.0453269146,-0.172660097,2.62058926,0.904404819,0.499948859,2.66576004,1.04317904,0.319948852,-0.239403605,0.165024668,4.09347534
140,17,4,5,table,2989792539,0,1,-1.21798074,-0.477622032,1.8904984,2.60059404,0.653911114,-0.358275563,-0.235950261,-0.226414859,-1.02089739,1.53271246,1.18590117,0.60201925,1.35271239,0.60201925,0.60201925,1.18590117
141,17,5,14,bent_hallway,2074854451,0,1,-0.438144475,1.95812702,1.22245967,2.92859077,-0.00893880427,0.174424216,0.369745523,-0.481895208,2.81184149,3.03216863,2.00144672,1.04245973,1.17513394,1.04245973,1.04245973,2.00144672
142,17,6,15,connected_rooms,1156779554,1,2,-0.163789243,-1.14081609,1.24251568,-1.61911452,0.579603434,0.156648919,0.661071241,1.45960152,-0.70206368,3.09408665,2.50124311,0.632888854,0.51486057,-0.153594434,0.284169644,3.007586
143,17,7,16,vertical_choices,3333324639,1,2,-1.0815835,-1.05813003,2.37003469,0.401725471,0.651838899,-0.242259145,-0.323772103,1.21384144,-1.91123605,1.22988403,2.70124221,0.738416493,0.360529184,-0.292769194,0.16527006,5.85864162
144,18,0,0,open,3567686344,0,1,0.634875059,1.89928615,2.23510361,1.74698579,-0.0452229902,0.0499707907,-0.437690139,0.487560809,2.06206632,0.809324384,1.44258285,2.05510354,0.629324377,0.629324377,0.629324377,1.44258285
145,18,1,1,boxes,2426640760,0,1,-0.0305908844,-2.57342386,1.43236971,3.0947628,-0.618695259,0.187575921,0.749007225,-1.46394444,-2.13885999,3.16762161,2.29225826,0.787889063,0.356055558,0.356055558,0.356055558,2.29225826
146,18,2,2,poles,1766416249,0,1,-1.18973613,-2.88119173,1.27178729,-0.784060061,0.0341053978,-0.0109957252,-0.00979165174,-0.210618198,-3.19686341,0.990682781,1.06646156,0.630263865,0.810682774,0.630263865,0.630263865,1.06646156
147,18,3,4,doorway,2106088492,0,1,0.322107315,-0.551034808,1.11564565,1.29933453,-0.024679726,-0.0203411337,0.0396355167,-0.280932486,-1.0480628,2.08412457,1.2444458,0.93564564,1.53906751,0.93564564,0.93564564,1.2444458
148,18,4,5,table,1982390086,0,1,0.604093611,1.39061022,2.17974663,2.03144932,0.0293075647,-0.210296586,0.0489944406,0.941897333,-1.03330207,2.7444644,2.51164651,0.632421434,0.763022423,0.552431703,0.552431703,2.51164651
149,18,5,14,bent_hallway,2311805998,0,1,0.208519265,0.019744277,2.22387266,-1.01211011,-0.519061208,0.305535942,0.591637313,-0.53678292,0.458452851,3.07338428,1.21227491,0.468181789,1.21348405,0.468181789,0.468181789,1.21227491
150,18,6,15,connected_rooms,3866731381,0,1,-0.0408393554,-0.797196865,1.92185855,-2.64977503,-0.754085779,0.170856789,-0.233069345,-1.43721092,-0.480814308,1.49027443,1.4953984,0.457869411,0.382789075,0.382789075,0.382789075,1.4953984
151,18,7,16,vertical_choices,2729449937,0,1,-0.0427015945,-1.14741969,2.09033942,1.84034514,0.0257189721,-0.00181964133,-0.00336968387,2.21607995,-1.30723059,1.79439521,2.28368473,0.446281731,0.460243046,0.135544896,0.135544896,2.28368473
152,19,0,0,open,1467071228,0,1,-0.444360048,-0.449666977,1.2137723,-1.1249671,0.1355443,-0.934569716,0.295345008,-0.146981895,-2.50007153,1.86174607,2.17082071,1.03377223,1.67301798,1.03377223,1.03377223,2.17082071
153,19,1,1,boxes,2491768724,1,2,0.564640105,-2.62645531,1.90987134,-2.74016809,0.317576587,0.273780674,-0.202220961,2.10045338,-1.302441,0.931922615,2.2512486,0.513618171,0.329210103,-0.160919726,0.10397929,5.59431362
154,19,2,2,poles,563804646,1,2,0.19751519,-0.0720248222,1.67047524,0.432430923,0.566246927,-0.470452458,0.15780963,2.07522631,-1.63207531,2.19378209,2.49667907,0.684695899,0.304068953,-0.497927427,0.0463976562,3.26816988
155,19,3,4,doorway,1103533434,1,2,0.984546721,-0.714035511,0.985331953,-1.05206776,0.338118345,0.392120689,0.0774434432,2.57496142,1.13039124,1.34960437,2.4625237,0.46134901,0.549824834,-0.27123493,0.102808505,2.8072567
156,19,4,5,table,3056466546,0,1,-1.05237794,0.416940451,1.72319472,-1.08366609,0.819029987,0.302259117,0.186106652,-0.0673909783,0.780445218,1.94701147,1.07351243,0.767622054,1.36463952,0.767622054,0.767622054,1.07351243
157,19,5,14,bent_hallway,292401427,0,1,-0.661724985,-1.80241764,1.51559746,1.82464659,-0.0773438141,-0.485497206,-0.0706097856,-0.896834791,-3.27823257,1.3009578,1.50976038,1.15827489,0.923165143,0.923165143,0.923165143,1.50976038
158,19,6,15,connected_rooms,3097445527,1,2,-0.633735895,0.729551911,2.51420331,-1.61349809,0.74551934,-0.262819052,0.052158121,1.92897964,-0.173886061,2.69349623,2.723207,0.99186033,0.74541235,-0.28720516,0.0224155188,5.2738924
159,19,7,16,vertical_choices,3651434922,1,2,-0.155933589,-1.4640677,1.86176932,-2.05333781,0.811040163,-0.112292111,-0.303077221,2.52970862,-1.83590674,0.858172894,2.89104557,0.432702839,0.678172886,-0.242552817,0.142773807,3.66928625
160,20,0,0,open,9026029,0,1,0.411289126,-0.0821685791,1.05059993,-0.759469569,-0.172506317,-0.202155024,0.0386458151,-1.44316053,-2.25534296,1.46604395,2.88691258,0.870599926,0.376839459,0.376839459,0.376839459,2.88691258
161,20,1,1,boxes,2699300167,0,1,-1.3172636,-0.0584653616,1.68325257,0.612491667,0.00191408687,0.000750754843,0.00443677604,-0.704006076,0.182070255,3.10475874,1.56672335,0.50273639,1.11599398,0.50273639,0.50273639,1.56672335
162,20,2,2,poles,3229084154,0,1,-0.00904437713,0.901964664,1.4988097,2.6431129,0.0478745475,0.100516073,0.10637819,0.442550361,1.85012043,2.50226212,1.4525336,0.858394325,0.661166906,0.661166906,0.661166906,1.4525336
163,20,3,4,doorway,671818886,0,1,0.698960245,-1.54073489,2.28778958,-0.190455928,-0.199650854,-0.0304719619,0.0682273954,-0.601893485,-1.73927927,2.73233509,1.38897848,1.21003151,1.21810651,1.21003151,1.21003151,1.38897848
164,20,4,5,table,2114177298,0,1,0.728742242,2.65614867,2.06586909,-2.88338399,0.122216292,0.00391932856,0.0624681525,2.32030249,2.70718813,2.87935972,1.78813756,1.48143625,1.72954631,1.42331696,1.42331696,1.78813756
165,20,5,14,bent_hallway,4215945324,0,1,-0.905645072,-0.174131155,1.15289092,-0.344295174,-0.0221725404,0.0828313529,0.138231501,-1.13081801,0.667061508,2.55669904,1.65196407,0.914354861,0.689181983,0.689181983,0.689181983,1.65196407
166,20,6,15,connected_rooms,560979511,0,1,-0.0545685478,2.34432697,1.8734585,-1.88205969,-0.30987072,0.73847425,-0.242364004,-0.713752627,3.91527414,1.35788059,1.77994919,0.360140502,0.90472585,0.360140502,0.360140502,1.77994919
167,20,7,16,vertical_choices,968479687,0,1,-0.238398582,-1.81014955,2.13457465,2.92505717,-0.215964049,0.303429037,-0.202208668,-1.25481784,-0.382082701,1.18289411,1.99453723,0.615229309,0.565182149,0.565182149,0.565182149,1.99453723
168,21,0,0,open,1888036408,0,1,0.677132368,0.808525443,0.808212817,-0.980272174,-0.115790762,0.0910898373,0.0448317826,-1.42075539,2.45888376,1.62047148,2.79008603,0.62821281,0.399244606,0.399244606,0.399244606,2.79008603
169,21,1,1,boxes,2616348804,1,2,0.828529537,-1.72189271,2.05104518,-2.49175525,0.0124319308,-0.12509723,-0.0394721813,1.06702876,-4.12180901,1.29379475,2.52782679,0.334440529,0.698190987,-0.145692885,0.171278208,3.73897958
170,21,2,2,poles,464613309,1,2,0.986973166,1.32423592,1.56995595,-0.473073542,0.133510217,0.373556793,-0.0754805878,1.93525696,3.97749972,1.03383946,2.86818266,0.851855338,0.43457526,-0.143553078,0.220000088,4.43891191
171,21,3,4,doorway,4262332575,1,2,0.66847235,-0.031478405,1.02094293,1.98616517,0.352189124,0.326143324,0.322100729,2.44541287,1.61405027,2.64607525,2.91656256,0.828964055,0.386855423,-0.294149816,0.0215625614,3.57046008
172,21,4,5,table,1083102617,1,2,0.676952839,0.569048882,1.27254224,0.978019893,0.0231872741,0.0189875457,-0.00366542302,2.86279154,2.35898399,0.927006841,2.84625244,0.468476593,0.747006834,-0.177741244,0.220000088,7.03517962
173,21,5,14,bent_hallway,1853865737,1,2,0.196264789,2.14845872,1.54829431,-2.53197575,0.392849833,0.848856151,-0.185248643,1.27196252,4.47278881,1.04104829,2.61092591,0.494808733,0.347211182,-0.209181637,0.220000088,3.53232336
174,21,6,15,connected_rooms,3020566610,1,2,0.268791705,-0.890059948,1.57559216,2.7190001,0.581273377,0.445941389,0.66254288,1.39496613,-0.0260813236,2.85922003,1.91374731,0.527714729,0.467034161,-0.0574613363,0.0575733036,2.6796031
175,21,7,16,vertical_choices,334066183,1,2,-0.119430371,1.58278692,2.14292026,2.32912397,0.103422388,-0.0701085553,-0.0513337366,2.13839579,0.0522389412,1.02224755,2.94894266,0.527814925,0.842247546,-0.118193135,0.0329190791,3.69464207
176,22,0,0,open,3213509604,0,1,-1.31438971,2.7559998,2.43009543,1.89834774,0.402582377,0.437336355,-0.0031849388,0.226164579,4.42954636,2.41790771,2.27468991,0.505610287,0.390453637,0.390453637,0.390453637,2.27468991
177,22,1,1,boxes,3967835992,0,1,-1.30571198,-0.919136524,0.808494568,0.903772354,0.468960017,-0.459142625,0.0833651423,-0.000295519829,-2.19722486,1.04055321,1.84159529,0.514288008,0.860553205,0.514288008,0.514288008,1.84159529
178,22,2,2,poles,2413539063,0,1,0.349730343,1.17710423,2.01667285,0.896660089,-0.0815315098,0.00935194455,0.102616541,-0.511258841,1.27586269,3.10032415,1.38757193,1.54608893,1.30874109,1.30874109,1.30874109,1.38757193
179,22,3,4,doorway,3064676372,0,1,-1.29115188,2.57710409,2.02849054,-3.00043845,0.578753412,-0.102181479,-0.14374955,1.16479456,2.1434958,1.41848779,2.56744862,0.528848112,0.652001917,0.528848112,0.528848112,2.56744862
180,22,4,5,table,1890838940,0,1,0.377057552,1.12118053,2.14175701,-2.57251883,-0.470251441,-0.425450206,0.144027188,-0.518703043,0.310759783,2.41610789,1.23872399,0.950697124,1.30129695,0.950697124,0.950697124,1.23872399
181,22,5,14,bent_hallway,2397166080,0,1,-1.38529289,-0.47497952,2.08107924,1.87117684,0.548962891,-0.448143572,-0.202084854,-0.240407705,-1.40960181,1.65962279,1.5368495,0.434707105,0.876874149,0.434707105,0.434707105,1.5368495
182,22,6,15,connected_rooms,173840132,0,1,-0.0573538952,-1.13114977,1.59264946,1.07163393,0.787435412,-0.279729635,0.254900813,2.04678941,-1.87862849,2.27378201,2.3345418,0.611170411,1.0466938,0.0537398458,0.0537398458,2.3345418
183,22,7,16,vertical_choices,3107385599,0,1,-0.180762693,-1.07123351,1.55139899,-0.728958488,-0.0255976263,0.289536774,0.405237794,-0.254929811,-0.232323527,2.7255435,1.44495189,0.481682837,1.16109109,0.481682837,0.481682837,1.44495189
184,23,0,0,open,1326739917,0,1,0.743198395,-0.461925387,1.88024545,0.91280961,0.39852792,0.441513509,0.572475255,2.04536748,0.980696797,3.75077844,2.69735003,1.70024538,1.0692215,1.0692215,1.0692215,2.69735003
185,23,1,1,boxes,309693988,1,2,0.602537632,1.20057321,1.04633844,-2.53625989,0.288368732,0.216662079,-0.0599092618,2.6294148,2.72344089,0.625250101,2.56995559,0.392133117,0.388408124,-0.0572782829,0.0308555961,2.63116264
186,23,2,2,poles,2030222997,1,2,0.895161629,0.404762149,1.34883833,-1.45789742,0.0648794696,0.70232451,-0.0471938401,1.1490941,3.15359783,1.1641258,2.76671243,0.99190861,0.32182008,-0.0646226704,0.10380438,5.66910744
187,23,3,4,doorway,3056963262,1,2,0.959419966,-0.727420449,1.12913835,1.05131733,0.747133017,-0.140314385,0.206022307,2.99621439,-1.10993814,1.69078541,2.14716053,0.537606895,0.899187505,-0.284995377,0.0484364927,3.20755053
188,23,4,5,table,3134224574,0,1,-1.27594018,-0.175548792,0.926085413,-3.02675343,-0.0306776222,0.3164545,0.291108757,-1.37677312,0.864591122,1.8829174,1.41689301,0.544059813,0.443226874,0.443226874,0.443226874,1.41689301
189,23,5,14,bent_hallway,2023513158,1,2,-0.0356312916,2.11410999,0.859096706,-0.765433192,0.257781029,0.437349617,0.0944156125,1.33356047,4.4370718,1.3605808,2.74268556,0.679096699,0.382928193,-0.0930910483,0.220000088,3.81256437
190,23,6,15,connected_rooms,1838078489,1,2,-0.354923457,0.278546333,1.43698776,-1.76274168,0.199044287,-0.143664822,0.0559669249,1.04321563,-0.730592966,1.83011401,1.76853144,0.68226248,0.387698114,-0.013537094,0.078843385,2.85827112
191,23,7,16,vertical_choices,1518847469,1,2,0.751440465,-0.270922422,2.3236897,-0.801475763,0.357120126,-0.355006069,0.155579284,2.64362669,-2.15190744,3.14802027,2.79248881,0.435665965,0.460311711,-0.283163726,0.167153209,5.13986921
192,24,0,0,open,4280932868,0,1,-0.712759614,-0.761046767,0.984793901,-1.20914948,-0.173864275,-0.307763815,0.235126719,-1.31330132,-1.82408869,1.79694128,1.46638739,0.804793894,0.506698668,0.506698668,0.506698668,1.46638739
193,24,1,1,boxes,3700089168,0,1,-0.00588967046,0.516074896,1.5026952,2.18406773,0.347232163,0.723954618,-0.024890231,0.639826,1.86234653,1.4564091,1.49383354,1.09214544,1.01485324,0.85493964,0.85493964,1.49383354
194,24,2,2,poles,356281106,0,1,-0.0165099315,1.21082282,1.2510494,0.367152482,-0.317314178,0.263417095,0.672920406,-0.932954252,1.97160542,3.19453049,2.27942514,1.07104945,0.887045681,0.887045681,0.887045681,2.27942514
195,24,3,4,doorway,2756758305,0,1,-1.1409421,-2.137146,0.832579732,1.41749609,0.313982248,0.343793988,0.5373227,-0.228112638,-1.13764596,2.39471889,2.06701159,0.652579725,1.59188724,0.652579725,0.652579725,2.06701159
196,24,4,5,table,3153957004,0,1,-0.908449471,-2.85381365,2.00733614,-2.77399135,0.291981161,0.0478946641,-0.334415019,0.392273366,-2.64045167,0.517578006,1.98916626,0.911550581,0.337577999,0.337577999,0.337577999,1.98916626
197,24,5,14,bent_hallway,1159305044,0,1,-0.110105298,0.195005894,1.36028993,-2.64848089,0.00506650796,0.117121629,0.0172970574,-0.0640125722,1.26052392,1.51765049,1.07806098,0.763796866,0.717704117,0.717704117,0.717704117,1.07806098
198,24,6,15,connected_rooms,677568044,0,1,-1.33160663,2.93554878,1.25374711,1.57573831,0.120391361,-0.504815698,0.0426085368,-0.96019268,1.37816489,1.38519681,1.60644698,0.488393366,0.859807312,0.488393366,0.488393366,1.60644698
199,24,7,16,vertical_choices,4261123736,0,1,-0.404384553,1.1321615,1.8853929,-1.01352358,-0.0123285828,0.319556624,0.0858617052,-0.507039189,3.79296827,2.60032535,2.75709248,0.705869794,1.02703166,0.705869794,0.705869794,2.75709248
200,25,0,0,open,1912012563,0,1,-0.382307321,-0.545405388,2.21920919,2.43433404,-0.357302606,-0.321769148,-0.135155722,-1.32696414,-1.39611685,1.86187685,1.32051992,1.43769264,0.493035853,0.493035853,0.493035853,1.32051992
201,25,1,1,boxes,1218746792,1,2,0.19080095,0.440207362,1.19464636,-2.32060552,0.72375226,-0.15376009,-0.0580955334,2.81114149,-0.116480112,0.984311819,2.68706656,0.585046232,0.804311812,-0.415512234,0.092831105,3.58347893
202,25,2,2,poles,177236705,1,2,0.983792007,-1.58663929,2.01276636,-0.300441533,0.324922204,-0.065994978,0.181578428,3.43662429,-2.0848341,3.38349867,2.85368013,0.587430477,0.906659186,-0.147802979,0.220000088,6.59311819
203,25,3,4,doorway,1348297349,1,2,-0.221307114,-1.57211566,0.936686337,3.0683136,0.603758097,-0.0165340528,-0.0353769474,2.40658903,-1.64408123,0.782705903,2.63338685,0.75668633,0.377989471,-0.283828199,0.0590152442,5.35533905
204,25,4,5,table,2474988083,0,1,-1.38451099,-1.64797425,0.935061693,-2.96332526,0.0512195714,0.0425049737,0.0720899105,-0.515946031,-0.927188635,2.15753913,1.66384733,0.435488999,1.30405402,0.435488999,0.435488999,1.66384733
205,25,5,14,bent_hallway,3691652492,1,2,-0.0520937629,2.31188822,1.21792853,-0.259661824,0.0849843919,0.141953602,0.00865401234,1.22384191,4.44314671,1.34785783,2.48739934,0.730638087,0.376853287,-0.0426924974,0.220000088,3.45659232
206,25,6,15,connected_rooms,2745263140,1,2,-0.391534418,-0.214553833,2.1426363,-2.31718659,0.588009417,-0.0579725392,0.35255298,1.69937694,-0.420699239,3.39628458,2.44663858,0.715815008,0.775096357,-0.291695178,0.0913655162,3.82411337
207,25,7,16,vertical_choices,214822628,1,2,-0.019824855,2.36754942,2.43338513,2.96214843,0.483089089,0.365538836,-0.364795059,1.62168157,3.60962749,1.1938343,2.40287066,0.655714929,0.775142848,-0.0295721292,0.265779287,5.67903852
208,26,0,0,open,2368581570,0,1,-1.07731235,-2.87298727,1.7455194,1.06347561,0.0384661071,0.407232016,-0.463135511,-0.977735519,-1.8187896,0.546604872,1.59957623,0.742687643,0.366604865,0.366604865,0.366604865,1.59957623
209,26,1,1,boxes,4078190380,0,1,0.800824702,-2.05638838,1.68299711,0.842015386,-0.0402077064,-0.0606114231,0.0158078931,-0.792386353,-4.45808697,2.30937719,2.94937778,0.694326043,0.361913025,0.361913025,0.361913025,2.94937778
210,26,2,2,poles,2277255202,0,1,-0.596486509,-1.09588873,1.12381375,-2.55885077,0.157897711,0.740679324,0.131743595,-0.000383973122,1.70035708,1.62117815,2.90201664,0.943813741,0.852261245,0.851535618,0.851535618,2.90201664
211,26,3,4,doorway,1803034884,0,1,-0.159780383,-1.22208488,0.90977037,-1.70909357,-0.256695926,-0.749900043,0.064407371,-1.07694578,-3.90145063,1.13989556,2.8413291,0.729770362,0.743054211,0.729770362,0.729770362,2.8413291
212,26,4,5,table,3873950944,0,1,0.850134015,-2.09573221,1.2848202,2.814996,0.379503161,-0.111944698,0.169567451,3.4537487,-2.86373854,2.44815254,2.95330095,1.10482025,1.9562614,1.10482025,1.10482025,2.95330095
213,26,5,14,bent_hallway,3493301172,0,1,-1.31201875,0.288166881,1.2526927,-1.67545092,0.0265398007,0.161934108,0.372573644,-1.20810068,0.922229111,2.71152592,1.5940603,0.507981241,0.611899316,0.507981241,0.507981241,1.5940603
214,26,6,15,connected_rooms,898756597,0,1,-1.34821045,1.4344815,2.41333246,-0.935795367,-0.0442857109,0.557656586,-0.481096059,-1.42383385,2.38675022,1.59180045,1.25994027,0.471789539,0.396166146,0.396166146,0.396166146,1.25994027
215,26,7,16,vertical_choices,1400918066,0,1,-0.413221389,2.96320963,1.53220868,-2.34837604,0.139781505,0.0483314432,0.113316618,0.764682889,3.37048674,2.48709989,1.57007968,0.694145501,0.707696974,0.316648006,0.316648006,1.57007968
216,27,0,0,open,474001744,0,1,-0.732169688,1.61095119,1.97659695,-1.11072946,0.123981856,0.303571701,0.200574607,-0.186745644,2.94643116,2.85896969,1.691028,1.08783031,1.63325429,1.08783031,1.08783031,1.691028
217,27,1,1,boxes,1100353659,1,2,0.856995761,-2.36938477,1.28180814,2.57667065,0.0940821469,-0.0502831414,0.00962478109,3.12170196,-3.57977962,1.51349187,2.57829928,0.732815087,0.528395534,-0.111286581,0.220000088,4.5310297
218,27,2,2,poles,2874806700,1,2,0.442893416,-2.0666678,1.65125418,-1.75814199,0.132749215,-0.0326563567,0.0345890559,3.04937983,-2.70786428,2.33039856,2.76877975,0.637070596,0.866399467,-0.440682113,0.220000088,5.62279129
219,27,3,4,doorway,817666509,1,2,0.579604983,-2.32825685,1.30497122,-1.56569302,0.0450869426,0.0236895308,0.0219546631,2.94153309,-1.08725536,2.45508981,2.90543652,0.979940236,0.781987846,-0.298894584,0.0287696123,4.83611107
220,27,4,5,table,4084034727,0,1,-0.183086708,-0.713550925,2.48742557,-2.35622978,0.231498346,0.566631138,0.0848679841,0.483290792,0.917520046,2.73172164,1.77880073,1.63503551,1.15222144,1.15222144,1.15222144,1.77880073
221,27,5,14,bent_hallway,769353952,0,1,-0.573302805,2.75357366,1.99440753,0.117544651,0.224847972,-0.365620226,-0.220123574,0.180422008,1.52795875,1.25651956,1.61700702,1.21034884,0.456624091,0.456624091,0.456624091,1.61700702
222,27,6,15,connected_rooms,3324090000,1,2,-0.40103358,-1.8201195,1.37498701,1.44683683,0.711914778,0.212404609,-0.0585187078,1.2795186,-1.31871533,1.23684728,1.75918853,0.756576955,0.401957095,-0.111779571,0.104811281,2.94755292
223,27,7,16,vertical_choices,2796592368,1,2,-1.2409898,2.37806225,2.05086327,-0.842197776,0.117302299,0.0556489602,-0.0567884967,1.20504987,3.53847909,0.866684318,2.95498848,0.579010189,0.351935029,-0.299657822,0.0627370775,6.58516121
224,28,0,0,open,67282775,0,1,-0.669718862,-0.439525723,2.56445527,2.46426129,0.104386635,-0.0458893515,0.197064549,0.0166909695,-0.741277993,3.86028242,1.4971242,1.15028119,0.959717572,0.959717572,0.959717572,1.4971242
225,28,1,1,boxes,2144312001,0,1,-1.11492574,-0.51657486,1.49456561,0.32919693,-0.154214472,0.371777564,0.375377089,-1.41804504,0.214179814,2.23239541,1.08179319,0.705074251,0.401954949,0.401954949,0.401954949,1.08179319
226,28,2,2,poles,1000006405,0,1,0.0316077545,1.40989423,2.5644536,0.964713633,-0.74024123,-0.303970158,-0.221924573,-0.907957613,1.02407432,2.28277159,1.05403268,1.75817633,0.912042439,0.912042439,0.912042439,1.05403268
227,28,3,4,doorway,2056911748,0,1,0.932121634,-0.289157867,2.03808141,0.026570525,-0.429167986,0.364365816,0.179439351,-0.846228361,1.22067046,2.78162694,2.44846272,0.888084948,0.973771632,0.888084948,0.888084948,2.44846272
228,28,4,5,table,3323391445,0,1,-0.367422432,-2.17655277,2.53356218,-0.14176552,0.0292921811,0.188785627,0.170815885,-0.0457539558,-0.103426695,4.40935564,2.81423593,1.45257759,0.410644352,0.410644352,0.410644352,2.81423593
229,28,5,14,bent_hallway,2227475372,0,1,0.405347645,0.275761485,1.29609585,2.86021996,-0.759421349,-0.558372498,-0.158374816,-0.794079721,-0.606130004,1.04595923,1.50961161,0.312625855,0.865959227,0.312625855,0.312625855,1.50961161
230,28,6,15,connected_rooms,945328021,0,1,-1.12880886,-0.606076241,0.818766117,0.513940871,0.456576854,-0.163218156,0.0897816867,-0.022413969,-1.00159287,1.03632855,1.19493783,0.63876611,0.479419589,0.479419589,0.479419589,1.19493783
231,28,7,16,vertical_choices,1147825208,0,1,-0.910140038,-0.226669192,1.85715592,1.14680266,-0.0222205371,-0.0677645802,-0.0174106043,-1.2511605,-1.26665795,1.5899539,1.12661815,0.909859955,0.56883949,0.56883949,0.56883949,1.12661815
232,29,0,0,open,2610172208,0,1,-0.950526416,-0.586563349,1.18671215,-2.40241575,0.741756737,-0.588586032,-0.128572494,0.773802221,-1.9548229,0.887825429,2.22143555,0.869473517,0.707825422,0.707825422,0.707825422,2.22143555
233,29,1,1,boxes,1793934657,1,2,-0.0978442356,-1.32757938,2.44572139,0.472543985,0.572143257,0.192887157,-0.185235113,2.59793663,-0.418748438,1.57294464,2.97572613,0.945936263,0.739837289,-0.188774645,0.161940128,3.77913022
234,29,2,2,poles,805771416,1,2,0.265026599,0.140417218,1.49336684,-0.697216392,0.83284235,-0.516373336,0.126702249,2.70381188,-1.37166226,1.86438489,2.89339113,1.04651403,0.797139823,-0.0588783622,0.209676802,3.62333965
235,29,3,4,doorway,3347991300,1,2,0.580148697,-0.988514185,1.90386391,-2.46783614,0.120138481,0.0433852598,0.00245860568,2.71556902,-0.217356086,1.94756484,2.270818,1.19233632,0.360849977,-0.0315437913,0.0931433141,3.30387759
236,29,4,5,table,4251375576,0,1,0.588865101,2.32110691,1.03574383,-2.39000916,-0.0294545554,0.0696469173,-0.0142079853,0.0847070217,3.5132165,0.792553246,1.31698227,0.855743825,0.612553239,0.612553239,0.612553239,1.31698227
237,29,5,14,bent_hallway,1467875990,0,1,-0.324304372,-1.77790153,1.57972765,-0.70789206,-0.287669092,-0.254858524,0.521654069,-1.47674072,-2.79889488,3.6695354,2.59573364,0.990125954,0.343259275,0.343259275,0.343259275,2.59573364
238,29,6,15,connected_rooms,2357905720,1,2,-0.499052644,-2.24173355,1.34441602,-3.12113595,0.746574581,-0.164278597,0.266071886,2.12231827,-2.8185482,2.27864695,2.8420217,0.783313215,0.647946537,-0.279578149,0.195483357,4.88404751
239,29,7,16,vertical_choices,210640343,1,2,-1.00947905,0.951539755,2.55062747,1.818259,0.537873685,-0.0300889332,-0.39592579,1.29188251,0.822800398,0.856608152,2.86051416,0.810520947,0.47476238,-0.281189382,0.173210472,5.99535322
240,30,0,0,open,3198924221,0,1,0.50848192,2.58734107,1.00903082,0.231310531,0.162404478,-0.512518942,0.189550117,1.18083477,0.465517998,1.79376638,2.36008501,0.829030812,1.61376643,0.829030812,0.829030812,2.36008501
241,30,1,1,boxes,691774119,0,1,0.854794919,-2.87478518,2.38013697,1.22608554,-0.0928260684,-0.179010585,0.0918274298,0.280346453,-3.98258138,2.9484055,1.37117922,1.05991626,0.837418616,0.837418616,0.837418616,1.37117922
242,30,2,2,poles,3105720652,0,1,-1.26209772,2.68656206,0.993050694,-0.641945899,0.486963272,0.264712185,0.652888656,-0.188430786,3.27020502,2.43255329,1.88827097,0.557902277,1.28445506,0.557902277,0.557902277,1.88827097
243,30,3,4,doorway,3956649033,0,1,0.00422890997,-2.73730302,2.01748276,0.87838006,0.0897457376,0.459471196,0.546390593,0.287225395,-1.28844607,3.74042368,2.26887608,1.80865407,1.07957625,1.07957625,1.07957625,2.26887608
244,30,4,5,table,3325944219,0,1,-0.838921428,2.09606552,1.92660201,-0.742780805,-0.142381221,-0.723907769,0.405677527,-1.01344645,1.20872927,2.42386484,1.0320344,0.981078565,0.806553543,0.806553543,0.806553543,1.0320344
245,30,5,14,bent_hallway,4032105726,0,1,-0.419492036,-1.98449814,2.20629954,-0.528142929,-0.0786209255,0.328880101,0.0871708095,-0.916766465,0.0956560373,2.75765157,2.20869017,1.1249516,0.903233588,0.903233588,0.903233588,2.20869017
246,30,6,15,connected_rooms,3762855033,0,1,-0.0945509151,2.09513903,1.4852469,0.588794351,0.0327514037,0.632393777,0.142576456,-0.0208922103,3.51740789,1.80590487,1.45982742,0.465960622,0.392301917,0.392301917,0.392301917,1.45982742
247,30,7,16,vertical_choices,10542948,0,1,-0.323997527,1.53117156,1.79291177,-1.18508971,-0.000819661422,-0.107191563,0.0439905636,-0.341202557,-0.71882391,2.71629214,2.43216085,0.618021965,1.16274524,0.618021965,0.618021965,2.43216085
248,31,0,0,open,4109210076,0,1,0.0631003231,0.0881935358,2.0315454,-0.947780311,-0.0411607958,0.0544356629,-0.0155591471,-0.781388462,1.20504045,1.71232116,1.43611014,1.85154533,1.03861141,1.03861141,1.03861141,1.43611014
249,31,1,1,boxes,642084632,0,1,0.994267046,1.21556818,1.83446085,-2.5889945,-0.107657149,0.450364172,-0.223809153,0.759514153,2.19761419,1.34643149,1.12147045,0.488281727,1.16643143,0.488281727,0.488281727,1.12147045
250,31,2,2,poles,2199694287,1,2,0.651271045,-0.984535933,2.30318594,1.4746716,0.0768834427,-0.0325833261,-0.0704613924,2.37650132,-1.71569133,0.722063661,2.45172501,0.468717813,0.361051142,-0.422116935,0.0962411463,3.39164734
251,31,3,4,doorway,1790655599,1,2,0.211823165,-0.210736871,0.947648406,-1.19479012,0.073390007,-0.00893799867,0.0257526878,2.74006844,-0.518646002,1.83481431,2.697016,0.767648399,0.707571208,-0.277545273,0.135540605,3.35263443
252,31,4,5,table,219824987,1,2,0.80610013,-1.10684788,1.86153638,2.56356549,0.203881904,0.314566016,-0.219429687,1.68759108,0.253189802,0.912824035,1.87797332,0.687187552,0.341610014,-0.193331435,0.186345935,2.88180876
253,31,5,14,bent_hallway,552404304,1,2,-0.118557617,1.79256213,0.910721838,3.02908492,0.340804785,0.692045748,0.0434569791,0.979709446,4.02272749,1.05076492,2.48986745,0.721273124,0.413517654,-0.0915095806,0.220000088,3.9612031
254,31,6,15,connected_rooms,1190495560,1,2,-0.820976675,-2.02915692,1.31716585,-2.57257533,0.245132074,0.149946079,0.161865696,1.4006083,-0.670224309,2.78412342,2.98899674,0.999023259,0.478471935,-0.18800354,0.13978231,3.64784718
255,31,7,16,vertical_choices,1868095492,1,2,-1.17194498,1.805843,1.7269125,0.198626548,0.441602975,0.0225122832,0.00772710936,1.30015051,1.93186688,1.7701689,2.47568369,0.648055017,0.422810018,-0.0524460226,0.370000184,5.94297791
256,32,0,0,open,318644616,0,1,-1.25798011,-0.252898693,2.31660175,2.96989107,0.0670658499,-0.372352779,0.507070661,-1.03240395,-1.50530803,4.02213478,2.12796998,0.562019885,0.787596047,0.562019885,0.562019885,2.12796998
257,32,1,1,boxes,223827411,0,1,-1.15370452,2.45466828,1.85961413,-2.63259459,0.0241842177,-0.0449552424,0.0119122621,0.212190628,-0.0843491554,2.53240418,2.96056151,0.666295469,0.921474993,0.666295469,0.666295469,2.96056151
258,32,2,2,poles,2678313698,0,1,-0.556107581,2.46077728,1.24046111,-1.42631459,0.112993225,-0.574545503,-0.101595938,-0.0365741849,-0.180935144,0.773331463,2.73253894,1.06046104,0.593331456,0.593331456,0.593331456,2.73253894
259,32,3,4,doorway,410389180,0,1,0.972942114,-0.270133495,1.52208626,0.0217517428,-0.269907981,-0.0387622565,-0.0573940575,-1.51715636,-0.627743602,0.992584169,2.57076788,0.663799584,0.30284363,0.30284363,0.30284363,2.57076788
260,32,4,5,table,3894303643,0,1,-0.661409855,-2.15586805,1.82507265,-1.11647666,0.59711504,0.41060099,0.158779025,0.463047266,-1.38264489,2.12407732,1.39702594,1.15859008,0.879072011,0.879072011,0.879072011,1.39702594
261,32,5,14,bent_hallway,1412591355,0,1,-1.05967057,-2.7381525,1.94303298,3.01906157,0.155453071,0.410103858,0.1186634,-0.126889825,-0.277364969,2.65506101,2.72626829,0.760329425,0.872510493,0.760329425,0.760329425,2.72626829
262,32,6,15,connected_rooms,2704709429,0,1,-1.30794072,-0.827274799,1.51957953,1.37310195,0.2043356,0.525729537,0.113579005,-0.75906384,0.584915638,1.8246702,1.54551864,0.512059271,1.06093621,0.512059271,0.512059271,1.54551864
263,32,7,16,vertical_choices,1424774306,0,1,-1.2362659,2.99805307,1.95828533,1.30361891,0.0684311986,0.0826914161,0.257979691,-0.630375385,3.73020363,4.24244022,2.47396684,0.583734095,0.577559769,0.577559769,0.577559769,2.47396684
264,33,0,0,open,3975124753,0,1,0.697463214,0.478253603,2.3312819,1.79643238,-0.0486672558,0.0362525508,0.117985465,0.248044223,0.813028693,3.42082167,1.22521377,2.15128183,1.39917827,1.39917827,1.39917827,1.22521377
265,33,1,1,boxes,1693666562,1,2,0.167474166,2.7544775,1.63730681,-1.08440614,0.774394035,0.453264534,-0.420826882,1.72013319,3.66327238,0.793549478,1.98710454,0.495778382,0.330140769,-0.192088813,0.220000088,3.69972229
266,33,2,2,poles,2936123110,1,2,0.413817972,0.332223415,2.15941286,0.272878945,0.727784276,-0.199548364,0.0650637597,2.6801548,-0.289174736,2.36202288,2.35870075,0.581019163,0.384601712,-0.522406697,0.12888509,5.31873846
267,33,3,4,doorway,2762842085,1,2,0.976260066,-1.04214156,1.06537926,-0.578834355,0.095718883,0.0758196041,-0.017874971,2.87200165,0.45948863,0.711360097,2.44418883,0.498096883,0.53136009,-0.285636246,0.0873546302,4.1679287
268,33,4,5,table,1033651042,0,1,-1.28766787,1.1868124,1.03187692,-2.51378632,0.185134843,0.208235472,0.606759965,-0.804678082,1.73006845,2.61482501,1.74187565,0.532332122,1.01532197,0.532332122,0.532332122,1.74187565
269,33,5,14,bent_hallway,853621674,0,1,0.166590542,-0.130069256,1.56631196,-2.55940461,-0.0637396723,0.148221329,0.000518201326,-0.900251031,2.35078263,1.57498538,2.70052814,0.396454275,0.919748962,0.396454275,0.396454275,2.70052814
270,33,6,15,connected_rooms,1381891075,1,2,-0.590208113,-1.08546424,2.19391274,1.91666746,0.596677005,-0.410419315,-0.022145316,1.23714685,-2.34239531,2.12609148,2.21894145,0.9201985,0.309971035,-0.266220152,0.0389982164,3.68509126
271,33,7,16,vertical_choices,963102533,1,2,0.854100406,2.16518831,2.39461803,-0.959068716,0.791580856,0.276574761,0.267120838,3.36834908,3.0436554,3.24305725,2.79517436,0.514532626,0.793317258,-0.296228826,0.0954455435,3.64147139
272,34,0,0,open,601058359,0,1,-0.15426819,-2.17786288,1.74667096,2.74011922,-0.238269255,0.337948054,0.246086583,-1.3559891,-0.473407745,2.98781896,2.42688036,1.56667089,0.464010894,0.464010894,0.464010894,2.42688036
273,34,1,1,boxes,923628607,0,1,0.182682365,0.49211669,0.845106602,-3.0592494,-0.293050408,-0.0757272691,0.011849842,-0.875324607,0.218716711,0.887888372,1.09359801,0.571615696,0.707888365,0.571615696,0.571615696,1.09359801
274,34,2,2,poles,991773252,0,1,0.942759931,0.0704677105,1.00069821,0.186840445,-0.371891767,0.537572026,-0.130700737,-0.339155376,1.9234848,0.550171196,2.29781508,0.820698202,0.370171189,0.370171189,0.370171189,2.29781508
275,34,3,4,doorway,524035179,0,1,0.827157557,0.918407679,1.61984873,-1.37731671,-0.0318431184,-0.170620725,0.726155341,0.715742528,0.321427464,4.16057396,2.61229467,0.972945511,0.659426033,0.659426033,0.659426033,2.61229467
276,34,4,5,table,242904174,0,1,-0.827896237,0.913757086,1.30368078,1.25078797,-0.0314425491,-0.887515903,-0.289873391,-0.878096104,-0.503214598,0.840880752,1.49147999,0.992103755,0.660880744,0.660880744,0.660880744,1.49147999
277,34,5,14,bent_hallway,339228257,0,1,-0.683106005,1.80179965,1.7831248,2.77676868,-0.0855421871,0.463927716,-0.12963818,-0.996284366,3.50028467,1.30850673,1.7911433,1.13689399,0.823715627,0.823715627,0.823715627,1.7911433
278,34,6,15,connected_rooms,2071441719,0,1,-1.03013086,-2.14516306,2.47987747,2.15583301,-0.0240017716,-0.45969075,0.0857294127,-1.12383711,-3.93985915,2.81457686,1.82804227,0.78986913,0.696162879,0.696162879,0.696162879,1.82804227
279,34,7,16,vertical_choices,2077688810,0,1,0.839884818,-0.425158024,2.16100669,1.36119187,0.0121190203,-0.0393644236,-0.0472422652,1.16251624,-1.47311389,0.903327584,1.66855001,0.32923156,0.333821416,0.12265116,0.12265116,1.66855001
280,35,0,0,open,2850593095,0,1,0.725950718,1.06229138,1.45245922,-2.01272178,0.236776486,-0.111810587,0.372656137,1.7796458,0.564715505,3.11084151,2.02684164,1.27245927,1.70915842,1.27245927,1.27245927,2.02684164
281,35,1,1,boxes,3333596643,1,2,0.586293876,-2.72730112,1.30904377,-0.030957127,0.0868888199,-0.117276959,0.366752297,1.18197298,-3.53131056,3.82336807,2.70612097,0.90708071,0.485324919,-0.0389678478,0.0910197198,3.95180058
282,35,2,2,poles,2252702421,1,2,0.90595746,-1.48130572,0.981491566,0.517505407,0.557213426,-0.125166357,-0.0299388319,3.64739966,-2.09711337,0.834195077,2.81361341,0.466662705,0.65419507,-0.323849112,0.220000088,6.64779568
283,35,3,4,doorway,372805556,1,2,0.981818616,2.0615654,2.14210367,-1.13634086,0.171903566,-0.0866177008,-0.0588634387,3.27577066,0.905703068,1.35660565,2.68612003,0.875373781,0.821950257,-0.285917342,0.0817783475,3.51457524
284,35,4,5,table,4061475193,0,1,0.582715213,-1.27179945,2.27140093,-0.435437828,-0.0126040671,-0.00104672555,-0.00360725983,-0.481758654,-1.36020041,1.96675062,1.11073446,1.00359464,1.33824134,1.00359464,1.00359464,1.11073446
285,35,5,14,bent_hallway,1686656606,0,1,0.15828456,1.01778316,2.54987979,1.98097825,-0.0809231251,0.0724454299,0.387992114,-0.136374459,1.28157306,3.96264505,1.4670769,0.530621111,0.82528013,0.530621111,0.530621111,1.4670769
286,35,6,15,connected_rooms,311008574,1,2,-1.35400498,0.120304227,1.3396771,-2.82973051,0.350534201,-0.0242815316,0.0890378505,1.32719815,-0.0654229224,2.02071929,2.77257347,0.465995014,0.319618165,-0.240811288,0.127160728,3.66501999
287,35,7,16,vertical_choices,2510761999,1,2,-1.32984054,2.13848448,2.28440619,1.94331324,0.413987756,-0.160258502,-0.199158996,1.20645297,1.15666175,1.06425989,2.98085856,0.490159452,0.370213687,-0.29386884,0.110106915,6.20576382
288,36,0,0,open,2157030983,0,1,-1.11422598,0.142191052,0.863216221,-2.30724096,0.00242592301,0.5969733,-0.214456201,-1.11032498,1.10215068,0.518361151,1.02003074,0.683216214,0.338361144,0.338361144,0.338361144,1.02003074
289,36,1,1,boxes,1288704238,0,1,0.0198373646,-2.90791297,1.90720117,-1.13358116,0.135735229,0.0600065477,0.0521545708,0.957189739,-2.49352336,2.26736712,1.08630919,1.32804155,0.576309621,0.576309621,0.576309621,1.08630919
290,36,2,2,poles,639624375,0,1,-0.0908566192,-1.97892952,0.824137986,-2.89039326,-0.272881567,-0.173884317,0.546743155,-1.22871947,-2.70399332,3.10395002,2.64914942,0.644137979,0.59128052,0.59128052,0.59128052,2.64914942
291,36,3,4,doorway,3562346908,0,1,0.0596766807,-1.91822112,2.06108856,-1.13739479,-0.254617542,-0.0237634946,0.230061635,-0.754458904,-1.99420452,2.79670715,1.09987497,1.76871037,1.06554103,1.06554103,1.06554103,1.09987497
292,36,4,5,table,444798538,0,1,-0.340362996,-1.98860443,1.0557977,0.353612542,-0.0218642112,-0.0205681752,0.0236150324,-1.37325275,-2.96026802,2.17139816,1.80431581,0.875797689,0.446747243,0.446747243,0.446747243,1.80431581
293,36,5,14,bent_hallway,2506647718,0,1,0.0238452293,1.39346445,1.20864356,1.70799851,-0.0971365422,-0.76373893,0.391151011,-0.109092042,0.34824121,1.74395752,1.18183112,0.700012505,0.832949698,0.700012505,0.700012505,1.18183112
294,36,6,15,connected_rooms,2209380363,0,1,-1.15058911,-1.22984254,2.14876008,-2.41121221,0.150524735,-0.429014266,-0.0504309759,-0.77048862,-2.31317616,2.02141333,1.15512133,0.669410884,1.04951143,0.669410884,0.669410884,1.15512133
295,36,7,16,vertical_choices,808982797,0,1,-0.648326814,-2.22605181,2.39811993,-1.80973637,-0.247765929,0.496628195,0.196797103,-1.41949427,-0.680304527,3.01064777,1.83281863,1.09281063,0.400505722,0.400505722,0.400505722,1.83281863
296,37,0,0,open,445209453,0,1,-1.27370989,2.66240168,2.25894403,0.293622136,0.112868167,0.367363334,0.281525284,-0.839480042,4.07573318,3.34203672,1.83279872,0.5462901,0.744266808,0.5462901,0.5462901,1.83279872
297,37,1,1,boxes,322883883,1,2,0.797316253,-2.62595773,1.53848612,0.801174283,0.0532305464,0.0502968393,-0.000754618261,2.79001808,-0.743080139,1.51023674,2.74169421,0.373793006,0.386086702,-0.278862238,0.0747535527,6.23764801
298,37,2,2,poles,3086940688,1,2,-0.208018944,-2.12680292,1.09862697,1.72892821,0.572927773,0.302935988,0.0498567335,2.32474065,-0.787604451,1.31903017,2.87348247,0.918626964,0.490835965,-0.108282119,0.0911207795,3.37655067
299,37,3,4,doorway,45756284,1,2,0.230227843,1.78115308,2.02742362,-0.807527423,0.142957553,-0.0553926416,0.0172220487,2.93794918,0.731975675,2.35362196,2.92214513,1.58618927,0.521531999,-0.184240997,0.152302712,4.26659966
300,37,4,5,table,4052499007,0,1,0.24735564,0.196339488,1.927333,1.7229923,-0.316573411,0.0708830878,0.634731233,-0.691838801,0.406631947,3.81042242,2.11478949,0.96168381,1.00957751,0.96168381,0.96168381,2.11478949
301,37,5,14,bent_hallway,633508616,1,2,-0.164012402,2.26452112,1.38303113,1.87229705,0.173371434,0.236369833,0.0635750815,1.4837532,4.51103926,1.98726463,2.85080218,0.863399208,0.308960736,-0.151401788,0.220000088,3.92411947
302,37,6,15,connected_rooms,2410966776,1,2,-0.659133792,-2.14119768,1.89123297,-0.328667015,0.806672335,0.247778371,-0.0875567421,2.12440729,-1.28620219,1.58910561,2.92752457,0.999884307,0.304415524,-0.191299617,0.116835177,3.51188135
303,37,7,16,vertical_choices,1122307864,1,2,-0.164489344,-0.172457457,2.36783075,-1.06735289,0.378350884,-0.597849965,-0.347335547,1.23370636,-2.3818121,1.08425212,2.91269183,0.703869164,0.379342377,-0.236811578,0.239269018,6.06927299
304,38,0,0,open,4093267347,0,1,0.880703211,1.83102429,1.40719616,-1.46432257,-0.320964456,-0.126056284,0.130973622,-0.166171312,1.41987252,1.83438659,1.20311415,1.22719622,1.65382862,1.22719622,1.22719622,1.20311415
305,38,1,1,boxes,1918178985,0,1,0.405109167,1.09401405,2.57483506,-1.81603479,0.618485868,-0.472418815,0.626797855,1.69618165,0.107852519,3.88325858,2.08599019,0.34192282,0.655320048,0.0742974877,0.0742974877,2.08599019
306,38,2,2,poles,3874089889,0,1,0.176516861,-1.91583931,1.57939947,1.32356739,-0.407130837,0.0986959711,0.462964863,-0.524404168,-1.74592328,2.37644506,1.07491553,1.22140336,1.29559588,1.22140336,1.22140336,1.07491553
307,38,3,4,doorway,1722797771,0,1,-0.334369749,-2.22952032,0.865446687,1.99482405,-0.148245752,0.133974761,0.0618195534,-1.13391578,-1.50694323,1.19886315,1.12807715,0.68544668,0.686084211,0.68544668,0.68544668,1.12807715
308,38,4,5,table,39458047,0,1,-0.570338905,0.833433509,1.67934275,2.34133363,0.173737019,0.264733315,-0.0133861862,0.792523086,2.91010666,1.57433617,2.4861598,1.24966097,1.39433622,1.24966097,1.24966097,2.4861598
309,38,5,14,bent_hallway,4022122810,0,1,-0.388546646,1.98345101,1.01195669,-0.187463999,-0.143036872,-0.0134396134,0.342280209,-1.13764024,1.91306686,2.80450106,1.94404483,0.831956685,0.682359755,0.682359755,0.682359755,1.94404483
310,38,6,15,connected_rooms,2644216463,0,1,-0.298089385,2.67485523,1.81475163,-1.20307946,-0.0470466875,-0.275920004,0.052717194,-0.691649258,0.366700172,2.25574708,2.3826344,0.636189938,1.02974987,0.636189938,0.636189938,2.3826344
311,38,7,16,vertical_choices,4113227592,0,1,-0.28721121,1.62638211,1.46261477,-1.1031543,-0.0765941665,0.108174831,-0.186236292,-0.647974491,2.13589239,0.585430324,1.07666314,0.566708505,0.405430317,0.405430317,0.405430317,1.07666314
312,39,0,0,open,3510302932,0,1,-0.704793274,2.51191878,1.67859852,1.89909828,-0.0479934365,-0.0945592672,0.128328204,-1.09193695,1.74914718,2.71377039,1.3428632,1.11520672,0.728063047,0.728063047,0.728063047,1.3428632
313,39,1,1,boxes,1456284452,1,2,0.170992941,-0.972547174,1.50663757,-1.51917398,0.393702686,-0.371789366,0.0175778214,2.23670745,-2.92328501,1.59886646,2.84272051,1.00297117,0.383549392,-0.267727852,0.0746552646,6.13827181
314,39,2,2,poles,3126396600,1,2,0.505732656,0.500666499,2.31921625,2.51544619,0.691293776,0.0807204992,-0.0298582818,2.70791006,0.757808805,2.22410011,2.21917892,0.675437868,0.307456076,-0.302875251,0.0566826016,3.26327896
315,39,3,4,doorway,662058459,1,2,0.628863931,2.61186433,0.882612348,1.8057127,0.499037355,-0.38427043,-0.000649469323,2.71140528,1.00825882,0.879902065,2.62840962,0.70261234,0.699902058,-0.280408084,0.100819498,4.90880299
316,39,4,5,table,1782034390,0,1,-0.439899296,-2.45362091,2.02213764,-1.54063845,-0.0124866925,-0.00946610142,0.0403137691,-0.886967063,-2.79254079,3.46551323,1.54857016,1.38010073,0.93303293,0.93303293,0.93303293,1.54857016
317,39,5,14,bent_hallway,122534705,1,2,0.29993853,2.74948072,0.911304832,0.358247429,0.805999756,0.420427769,-0.114194624,2.92502713,4.11878681,0.539380372,2.98402691,0.420577586,0.359380364,-0.324912637,0.220000088,4.30362892
318,39,6,15,connected_rooms,3881520237,1,2,-0.612361014,0.0491359234,1.01908433,-1.73564506,0.19492723,-0.198781997,0.00591793656,1.38603735,-1.98878169,1.07975519,2.85488796,0.839084327,0.451826811,-0.0634366423,0.21096006,3.18246555
319,39,7,16,vertical_choices,3105193527,1,2,0.518404961,0.120477319,2.40106559,-2.18482947,0.0321086459,0.0208350588,0.0245776512,2.62039566,1.48444331,4.01004028,2.97784615,0.498695374,0.565718591,-0.289889157,0.0476517677,5.91509104
320,40,0,0,open,2354814083,0,1,-1.33686769,-2.56225705,1.96578372,0.461202055,0.269839615,0.154889539,-0.503722429,-0.549218297,-2.11014175,0.495441198,1.72820914,0.483132303,0.315441191,0.315441191,0.315441191,1.72820914
321,40,1,1,boxes,2070113275,0,1,0.602592289,0.668355703,1.48678589,-1.36718023,0.00885834172,0.0839618593,-0.00664580939,0.879387259,3.2918961,1.27912557,2.64626193,0.694359481,1.09912562,0.694359481,0.694359481,2.64626193
322,40,2,2,poles,3709551995,0,1,-1.36969447,-1.61189818,1.67422974,1.69509792,-0.0206739567,-0.430952519,0.187795401,-1.4981041,-4.28862095,2.84066057,2.92265201,0.450305521,0.321895897,0.321895897,0.321895897,2.92265201
323,40,3,4,doorway,3522154897,0,1,-0.6464324,2.23279619,2.44799972,-0.935060203,-0.0300295297,0.34981963,0.0041019558,-0.767014205,3.63747644,2.46447086,1.40994251,1.17356753,1.05298567,1.05298567,1.05298567,1.40994251
324,40,4,5,table,3110460216,0,1,-0.777968228,-1.15629065,1.20300698,0.830376506,0.293063313,-0.217580363,0.566455424,0.447281063,-2.06595802,3.57126355,2.8173337,1.02300692,1.24873638,1.02300692,1.02300692,2.8173337
325,40,5,14,bent_hallway,3466056993,0,1,0.271607667,-2.38046193,2.14788842,-2.23898125,-0.049795799,0.216296747,-0.0828549787,-0.268052369,-0.0363543034,1.24995089,2.5675602,0.315039188,0.854699194,0.315039188,0.315039188,2.5675602
326,40,6,15,connected_rooms,2308066153,0,1,0.691738784,-0.968195915,1.63482475,2.38779807,0.216738209,0.0530760735,0.385523617,2.13759708,-0.614125967,4.20664883,2.9715569,0.488796055,0.613351166,0.0312484205,0.0312484205,2.9715569
327,40,7,16,vertical_choices,1458443792,0,1,-1.23447776,1.0739429,0.955927551,2.34579897,0.0827697739,-0.0290796626,-0.014927078,-0.0231209993,0.64835459,0.737465978,1.3023963,0.585522234,0.351281166,0.351281166,0.351281166,1.3023963
328,41,0,0,open,3903785727,0,1,-0.875689149,1.96888447,1.89243472,-2.211236,0.495244533,-0.0641904771,-0.11559552,0.212356329,1.82785892,1.63847291,1.12615621,0.944310844,1.45847297,0.944310844,0.944310844,1.12615621
329,41,1,1,boxes,26340596,1,2,0.380121142,0.517372012,1.48499322,-2.75427461,0.476394534,0.0465221405,0.232153088,3.03527284,0.776659906,2.77888203,2.96499729,0.311252892,0.613340199,-0.391013205,0.0347356498,3.81110835
330,41,2,2,poles,3352438699,1,2,0.772940338,2.34311724,2.3824327,-2.35969591,0.384563565,-0.0695820898,0.0127399433,3.21454763,1.90133822,2.46331906,2.48257065,0.633093715,1.04818225,-0.108182609,0.220000088,5.75099182
331,41,3,4,doorway,2296044511,1,2,0.170718133,-0.113827586,1.30358255,-0.214128897,0.423228741,0.161303282,-0.075016357,2.54478812,0.790991187,0.88278389,2.57526255,1.1235826,0.385736525,-0.0840991288,0.0505488813,3.50843525
332,41,4,5,table,4161859419,0,1,-0.551405489,0.907192469,1.17441261,-0.83370024,0.191035837,0.101738453,0.296417475,0.864901125,1.66146374,3.37200022,2.72107339,0.994412601,1.44799972,0.97196418,0.97196418,2.72107339
333,41,5,14,bent_hallway,523586983,1,2,-0.436749309,2.907619,1.59226048,0.374322772,0.20184274,0.140044183,0.032352116,1.77887356,4.44488049,1.94738889,2.7199769,1.16959381,0.375119507,-0.0875439495,0.220000088,3.73265338
334,41,6,15,connected_rooms,3867074454,1,2,-0.0870543197,-2.11781406,1.96455264,2.26734352,0.374078959,-0.0303773079,-0.293385386,1.23701513,-2.22533584,0.926101685,1.68614984,0.419585645,0.304483771,-0.281392336,0.0379217714,2.9317832
335,41,7,16,vertical_choices,270526575,1,2,-0.655946016,0.567893744,1.54264176,0.401804477,0.529670477,0.316746891,0.123262219,1.79729676,2.03495121,2.1135478,2.91489124,0.936330736,0.423936546,0.0143053085,0.228807628,3.75814676
336,42,0,0,open,2270293375,0,1,0.74879086,0.227836132,2.5951848,-2.4589746,-0.0609882995,0.203745618,0.133032203,0.229004085,1.9643048,3.72898221,2.13798928,2.22481513,1.09101772,1.09101772,1.09101772,2.13798928
337,42,1,1,boxes,2173695346,0,1,0.0537416339,1.34455419,1.08350933,-0.769652426,0.0023924259,-0.00782490522,-0.0018350496,0.347031265,0.385291994,0.858548999,1.02801263,0.903509319,0.678548992,0.678548992,0.678548992,1.02801263
338,42,2,2,poles,2984395538,0,1,0.489630938,-2.28451824,2.51178145,-1.68992221,-0.0335651226,-0.0789473578,-0.00800628494,-0.100284278,-3.67203712,2.37106895,1.51426828,0.527053773,1.14796281,0.527053773,0.527053773,1.51426828
339,42,3,4,doorway,447129335,0,1,-1.3860805,1.85870719,2.25009251,2.52782583,0.170393661,-0.203938082,0.024233507,-0.663112044,0.993412077,2.35291362,1.13225055,0.433919489,1.15688801,0.433919489,0.433919489,1.13225055
340,42,4,5,table,2125887721,0,1,-0.155064836,-0.664832711,1.42129242,-1.35701692,-0.807291925,-0.164374202,0.050169833,-1.35315144,-0.908777356,1.49574852,1.22493434,1.24129248,0.466848552,0.466848552,0.466848552,1.22493434
341,42,5,14,bent_hallway,1039648584,0,1,-0.436348319,0.203898311,1.77856362,2.04264069,-0.169294044,-0.40855965,-0.384917229,-0.741587281,-0.532739043,1.08455384,1.05709743,1.07362866,0.904553831,0.904553831,0.904553831,1.05709743
342,42,6,15,connected_rooms,2283773350,0,1,-1.2614466,0.0859268904,1.82316566,-0.169209391,0.11469873,0.028304074,0.41735521,-0.622479796,0.243603989,4.14817953,2.41636705,0.558553398,0.671820462,0.558553398,0.558553398,2.41636705
343,42,7,16,vertical_choices,834913476,0,1,-0.479220182,-0.0850203037,1.62919056,2.03156281,-0.0513227656,0.625544071,0.556250453,-0.65708524,2.08287573,3.55694151,2.90648127,0.772315383,1.16291475,0.772315383,0.772315383,2.90648127
344,43,0,0,open,18457425,0,1,0.0531485416,-0.09068048,2.31483102,-2.25045657,-0.717974365,0.587214828,-0.362576187,-0.990809619,0.763149083,1.78763342,1.44803691,1.87314844,0.829190314,0.829190314,0.829190314,1.44803691
345,43,1,1,boxes,2848637827,1,2,0.46451503,2.59452009,0.87223351,0.60879904,0.162902981,0.0185288172,0.214766696,2.21294308,2.79338884,3.17731142,2.89998865,0.692233503,0.34039396,-0.00365515053,0.220000088,5.19544506
346,43,2,2,poles,1455861213,1,2,0.820291221,2.58470201,1.710145,1.32655632,0.038109757,0.00950814039,0.00408950914,3.6059835,3.27971435,2.00907397,2.88660383,0.74850297,0.916463673,-0.224500149,0.220000088,5.20702791
347,43,3,4,doorway,3346880120,1,2,0.662443459,1.32766056,1.67761445,3.06358552,0.251474112,0.0627723262,0.017564673,3.49143481,2.03382611,1.87521052,2.92248297,1.02959728,1.19939423,-0.287025034,0.225503266,4.92050409
348,43,4,5,table,2083966571,0,1,-1.15140021,-0.0334757566,1.7625196,-0.622969627,0.233191818,0.163955003,-0.649823189,-0.721258223,0.268953085,0.5638659,1.30891407,0.668599784,0.383865893,0.383865893,0.383865893,1.30891407
349,43,5,14,bent_hallway,1984090860,1,2,0.249701396,1.68949556,1.2567414,1.84544933,0.166899294,0.233417854,-0.0080156792,1.9868865,4.1190443,1.17330956,2.98788881,0.40962404,0.356048286,-0.327676147,0.220000088,4.55318928
350,43,6,15,connected_rooms,2682081533,1,2,-0.072277993,-0.441039562,2.03249192,1.95623147,0.234650299,-0.132837862,0.14857316,2.13979626,-1.6933167,3.43310738,2.90227389,0.47785157,0.910978258,-0.290503144,0.090187341,3.58353448
351,43,7,16,vertical_choices,1926482286,1,2,-0.310170203,-0.121002316,2.13063908,-0.419490188,0.545562983,0.00253182859,-0.278270543,1.99318695,-0.110312983,0.955785751,2.58570075,0.693297803,0.775785744,-0.208631933,0.0854187608,6.26868105
352,44,0,0,open,3427879430,0,1,-0.732657075,2.13097477,1.34552157,0.714453816,0.0896287933,-0.637439013,-0.0856671482,-0.46371156,0.218237281,1.08846354,1.94858289,1.08734298,0.908463538,0.908463538,0.908463538,1.94858289
353,44,1,1,boxes,4217653577,0,1,-0.838402152,2.12222719,1.72596931,0.840282202,-0.00555383042,0.51660502,0.456616402,-0.859388351,4.07431507,3.4513793,2.60540342,0.981597841,0.745684922,0.745684922,0.745684922,2.60540342
354,44,2,2,poles,2247961207,0,1,-0.886402965,0.0846759081,2.40092564,2.34272432,-0.032550443,0.180100501,0.178319082,-1.15512371,1.57149887,3.87304211,2.10949755,0.933597028,0.664876282,0.664876282,0.664876282,2.10949755
355,44,3,4,doorway,2799305935,0,1,-0.966940343,-0.42463553,1.80319548,2.5571599,0.425754964,0.224866316,0.0767153502,1.13736129,0.686770439,2.18236256,2.40978765,0.85305959,0.599330366,0.599330366,0.599330366,2.40978765
356,44,4,5,table,1597046860,0,1,0.0267311428,-0.69774127,1.30504048,0.0624490492,0.162835866,-0.6085428,-0.428956866,0.268035144,-1.59953165,0.669375837,1.12939048,1.0749476,0.48937583,0.48937583,0.48937583,1.12939048
357,44,5,14,bent_hallway,989769572,0,1,-1.27485585,0.654602408,1.0416187,-2.48821688,0.237359211,0.102540947,0.00386192766,-0.318202853,1.06788361,1.05718386,1.04222298,0.545144141,0.877183855,0.545144141,0.545144141,1.04222298
358,44,6,15,connected_rooms,2961309499,0,1,-0.464924812,0.260031581,0.993766308,-2.13762665,-0.00245145964,-0.218249738,0.103693582,-0.484221309,-1.45790565,1.80998302,1.90207529,0.813766301,0.856979907,0.813766301,0.813766301,1.90207529
359,44,7,16,vertical_choices,1339919335,0,1,-1.00143397,-2.90911913,2.25949287,1.37894201,-0.267120004,0.149345309,-0.874730825,-1.40486586,-2.68356252,0.938385129,1.39962804,0.818566024,0.415134132,0.415134132,0.415134132,1.39962804
360,45,0,0,open,3566782407,0,1,-0.796173215,1.47341609,1.44300544,2.47331452,-0.0852028802,-0.623513579,-0.076885581,-1.14036417,-1.04536819,1.13241363,2.56109524,1.02382684,0.679635823,0.679635823,0.679635823,2.56109524
361,45,1,1,boxes,3664014766,1,2,0.230125993,-2.95235872,1.17663682,-0.41198808,0.205568448,0.337629318,0.158232823,1.62449527,-0.66222167,2.24992895,2.88807011,0.769958436,0.896100938,0.0127755404,0.0325119495,6.22702217
362,45,2,2,poles,401186587,1,2,0.150072277,2.18204308,1.97562242,-1.06718659,0.00703903567,-0.00199424196,-0.000881401822,2.56961846,1.496557,1.67265582,2.53295946,0.578881562,0.489141762,-0.475515455,0.229500949,5.39292526
363,45,3,4,doorway,3332405070,1,2,0.413613707,-0.741023898,0.800418973,-2.44294572,0.659897149,0.223313242,0.583967984,2.28244591,-0.108599603,2.45421934,2.57440281,0.620418966,0.302296937,-0.291332543,0.0214655995,3.49266338
364,45,4,5,table,3482822007,0,1,-0.536830902,0.0182032585,0.91872263,1.59697998,0.514202297,0.407313555,-0.149791017,0.472802758,0.817961454,0.624608696,1.32116473,0.738722622,0.444608688,0.444608688,0.444608688,1.32116473
365,45,5,14,bent_hallway,177574754,1,2,0.172964752,2.25409937,1.48240089,2.73480797,0.605222046,0.72880137,0.124772198,1.79075909,4.20222855,1.81592441,2.55415416,0.396575749,0.338939369,-0.324586958,0.220000088,3.89063835
366,45,6,15,connected_rooms,766103354,1,2,0.0776666477,-0.363564134,1.29340422,1.0246973,0.315368801,0.400593758,0.211078733,1.58594763,1.55231321,2.30290794,2.63905191,0.329778612,0.685161233,-0.289126635,0.107606798,3.28018284
367,45,7,16,vertical_choices,2157874239,1,2,-0.329425454,-1.38049722,2.43065238,-2.84360528,0.368510395,0.0723443553,-0.271996886,1.77855051,-0.966668546,0.874759078,2.6524744,0.854391754,0.694759071,-0.196148098,0.264296085,6.02034187
368,46,0,0,open,2469679387,0,1,-0.838065445,-0.508137703,1.22011411,1.07110918,0.0582130775,-0.0419941172,0.0013914021,1.1699717,-1.95670819,1.26811004,2.47646379,0.981934607,1.08810997,0.981934607,0.981934607,2.47646379
369,46,1,1,boxes,1915124257,0,1,-1.23935843,-1.54922318,1.05177987,2.39158845,0.0471967831,0.105087452,0.326993108,-1.05426729,-1.13710284,2.33414531,1.35961878,0.580641568,0.765732706,0.580641568,0.580641568,1.35961878
370,46,2,2,poles,402688761,0,1,-1.07501006,0.964863539,1.44008648,2.69135213,-0.0506963059,0.903442144,-0.0524366572,-1.20163536,3.22141171,1.30911422,2.26388979,0.744989932,0.618364632,0.618364632,0.618364632,2.26388979
371,46,3,4,doorway,2150828339,0,1,0.434796721,1.75238514,2.41991186,2.70904613,-0.679284096,0.0815926865,0.0336456262,-1.05858648,1.93176389,2.49388075,1.50593543,1.52117181,0.761413515,0.761413515,0.761413515,1.50593543
372,46,4,5,table,3389953138,0,1,-1.31929195,-2.39343023,1.6803062,2.56988192,0.130507022,0.177777842,-0.0544375442,-0.375232995,-1.1074245,1.28651702,1.6432066,0.500708044,1.10651708,0.500708044,0.500708044,1.6432066
373,46,5,14,bent_hallway,1420073179,0,1,-0.947180867,-1.29550016,2.31196404,-2.22268963,0.189219683,0.31427449,0.436137527,-0.285067141,-0.195797086,3.8380878,1.99419034,0.872819126,0.981912196,0.872819126,0.872819126,1.99419034
374,46,6,15,connected_rooms,2109823705,0,1,-0.145493582,1.49765325,2.49681902,-2.75565314,-0.098572515,0.121305153,0.0400057435,-1.09152436,2.66185617,2.88076639,1.54846978,0.466157198,0.72847563,0.466157198,0.466157198,1.54846978
375,46,7,16,vertical_choices,3523886766,0,1,-0.967239916,-1.56975818,1.52680123,0.153437778,0.0078787636,-0.618641436,0.669442594,-0.956952512,-2.37752628,2.40090108,1.1902293,0.852760136,0.863047421,0.852760136,0.852760136,1.1902293
376,47,0,0,open,3888388974,0,1,0.864824533,-0.675573349,1.43609929,3.11233783,0.377906501,-0.342832029,-0.225277528,2.1805644,-1.86919594,0.651760757,1.94193029,1.25609922,0.47176075,0.47176075,0.47176075,1.94193029
377,47,1,1,boxes,2842539604,1,2,0.805470169,0.937416315,2.39663029,2.07534981,0.0618696585,0.154677004,0.0695707425,1.80110598,3.42655182,3.51619554,2.90525603,0.501928151,0.699260294,-0.310750246,0.220000088,5.45315933
378,47,2,2,poles,682161991,1,2,0.983648777,-2.895818,1.68049634,1.58097959,0.313122839,-0.0699543804,-0.079781808,3.53051472,-3.46481013,1.03157032,2.68912315,0.517320812,0.70986402,-0.187250778,0.220000088,4.34803629
379,47,3,4,doorway,680467875,1,2,0.21572718,-0.859263539,2.30497479,1.23946583,0.470751524,0.16840817,-0.167971984,2.75960422,0.0507913232,1.39727712,2.85016227,1.69937491,0.33716327,-0.122083843,0.025956437,3.6784327
380,47,4,5,table,231679292,0,1,0.441706955,0.47078526,1.24833739,1.925704,-0.385561466,0.862174571,-0.0857303143,-0.414841652,2.38615942,1.05788219,2.10680008,0.787791371,0.877882183,0.782477558,0.782477558,2.10680008
381,47,5,14,bent_hallway,1545360102,0,1,-1.11524332,-2.02576828,2.44136453,-1.97221506,0.145485029,-0.231954172,0.117396764,0.0164870024,-3.83014345,3.35459566,2.31745005,0.704756677,0.598269284,0.598269284,0.598269284,2.31745005
382,47,6,15,connected_rooms,433271233,1,2,-0.176016539,1.04449368,1.77298713,2.16634536,0.412438035,-0.395453095,0.251375467,1.25323141,-0.32589519,2.64409447,2.16322517,0.490413368,0.338834524,-0.289176464,0.0945145488,4.93770218
383,47,7,16,vertical_choices,1643575564,1,2,-0.460598797,-1.75746918,2.47854376,-1.61458445,0.0295125656,0.00611035852,-0.0155738574,1.96443689,-1.25538349,1.1988461,2.78756428,0.977151692,1.01884604,-0.0442109108,0.089694798,5.80702782
384,48,0,0,open,3949143291,0,1,-0.345444769,-0.0674711466,0.981153071,-0.465448588,0.104768179,0.0590091124,0.0647817254,1.54639268,0.998078108,2.15094042,2.46634269,0.801153064,1.97094035,0.801153064,0.801153064,2.46634269
385,48,1,1,boxes,116380899,0,1,-0.330862969,-2.08575964,1.22227407,3.12406778,-0.179285437,0.72164768,0.507750809,-0.769942999,-0.318404198,2.46578407,2.2051425,1.042274,1.05005693,1.042274,1.042274,2.2051425
386,48,2,2,poles,4181500397,0,1,0.523334503,2.85226774,2.56343126,-0.835809469,-0.299854815,-0.214334115,-0.0840499923,-0.953878403,1.79636621,2.14936495,1.86240089,1.56105018,0.86612159,0.86612159,0.86612159,1.86240089
387,48,3,4,doorway,984992230,0,1,0.874620378,0.717984796,1.24187672,-0.0920467153,-0.0714013577,-0.0731959864,0.65283978,0.695180535,0.534034789,2.8825388,1.66066504,0.662491322,0.841931164,0.662491322,0.662491322,1.66066504
388,48,4,5,table,1174941771,0,1,-0.798261464,-1.16568553,1.87509394,0.379410446,0.0936336145,0.339548796,0.0510410853,-0.355812371,0.438792348,2.1162796,1.68174934,1.02173853,1.46418762,1.02173853,1.02173853,1.68174934
389,48,5,14,bent_hallway,801964194,0,1,-0.30334723,-0.464970231,2.41211486,-2.06100583,0.0111008873,-0.486451,0.630599678,-0.273783416,-1.76048374,4.09152412,2.12123656,0.950579703,0.728475869,0.728475869,0.728475869,2.12123656
390,48,6,15,connected_rooms,2839578341,0,1,-0.105545111,-1.06062734,1.89252126,-1.38074982,-0.402558625,-0.176900104,0.101287812,-1.16573727,-1.52651751,2.15927625,1.18836832,0.553226829,0.654262722,0.553226829,0.553226829,1.18836832
391,48,7,16,vertical_choices,4023662331,0,1,-0.721221566,-2.44264364,1.38605297,0.295927227,-0.214544475,0.0078737177,0.236363009,-1.43434763,-2.4164722,2.17170191,1.06135666,0.982056439,0.385652363,0.385652363,0.385652363,1.06135666
392,49,0,0,open,3518994096,0,1,-0.665475965,-1.69747496,1.86297846,1.38782191,-0.331583351,0.646600008,0.389167488,-1.5066123,-0.0572274923,2.85018992,2.09105444,1.15452409,0.313387692,0.313387692,0.313387692,2.09105444
393,49,1,1,boxes,1960718495,1,2,0.80769217,1.71850526,0.934013605,0.302441388,0.0231201351,0.0102157723,0.00477137556,3.1321907,2.74559903,1.41372776,2.58618283,0.346275568,1.05186248,-0.0797203034,0.220000088,5.72001123
394,49,2,2,poles,2866435939,1,2,0.765575886,-1.17704737,0.821428478,2.54484534,0.158643648,-0.0414052084,0.0212576054,3.40975833,-1.86716592,1.17573822,2.75563049,0.641428471,0.544537961,-0.230419964,0.459777892,3.62557626
395,49,3,4,doorway,1465585870,1,2,0.0728831664,-1.10959697,2.11149001,-1.19926667,0.025112221,0.00509231724,-0.00255073328,2.78488135,-0.559651375,1.83602321,2.7808733,1.77342439,0.338573873,-0.290997088,0.0257836431,5.52676487
396,49,4,5,table,2299756922,1,2,0.687512457,-0.410513163,1.31825316,-1.63624823,0.416588485,0.194645733,-0.161889225,2.44133759,0.4089396,0.636704385,2.05229473,0.466628253,0.456704378,-0.00535011292,0.0671199411,3.09316206
397,49,5,14,bent_hallway,1046565697,0,1,-0.00172173185,1.41220772,1.44445312,0.0991147831,-0.00258531887,0.0280548129,0.00627910672,-0.103286557,2.51434731,1.69112921,1.13396478,0.673458636,0.775023401,0.673458636,0.673458636,1.13396478
398,49,6,15,connected_rooms,1486082124,1,2,-0.332920641,0.0759558678,2.16716838,-2.63247252,0.0454500504,-0.0235547032,0.0262436457,1.95272648,-1.10859156,3.48694062,2.89294553,0.733751476,0.951895654,-0.29084897,0.133451283,4.25369358
399,49,7,16,vertical_choices,3181911159,1,2,-0.247358009,-1.4350369,2.37644911,-0.0313803181,0.264140278,0.343231589,-0.215747565,1.19758034,0.44255805,1.19623566,2.64690638,0.756499648,0.358058989,-0.21446377,0.232037812,5.85077667
400,50,0,0,open,3903762706,0,1,0.841252804,1.3817035,0.941550136,-3.06282234,-0.697894156,0.137666225,-0.119088776,-0.530130625,1.65222192,0.707537055,1.41726315,0.761550128,0.527537048,0.527537048,0.527537048,1.41726315
401,50,1,1,boxes,2461154038,0,1,-0.420365065,2.75751472,0.852193892,2.92584705,0.146387234,0.139404655,0.323194683,-0.0292207301,3.13000178,1.71576476,1.01857507,0.672193885,0.892966926,0.672193885,0.672193885,1.01857507
402,50,2,2,poles,1147853605,0,1,0.988313437,1.3424263,2.2461586,0.748782635,-0.1659915,-0.255535901,0.133276746,0.156707227,0.0622087717,2.91386604,1.66624105,0.428106666,1.42309976,0.428106666,0.428106666,1.66624105
403,50,3,4,doorway,2821372003,0,1,-1.13799989,-1.28299606,1.05469,2.74239755,0.270135641,0.24603954,-0.139446586,-0.147609174,-0.380948186,0.543440878,1.43385494,0.682000101,0.363440871,0.363440871,0.363440871,1.43385494
404,50,4,5,table,4254755857,0,1,0.279098839,2.16262937,1.43016624,-0.160903573,-0.0946275815,-0.652390242,-0.338185012,0.0214701295,0.386461735,0.50943923,2.01714706,1.25016618,0.329439223,0.329439223,0.329439223,2.01714706
405,50,5,14,bent_hallway,1472697127,0,1,-1.23333299,1.26758265,1.38700879,0.887561083,0.0326446071,-0.264458805,0.371512204,-1.10645902,0.239758015,2.83089876,1.77689028,0.586667001,0.713540971,0.586667001,0.586667001,1.77689028
406,50,6,15,connected_rooms,979654327,0,1,0.165009826,-1.08245158,1.72939837,0.469591379,-0.283945262,0.481450766,0.321063817,-0.928417683,0.7715379,2.96576357,2.48222876,0.506288588,0.89158231,0.484428227,0.484428227,2.48222876
407,50,7,16,vertical_choices,1380249643,0,1,-0.757841229,2.64429545,2.11671352,-0.261698782,0.169944748,-0.361244231,-0.458106697,-0.311139911,1.69476175,0.912575841,1.59721756,1.06215882,0.541626513,0.541626513,0.541626513,1.59721756
408,51,0,0,open,1079306127,0,1,-0.724695265,-2.74825573,0.859187007,-1.0905087,-0.00127750472,0.2347285,0.129731938,-0.732377946,-1.33663797,1.63937306,1.61288989,0.679187,1.08762193,0.679187,0.679187,1.61288989
409,51,1,1,boxes,1207299926,1,2,0.343350828,-1.46221519,1.23961735,0.837965846,0.265432239,0.219797879,-0.0661226436,2.33077598,0.183522463,0.744523764,2.62743759,1.05961728,0.517548382,-0.153634846,0.0789194107,3.35863733
410,51,2,2,poles,4150055677,1,2,0.52582258,-1.72062528,1.90660548,-1.50291467,0.605668604,-0.407491416,-0.0677784607,2.79612732,-3.24807715,1.65254283,2.7480793,0.782602847,0.332559288,-0.375746906,0.0375637412,5.11796379
411,51,3,4,doorway,3160057143,1,2,0.920096338,-1.62642002,2.01425672,0.317063659,0.0593006983,0.0364931263,-0.034069702,2.94996548,-0.377256513,0.848047256,2.65345478,0.891639173,0.538229883,-0.288753808,0.0432846099,5.36972713
412,51,4,5,table,615782472,0,1,-0.649259388,-1.85332096,1.89441288,-0.554765165,0.187128738,0.562642515,-0.288183004,-0.348606706,-0.949344397,1.43140006,1.05921984,1.1707406,1.25139999,1.1707406,1.1707406,1.05921984
413,51,5,14,bent_hallway,621553209,0,1,0.0309162475,0.193485975,1.08026278,0.803948641,-0.171343952,0.281559944,0.178877011,-0.543514371,1.13741589,1.67994809,1.25721788,0.582648933,1.1570797,0.582648933,0.582648933,1.25721788
414,51,6,15,connected_rooms,777528664,1,2,-0.307035953,0.392107487,2.02203393,0.785115063,0.706501126,-0.486744702,0.405082434,1.89455652,-1.12468195,3.28434801,2.95653462,0.637873113,0.896556318,-0.283849716,0.0417335033,4.30128956
415,51,7,16,vertical_choices,3579794755,1,2,0.41005215,-0.890405059,2.20676398,2.89566302,0.175070539,0.260783106,-0.231647432,1.68555927,1.00957608,0.519055963,2.84344959,0.331412554,0.339055955,-0.0677408874,0.1208947,6.61228275
416,52,0,0,open,1513548425,0,1,-0.391356885,-0.247594714,1.29037595,-2.29940462,0.0808641762,-0.186949641,-0.140876934,-0.0211960673,-1.10336828,0.645502985,1.13367927,1.11037588,0.465502977,0.465502977,0.465502977,1.13367927
417,52,1,1,boxes,2656682012,0,1,-0.377229303,-2.50863743,1.93016398,-1.18723941,-0.0805113688,0.134935603,-0.1566239,-0.843227148,-1.72763348,1.02362871,1.28410566,1.44277072,0.843628705,0.843628705,0.843628705,1.28410566
418,52,2,2,poles,3417601440,0,1,0.747266948,2.21957874,1.9117229,-1.96159935,0.0330294855,-0.00671648514,0.330838501,0.91994977,2.18446398,3.64139318,1.7386235,0.6284042,0.524310052,0.524310052,0.524310052,1.7386235
419,52,3,4,doorway,4036106181,0,1,0.992646158,-1.59240532,1.98374856,1.09376729,0.0266942196,0.519355714,-0.239977926,1.13243198,1.12723136,0.72709012,2.99919224,0.808242023,0.547090113,0.547090113,0.547090113,2.99919224
420,52,4,5,table,2154612915,0,1,-0.892060101,0.759159565,1.01069438,-0.932759583,-0.133072048,0.234076068,0.291501552,-1.47801495,1.7898643,2.29426026,1.74735129,0.830694377,0.341985047,0.341985047,0.341985047,1.74735129
421,52,5,14,bent_hallway,3119373972,0,1,-0.745336413,1.90406621,2.07815289,-2.656178,-0.0904631019,-0.300648719,-0.631441653,-0.895633936,1.4045614,1.02906108,1.17161775,1.07466364,0.849061072,0.849061072,0.849061072,1.17161775
422,52,6,15,connected_rooms,3493587612,0,1,-1.39590859,-2.2951746,2.16817451,-2.22287488,0.0113159018,-0.0265771877,0.087347731,-1.2614181,-2.61104679,3.2063098,1.09342933,0.424091399,0.558581889,0.424091399,0.424091399,1.09342933
423,52,7,16,vertical_choices,79066770,0,1,-0.135028526,-2.96824741,1.22408724,-1.17547762,-0.137653053,0.436862111,0.0783047229,-0.643927336,-1.35318267,1.51357722,1.71791053,0.430356205,0.93925494,0.430356205,0.430356205,1.71791053
424,53,0,0,open,2702207518,0,1,-1.04212117,0.180085301,1.90755057,-0.347649634,0.495210975,-0.000997349038,-0.024895994,1.26204681,0.175444737,1.79171193,2.30708265,0.777878821,1.61171198,0.777878821,0.777878821,2.30708265
425,53,1,1,boxes,1971239336,1,2,0.80513829,1.27689993,1.72433662,2.99792504,0.380443364,0.760010064,0.316662669,1.87685513,3.41786385,2.61638188,2.5550046,0.670668781,0.523554921,-0.0603946224,0.224274874,3.08423758
426,53,2,2,poles,2074262225,1,2,0.286661386,0.230608463,0.980326116,0.181977093,0.41559425,0.18287468,0.0787953213,2.4861536,1.1984551,1.39734268,2.43893337,0.607008636,0.43585068,-0.574581087,0.0445857048,3.05458474
427,53,3,4,doorway,1986125488,1,2,0.955796897,-0.917990685,1.70720232,-2.24699569,0.0276879556,0.00795547664,0.00382405822,2.98991537,-0.333535075,1.98813987,2.13498306,0.746763885,0.687354505,-0.293947756,0.134404957,3.18179274
428,53,4,5,table,690905495,0,1,-0.738968611,0.0984152555,1.76105499,1.62684882,-0.000451388099,0.0289005209,0.0027213539,-0.773507416,2.30979395,1.96928453,2.22142935,1.08103132,1.04649258,1.04649258,1.04649258,2.22142935
429,53,5,14,bent_hallway,1189338336,0,1,-0.0262864754,-2.4906621,1.88530946,-0.0486855395,-0.850277841,-0.39818567,-0.306454778,-1.10075426,-2.99383593,1.49805284,1.24805152,0.626367867,0.719245732,0.626367867,0.626367867,1.24805152
430,53,6,15,connected_rooms,288461196,1,2,-0.771874785,-2.1322968,2.11995721,1.70320928,0.604882538,0.122849651,-0.316435754,1.83419383,-1.6030128,0.756629229,2.98837733,1.04812527,0.576629221,-0.222178757,0.131014168,3.58373404
431,53,7,16,vertical_choices,1974659954,1,2,-0.919115186,-1.41147494,1.45425284,-0.303472042,0.830522835,-0.307149857,-0.00939228572,1.88428724,-2.4482491,1.42254949,2.98914218,0.900884807,0.810746253,-0.279207766,0.0911852121,6.72406673
432,54,0,0,open,2989796909,0,1,0.642089427,-1.99910116,0.810891628,0.985075593,0.0643964112,-0.112936027,0.0219828822,1.313591,-3.17675543,1.04012084,1.37489271,0.630891621,0.860120833,0.630891621,0.630891621,1.37489271
433,54,1,1,boxes,4075299030,0,1,-1.01906991,1.32207692,2.20928288,-1.32608414,-0.318039685,0.577747762,0.345361382,-1.45805264,2.11952853,2.68597698,1.02755642,0.800930083,0.361947358,0.361947358,0.361947358,1.02755642
434,54,2,2,poles,172996445,0,1,-0.42348817,-0.570783377,1.19789386,-2.89809942,0.470183462,-0.46853593,-0.0472443588,1.09044921,-2.0794158,1.04577243,2.1426897,1.01789379,0.301882952,0.301882952,0.301882952,2.1426897
435,54,3,4,doorway,2241423342,0,1,-0.143947914,-2.74667144,2.00466704,0.428111732,0.272612184,-0.499509096,0.741961479,0.332555115,-3.619771,3.30155301,1.63440239,1.67605209,1.20022893,1.20022893,1.20022893,1.63440239
436,54,4,5,table,1448032526,0,1,0.0693330616,-2.92200708,1.73946917,-2.33265376,0.00674106413,0.650870919,0.0574946739,0.086967051,-1.21939027,1.88986981,1.70933771,1.55946922,1.23833084,1.23833084,1.23833084,1.70933771
437,54,5,14,bent_hallway,3680529268,0,1,-1.17622483,-2.86988711,2.0023725,0.596078515,-0.0345130749,0.69414711,0.672063887,-1.2444129,-1.49844778,3.3301816,1.91012371,0.643775165,0.575587094,0.575587094,0.575587094,1.91012371
438,54,6,15,connected_rooms,2957788700,0,1,-1.01135612,1.90193868,2.21643281,1.92620313,0.355231345,-0.240510046,0.245551154,-0.232224286,1.37442601,2.75500226,1.08414626,0.808643878,0.619022429,0.619022429,0.619022429,1.08414626
439,54,7,16,vertical_choices,3922871396,0,1,-0.101121113,-0.466879606,2.31922293,0.96088171,-0.524921596,-0.340354145,-0.744604468,-1.15261519,-1.14865828,0.827672243,1.94812357,0.609304249,0.647672236,0.581872642,0.581872642,1.94812357
440,55,0,0,open,2451029337,0,1,0.570265174,1.53494561,1.84227943,-2.21454883,-0.390401751,-0.449490577,-0.14259477,-0.141565084,0.715377033,1.58228242,1.11624074,1.66227937,1.40228248,1.40228248,1.40228248,1.11624074
441,55,1,1,boxes,2496125080,1,2,-0.000451437663,-2.42464447,1.0880816,-1.01167202,0.614551842,0.609138906,0.416899204,1.86996603,-0.57070148,2.35693407,2.92327785,0.908081591,0.321689248,-0.131216466,0.0632504672,6.82656384
442,55,2,2,poles,1702939357,1,2,0.772134781,-2.17803764,0.951083779,-1.65859246,0.090244025,-0.225590616,0.0377360284,1.56320322,-4.15553856,1.28187335,2.15539336,0.371277809,0.617609024,-0.227160126,0.146112144,3.31402254
443,55,3,4,doorway,3057749186,1,2,-0.228988677,-1.33522081,0.910310149,-0.137989745,0.980462909,-0.0854784325,0.0370554514,2.62738538,-1.58424437,1.01826346,2.86924028,0.730310142,0.608164012,-0.278296888,0.0297405571,4.95357037
444,55,4,5,table,2506501806,0,1,-0.736312449,0.67865324,1.29737568,-2.22122598,-0.0479797572,-0.405735165,0.0885067955,-0.909994483,-0.790068269,1.61776161,1.51325989,1.08368754,0.91000551,0.91000551,0.91000551,1.51325989
445,55,5,14,bent_hallway,2475014179,0,1,0.294257551,-1.98209846,1.35989237,-0.0156963393,-0.216413647,-0.0783003047,0.0708768442,-0.682259083,-2.33541059,1.67970777,1.0865984,0.378661811,1.13774085,0.378661811,0.378661811,1.0865984
446,55,6,15,connected_rooms,2069450929,1,2,-0.268981189,0.284410715,1.25425112,-1.16605878,0.516460836,-0.161918759,0.375601947,1.43257809,-0.249055386,2.49172926,2.17053962,0.614626467,0.486932755,-0.225275457,0.0776942074,3.21127462
447,55,7,16,vertical_choices,1885132892,1,2,-0.184085339,0.980279803,2.4833374,-0.469012022,0.303663611,-0.0477560088,-0.290735245,1.58073068,0.702733994,0.793657899,2.45898843,0.790956438,0.613657892,-0.207712114,0.370000184,5.92388725
448,56,0,0,open,795287169,0,1,-0.552871227,0.556844831,2.1805861,-0.235773534,-0.0144358659,-0.0207549166,-0.0494267642,-0.889935017,0.0722372234,1.02651811,1.29627526,1.26712871,0.846518099,0.846518099,0.846518099,1.29627526
449,56,1,1,boxes,2154546375,0,1,0.761827826,-2.96403122,2.0167799,0.621603787,0.317868054,-0.269924104,0.291825145,1.5168798,-3.60519886,2.70997047,1.2090131,0.848987997,1.19564939,0.848987997,0.848987997,1.2090131
450,56,2,2,poles,1920185439,0,1,0.0620082729,2.97439003,1.23759067,2.15099049,-0.0736899376,-0.672241449,0.343697816,-0.166503072,0.889780045,2.30339217,2.3523922,0.758341253,1.09199262,0.758341253,0.758341253,2.3523922
451,56,3,4,doorway,3561671403,0,1,-0.950791895,-2.26937389,2.55152297,2.82961035,-0.0021131502,-0.0200001653,0.0111879334,-1.07507598,-3.44567585,3.20953703,1.35355651,0.869208157,0.744924009,0.744924009,0.744924009,1.35355651
452,56,4,5,table,3331988702,0,1,-1.05128169,0.743216872,1.60335147,1.24715972,0.49374339,0.157056719,0.0818916485,-0.0117721558,1.07387841,1.77576315,1.10437441,0.768718302,1.34129238,0.768718302,0.768718302,1.10437441
453,56,5,14,bent_hallway,844337320,0,1,-0.719703496,1.71241093,1.75912011,1.24625266,0.283167511,-0.599100113,-0.314762145,-0.212945759,0.640259027,1.19582057,1.31286693,1.1002965,0.868122756,0.868122756,0.868122756,1.31286693
454,56,6,15,connected_rooms,3120316619,0,1,-1.27569902,-2.28456593,2.24526095,0.860638916,0.366060287,0.854576111,0.157474846,-0.475771844,-0.417117715,2.58938026,2.0605011,0.544300973,0.837951601,0.544300973,0.544300973,2.0605011
455,56,7,16,vertical_choices,1424073997,0,1,-0.422415853,2.64210653,2.32841372,0.524413228,0.772335112,0.316525161,-0.120565638,1.34515107,3.36650634,2.05248713,1.93007338,0.863186181,0.48716557,0.262238979,0.262238979,1.93007338
456,57,0,0,open,1494319396,0,1,-0.653973043,1.60180056,0.892164469,2.71031451,0.865952671,-0.28819117,0.37844196,1.17365289,0.993562162,1.69088054,2.08521414,0.712164462,1.51088047,0.712164462,0.712164462,2.08521414
457,57,1,1,boxes,2349531492,1,2,-0.417049587,-1.7211628,2.02403522,1.72803617,0.186019853,-0.119552113,-0.141430691,1.31113982,-2.83184385,0.71009469,2.43858361,1.3044281,0.358119547,-0.020161286,0.0590001643,5.15144634
458,57,2,2,poles,1642673271,1,2,0.208730265,1.60038936,1.32104361,-0.358828664,0.317490935,0.053141363,0.099912405,2.62327886,2.00453448,2.08088684,2.56334543,1.09238005,0.419780016,-0.0581890941,0.0995149016,6.14329958
459,57,3,4,doorway,1152991939,1,2,0.857159853,0.461237311,1.90926039,-0.417024821,0.679820478,0.157162964,0.504688442,3.00685,0.958209217,3.50515795,2.72305655,0.957573593,0.632446468,-0.294399798,0.177169144,3.35124326
460,57,4,5,table,3559975188,0,1,0.806191862,-2.6690948,1.67427337,-2.52867293,0.738913119,-0.434950531,-0.300004989,2.81222558,-3.84991741,0.859806716,2.46614456,1.49427342,0.679806709,0.679806709,0.679806709,2.46614456
461,57,5,14,bent_hallway,3617734240,1,2,0.0777613521,1.80369616,1.30195272,2.73470879,0.284467399,0.600932777,-0.179840669,1.22646761,4.23031998,0.575739026,2.78126144,0.556851327,0.395739019,-0.246091217,0.220000088,4.07736111
462,57,6,15,connected_rooms,4067297456,1,2,-0.533025324,-0.958370447,1.02256823,-0.21531646,0.441794515,-0.151086271,-0.071036309,2.13203955,-1.86977768,0.59405148,2.84901047,0.842568219,0.414051473,-0.0747977719,0.224631697,4.10917139
463,57,7,16,vertical_choices,2529341228,1,2,0.173190922,2.44456315,2.36820817,-2.48858547,0.185437351,0.202603325,-0.250830114,1.47941625,3.87170601,0.60135448,2.62006354,0.522475898,0.421354473,-0.19250977,0.370000184,6.26391125
464,58,0,0,open,1367999749,0,1,-0.907844663,-2.10607982,1.53002417,-0.75879395,0.0313115753,-0.074864462,0.0308189187,0.0913733244,-4.49516201,2.51352048,2.77009296,0.91215533,0.324837983,0.324837983,0.324837983,2.77009296
465,58,1,1,boxes,3558753279,0,1,-0.0469208881,-1.29068005,2.21340203,-2.92413521,-0.0848734826,-0.0671718642,0.213046089,-0.741954505,-1.84075403,3.95804787,1.95689607,1.28856158,0.861952126,0.861952126,0.861952126,1.95689607
466,58,2,2,poles,884873803,0,1,-1.31477487,-2.53625965,1.49554276,1.18216932,0.0507871211,-0.0722006485,0.0678331852,-0.794647276,-3.27569032,2.19024467,1.14013207,0.505225122,1.02535272,0.505225122,0.505225122,1.14013207
467,58,3,4,doorway,4115516595,0,1,0.621880591,-1.57876539,1.58161628,2.5687809,-0.238333344,0.678363621,0.102618694,0.123648405,-0.160656691,1.79613912,1.51831734,1.03602743,1.53425956,1.03602743,1.03602743,1.51831734
468,58,4,5,table,2893698055,0,1,-0.859686613,2.4389286,1.63804531,-0.372176468,0.525820911,-0.123885959,0.215331599,0.391320944,2.14418507,2.15035176,1.38360095,0.96031338,1.62369037,0.96031338,0.96031338,1.38360095
469,58,5,14,bent_hallway,1829886431,0,1,-0.0180555992,2.09047723,1.84670389,-1.07356596,-0.193311244,-0.148012891,0.579678416,-0.389084637,1.80639088,2.95930099,1.20674765,0.696767032,1.06779623,0.696767032,0.696767032,1.20674765
470,58,6,15,connected_rooms,1989433588,0,1,-0.679356337,0.641240716,1.35776842,2.55468631,-0.0141931949,-0.251800239,-0.00636937656,-0.775817454,-1.07006717,1.3144803,1.71457088,1.02273059,1.04418254,1.02273059,1.02273059,1.71457088
471,58,7,16,vertical_choices,2949598834,0,1,-0.142412826,2.20566916,1.34785402,1.32899809,-0.096211955,0.0437707193,0.0300799701,-1.27904999,2.72277164,1.70321536,1.29831469,0.435706675,0.54095,0.435706675,0.435706675,1.29831469
472,59,0,0,open,1473147720,0,1,0.224248022,-1.89540339,1.69889033,1.36501861,-0.177912921,-0.0127869919,-0.28423664,-0.49396649,-1.94702303,0.551458955,1.35465693,1.51889038,0.371458948,0.371458948,0.371458948,1.35465693
473,59,1,1,boxes,333235393,1,2,0.735762477,1.41522896,1.24408185,-1.55880845,0.332410365,0.55524081,0.421910822,1.78924739,3.17491484,2.58121443,2.44831538,0.702465057,0.349595726,-0.296819508,0.220000088,5.28169584
474,59,2,2,poles,236521401,1,2,0.879595816,-1.70546043,2.42432952,-2.1185739,0.139425278,-0.166172355,0.0266272184,2.60443449,-3.76118898,2.7537365,2.70362663,1.11461139,0.393702447,-0.13313359,0.140707672,3.28935504
475,59,3,4,doorway,2699947904,1,2,0.387173563,-1.08543169,1.97249091,-0.15499872,0.593175709,0.158643827,-0.0716055855,3.02865863,-0.3789711,1.65362239,2.75285435,1.40971208,0.635110795,-0.288385451,0.106055081,3.38101578
476,59,4,5,table,1712700775,1,2,0.762091458,1.83635259,1.28411412,2.49279499,0.146602258,-0.311511159,-0.173023909,1.36565185,0.553863287,0.571775913,1.58634472,0.617466092,0.314298987,-0.0708544329,0.11561799,2.62760639
477,59,5,14,bent_hallway,3557055359,1,2,0.269667476,2.40605688,0.998569548,2.19765639,0.0744258314,0.13066563,0.0823997483,1.24149239,4.11224031,2.07451487,2.23900962,0.398901641,0.463987052,-0.184193432,0.220000088,3.5917871
478,59,6,15,connected_rooms,1457339592,1,2,0.641874552,-0.800124407,1.67483258,0.112522513,-0.123290427,0.203105614,0.0363921784,-0.623903275,1.28508687,2.04845786,2.46777129,0.335504591,0.972016037,-0.00933818519,0.094483614,5.01457262
479,59,7,16,vertical_choices,2599329439,1,2,-0.363253057,-2.44629288,2.2481811,-0.653253734,0.685484827,-0.243988857,-0.243360102,2.25924468,-3.37973475,1.31714463,2.93524051,0.760139585,0.639069438,-0.000562161207,0.123489887,3.74426174
480,60,0,0,open,1082175013,0,1,0.978932142,0.0651944876,2.14635658,1.49777794,-0.000355268887,-0.234074175,-0.0884753391,0.974907041,-2.58682156,1.14394772,2.8351419,1.96635652,0.963947713,0.963947713,0.963947713,2.8351419
481,60,1,1,boxes,2288486578,0,1,-0.581465125,0.121157885,1.15137589,2.11636662,0.0488054007,0.0268408693,0.271249145,-0.393006653,0.224801928,2.19878459,1.0692631,0.971375883,1.07139611,0.971375883,0.971375883,1.0692631
482,60,2,2,poles,148084363,0,1,-0.852890849,2.56286621,1.19700599,-1.13509071,-0.0264275167,0.152219206,0.143009663,-1.04592288,3.67470646,2.24157786,1.53771925,0.967109144,0.774077117,0.774077117,0.774077117,1.53771925
483,60,3,4,doorway,4223159181,0,1,0.212346599,0.429416299,2.46501398,-1.35899019,-0.123126261,0.55764854,0.196775928,-0.18028824,2.20769024,3.09250879,1.92618012,1.75965834,1.63971186,1.63971186,1.63971186,1.92618012
484,60,4,5,table,141521835,0,1,-1.04995894,0.386987686,1.00657082,-0.306278586,0.197752371,-0.0250095967,0.0459001251,-0.028552413,0.257811129,1.24364853,1.05648649,0.770041049,0.990767777,0.770041049,0.770041049,1.05648649
485,60,5,14,bent_hallway,3866408575,0,1,-0.426513702,2.29219079,0.980735719,-0.423083216,-0.377621323,-0.303728312,-0.123898894,-1.45894301,1.46178746,0.641991973,1.36756253,0.800735712,0.361056983,0.361056983,0.361056983,1.36756253
486,60,6,15,connected_rooms,2798592665,0,1,-1.23973334,-0.799054742,1.04209805,0.819220304,0.386559635,0.337099016,0.183695644,0.0422954559,0.318937421,1.65132642,1.80683792,0.580266654,0.325253546,0.325253546,0.325253546,1.80683792
487,60,7,16,vertical_choices,2971464695,0,1,0.429390252,1.61597371,2.52682781,0.539135098,-0.260062605,-0.0106699057,0.144665897,-0.538841784,1.57624888,3.06542945,1.10866725,0.606990635,1.28115821,0.606990635,0.606990635,1.10866725
488,61,0,0,open,1873406318,0,1,-1.3811028,1.98132491,0.850621998,-0.841237187,0.490930021,-0.0695080757,0.213562682,0.992828846,1.64521301,1.88332152,2.61055374,0.438897192,1.70332146,0.438897192,0.438897192,2.61055374
489,61,1,1,boxes,276644835,1,2,0.326703399,-0.66759038,1.02488756,2.5008831,0.329828471,-0.107224606,0.117599957,2.91460586,-1.50889683,1.9476012,2.87340164,0.789151073,0.980087817,-0.0210968852,0.370000005,3.39162779
490,61,2,2,poles,2159534916,1,2,0.767564893,-0.0108783245,0.917000115,2.047997,0.0757050514,-0.05955391,0.048176419,2.87107229,-1.66561723,2.2556088,2.99245358,0.48196429,0.894771278,-0.0971463621,0.416104138,3.68115234
491,61,3,4,doorway,2147522851,1,2,0.92216742,1.86275017,1.9975276,-1.20936596,0.779602468,0.188398048,-0.122050107,3.29481936,2.43612313,1.62607884,2.46905017,0.883620083,0.889031827,-0.297294199,0.0806154609,4.6749897
492,61,4,5,table,2479420727,0,1,-1.09398913,-1.53860807,1.79958737,1.34028995,0.467624247,0.840871811,0.214445144,-0.443815112,-0.369479299,2.09774685,1.37057924,0.726010859,1.37618494,0.726010859,0.726010859,1.37057924
493,61,5,14,bent_hallway,2902684655,1,2,0.218385786,1.85067737,1.79876947,0.753330648,0.0968548208,0.337455362,0.13355571,0.962658167,4.44382334,2.82506657,2.88645673,0.386187613,0.376176655,-0.178432763,0.220000088,3.90387106
494,61,6,15,connected_rooms,2945819365,1,2,-0.472719669,0.716573238,1.7094152,-2.10663533,0.629850686,-0.249091059,0.439287812,1.73552895,-0.15673691,3.24955273,2.83038092,0.795045316,0.813203275,-0.289708376,0.108652532,5.55326748
495,61,7,16,vertical_choices,3639088394,1,2,-0.0178378746,1.84361136,1.94576347,1.41018152,0.854595065,0.149761334,-0.277699679,2.74267626,2.32737064,1.04873776,2.94263744,0.355224252,0.773485303,-0.120610103,0.0319690555,3.75368834
496,62,0,0,open,2133326563,0,1,-0.0593564697,-0.111065269,1.17471015,1.35479343,0.123152435,-0.0678407997,0.185188532,1.31604147,-0.868728697,3.24294329,2.59679818,0.994710147,1.57705665,0.994710147,0.994710147,2.59679818
497,62,1,1,boxes,577689634,0,1,0.589494526,-1.3612082,1.57668877,-3.04040742,-0.272110343,-0.862165928,-0.339425445,0.110616177,-2.87850666,0.979344666,1.69951141,0.813611388,0.799344659,0.799344659,0.799344659,1.69951141
498,62,2,2,poles,1834130897,0,1,0.73738879,2.1256237,1.33443701,-1.39153814,-0.833578348,0.0726015493,-0.45724228,-0.290100992,2.21511412,0.770828605,1.17532897,0.342698514,0.590828598,0.342698514,0.342698514,1.17532897
499,62,3,4,doorway,4149115083,0,1,-0.924526572,2.73825002,0.882920265,0.108287215,0.455448151,-0.560337305,0.371100396,0.114514947,1.4599185,1.72953415,1.85215926,0.702920258,1.29496765,0.702920258,0.702920258,1.85215926
500,62,4,5,table,937741343,0,1,-0.476265192,-1.24434543,1.9470197,-1.42415285,-0.584098756,0.23917076,-0.753980935,-1.09007037,-0.993010759,1.15469241,1.0332998,1.34373474,0.729929626,0.729929626,0.729929626,1.0332998
501,62,5,14,bent_hallway,1447464436,0,1,-0.266153783,-0.491651416,2.36631441,-1.68288374,-0.0144574521,-0.0194461606,-0.00348584936,-1.10427761,-1.61897933,2.16423368,1.41920972,0.876343071,0.715722382,0.715722382,0.715722382,1.41920972
502,62,6,15,connected_rooms,3520352334,0,1,-1.09611678,-1.25160885,1.42658556,-1.86003637,0.0498039387,0.0448238552,0.157155097,-0.455160558,-0.674744308,3.44910669,2.19867897,0.723883212,0.80884856,0.723883212,0.723883212,2.19867897
503,62,7,16,vertical_choices,2887153484,0,1,-0.827868581,-0.0779271126,1.0417794,-1.61864746,0.109103546,-0.217757434,0.922279418,-0.572616637,-0.587379038,3.19948769,2.23168087,0.861779392,1.24738336,0.861779392,0.861779392,2.23168087
504,63,0,0,open,4170411680,0,1,-0.82213223,-0.449341536,1.59243095,2.43090343,0.00122027728,0.10018751,-0.0720930845,-0.811017811,0.463177025,0.93579942,1.12426805,0.997867763,0.755799413,0.755799413,0.755799413,1.12426805
505,63,1,1,boxes,4157792336,1,2,0.557544351,-2.95964622,1.22140718,-2.84411907,0.257571697,-0.153216243,0.16855073,2.57690144,-4.16085863,2.54284167,2.69571948,0.794745982,0.659141362,-0.0350326598,0.220000088,3.87392569
506,63,2,2,poles,1972777389,1,2,0.473636955,-0.105100751,1.90409136,-3.083606,0.511773765,-0.346177906,-0.0935762301,2.01168132,-1.14547646,1.62286472,1.87804437,0.348806083,0.57117027,-0.0706147254,0.114936888,2.9255085
507,63,3,4,doorway,1711395709,1,2,0.565452516,0.274377823,1.93446743,-2.12102699,0.0291817151,-0.0183054376,-0.0123807024,2.89051723,-1.18411517,0.948030114,2.91653657,1.28410864,0.507151067,-0.281006634,0.135251701,3.39309788
508,63,4,5,table,2895519086,0,1,-0.1224107,0.100663662,1.57901394,-0.723040521,0.314310431,-0.129714817,0.765827477,0.476654708,-0.146568537,3.03865623,1.59704685,1.25582004,1.13800454,0.980855405,0.980855405,1.59704685
509,63,5,14,bent_hallway,2881532273,0,1,-1.39797676,-2.33952951,1.22862017,-0.34532246,0.0817509368,-0.0465304628,0.134813875,-0.285634041,-2.97264528,3.06296301,2.23672867,0.422023237,0.98331362,0.422023237,0.422023237,2.23672867
510,63,6,15,connected_rooms,3085651976,1,2,-0.493632317,-1.21254301,1.80444729,1.03416824,0.615134954,-0.182423726,0.123520091,1.74894381,-1.87759888,2.25476027,2.38206387,0.956677496,0.796817482,-0.0446621329,0.0517384112,3.0699091
511,63,7,16,vertical_choices,947855641,1,2,-0.576701522,1.39453626,2.50063992,-1.69847929,0.0134148169,0.00402348023,-0.00947335642,1.58154953,2.04185629,0.976513028,2.7203002,1.08120465,0.735121667,-0.245901525,0.370000184,5.90313101
512,64,0,0,open,1736644897,0,1,-0.0476440117,1.64477348,2.43151164,3.04364371,0.288950533,-0.18803142,-0.0911403671,1.03379989,0.941035628,2.09040403,1.33458686,1.77235603,1.91040397,1.77235603,1.77235603,1.33458686
513,64,1,1,boxes,1332842256,0,1,0.220913067,-0.495826364,1.22896028,2.54264188,0.0815466568,-0.572649419,0.656411707,0.408289224,-1.81164801,2.7372489,2.01033115,0.823893607,0.837013543,0.635302782,0.635302782,2.01033115
514,64,2,2,poles,1119769216,0,1,-0.0014849822,0.232537508,1.59697807,-0.451839358,0.263991952,0.376563847,-0.492040306,0.410906941,0.820782304,0.828343093,1.05209255,1.41697812,0.648343086,0.648343086,0.648343086,1.05209255
515,64,3,4,doorway,3725514336,0,1,0.068078503,-0.993543863,2.53341174,2.50338626,0.189120278,0.53839016,0.258127064,0.885625362,1.33385944,3.64926767,2.70745707,1.88807845,1.1106987,1.1106987,1.1106987,2.70745707
516,64,4,5,table,2518715657,0,1,-0.277482301,2.09587312,1.68291163,-2.51929951,-0.374752164,-0.185123697,0.120544612,-1.23623872,1.62225735,1.99130988,1.11293995,1.50291157,0.583761275,0.583761275,0.583761275,1.11293995
517,64,5,14,bent_hallway,1522949276,0,1,0.361587137,-0.409585834,1.8445487,-2.258811,-0.128132418,0.018778149,0.315538496,-0.524741769,-0.279691935,4.02721977,2.35934401,0.368351281,0.792780221,0.368351281,0.368351281,2.35934401
518,64,6,15,connected_rooms,1197953757,0,1,-1.30009139,2.49950314,2.4730196,-0.740091085,0.00884051993,-0.0033824197,0.00790137704,-0.0802952051,2.03280401,3.56323481,1.7012583,0.519908607,0.428276002,0.428276002,0.428276002,1.7012583
519,64,7,16,vertical_choices,1565291922,0,1,0.214470908,2.05106831,2.24287057,0.17625612,0.00226793834,-0.00314364862,0.00765406387,0.866137087,1.14777684,4.44217825,2.46527052,0.402714968,0.377821743,0.377821743,0.377821743,2.46527052
520,65,0,0,open,106322539,0,1,-0.364620894,1.33477879,2.03724217,-0.61195159,0.214609221,-0.317315429,0.721709192,0.23712042,0.445060253,4.06083775,2.29098892,1.45537901,0.759162247,0.759162247,0.759162247,2.29098892
521,65,1,1,boxes,3594150573,1,2,0.621428967,-2.42256165,2.19819427,1.02021337,0.356918395,-0.0584958047,0.180818215,3.14283347,-2.83579779,3.47556162,2.85655594,0.700461507,0.384465754,-0.44026041,0.184378803,5.79808664
522,65,2,2,poles,456120033,1,2,0.695432365,-1.05140913,1.59127724,1.28013659,0.0196202211,-0.0087605156,-0.00232466846,2.94632053,-2.05644059,1.3245846,2.47945762,0.89027518,0.363696158,-0.419100046,0.0344701409,3.08254385
523,65,3,4,doorway,4071604162,1,2,0.246788874,-2.58934546,1.31997621,2.71301103,0.848698854,0.205078661,-0.242477268,2.67768097,-2.0019474,0.625458896,2.59550118,1.13997626,0.445458889,-0.281914294,0.0625902414,4.96613073
524,65,4,5,table,3511277531,0,1,0.0804630145,-0.141521215,1.43394256,0.918610692,-0.037503697,0.414979279,0.159064934,-0.156557679,2.4811182,2.43922138,2.81868792,0.977895916,1.66344237,0.977895916,0.977895916,2.81868792
525,65,5,14,bent_hallway,3476970109,0,1,-0.103359148,2.20579243,1.17197824,1.03156579,-0.0645368844,-0.244720891,0.316762239,-0.437556088,0.938533068,2.81229544,2.09958911,0.748170674,1.08236766,0.748170674,0.748170674,2.09958911
526,65,6,15,connected_rooms,2275831817,1,2,-0.225417405,-0.93938005,0.975753665,1.65370739,0.556479216,-0.185115144,-0.140253231,1.54169309,-1.52721667,0.530376792,1.91483462,0.628986657,0.350376785,-0.114125907,0.040291205,3.02337837
527,65,7,16,vertical_choices,4117999827,1,2,0.834609687,0.856315255,2.47719836,1.86669922,0.0214516856,0.00185854302,0.00439759158,2.65675354,1.01418316,2.85073757,1.86672485,0.583759606,0.424927294,-0.249983251,0.243666381,4.60897923
528,66,0,0,open,3196610122,0,1,0.947799325,-1.93771327,2.37808061,3.00119519,-0.0549703203,0.139579937,-0.0811701715,0.432087898,-0.628225327,1.61657166,1.60019147,2.19808054,1.4365716,1.4365716,1.4365716,1.60019147
529,66,1,1,boxes,3987229919,0,1,-0.478612363,-1.7909435,2.59084702,-2.55524421,0.757047236,-0.177608952,-0.0946702734,0.674830019,-2.06154966,2.44660664,1.19350839,1.34138751,1.21518874,1.21518874,1.21518874,1.19350839
530,66,2,2,poles,230434346,0,1,0.159671873,-2.93836403,1.91477406,2.15117002,-0.320560843,-0.396951467,0.0272963364,-0.657172322,-3.94986463,1.98432982,1.30200076,1.67775583,0.870135367,0.870135367,0.870135367,1.30200076
531,66,3,4,doorway,3633034140,0,1,-0.331653923,-1.78184617,1.86275089,-0.0011220231,-0.0415575616,-0.0897741392,0.202089906,-0.780712485,-2.75191855,4.04647398,2.43132472,1.4883461,0.773526013,0.773526013,0.773526013,2.43132472
532,66,4,5,table,1607361683,0,1,0.93283391,2.74908924,2.13695526,-2.82231307,0.0576070994,-0.131052837,0.190851986,1.59568179,1.24114847,4.3329668,2.74512649,1.35874343,0.487033188,0.487033188,0.487033188,2.74512649
533,66,5,14,bent_hallway,4211613933,0,1,-1.12189662,0.855589271,1.43409228,-0.581877232,0.00420213258,-0.0139379259,0.0534143411,-0.960739374,0.321051657,3.48260188,2.12322712,0.698103368,0.859260619,0.698103368,0.698103368,2.12322712
534,66,6,15,connected_rooms,3079182980,0,1,-0.801708996,1.33371305,1.70698047,2.92542768,0.348038793,-0.207001716,0.271549165,0.00380045176,0.854623199,2.33546042,1.12843239,1.018291,0.397558331,0.397558331,0.397558331,1.12843239
535,66,7,16,vertical_choices,2241460660,0,1,0.843398035,0.44906652,2.28775525,-1.99747264,0.111792892,-0.0417189449,-0.0626857355,2.80760503,-0.283937573,1.18636358,2.36822033,0.431880951,0.633636296,0.421016335,0.421016335,2.36822033
536,67,0,0,open,810137534,0,1,0.563509881,-1.46507835,0.810638964,-2.68491554,-0.104079746,-0.408549488,-0.0775214583,0.121937901,-3.19840336,0.481743962,1.81867349,0.630638957,0.301743954,0.301743954,0.301743954,1.81867349
537,67,1,1,boxes,4158391972,0,1,0.00738890981,1.93060255,1.04790366,2.2422471,-0.0867872164,-0.0207976662,0.160981104,-0.492976874,1.81069505,1.97602928,1.06120729,0.86790365,1.32702303,0.86790365,0.86790365,1.06120729
538,67,2,2,poles,788580801,1,2,0.860790908,0.8710742,1.92162335,-0.0959618092,0.265385687,-0.0807296336,0.0716867745,3.55071568,0.0528060794,2.64823389,2.90400076,1.04809475,0.365158558,-0.47679776,0.224631459,3.73042679
539,67,3,4,doorway,2333118345,1,2,0.4643704,-0.804013252,1.77293634,-0.193578571,0.46977219,-0.100499086,0.0383415818,3.02880716,-1.35262716,1.98223901,2.63080215,1.26156235,0.702874362,-0.286776841,0.0442038327,3.54159641
540,67,4,5,table,135651792,0,1,-0.932686925,-2.29149342,1.94677031,-0.734049499,-0.0703567192,-0.519113064,-0.144640669,-1.08436775,-3.41064,1.63494205,1.17163694,0.887313068,0.735632241,0.735632241,0.735632241,1.17163694
541,67,5,14,bent_hallway,2379500725,0,1,-0.0863560885,-2.43340802,1.26079416,-2.49310231,-0.33989352,-0.26266709,0.716360807,-1.11292207,-3.22673035,3.42438841,2.52276397,0.695018709,0.70707792,0.695018709,0.695018709,2.52276397
542,67,6,15,connected_rooms,2137690222,1,2,-0.185365647,-1.73139632,2.17984009,1.03670585,0.625301242,0.0965071395,0.358540297,1.77550542,-1.42876124,3.30418015,2.280514,0.556283355,0.810548842,-0.297769606,0.0324445516,3.0974679
543,67,7,16,vertical_choices,3047572563,1,2,0.631418228,-1.95440197,2.22214746,-2.09256935,0.0726476759,-0.00878452975,0.0251297038,3.3217392,-2.27971458,3.15276194,2.86525726,0.344626963,0.706295073,-0.209426105,0.0978901982,3.68822241
544,68,0,0,open,3348541411,0,1,-0.507539868,0.249994397,2.3942771,-2.16393161,-0.63963306,0.682653785,0.0872195885,-1.19834232,0.987259209,2.48847413,1.0147121,1.31246018,0.62165767,0.62165767,0.62165767,1.0147121
545,68,1,1,boxes,1971155759,0,1,0.325262457,2.78209639,2.55989051,-2.02972221,0.411217988,0.668324828,-0.181201398,0.867664218,3.66362524,2.32088351,1.06226981,1.21396542,0.901132882,0.901132882,0.901132882,1.06226981
546,68,2,2,poles,1008534649,0,1,-1.2605772,0.0104749203,1.55234671,-1.57357562,0.53005749,0.222133413,0.37572822,0.646006823,0.809475064,2.90381789,2.46980524,0.559422791,0.60165447,0.559422791,0.559422791,2.46980524
547,68,3,4,doorway,1982698452,0,1,-0.66196388,0.191268325,0.910380185,0.796616912,0.0487491414,0.0452881865,0.0983133242,0.495205462,1.26628411,3.24406552,2.81794024,0.730380177,0.924040735,0.730380177,0.730380177,2.81794024
548,68,4,5,table,2036474063,0,1,-0.0312476326,0.393046618,1.38985133,-2.56523585,0.652459264,-0.0953860283,0.698877275,1.24678099,0.206205741,2.75880289,1.88209856,1.04459977,0.44728595,0.209020793,0.209020793,1.88209856
549,68,5,14,bent_hallway,3914429835,0,1,-0.838132679,-0.246803284,2.27019238,-2.19160509,0.226547107,-0.404814899,0.267017722,0.300588906,-2.28157401,3.6123364,2.69041419,0.981867373,0.328941524,0.328941524,0.328941524,2.69041419
550,68,6,15,connected_rooms,3550558888,0,1,-0.401696056,1.61454749,1.8638221,0.992153406,-0.069276154,-0.0119337235,-0.00445893966,-1.45787036,1.43260765,1.79584169,1.07388437,0.76079005,0.362129629,0.362129629,0.362129629,1.07388437
551,68,7,16,vertical_choices,3899123511,0,1,-0.156617239,0.247874737,1.52103269,-2.00044107,0.066700235,0.616722167,0.140542209,0.144663349,3.03356862,2.15585279,2.8729527,0.416544735,0.449280381,0.325011432,0.325011432,2.8729527
552,69,0,0,open,2322927710,0,1,-1.0282855,-1.60711777,1.01249015,1.25710106,-0.0908697769,0.568211138,0.810503066,-1.20823526,-0.481886864,2.61753273,1.96842277,0.791714489,0.611764729,0.611764729,0.611764729,1.96842277
553,69,1,1,boxes,3713261917,1,2,-0.0642757118,1.20844316,1.92069209,0.322496235,0.210753918,0.255856514,-0.138025492,1.32330024,2.89296865,1.01195049,2.36406541,0.973379433,0.312675774,-0.109867178,0.220000088,5.66329861
554,69,2,2,poles,3113657557,1,2,0.517570972,2.67255259,2.17342281,-2.52853179,0.560807943,-0.262519777,0.0738962665,2.90459323,1.55516374,2.48795485,2.65431046,0.589454114,0.318945587,-0.616728365,0.123309076,5.74492598
555,69,3,4,doorway,4067324212,1,2,0.29998973,0.236564398,1.90743613,-0.182339609,0.601228178,-0.00215149694,-0.276664943,2.82218766,0.227538705,0.746805549,2.77644157,1.47627807,0.44950062,-0.0828370452,0.116587669,3.48632503
556,69,4,5,table,1671968525,1,2,0.517080009,0.842004776,1.70721948,-2.0984199,0.611901462,0.29788965,-0.0193518233,3.19933414,2.14779615,1.62239122,2.98442173,0.516147614,0.882917702,-0.156650126,0.220000088,7.20946312
557,69,5,14,bent_hallway,55180903,0,1,0.213855639,0.609555602,0.813602269,-3.03329945,-0.204831496,0.515624166,0.136071742,-0.796164632,3.15208864,1.48456943,2.81687975,0.423960149,1.02383542,0.423960149,0.423960149,2.81687975
558,69,6,15,connected_rooms,3720735098,1,2,-0.221323699,-2.29286599,1.77304316,-0.851086318,0.751748323,0.0883810222,0.2312098,1.96073198,-2.0363276,2.44416237,2.29729843,0.541242063,0.833414495,-0.287394226,0.0375411212,3.07263184
559,69,7,16,vertical_choices,189123544,1,2,0.905546606,2.85164523,2.53582048,-2.47512007,0.721773028,-0.287383765,0.225640878,3.34750032,1.87934816,3.29922485,2.73702121,0.646767259,0.835351765,-0.282933533,0.148717165,3.60457039
560,70,0,0,open,304830777,0,1,-0.570131361,-2.2703855,1.76459503,-2.56746268,-0.0764960051,0.616652548,0.633488536,-0.707057714,-1.16658938,2.89852738,1.58836937,1.24986863,1.11294222,1.11294222,1.11294222,1.58836937
561,70,1,1,boxes,401680145,0,1,-0.63649404,-1.10752845,2.19800496,1.64852715,0.402092695,-0.752042592,0.417670846,0.152703702,-2.58358192,3.0177784,1.86375844,1.18350601,0.473549485,0.473549485,0.473549485,1.86375844
562,70,2,2,poles,3022320869,0,1,-0.22166273,-2.27210641,0.850710094,2.62722158,0.306885749,-0.33013463,0.206467405,1.15363824,-3.75159669,1.7759887,2.22182012,0.670710087,0.325507581,0.0776637197,0.0776637197,2.22182012
563,70,3,4,doorway,2745880708,0,1,0.54061234,-0.187149525,1.38862932,1.46348357,-0.0177035481,0.0958527923,0.0203736033,0.249660403,1.38815928,1.7234627,1.63657093,1.04867792,1.33962989,1.04867792,1.04867792,1.63657093
564,70,4,5,table,2674704727,0,1,0.845403612,0.787457228,1.23756433,-2.65224648,-0.164150581,0.0370813832,-0.0161678586,-0.58180958,1.10986269,1.09699225,1.46991265,0.347166657,0.916992247,0.347166657,0.347166657,1.46991265
565,70,5,14,bent_hallway,116540530,0,1,-0.181532308,0.669466853,1.59632409,1.73550797,-0.028902879,0.780868173,0.30747661,-0.275363356,3.20449734,2.59452391,2.72609353,0.857852638,0.9516837,0.857852638,0.857852638,2.72609353
566,70,6,15,connected_rooms,252511761,0,1,-0.592530131,0.168609381,2.58300495,1.96400595,0.0054777246,0.0146368071,-0.205083981,-0.553637624,0.272532523,1.12688327,1.46034348,0.927137792,0.888245285,0.888245285,0.888245285,1.46034348
567,70,7,16,vertical_choices,3221251865,0,1,-0.6450544,0.380931258,1.95522809,2.4753139,-0.356768996,0.103438586,0.832219779,-1.50615978,0.630592823,3.96389151,2.19967318,0.969591558,0.31384021,0.31384021,0.31384021,2.19967318
568,71,0,0,open,2308162208,0,1,0.48616752,-1.64247537,1.41275108,1.16566253,-0.333681583,-0.620640635,-0.223687112,-0.500700593,-3.47802901,0.751193225,2.18650961,1.23275113,0.571193218,0.571193218,0.571193218,2.18650961
569,71,1,1,boxes,1441791492,0,1,0.848033011,-0.130808115,2.09939432,0.292698979,0.445996881,0.0186784007,0.535273552,2.68686533,-0.0537976027,4.30631161,2.8736248,1.00346017,0.513688385,0.258287877,0.258287877,2.8736248
570,71,2,2,poles,2389320794,1,2,0.0133231012,2.90145063,1.9467628,2.85645175,0.187226161,0.126419559,-0.0936719105,1.97057617,4.22303438,0.96752125,2.55662608,0.913660109,0.596965611,-0.0475545526,0.220000088,3.71803427
571,71,3,4,doorway,3524401775,1,2,0.349972546,-0.146067381,2.43467593,-1.5470897,0.61656642,-0.118262365,0.0139401928,3.08577538,-0.670816302,2.49653077,2.7863605,1.61124563,0.524557292,-0.294045746,0.173326284,4.19534397
572,71,4,5,table,2085453111,1,2,0.236722082,-0.664988637,1.15217233,-0.856618583,0.292519927,0.0963608772,0.026682118,2.5366087,0.0926318765,1.36195588,2.43053007,0.938414156,0.314723462,-0.0349339545,0.121223897,3.09278917
573,71,5,14,bent_hallway,360569128,1,2,-0.450440437,2.24166346,1.60265946,1.60915637,0.283559352,0.381137073,0.199264541,1.05579853,4.26622581,2.66113281,2.73641634,1.13113928,0.349488199,-0.0202058554,0.220000088,4.05565691
574,71,6,15,connected_rooms,4023293454,1,2,0.0709356666,1.07163405,1.36851442,-2.57330942,0.616699457,-0.168417826,0.341063321,1.75234079,0.612450004,2.29840899,1.97551942,0.34471482,0.509466767,-0.28581208,0.0624522716,4.36505747
575,71,7,16,vertical_choices,567495594,1,2,-0.533844709,2.47014952,1.10268044,-0.278599143,0.290834188,-0.0640216619,0.0219507068,2.15453982,1.8783524,1.30558622,2.76021838,0.847495258,0.831926405,-0.295330524,0.21918866,3.65527797
576,72,0,0,open,1977444034,0,1,0.940674245,-1.37366581,1.19229913,-0.48084119,0.0200180579,-0.108481787,0.364183992,1.0930053,-2.1991775,3.96362305,2.89567089,1.01229906,0.856376946,0.856376946,0.856376946,2.89567089
577,72,1,1,boxes,1317229084,0,1,0.370439857,-2.95855522,1.56965995,3.10237098,-0.0682355389,0.328625083,0.282164812,0.205927402,-2.16625667,2.24994516,1.05716097,1.38965988,1.21511865,1.21511865,1.21511865,1.05716097
578,72,2,2,poles,3390265303,0,1,0.3796781,2.48464894,0.907791257,0.46690166,-0.56273526,0.0297999866,0.155493364,-1.39539659,2.57864904,1.39827466,1.84399033,0.5030393,0.424603403,0.424603403,0.424603403,1.84399033
579,72,3,4,doorway,786271143,0,1,-0.401062042,-2.10396385,2.48669004,0.981274009,-0.0113266595,0.00404378632,0.021922268,-1.39243972,-1.75002718,4.4054594,2.18855596,1.41893792,0.414540589,0.414540589,0.414540589,2.18855596
580,72,4,5,table,3466930074,0,1,-1.09428644,0.791097879,0.998780668,1.92869782,0.139491692,-0.497081399,0.22150968,-0.718781471,-0.547021508,1.59507418,1.51232719,0.725713551,1.10121846,0.725713551,0.725713551,1.51232719
581,72,5,14,bent_hallway,755118488,0,1,-1.27748358,0.36646378,1.11417246,2.38884377,0.0298872478,-0.308229595,0.342454314,-1.16566873,-0.786691427,2.39537001,1.72734964,0.54251641,0.654331267,0.54251641,0.54251641,1.72734964
582,72,6,15,connected_rooms,3321022231,0,1,-0.808300078,-2.29568696,1.99930155,-1.47418213,0.0509329848,-0.130370855,-0.123083837,-0.370266676,-3.41690111,0.940757036,1.60296941,1.01169991,0.676602602,0.676602602,0.676602602,1.60296941
583,72,7,16,vertical_choices,1369558812,0,1,-0.499519855,1.1313597,2.22207546,1.4130944,-0.21622172,0.492287278,-0.274724841,-1.10295784,2.5052495,1.45536518,1.68509805,0.874140918,0.717042148,0.717042148,0.717042148,1.68509805
584,73,0,0,open,1215899818,0,1,0.408482015,-0.894606829,2.54943204,1.19046354,-0.0240703542,-0.264148861,0.141776666,0.318040431,-1.88711548,3.0821414,1.13005853,2.22848201,1.73785853,1.73785853,1.73785853,1.13005853
585,73,1,1,boxes,2337588958,1,2,-0.477187872,-1.43299127,2.24395728,0.511284113,0.0757237896,-0.0909204409,0.0233104676,1.30572772,-3.57371187,2.79280186,2.83948994,1.23129106,0.391315401,-0.211359888,0.220000088,5.14025879
586,73,2,2,poles,2253756107,1,2,0.14751552,2.1598742,2.48995423,2.17193627,0.293151736,0.301557004,0.106442943,2.17027426,4.2406292,3.22441483,2.99341393,0.810010552,0.535216272,-0.188348547,0.220000088,4.41943073
587,73,3,4,doorway,1145497714,1,2,0.253094286,1.81078506,1.47246909,-1.12935853,0.493409008,-0.253686547,-0.15069592,2.63127017,0.588044405,0.746131718,2.77098918,1.29246902,0.412170112,-0.176784217,0.0933645964,4.1725359
588,73,4,5,table,328859220,0,1,0.158535331,-1.81680501,1.90293467,-2.55543351,0.637317121,0.112040117,0.0314433537,2.04151917,-1.48577714,1.99583554,1.91411543,1.46201611,0.718100369,0.718100369,0.718100369,1.91411543
589,73,5,14,bent_hallway,4034738696,1,2,0.256963104,2.5854485,1.04320216,-1.07504189,0.098435849,0.115186878,0.110343188,1.48141026,4.01826239,2.41576505,2.33155632,0.306110412,0.350172698,-0.320506185,0.220000088,3.77758479
590,73,6,15,connected_rooms,2263228541,1,2,-1.1012634,-1.01311719,1.14075077,1.74463129,0.159439266,-0.033896625,0.0379290432,1.4047786,-1.54589915,1.73691368,2.63049674,0.718736589,0.443437576,-0.0502685755,0.195313603,3.54248857
591,73,7,16,vertical_choices,877853059,1,2,-1.33235478,1.06296802,1.71723843,-0.749089718,0.721384406,0.23711434,0.0317058861,1.39061451,1.95799017,1.83691692,2.86878896,0.487645209,0.569502354,-0.0117457509,0.370000184,6.0660429
592,74,0,0,open,247043597,0,1,0.282709301,1.53219652,2.01642466,-0.158792108,-0.184882626,-0.17894946,0.123156346,-0.980122745,0.309890747,2.85763836,1.94843948,1.83642459,0.839877188,0.839877188,0.839877188,1.94843948
593,74,1,1,boxes,545675961,0,1,-0.0318031013,-2.09628582,2.20729017,-2.46915936,0.0240286272,-0.062216565,-0.179580137,0.186587974,-2.6617589,0.575124502,1.74109709,1.1979208,0.395124495,0.395124495,0.395124495,1.74109709
594,74,2,2,poles,3850665188,0,1,-1.01555347,2.34403419,1.53511095,-1.12166917,0.759175658,0.152592525,0.24493207,0.383545876,2.62524986,1.98650098,1.49676788,0.804446518,0.915368617,0.804446518,0.804446518,1.49676788
595,74,3,4,doorway,2055503082,0,1,-0.591935754,0.276338696,2.31654596,0.385865092,-0.0879650936,-0.415836245,0.348613679,-1.06216431,-1.94656646,4.18010426,2.93858337,1.2280643,0.639895737,0.639895737,0.639895737,2.93858337
596,74,4,5,table,1240241255,0,1,0.31925559,1.2115159,1.09847915,1.51484799,0.520730257,0.0611085519,0.57245177,1.15229249,1.3092742,2.01425743,1.24183619,0.839246452,0.339686871,0.302734643,0.302734643,1.24183619
597,74,5,14,bent_hallway,2821241178,0,1,-0.504999161,0.955901384,1.39698017,0.0248635225,0.110962912,0.530121982,0.191401184,-0.143911183,2.68098831,2.01982498,1.86928999,1.18093753,0.819849432,0.819849432,0.819849432,1.86928999
598,74,6,15,connected_rooms,1397018509,0,1,0.0632439479,1.97514582,1.84499991,2.88665152,-0.184525922,0.493814915,0.3856709,-0.397036046,3.20691395,2.80701447,1.62928891,0.338832736,0.799112737,0.338832736,0.338832736,1.62928891
599,74,7,16,vertical_choices,4065969317,0,1,-0.0178750679,1.48692584,2.14075089,1.43512785,0.338570416,-0.145962521,0.000317595142,1.908602,0.656394184,2.1425581,2.09787989,0.459112287,0.328469574,0.274965823,0.274965823,2.09787989
600,75,0,0,open,2557783482,0,1,0.303851396,1.93391919,2.22835422,-1.97304988,0.109729782,0.168597594,0.0809025168,1.61416805,3.9471941,3.19443583,2.58911562,2.04835415,0.872805893,0.872805893,0.872805893,2.58911562
601,75,1,1,boxes,2798423799,1,2,0.600275457,0.361499548,2.32433558,-2.00480556,0.54699713,-0.329129905,0.3543365,2.68896675,-0.895272613,3.67735815,2.78797007,0.961025298,0.334795117,-0.0525999665,0.319986403,3.58096409
602,75,2,2,poles,4220002988,0,1,-1.35874784,0.423006535,1.08856618,-2.24973297,0.270117551,-0.669769108,0.489480793,-0.961470008,-0.562062562,1.80847454,1.28314412,0.461252153,0.858529985,0.461252153,0.461252153,1.28314412
603,75,3,4,doorway,651776317,1,2,-0.0206986126,0.205350995,1.04952157,-1.61073637,0.724539876,0.106980667,-0.0718904883,2.39611077,0.562200665,0.809720278,2.45475316,0.869521558,0.336152494,-0.0353371948,0.149240613,3.4289422
604,75,4,5,table,217301444,1,2,0.827883124,2.41032457,1.54904437,1.79445755,0.0471415594,-0.0283669848,0.010221662,3.24015808,0.958761096,2.07209587,2.86350989,1.16929746,0.399890959,-0.0626607239,0.206891209,6.46894741
605,75,5,14,bent_hallway,2529720208,1,2,0.0952133089,2.65199327,1.38603091,-0.266043067,0.375501931,0.477090299,0.398648202,1.25634503,4.12725782,2.61873579,2.24592829,0.591476381,0.306799561,-0.182611525,0.220000088,3.55109596
606,75,6,15,connected_rooms,907549868,1,2,-0.160255313,0.149018168,1.79540288,1.54962361,0.51189512,-0.123162836,0.304539204,2.18803644,-0.415984869,3.19246054,2.79024601,0.491029561,0.575602949,-0.294287741,0.129220039,4.36764097
607,75,7,16,vertical_choices,1821473323,1,2,-0.862575829,-0.263109326,2.13876772,-1.97647476,0.616883159,0.251154542,-0.114299506,1.2396121,0.592764258,1.74926281,2.302917,0.957424223,0.383949637,-0.0155193657,0.365202606,5.50431442
608,76,0,0,open,1908276541,0,1,-1.27470148,2.85338044,0.83711952,2.76361203,0.322489768,0.654915631,0.277176321,-0.835574985,3.7451632,1.21454382,1.06327689,0.545298517,0.984425008,0.545298517,0.545298517,1.06327689
609,76,1,1,boxes,1888363883,0,1,-0.947621882,2.40703726,1.31109154,0.534189701,0.0595102347,-0.331528962,0.195810691,-0.641947985,0.704140902,2.31687164,2.00122118,0.87237817,1.17805195,0.87237817,0.87237817,2.00122118
610,76,2,2,poles,1046973685,0,1,-0.942376733,0.169102192,2.05366755,-1.42445254,-0.181791469,0.00240064599,0.49411723,-1.4954617,0.176405951,3.55697703,1.60184133,0.87762326,0.324538291,0.324538291,0.324538291,1.60184133
611,76,3,4,doorway,4040687690,0,1,0.802767456,0.0519279242,2.41753125,-2.15312004,0.286891937,0.31831038,0.112454787,1.45256615,0.772888184,2.67223692,1.00344253,1.15235472,0.502556026,0.502556026,0.502556026,1.00344253
612,76,4,5,table,1221043016,0,1,-1.0114733,-0.949833155,2.11931396,1.47770476,0.0483992845,0.541264415,0.132224709,-0.886492193,0.447869897,2.46075678,1.44422209,0.808526695,0.93350774,0.808526695,0.808526695,1.44422209
613,76,5,14,bent_hallway,1590807672,0,1,-0.0827750862,-2.04328871,1.40860224,0.471585631,-0.0139000956,-0.231296495,0.346767187,-0.11680831,-2.60959888,2.25763273,1.02113581,0.773603141,0.807636321,0.773603141,0.773603141,1.02113581
614,76,6,15,connected_rooms,2479317776,0,1,-0.0963341892,-2.24313211,1.43297946,1.19006956,-0.297047377,0.509262562,-0.225084424,-0.694128275,-1.21826482,0.980007529,1.26999772,0.407811344,0.800007522,0.407811344,0.407811344,1.26999772
615,76,7,16,vertical_choices,652289492,0,1,-0.713895321,-0.635941744,0.908665836,-0.937806427,-0.13582927,0.133451432,0.348021865,-1.40403783,0.0421190858,2.6769495,2.01566124,0.728665829,0.41596216,0.41596216,0.41596216,2.01566124
616,77,0,0,open,3685943478,0,1,0.832098246,-0.461590648,2.46370411,-1.20497561,0.0357033499,-0.890853703,0.419100046,0.939458668,-3.14039898,3.72394323,2.96238804,2.28370404,1.0960567,1.0960567,1.0960567,2.96238804
617,77,1,1,boxes,304979409,1,2,-0.0179819278,0.341034651,2.53185558,-0.507943511,0.297484308,-0.284730941,0.0367781706,1.92474818,-1.51840901,2.77203655,2.69989228,0.846310198,0.690129876,0.0147055686,0.0754490793,5.23685837
618,77,2,2,poles,2892467617,1,2,0.771627843,1.68148041,2.55828094,-0.544438839,0.0429277308,0.28327024,-0.0119057614,1.15776265,4.22949505,2.45118856,2.57933092,1.23625612,0.412197769,-0.0864047408,0.148632646,3.4358387
619,77,3,4,doorway,589867751,1,2,0.934317052,0.0831084251,1.88567328,-2.34456396,0.247300521,-0.0871550441,0.0859939307,3.37534595,-0.777172685,2.73449349,2.72382092,0.875685394,1.00932884,-0.277759135,0.358050227,3.91399336
620,77,4,5,table,2279963374,0,1,-0.803022325,0.160894275,1.52350628,1.99192762,0.0335391127,0.76759547,0.349841982,-0.696160972,2.60658455,2.63816261,2.68984723,1.01697755,1.1238389,1.01697755,1.01697755,2.68984723
621,77,5,14,bent_hallway,450528438,0,1,-1.36483181,-1.50066447,1.12708402,-2.09271169,0.0753421187,-0.0109563479,-0.00545753213,-0.301980257,-1.65522575,1.0500946,1.07678688,0.455168188,0.870094597,0.455168188,0.455168188,1.07678688
622,77,6,15,connected_rooms,1498738721,1,2,-0.975533724,-0.952092648,2.32192087,2.92195439,0.903882742,-0.11137145,0.0662804991,1.30919981,-1.23360491,2.48945737,2.30809975,0.844466269,0.353186488,-0.278761148,0.0444709212,4.3682251
623,77,7,16,vertical_choices,2634883608,1,2,-1.24494958,0.606621981,1.03312898,2.30494785,0.604666829,0.0184015036,0.245585397,1.30641651,0.684266329,2.06936598,2.75486565,0.575050414,0.573744655,-0.00225004554,0.370000184,6.34861374
624,78,0,0,open,1976306049,0,1,-0.392547339,-0.368502975,1.65424395,-1.12159014,0.0667421892,0.0771854818,0.104645915,0.918548107,1.14774227,3.70992684,2.87120247,1.42745256,1.11007309,1.11007309,1.11007309,2.87120247
625,78,1,1,boxes,3402142358,0,1,0.511251092,0.615005136,1.79360354,2.4723711,0.0814409032,0.0329371132,-0.0377977416,2.28606319,1.33279169,0.969891131,2.08414912,0.838810146,0.579772115,0.0834282637,0.0834282637,2.08414912
626,78,2,2,poles,601118525,0,1,-0.0567440689,1.54237282,1.5816685,0.887409031,0.12526384,-0.0952331647,-0.0798811316,1.62303126,0.265305758,0.510470629,2.3664341,1.38918567,0.330470622,0.330470622,0.330470622,2.3664341
627,78,3,4,doorway,1906356711,0,1,-0.0119084045,0.347957969,2.18282938,2.44709015,-0.152062565,-0.16388385,-0.277636021,-0.543526292,-0.224987686,1.21220076,1.24619591,1.80809164,1.03220081,1.03220081,1.03220081,1.24619591
628,78,4,5,table,1344467948,0,1,0.453390777,2.92052293,1.76661313,-2.5881834,0.254956782,-0.122145735,0.208866388,2.57988119,1.90175533,3.50868225,2.93166399,1.58661318,1.31131768,1.31131768,1.31131768,2.93166399
629,78,5,14,bent_hallway,3838222567,0,1,-0.991554439,-0.945455432,2.46373582,2.35323191,0.128996447,0.347991824,0.16344659,-0.457083762,0.496378183,3.14094353,1.68022418,0.828445494,1.10777235,0.828445494,0.828445494,1.68022418
630,78,6,15,connected_rooms,1203064957,0,1,-0.547668874,-2.82522392,1.45391738,-1.48977816,0.0188618898,0.632614791,0.399457961,-0.488285035,-0.833530903,2.71155095,2.35627031,0.893389642,0.834005892,0.834005892,0.834005892,2.35627031
631,78,7,16,vertical_choices,504978254,0,1,0.0566680282,-2.33779097,2.443959,-0.483181864,-0.0123494323,0.0315611288,0.0394055955,-0.231224343,-1.60203171,3.36258984,1.21165431,0.631869912,1.4574101,0.631869912,0.631869912,1.21165431
632,79,0,0,open,3427790786,0,1,-1.33198261,0.493123412,1.84839785,0.000362148305,0.252334535,-0.849402606,-0.104257181,-0.956563711,-0.770602942,1.69328582,1.32740474,0.48801738,0.863436282,0.48801738,0.48801738,1.32740474
633,79,1,1,boxes,2402394312,1,2,0.683276594,0.971680999,1.32940376,0.222663537,0.163214236,-0.0821293443,0.137877777,2.74281383,-0.0646773577,3.06923008,2.88837814,0.87906009,0.451080918,-0.297164798,0.370000184,5.12545586
634,79,2,2,poles,1205948823,1,2,0.621609211,2.53512144,0.841031253,1.66509652,0.0615132898,0.0148893632,0.0161333717,2.859586,3.07682633,1.42799568,2.37623906,0.343738019,0.62660557,-0.288472831,0.220000088,4.65773106
635,79,3,4,doorway,1683405405,1,2,0.556636691,0.185959339,1.1323086,-0.645138204,0.807979107,0.116690807,-0.104620554,2.66277647,0.490134478,0.859596729,2.1453948,0.952308595,0.569260716,-0.00135025382,0.0491749942,3.32560229
636,79,4,5,table,2185387022,1,2,0.866292655,1.84526932,1.69409919,-1.30710483,0.076534003,-0.243871152,-0.158375844,1.34166932,0.330509067,0.710377157,1.86766982,0.578726232,0.421698213,-0.0150324553,0.0737674832,2.73527122
637,79,5,14,bent_hallway,728374545,1,2,-0.33325851,2.70172262,1.3074646,-2.06863761,0.596018553,0.605705857,0.310124844,1.25972545,4.32059765,2.136338,2.41772318,0.969616354,0.499402344,0.00600755215,0.220000088,3.54687858
638,79,6,15,connected_rooms,4135528383,1,2,-0.766562462,-0.986351967,0.839102209,0.992862344,0.34140569,-0.0836845562,0.132398546,1.83949161,-1.62514186,1.84974074,2.86722183,0.659102201,0.84625262,-0.0933280438,0.153882623,3.71628523
639,79,7,16,vertical_choices,4097741355,1,2,0.784659326,-1.52669692,2.4890058,0.561772168,0.633913636,-0.416979671,0.382238805,2.61846614,-2.73294973,3.59475899,2.45775986,0.586372256,0.522336781,-0.284538209,0.209640115,5.46456718
640,80,0,0,open,1241489261,0,1,0.928449094,0.324161053,1.614066,-2.24041581,-0.157554135,0.156467333,-0.0436288826,-0.467032731,1.71001685,1.22763813,2.00431824,1.43406606,1.04763818,1.04763818,1.04763818,2.00431824
641,80,1,1,boxes,778898865,0,1,-0.305830181,0.778087378,2.5250504,1.17783248,0.00149746682,0.00124945492,-0.00284439255,0.374536932,1.34577143,1.23271394,1.56693912,1.51416969,1.05271387,1.05271387,1.05271387,1.56693912
642,80,2,2,poles,1251660969,0,1,-1.23182094,0.173700929,1.46563506,-0.490426332,0.656366467,0.155970067,0.495980352,0.387925744,0.558595657,2.68958926,2.06634641,0.588179052,1.11720896,0.588179052,0.588179052,2.06634641
643,80,3,4,doorway,2529481774,0,1,-0.158862561,-1.93885946,2.09813976,2.00047731,-0.0305385124,0.0194324329,-0.14435263,-0.36566323,-1.80726695,1.12061286,1.00779057,1.66113734,0.940612853,0.940612853,0.940612853,1.00779057
644,80,4,5,table,2027803492,0,1,-0.0069533987,-1.54157746,2.08033657,0.977057397,-0.39160502,0.392945409,0.740215898,-1.15864408,-0.385944605,4.25727463,2.72046661,1.34972787,0.562725365,0.562725365,0.562725365,2.72046661
645,80,5,14,bent_hallway,2822921869,0,1,-0.0323338211,-0.0399513245,1.26818705,2.10494566,-0.209020436,0.322617829,0.359884769,-0.797338009,1.14081359,2.58534718,1.92726433,0.609125435,1.02266192,0.609125435,0.609125435,1.92726433
646,80,6,15,connected_rooms,4239156077,0,1,-0.415676147,1.84639263,2.19818568,2.29222989,-0.0134572992,0.556331694,0.330958366,-0.470563799,4.11547661,3.54804993,2.64081216,0.807527602,0.704523385,0.704523385,0.704523385,2.64081216
647,80,7,16,vertical_choices,2755472537,0,1,-0.908415973,-0.770978808,1.75794673,-0.850409627,-0.0622559451,-0.370158345,0.157803431,-1.16259646,-2.28227234,2.40223122,1.6624434,0.91158396,0.657403529,0.657403529,0.657403529,1.6624434
648,81,0,0,open,3460573130,0,1,-1.12735367,-0.798501492,2.30698681,2.63537264,0.745766997,0.160419732,0.0159697495,1.34775329,-0.266088545,2.35998845,2.53227711,0.692646325,2.17998838,0.692646325,0.692646325,2.53227711
649,81,1,1,boxes,2213982990,1,2,0.770179987,-2.96938229,1.36664128,-3.05918026,0.435468793,0.184826538,-0.00729082804,3.06107545,-1.99705482,1.32828605,2.4889946,0.804211855,0.389419496,-0.175173283,0.0616446882,4.84731579
650,81,2,2,poles,1482102930,1,2,0.586534679,0.561177492,1.49840832,-2.15902376,0.405334949,-0.0494753458,0.282735497,2.96976662,0.270279258,3.16079712,2.92026567,0.644567549,0.345270395,-0.511250138,0.112967521,3.77541494
651,81,3,4,doorway,2677411782,1,2,-0.0153200319,-1.46487665,0.878127515,1.25219905,0.786846519,0.448826343,0.130247191,2.53692532,-0.00904643536,1.3006022,2.96848154,0.698127508,0.529146731,-0.279064238,0.0724802315,4.61684513
652,81,4,5,table,2216640507,0,1,-1.1006707,2.48619127,1.80319095,-1.03755522,0.192580625,-0.383638233,0.237110928,-0.443001032,1.17605293,2.61293316,1.67471623,0.719329298,1.3769989,0.719329298,0.719329298,1.67471623
653,81,5,14,bent_hallway,755413762,1,2,0.0223393291,2.43874669,1.03125465,0.682637572,0.17301397,0.204677939,0.0886121914,1.66077983,4.37704468,1.87041116,2.67313862,0.657831132,0.442955315,-0.191730559,0.220000088,3.84076405
654,81,6,15,connected_rooms,1612773069,1,2,0.117152348,-0.400339365,1.24903154,0.771594584,0.208726615,-0.303878814,0.174547225,1.38849115,-2.25124359,2.31218624,2.48444104,0.410950363,0.395380259,-0.0875612125,0.198998094,2.82998514
655,81,7,16,vertical_choices,1689540344,1,2,-1.0713222,1.50822437,1.96985805,1.00515401,0.734458745,-0.082765609,-0.0744654089,1.31919909,1.23883832,1.72748756,2.41783047,0.74867779,0.456487358,-0.0506903529,0.370000184,5.73281193
656,82,0,0,open,1743083181,0,1,-0.395608366,-2.81347036,2.22467566,1.4640615,0.525849462,-0.461087346,0.32351011,0.3435148,-3.46156526,2.67939472,1.08309722,1.42439151,1.35843468,1.35843468,1.35843468,1.08309722
657,82,1,1,boxes,2742060068,0,1,0.526558876,-2.85389113,1.07138085,1.43949461,-0.0288551394,0.772712827,0.0877463669,0.443410248,-0.62725091,1.32422972,2.24249244,0.891380847,1.04936409,0.891380847,0.891380847,2.24249244
658,82,2,2,poles,637296060,0,1,-0.432219863,1.44589806,1.53776789,0.463273436,0.551307619,-0.24018088,-0.376100123,0.96641624,0.836572766,0.58362323,1.79940331,1.35776782,0.403623223,0.403623223,0.403623223,1.79940331
659,82,3,4,doorway,4020573541,0,1,0.814694941,0.977360845,1.69448543,-0.486031502,-0.272513211,-0.506220996,0.401848078,-0.0785188079,-0.681874514,3.01161885,2.29907227,0.883344352,1.74148107,0.883344352,0.883344352,2.29907227
660,82,4,5,table,101629789,0,1,0.824640274,-1.56374753,2.08770919,2.98811007,0.126662314,-0.106143661,0.290136486,1.75952911,-2.34718895,4.22919321,2.46449828,1.123312,0.590806782,0.590806782,0.590806782,2.46449828
661,82,5,14,bent_hallway,2052406817,0,1,-0.352364719,1.56514728,1.24075723,3.07345271,-0.0170069151,-0.228007451,0.342746168,-0.396244258,0.976865232,2.12507677,1.06302512,1.06075716,1.17510939,1.06075716,1.06075716,1.06302512
662,82,6,15,connected_rooms,3330798816,0,1,-0.843104541,-0.839738131,2.4358294,0.860051692,-0.0187453665,0.201521277,0.128955916,-0.932561338,0.121963322,3.05123377,1.14524877,0.976895392,0.887438595,0.887438595,0.887438595,1.14524877
663,82,7,16,vertical_choices,1215085394,0,1,-0.801609278,-0.0171836615,1.05302024,0.905984223,0.0117930984,-0.0363235772,0.024823647,-0.20060575,-1.86831713,2.31809068,2.3212719,0.873020232,0.839507043,0.745831728,0.745831728,2.3212719
664,83,0,0,open,1196756616,0,1,-0.89331907,0.698625684,1.83999562,-2.42994165,-0.0183576234,-0.43284595,0.0713772699,-0.965262771,-0.997701049,2.1197238,1.72074056,0.926680863,0.854737222,0.854737222,0.854737222,1.72074056
665,83,1,1,boxes,2050222764,1,2,0.809397876,2.16591835,0.902965069,2.63350248,0.716540575,0.0105932606,0.0636196136,2.85762858,2.19619918,1.0848217,2.05651093,0.390967846,0.3305704,-0.139465243,0.116731018,2.86858702
666,83,2,2,poles,1554193333,1,2,0.450434059,2.67784929,1.86595237,-1.59873688,0.209510252,0.121040821,-0.0300968755,3.01855779,4.16153717,1.4970324,2.98876095,0.406799138,0.327944994,-0.160899371,0.220000088,4.31542921
667,83,3,4,doorway,1728935731,1,2,0.89237231,2.46916533,1.73037577,0.0234887078,0.932869911,0.309072196,0.145737439,3.11891842,3.20684958,2.07821751,2.37121892,0.818427742,0.808118284,-0.294845164,0.032022506,4.60567188
668,83,4,5,table,417665442,0,1,0.708810508,1.3700155,1.84341431,0.273112625,-0.163406476,0.28379342,0.0498141609,-0.0434154272,2.67643118,2.07272911,1.52484465,0.55072701,1.77658463,0.55072701,0.55072701,1.52484465
669,83,5,14,bent_hallway,2272060815,0,1,-0.495458364,2.96473598,1.97162437,-2.03058171,-0.0278978087,0.109991014,0.0422981456,-0.842575967,4.33329582,2.49791765,1.50679505,1.17257929,0.486704171,0.486704171,0.486704171,1.50679505
670,83,6,15,connected_rooms,3499750735,1,2,-1.02279699,-2.80138993,1.28923368,-1.60738266,0.182345152,0.0711683109,0.0197687931,1.41675198,-1.84924746,1.55371535,2.6320951,0.797203004,0.444231868,-0.292235732,0.0540769994,5.40868902
671,83,7,16,vertical_choices,381874658,1,2,-0.582758188,1.09186578,2.41485953,-2.23246789,0.617948532,0.226863474,-0.394090712,1.68096161,1.92293072,0.971194029,2.81056333,1.04973459,0.791194022,-0.246092558,0.370000184,6.04732418
672,84,0,0,open,3676577639,0,1,-0.782908916,2.25932074,1.54394221,-2.47288418,-0.00189124839,-0.10281793,0.125388443,-0.817281425,0.390656948,3.82281351,2.9472599,1.03709102,0.997186482,0.997186482,0.997186482,2.9472599
673,84,1,1,boxes,348889992,0,1,-0.275845498,-1.82721019,2.09166932,1.91258311,0.157955959,0.0463755131,-0.108157843,1.54741406,-1.29190528,0.843221188,2.2736423,1.54415441,0.3413679,0.3413679,0.3413679,2.2736423
674,84,2,2,poles,1160524851,0,1,0.31491226,2.2209785,1.56598437,-3.03529143,0.0117835952,0.0543192737,0.0772762448,0.680173159,3.90473533,3.96134806,2.95063066,0.788735628,0.825055182,0.490560174,0.490560174,2.95063066
675,84,3,4,doorway,3140311083,0,1,-1.20143259,0.969952583,1.08404791,2.22588897,0.240639344,0.84229666,0.00405233307,-0.797920704,2.38234282,1.09084296,1.46891606,0.618567407,0.910842955,0.618567407,0.618567407,1.46891606
676,84,4,5,table,181981219,0,1,-1.29410303,1.96177089,2.22853351,1.00147605,0.0607296824,0.0409493931,-0.02305918,0.515914321,3.18224669,1.54126632,2.28868103,0.525896966,1.36126637,0.525896966,0.525896966,2.28868103
677,84,5,14,bent_hallway,2516054123,0,1,-1.20612466,-2.27753949,1.53993869,-2.11448812,0.225115776,-0.350907117,0.131242663,-0.542532265,-3.31193733,1.9268136,1.28841209,0.613875329,1.16418529,0.613875329,0.613875329,1.28841209
678,84,6,15,connected_rooms,3949995753,0,1,-1.15612781,-0.473753929,1.43764806,2.69368315,0.231150568,0.49906823,0.643972039,-0.355089188,1.25573754,3.66929507,2.93480015,0.663872182,0.708682835,0.663872182,0.663872182,2.93480015
679,84,7,16,vertical_choices,2123782505,0,1,-1.37307131,2.42115784,2.14192128,-0.74660188,0.116417035,0.245585635,-0.259400308,-0.98491776,3.2399807,1.27703798,1.25266004,0.44692868,0.835082233,0.44692868,0.44692868,1.25266004
680,85,0,0,open,2263496177,0,1,0.501762986,2.68807983,1.74910712,2.21751189,-0.151632488,0.0819993392,0.231739178,-0.60059607,3.28421021,3.43383718,2.09973383,1.56910706,1.21940398,1.21940398,1.21940398,2.09973383
681,85,1,1,boxes,4050669710,1,2,0.0190048069,2.21367431,1.91885686,0.702547133,0.604325593,-0.111701727,-0.158038929,2.81472969,1.69692087,1.18773866,2.93558264,1.04254484,0.331742585,-0.185684696,0.220000088,6.30143261
682,85,2,2,poles,4168967520,1,2,0.540356994,1.40640485,2.2505784,2.23792744,0.357443631,0.700021088,0.0776472837,1.70811605,3.69335556,2.50425005,2.58033991,0.790538847,0.314580828,-0.37069869,0.220000088,4.60249043
683,85,3,4,doorway,3260821525,1,2,0.545640588,2.76236343,1.25996935,1.95875382,0.7479617,-0.23938708,0.108203813,3.29200554,1.88338208,1.6572721,2.91083813,0.997904003,1.14846087,-0.294544399,0.0365215242,4.79741764
684,85,4,5,table,1643270548,0,1,-0.613954186,-2.75737906,1.29511178,0.921165586,0.464608699,-0.0742195696,0.0238841176,0.925903201,-3.00336576,1.37427115,1.56138921,1.11511183,1.19427109,1.11511183,1.11511183,1.56138921
685,85,5,14,bent_hallway,3081800326,0,1,-0.247931361,2.22005582,2.02826953,-0.777053416,-0.105195597,0.52522409,-0.341311961,-0.697761238,4.46598148,0.568775773,2.71599913,0.85972172,0.354018509,0.354018509,0.354018509,2.71599913
686,85,6,15,connected_rooms,509956606,1,2,-0.809239745,-0.38568306,2.07101297,-2.17468214,0.519341111,0.0877868831,0.273323834,1.50902402,0.00618487597,3.29109097,2.64886713,1.01076031,0.568416297,-0.293599784,0.0938591957,3.85674691
687,85,7,16,vertical_choices,1746920120,1,2,-1.12469244,2.57699704,1.92367613,0.782730937,0.337002486,-0.0190462712,-0.144898891,1.32353258,2.43863153,0.871027708,2.66852379,0.695307553,0.45364207,-0.282904565,0.165493816,6.59127951
688,86,0,0,open,718101082,0,1,0.262196213,-2.26775503,1.69123995,2.19187355,0.36790061,0.20500204,0.226273373,2.0980072,-1.24480212,2.82033587,2.38568473,1.51124001,1.99966407,1.51124001,1.51124001,2.38568473
689,86,1,1,boxes,2383331514,0,1,-0.00148197811,2.22082758,1.46189976,0.753204823,-0.479447782,-0.339434594,0.0482213236,-1.14259672,1.41295278,1.57666945,1.40284586,1.28189969,0.677403271,0.677403271,0.677403271,1.40284586
690,86,2,2,poles,3553731572,0,1,-1.22871113,0.782265186,1.15781844,-1.74024844,0.0193978064,-0.181825295,0.15410541,-1.00501108,-1.31458616,2.93499756,2.75775146,0.591288865,0.814988911,0.591288865,0.591288865,2.75775146
691,86,3,4,doorway,4210685080,0,1,-0.713564575,-0.506678939,2.25301051,-0.734388828,-0.0378647968,0.546747923,-0.175086647,-0.903681576,2.23851109,1.37391043,2.88877654,1.1064353,0.916318476,0.916318476,0.916318476,2.88877654
692,86,4,5,table,2622725988,0,1,-1.17197883,0.810031772,2.28000951,-2.54180217,0.129881322,0.0933080688,-0.154295161,-0.0549589396,1.6125102,0.953022957,1.91117728,0.648021162,0.77302295,0.648021162,0.648021162,1.91117728
693,86,5,14,bent_hallway,1987685442,0,1,-0.820783257,-0.739441037,1.38313866,0.559602261,-0.314106256,-0.248280779,0.493045181,-1.45443153,-1.24029922,2.37776136,1.28126633,0.999216735,0.365568459,0.365568459,0.365568459,1.28126633
694,86,6,15,connected_rooms,2264758366,0,1,-1.1830852,-0.273226976,1.70464683,-0.0550427958,0.312583625,-0.315977186,-0.0459301732,-0.380259335,-1.08476877,1.58668184,1.14762592,0.63691479,0.912651837,0.63691479,0.63691479,1.14762592
695,86,7,16,vertical_choices,904396697,0,1,-0.120169371,-1.35610592,1.04306471,0.116340235,-0.139530286,-0.307398319,0.074579291,-0.947974324,-3.17983794,1.48552859,2.0511055,0.424693167,0.872025669,0.424693167,0.424693167,2.0511055
696,87,0,0,open,920729982,0,1,-1.02438629,-1.67059386,1.91083062,-1.8079586,0.0222093947,0.0189848524,0.0234476198,0.108668685,-0.702045143,3.10705614,1.91124451,0.795613706,1.71294379,0.795613706,0.795613706,1.91124451
697,87,1,1,boxes,800115764,1,2,0.859254122,1.1727283,1.82374692,-1.43402493,0.877146006,0.266824603,-0.294419199,3.54356861,1.9892869,0.922741055,2.94688368,0.37155354,0.742741048,-0.386528939,0.220000088,7.08721924
698,87,2,2,poles,3399856316,1,2,0.802679062,0.184247375,0.962180614,0.167214021,0.112715676,0.145682558,0.0767767578,2.03050613,1.77118731,1.79852033,2.17379904,0.713945746,0.548644781,-0.24728097,0.0345081836,3.88408828
699,87,3,4,doorway,2325398923,1,2,0.0186416004,-1.22975314,1.73051393,2.23358583,0.0319288485,-0.00132374698,0.00768482592,2.81694341,-1.34576869,2.40402603,2.88055038,1.55051398,0.506093919,-0.285901964,0.0401553959,4.21720505
700,87,4,5,table,2988355,0,1,0.58463335,-0.350030422,2.07857633,-1.15586913,-0.59440887,-0.24871707,0.513298452,-1.42027974,-1.18894124,3.80990767,2.77866077,0.544970691,0.399720252,0.399720252,0.399720252,2.77866077
701,87,5,14,bent_hallway,8049106,0,1,-1.22805905,-1.7312454,0.858628035,2.76014614,0.0488022193,-0.168483734,0.0290233754,-0.536335111,-4.11933804,1.27000606,2.52005959,0.591940939,0.700661957,0.591940939,0.591940939,2.52005959
702,87,6,15,connected_rooms,1342482431,1,2,-0.541030884,0.324432492,1.58440518,0.0866684169,0.853260577,0.48628974,0.0990645364,1.48930287,1.48155892,1.82012928,2.34877896,0.863417089,0.566916585,-0.297055244,0.0657219589,4.28689814
703,87,7,16,vertical_choices,1136284741,1,2,-0.955386281,2.69251776,1.5244416,0.00855037011,0.0588081814,0.0383517966,-0.000783713011,1.24357307,4.1265707,1.49513698,2.62541223,0.864613712,0.338879824,-0.277186215,0.269661456,6.43983078
704,88,0,0,open,4084503736,0,1,-0.52258873,1.48686182,1.9345119,-1.95735502,0.0281235464,-0.00332285836,-0.0167314988,1.11273217,1.29364514,0.96161294,1.91262639,1.2974112,0.781612933,0.781612933,0.781612933,1.91262639
705,88,1,1,boxes,3825801868,0,1,-0.984868228,-1.97850752,1.30215597,-0.222068071,0.0314096101,-0.113528885,0.0704310983,-0.642635703,-3.21549463,2.06955862,1.49538183,0.835131705,1.17736435,0.835131705,0.835131705,1.49538183
706,88,2,2,poles,3088713603,0,1,0.75307852,2.46020174,2.30991435,0.230748773,0.0188275632,0.133469999,0.280760944,0.870455444,3.29229546,4.06026602,1.94161999,0.57389003,0.613706172,0.509274781,0.509274781,1.94161999
707,88,3,4,doorway,3044734522,0,1,0.0627105087,-0.965655327,2.38984823,3.03596115,-0.0683394819,-0.165579975,-0.051664602,-1.02099836,-3.59137726,1.5705651,2.9563601,1.88256884,0.799001634,0.799001634,0.799001634,2.9563601
708,88,4,5,table,1944486644,0,1,0.594026387,2.17022228,1.09459233,0.916919827,-0.0898936465,0.206191167,0.0955311731,-0.194379032,3.97860622,1.93244123,2.14332128,0.914592326,0.841393769,0.841393769,0.841393769,2.14332128
709,88,5,14,bent_hallway,4048775577,0,1,-1.24644971,1.68854392,1.21747148,0.257978439,0.333130866,-0.681392074,0.00100768986,-0.354316711,-0.136241436,1.22017014,2.03119421,0.573550284,1.02732682,0.573550284,0.573550284,2.03119421
710,88,6,15,connected_rooms,1080137930,0,1,-1.13380826,-1.69080663,1.21167958,0.616802633,0.153411448,0.292270839,0.200513303,-0.631198287,-0.733262479,1.86860561,1.26532972,0.686191738,1.08829975,0.686191738,0.686191738,1.26532972
711,88,7,16,vertical_choices,3864946802,0,1,-0.787419736,0.0255736113,0.998205364,-0.119857609,0.400568128,-0.820043802,0.392160803,-0.0506501794,-1.48274231,1.71951127,1.82705462,0.818205357,0.374050319,0.374050319,0.374050319,1.82705462
712,89,0,0,open,2909987991,0,1,0.530661881,-1.21598983,1.83351481,0.512057126,-0.168837413,-0.131376043,0.307695717,-0.179260969,-1.76839614,3.12730527,1.57576549,1.65351486,1.64073896,1.64073896,1.64073896,1.57576549
713,89,1,1,boxes,2301100666,1,2,0.151850834,0.401439428,1.73635805,-0.304367125,0.205472186,0.391201138,0.0385645553,1.43863451,2.85136366,1.97787118,2.77781749,1.23298025,0.424777985,-0.342487484,0.219999611,6.30919886
714,89,2,2,poles,2791907693,1,2,0.501835465,-1.90346897,2.56055737,-2.33750677,0.250078261,-0.712592125,0.36311394,1.34575224,-4.30818987,3.78592539,2.82779145,0.70640707,0.511810124,-0.203761935,0.174218953,4.07113171
715,89,3,4,doorway,1974756445,1,2,0.688597202,0.416768074,1.35887039,-2.18525791,0.506165743,-0.205544218,0.234107032,2.66633749,-0.386354506,2.27359629,2.32232332,0.962798893,0.487628043,-0.269804418,0.0902745724,2.98950243
716,89,4,5,table,1760242694,0,1,0.100832641,0.142091632,1.37991953,-2.4490273,0.384908974,0.121542007,0.379175335,1.7286458,0.656103253,2.98348475,2.34209418,0.936898172,1.11906528,0.380604923,0.380604923,2.34209418
717,89,5,14,bent_hallway,1666881662,1,2,-0.846974254,2.42210865,1.68799055,0.465219021,0.66118896,0.573554754,-0.183457956,1.32008111,4.30194187,1.08670473,2.93111706,0.973025739,0.347279251,-0.0974654332,0.220000088,4.2353344
718,89,6,15,connected_rooms,3257625752,1,2,-0.567993462,2.48939824,0.900056362,0.572035134,0.360669702,-0.183547974,0.310811937,1.44012189,1.46745086,2.63057661,2.84105682,0.720056355,0.504604816,-0.294312656,0.0201903284,6.96135139
719,89,7,16,vertical_choices,4090044894,1,2,-1.00962627,-0.770887971,1.93724954,1.56721342,0.523688257,0.0901088044,-0.240417942,1.58177221,-0.324997067,0.747574806,2.88608575,0.810373724,0.567574799,-0.279912174,0.35283035,6.76485252
720,90,0,0,open,3341844233,0,1,0.577771366,-2.34804654,0.867484272,0.0915561095,-0.338657022,0.24974665,0.189668059,-1.40985632,-0.882246852,1.98067379,2.70895243,0.687484264,0.410143673,0.410143673,0.410143673,2.70895243
721,90,1,1,boxes,311403745,0,1,-1.05850685,-2.17444396,1.6235131,-0.819723248,0.0560877547,0.134077281,0.320834517,-0.763291717,-1.46873474,3.31221008,1.853881,0.761493146,1.05670834,0.761493146,0.761493146,1.853881
722,90,2,2,poles,2217679068,0,1,-0.18470104,0.0932643414,1.47708988,-1.84820199,-0.64756614,-0.315627694,0.33755517,-1.0827471,-0.344448775,1.94521213,1.10327601,0.742261171,0.737252891,0.737252891,0.737252891,1.10327601
723,90,3,4,doorway,765046358,0,1,-1.22893643,-2.85694981,1.69369113,-1.65554321,0.0656918436,-0.0312571265,-0.0115201203,0.257792711,-3.56435704,1.43296933,1.66696262,0.591063559,1.25296926,0.591063559,0.591063559,1.66696262
724,90,4,5,table,1964539809,0,1,-1.03085136,-1.9511919,1.47707105,-0.81540966,0.300110966,-0.628584087,0.209862158,-0.532638669,-2.99470091,1.8254621,1.20768511,0.789148629,1.28736138,0.789148629,0.789148629,1.20768511
725,90,5,14,bent_hallway,263739386,0,1,0.227944747,-0.95572114,1.28017128,1.84085262,-0.44373858,-0.377885252,0.141522735,-1.37277412,-2.31888413,1.79069281,2.16359568,0.376999319,0.447225869,0.376999319,0.376999319,2.16359568
726,90,6,15,connected_rooms,4193765017,0,1,-1.04638112,-2.71877909,1.2393961,-0.548201144,-0.0013415236,-0.00766243879,0.150057942,-1.06238794,-2.81020617,3.02986312,1.79287124,0.773618877,0.75761205,0.75761205,0.75761205,1.79287124
727,90,7,16,vertical_choices,2605347662,0,1,-0.337369949,1.85097957,2.03277969,1.72670472,0.313105792,0.0251042619,0.915424883,0.143317938,1.88952029,3.43816304,1.48581576,0.663261294,1.31948805,0.663261294,0.663261294,1.48581576
728,91,0,0,open,3138645868,0,1,-1.16329753,2.78346443,0.971011877,-2.18250942,0.807500064,-0.22430262,-0.225527942,-0.187359035,2.51237392,0.698440492,1.04892385,0.656702459,0.518440485,0.518440485,0.518440485,1.04892385
729,91,1,1,boxes,3401669372,1,2,0.571530461,-0.937987447,1.32276571,3.00595069,0.17440708,-0.175603643,-0.0454508364,2.58395863,-2.96422243,0.798322856,2.90353847,0.542340457,0.618322849,-0.288011312,0.220000088,6.15366077
730,91,2,2,poles,601911809,1,2,0.0405591838,1.79601502,1.54879749,0.857093036,0.408437431,0.541463554,0.31085059,1.67751479,3.96611929,2.79463959,2.9901669,1.19180155,0.451565564,-0.126107961,0.220000088,4.76843643
731,91,3,4,doorway,2890525764,1,2,0.1927865,2.33851051,1.41103935,-2.3162055,0.346875578,-0.117732584,4.62003773e-05,2.58100581,1.52792811,1.4113574,2.52202988,1.23103929,0.383747399,-0.281330049,0.0412166715,4.96101665
732,91,4,5,table,3215232226,0,1,0.785680294,-2.03599882,2.58820057,2.00780368,0.136734158,0.309224427,0.600128114,1.07783234,-1.37529659,3.87046003,1.47175729,1.76865649,0.949539959,0.949539959,0.949539959,1.47175729
733,91,5,14,bent_hallway,2377197178,1,2,-0.136996478,2.75147867,0.854397774,-1.42374432,0.370430231,0.22115384,0.226580769,1.88913536,3.96111774,2.0937202,2.66540003,0.674397767,0.376940906,-0.218757808,0.220000088,4.09474516
734,91,6,15,connected_rooms,701888766,1,2,-0.654540956,-1.5706898,1.42152953,-2.88456488,0.698277414,-0.19975923,-0.218306139,1.86589599,-2.29172206,0.633552134,2.73740721,1.01247096,0.453552127,-0.282380879,0.0964410007,3.60880351
735,91,7,16,vertical_choices,1066720200,1,2,-0.862228632,-0.0712226629,1.0011214,0.947921515,0.157819614,-0.00158153486,0.0250000339,2.03771901,-0.100283489,1.46049905,2.93625069,0.821121395,0.799565434,-0.299365282,0.0659702569,7.06392145
736,92,0,0,open,1570114914,0,1,-1.1423918,0.278077841,1.14479077,-2.51686716,-0.0319306292,0.100183815,0.162922397,-1.40596306,1.10504472,2.48963308,1.60060763,0.677608192,0.41403693,0.41403693,0.41403693,1.60060763
737,92,1,1,boxes,3500040816,0,1,-0.135622472,-0.823184252,1.45480227,0.21586886,0.272134125,-0.425914288,-0.0739816278,0.695821047,-2.12446785,1.22876835,1.56068218,1.27480221,0.988213837,0.988213837,0.988213837,1.56068218
738,92,2,2,poles,719392917,0,1,-1.18887353,1.65737021,1.37998807,-1.91771162,0.527884841,-0.236671746,-0.0897447914,1.07141209,0.643994331,0.995720804,2.50668764,0.631126463,0.63217622,0.631126463,0.631126463,2.50668764
739,92,3,4,doorway,2826708955,0,1,0.366505802,-2.43866944,1.52607667,1.80633914,-0.063559413,-0.259455621,0.786263645,0.221520618,-3.03051281,3.31962037,1.89422762,1.27165484,1.4166398,1.27165484,1.27165484,1.89422762
740,92,4,5,table,185207928,0,1,-1.15507615,-0.608716249,1.75692499,0.678772271,-0.0778714716,0.35495019,0.338608056,-1.51886189,1.04947531,3.3387723,2.32038355,0.664923847,0.301138103,0.301138103,0.301138103,2.32038355
741,92,5,14,bent_hallway,428498530,0,1,-1.15153062,-1.9465009,2.19871402,3.02423048,0.00631665019,0.091063872,-0.0765713081,-1.02501881,-0.122645497,0.665120125,2.38628674,0.668469369,0.485120118,0.485120118,0.485120118,2.38628674
742,92,6,15,connected_rooms,819983927,0,1,-1.27609849,-2.42679358,1.34026206,-2.54997396,0.131046355,-0.282585055,0.373532504,-0.637293398,-3.80429673,3.16110206,2.3708744,0.543901503,0.948878706,0.543901503,0.543901503,2.3708744
743,92,7,16,vertical_choices,960181246,0,1,0.323804051,2.85313225,2.53585291,-1.97184551,0.325185925,0.069922775,-0.222235218,2.24548292,3.2663393,1.22255898,2.36396503,0.622053087,0.872810781,0.279946327,0.279946327,2.36396503
744,93,0,0,open,1658018955,0,1,-1.09043312,-1.03857672,1.24026608,1.24237847,0.64756614,-0.240097418,-0.348936021,0.286728859,-1.54918563,0.498192966,1.64559078,0.729566872,0.318192959,0.318192959,0.318192959,1.64559078
745,93,1,1,boxes,276172363,1,2,0.759759426,0.174873233,2.59998775,-1.76267993,0.67562604,-0.253883541,0.106621668,3.32246947,-0.788129866,3.00441337,2.76738453,0.362670064,0.885993898,-0.187983096,0.0965040922,3.60662794
746,93,2,2,poles,3045164776,1,2,-0.961561382,-1.17634034,2.5562489,0.604468226,0.732873499,-0.139997363,0.131343693,1.92872047,-1.72845721,3.07423782,2.98778772,0.858438551,0.407737494,-0.0147436559,0.180569589,7.33874178
747,93,3,4,doorway,1767702599,1,2,0.736514926,-0.905297756,1.61584294,-1.04371858,0.656004846,0.180932403,0.201999053,2.91733313,-0.303807318,2.28736734,2.35980988,0.933562458,0.647255719,-0.293147743,0.0707086325,3.33791351
748,93,4,5,table,3708274592,0,1,0.058160197,-1.58143079,1.26281404,-3.13126945,0.725873291,-0.233110577,-0.245615736,1.24114752,-1.96134126,0.862523437,1.30538249,1.08281398,0.682523429,0.682523429,0.682523429,1.30538249
749,93,5,14,bent_hallway,1933281817,0,1,-0.674103618,-0.580108166,2.2060914,-2.96466589,0.24684906,0.462398976,0.727980077,-0.0442714691,0.599696755,4.06352329,2.28881669,1.14589643,0.708246648,0.708246648,0.708246648,2.28881669
750,93,6,15,connected_rooms,462336562,1,2,-0.304514527,0.515833497,0.812867343,2.51628208,0.389913738,0.358582616,0.26597321,1.34593129,2.03365946,1.93869162,2.5090332,0.632867336,0.408878505,-0.296921551,0.0432054549,4.21111584
751,93,7,16,vertical_choices,725667028,1,2,-0.410319179,1.82198775,1.20188034,1.94448292,0.517322958,-0.604876041,0.286126107,1.09533286,0.0615152121,2.03464127,2.46165442,0.673996866,0.45145309,-0.0758586898,0.370000184,6.12717152
752,94,0,0,open,3566980974,0,1,-1.36493945,-0.993070006,2.35448408,-2.27609277,0.299134433,-0.127957582,0.797463596,-0.974435091,-1.1601119,3.39553118,1.12435567,0.455060542,0.845564902,0.455060542,0.455060542,1.12435567
753,94,1,1,boxes,2607737297,0,1,-0.0801131949,2.74618006,1.37845683,2.97834539,-0.120020188,0.897306085,-0.205274761,-0.244652718,3.97632575,1.0970391,1.27260661,1.19845676,0.843674242,0.843674242,0.843674242,1.27260661
754,94,2,2,poles,2356833051,0,1,0.720658004,-1.44690299,2.02348447,0.399000555,-0.152597696,0.229172036,0.00672944728,-0.345322669,0.153992414,2.07049346,1.92389989,0.662164688,1.24303913,0.583911538,0.583911538,1.92389989
755,94,3,4,doorway,4002444960,0,1,0.782208443,-1.83898902,1.61111093,1.24454939,-0.0185695682,0.0905179456,0.211818948,0.627369046,-1.08421922,3.37733006,1.92696202,0.88618654,1.04102588,0.88618654,0.88618654,1.92696202
756,94,4,5,table,3951017516,0,1,-0.0876375362,0.2568115,1.15411437,1.86203396,-0.356776625,0.793621182,0.191009596,-0.53453809,1.25090623,1.3933742,1.11588073,0.974114358,1.21337414,0.974114358,0.974114358,1.11588073
757,94,5,14,bent_hallway,4085803883,0,1,-1.07846808,1.71568251,2.20580435,-0.335079312,0.184826583,-0.584198892,0.589543641,-0.534478128,-0.00375807285,3.9409759,2.50264287,0.741531909,0.879024088,0.741531909,0.741531909,2.50264287
758,94,6,15,connected_rooms,1805756632,0,1,-0.107038565,-2.08958817,1.65985191,2.56117916,-0.173437476,0.750395179,0.473787069,-0.622920573,0.142428637,3.06911039,2.68961763,0.472180367,0.988062322,0.472180367,0.472180367,2.68961763
759,94,7,16,vertical_choices,1307078225,0,1,-0.758411288,0.851828098,2.32643342,-1.5763526,-0.0370571613,0.0680654794,0.187774047,-1.10659683,1.49136484,4.09074068,1.90866983,1.06158876,0.713403165,0.713403165,0.713403165,1.90866983
760,95,0,0,open,3649917346,0,1,-1.35678148,0.307556391,1.92155683,2.10247612,0.0547093526,0.158686966,-0.0467980802,-0.904908299,1.61823511,1.53502703,1.43926144,0.46321851,0.915091693,0.46321851,0.46321851,1.43926144
761,95,1,1,boxes,4233280694,1,2,0.580505908,0.475039601,1.29998398,-0.70317477,0.243016735,0.126027063,0.0258588344,2.52038097,1.48104751,1.50640154,2.19494319,0.749040127,0.414633453,-0.0725225806,0.268471122,2.77730846
762,95,2,2,poles,1479195646,1,2,0.756065547,2.22997379,1.9031086,0.978327334,0.389502883,0.453362882,0.0503266118,2.53999662,4.30638504,2.13360548,2.74718451,0.669958651,0.513614953,-0.229206517,0.0266140699,4.02213764
763,95,3,4,doorway,437370481,1,2,0.00795682333,2.57613587,0.811179578,1.54608119,0.402344644,-0.243708879,0.164941296,2.35986209,1.15153575,1.77534389,2.91385603,0.631179571,0.387046695,-0.29821974,0.136758298,3.65741134
764,95,4,5,table,815542200,0,1,-1.17478657,2.63860464,0.9423033,-0.0844869167,0.0296500996,-0.0902660191,0.0884334072,-0.632696986,0.988280654,2.55912185,2.37308502,0.645213425,1.18730307,0.645213425,0.645213425,2.37308502
765,95,5,14,bent_hallway,4123961670,1,2,-0.835984886,2.54640007,1.21135652,-0.827172935,0.0227193385,0.0161917768,0.00977615546,1.45151544,4.17667198,2.19567037,2.9764607,0.984015048,0.433846891,-0.00659377873,0.220000088,4.34953117
766,95,6,15,connected_rooms,353515492,1,2,-0.966502905,-1.78448474,1.60570109,-1.88430929,0.618474126,-0.0240319204,-0.291013092,1.37665915,-1.87553251,0.503163695,2.59119415,0.853497088,0.323163688,-0.298042417,0.0913136601,3.90956497
767,95,7,16,vertical_choices,2821766109,1,2,-0.592439175,1.66033423,2.43582463,-2.45249748,0.750834584,0.265753835,-0.531619549,1.68964887,2.46806693,0.820019126,2.91053009,1.05137587,0.640019119,-0.266658783,0.352528214,6.17635822
768,96,0,0,open,4221087066,0,1,-1.02262616,-0.314775825,1.0621506,2.33170485,0.167672038,-0.178397283,0.356985956,0.104653716,-1.5141629,3.46221161,2.91025472,0.797373831,1.35778832,0.797373831,0.797373831,2.91025472
769,96,1,1,boxes,1200576930,0,1,-0.839159369,2.06229115,1.69347394,-0.677609086,0.0959202945,0.235643461,-0.0367441475,-0.246255755,3.51885319,1.46635056,1.5889281,0.980840623,1.28635049,0.980840623,0.980840623,1.5889281
770,96,2,2,poles,2403458311,0,1,-1.01747298,0.893145561,1.17822146,2.05610347,0.316357106,-0.775372148,0.0287834294,-0.37723434,-0.676040649,1.23647296,1.69577241,0.80252701,1.05647302,0.80252701,0.80252701,1.69577241
771,96,3,4,doorway,1418270815,0,1,-0.126366347,2.52997327,2.47123909,0.998214424,0.355598539,0.662095726,-0.00447211554,0.864043951,4.37403727,2.45878339,2.09323668,1.69363356,0.445962727,0.445962727,0.445962727,2.09323668
772,96,4,5,table,3196522091,0,1,0.306340486,2.097229,2.21359658,2.29840922,-0.572917402,0.653310835,-0.0544608161,-1.36389422,4.00183582,2.05482626,2.53819203,1.28873491,0.456105769,0.456105769,0.456105769,2.53819203
773,96,5,14,bent_hallway,1387591307,0,1,-0.791946888,1.34068966,1.27074826,1.46845376,-0.031697087,-0.27145052,0.150550514,-1.00770307,-0.507023454,2.29551744,2.12385178,1.02805305,0.812296927,0.812296927,0.812296927,2.12385178
774,96,6,15,connected_rooms,705150029,0,1,-0.385151178,-0.396636128,1.33869839,3.05435276,0.00103694957,-0.0301788822,-0.0082475422,-0.297076464,-2.95992041,0.638182223,2.65874171,0.796213269,0.458182216,0.458182216,0.458182216,2.65874171
775,96,7,16,vertical_choices,2985194706,0,1,-0.0316381641,0.614446878,1.9936229,-1.26532483,-0.114090636,-0.203864738,0.0176819582,-0.65665406,-0.502373219,2.09048891,1.28347778,0.377139688,0.976308644,0.377139688,0.377139688,1.28347778
776,97,0,0,open,1886756766,0,1,0.280540496,-1.82259071,1.18566823,2.35356021,-0.0515523851,0.500922263,0.440704018,0.0876688063,0.0514975786,2.8344636,2.50358391,1.00566816,1.90766883,1.00566816,1.00566816,2.50358391
777,97,1,1,boxes,24881444,1,2,0.997562826,-0.375786781,2.37325525,-1.18085217,0.748298645,-0.156363532,0.215013251,3.63698149,-0.927316368,3.13165569,2.8010509,0.588582039,0.862688839,-0.0721006468,0.475220263,3.67094946
778,97,2,2,poles,2791580621,0,1,-0.484187365,0.176443934,1.5083276,2.35009384,0.147427276,-0.103611849,0.2901842,-0.0442000926,-0.132779002,2.37436366,1.01942432,1.32832766,1.77579999,1.32832766,1.32832766,1.01942432
779,97,3,4,doorway,3203746322,1,2,0.712569177,1.85242152,1.77962148,-2.60250902,0.0718558654,-0.0346150212,0.00802517403,3.16058445,0.673142791,2.05302644,2.73097539,1.01574063,0.832274616,-0.280459702,0.0259520859,3.54704762
780,97,4,5,table,4043090732,1,2,0.613066912,1.94054604,1.19119859,-2.72199535,0.10158971,-0.0649801642,0.0119812619,3.08226299,0.361166,1.48240995,2.94553471,0.7743994,0.300693721,-0.070136711,0.0519233346,7.35303307
781,97,5,14,bent_hallway,450331164,0,1,0.325974703,0.718975067,1.58054674,0.770240366,-0.191734225,0.817533672,0.0720658824,0.0518194139,1.88794303,1.68359172,1.2050997,0.355188787,0.629344046,0.355188787,0.355188787,1.2050997
782,97,6,15,connected_rooms,2936688720,1,2,-0.752961278,0.231230021,1.91317058,2.90618658,0.546732008,0.222829416,0.326678097,1.43670905,1.12366533,3.22152138,2.702384,1.05492949,0.534740746,-0.298684895,0.07424891,4.92667675
783,97,7,16,vertical_choices,378177171,1,2,-0.0757648647,2.30728054,1.21624172,-2.39219475,0.779555738,-0.334767431,0.0666601434,2.3009274,1.28664899,1.41947365,2.59454393,0.372150481,0.608761013,-0.286566198,0.132683069,3.57752252
784,98,0,0,open,3807531938,0,1,0.327883303,0.231733918,1.34146488,2.26677322,-0.0180242844,0.0282801799,0.011763297,-0.709955394,1.8601073,2.01879573,2.04633474,1.16146493,1.11004448,1.11004448,1.11004448,2.04633474
785,98,1,1,boxes,1591445601,0,1,0.598058164,-1.41014457,1.35118055,0.564993322,0.174329251,-0.682639003,0.0414408259,1.2219789,-3.85329509,1.49949634,2.52591753,0.467462599,0.930147946,0.20697704,0.20697704,2.52591753
786,98,2,2,poles,2303461046,0,1,-0.849125266,-2.82762432,1.71812284,-0.589879274,0.021453999,0.0222364832,0.160595492,-0.644045353,-2.61506462,3.25326347,1.56329656,0.970874727,1.17595458,0.970874727,0.970874727,1.56329656
787,98,3,4,doorway,3807139184,0,1,-0.499476522,0.1266886,2.25461674,-1.76032424,0.192286879,-0.210568234,0.0318059959,0.479625255,-0.945499539,2.41656899,1.46097779,1.3205235,1.41757178,1.3205235,1.3205235,1.46097779
788,98,4,5,table,925555334,0,1,0.730458975,0.676659822,1.48708892,1.21515095,0.0966126844,0.183115721,0.137862906,1.44648409,2.03378439,2.5088315,1.843485,0.417587519,0.856803715,0.1484662,0.1484662,1.843485
789,98,5,14,bent_hallway,3255378751,0,1,-0.990111351,0.343903184,1.79048538,-2.07782125,0.155863404,0.50422734,0.296472698,-0.536637664,1.81091726,2.65305185,1.76118982,0.829888642,1.16945505,0.829888642,0.829888642,1.76118982
790,98,6,15,connected_rooms,4109303267,0,1,-0.790496647,-2.49665093,1.11611128,2.447366,-0.118940897,0.216709986,0.548501372,-1.30999613,-1.55012441,3.51180673,2.62776494,0.936111271,0.510003865,0.510003865,0.510003865,2.62776494
791,98,7,16,vertical_choices,2513317888,0,1,-1.00576854,-0.864460945,1.92765617,2.44063425,-0.0553429499,0.0215967987,0.43055442,-1.27782929,-0.758293092,4.04422092,2.13661766,0.814231455,0.542170703,0.542170703,0.542170703,2.13661766
792,99,0,0,open,3591492537,0,1,-0.493327469,-0.661023617,0.918061316,-0.319208443,0.319957256,0.742572546,0.266323268,0.10879305,0.736407399,1.4192493,1.60204613,0.738061309,1.23924923,0.738061309,0.738061309,1.60204613
793,99,1,1,boxes,3462857270,1,2,0.794755042,-2.98008251,1.01856017,-1.99773288,0.179777429,0.0519776531,-0.0279735569,2.97633982,-2.34933782,0.679103255,2.2961669,0.651212513,0.499103248,-0.0180835575,0.411668897,3.28946924
794,99,2,2,poles,4266434149,1,2,0.676603258,-1.5415982,1.27762616,2.71606612,0.317588836,-0.235780269,0.148261264,2.63939428,-2.9987886,2.19392371,2.61066151,0.471117079,0.623022556,0.0139297247,0.220000088,5.5888629
795,99,3,4,doorway,1798179896,1,2,0.995402455,0.443309784,0.882157683,-1.30735683,0.287755996,-0.159939528,0.356676579,2.55789375,-0.425148606,2.81888199,2.63562131,0.425479472,0.548682153,-0.0484907478,0.0240526199,3.25049329
796,99,4,5,table,1077861236,1,2,0.862407386,1.30904281,2.59799218,-1.89312184,0.294516355,-0.356632024,-0.525169611,1.59708691,0.419413865,1.28794134,1.74568808,0.716384172,0.348110676,0.0135829747,0.159694374,3.06436396
797,99,5,14,bent_hallway,637934764,1,2,-0.575654268,2.37740993,1.0177623,-0.156830817,0.0152448155,0.0137021374,-0.00104988622,1.36131406,4.11836958,0.884366393,2.60779238,0.837762296,0.461586177,-0.0356671065,0.220000088,4.04361486
798,99,6,15,connected_rooms,2337887779,1,2,-0.0294287372,-2.66441727,1.23423326,-1.53001702,0.18661131,0.16271773,0.0179240145,1.61700702,-1.22878993,1.39237344,2.19015646,0.402450383,0.500326872,-0.291489482,0.0556242168,4.00747156
799,99,7,16,vertical_choices,1086067977,1,2,-0.183892936,-2.29008627,0.906485617,-2.91781926,0.658250451,0.395909548,-0.0479116291,2.20599127,-0.852672935,0.732534707,2.79427314,0.475675523,0.552534699,-0.292501569,0.0549943596,3.7779479
800,100,0,0,open,3332888797,0,1,-0.104468368,-1.46652246,1.61179054,2.417943,0.0476259328,-0.0336213335,0.0043046046,1.0754813,-2.29950309,1.71843863,1.44827878,1.43179059,1.53843856,1.43179059,1.43179059,1.44827878
801,100,1,1,boxes,860332871,0,1,-1.0738076,2.80536842,1.13028836,2.65644884,0.00168748142,-0.00439403765,-0.00113562425,-0.665031552,1.74095523,0.85519433,1.17292368,0.746192396,0.675194323,0.675194323,0.675194323,1.17292368
802,100,2,2,poles,3225425602,0,1,-0.0348104648,-0.663254499,1.72111678,2.6444025,0.124148846,0.0642286837,0.0411061943,1.21890116,-0.0146439672,2.13622594,1.4713273,1.54111671,0.757328928,0.757328928,0.757328928,1.4713273
803,100,3,4,doorway,4011346201,0,1,-1.08738947,-0.490608573,2.26783252,-2.89597726,0.00683214376,0.00657074759,-0.0150489444,-0.693660498,-0.111943603,1.40057826,1.02495837,0.732610524,1.12633944,0.732610524,0.732610524,1.02495837
804,100,4,5,table,2013672842,0,1,-0.421980977,2.61952734,1.62087834,2.87789369,0.330817163,0.172046587,0.285131127,0.719467878,3.21315551,2.60469246,1.61962652,1.39801908,1.60684443,1.39801908,1.39801908,1.61962652
805,100,5,14,bent_hallway,1465967965,0,1,-0.925117195,-0.976760745,1.41192329,-2.00941491,0.161216065,-0.462062031,0.761627257,-0.676279724,-1.68995476,2.58749723,1.39733315,0.894882739,1.14372015,0.894882739,0.894882739,1.39733315
806,100,6,15,connected_rooms,3756658549,0,1,-0.5131495,-2.01417971,2.0875423,2.29256105,-0.204182208,0.11914961,-0.313973248,-1.26359725,-1.57625926,0.933570385,1.44450593,0.858552158,0.556402743,0.556402743,0.556402743,1.44450593
807,100,7,16,vertical_choices,42708114,0,1,-0.0112107443,0.882681727,2.15150094,-2.29301977,-0.341982007,0.748666942,-0.446560532,-0.973051786,2.98834419,0.89552772,2.63370848,0.461479247,0.715527713,0.453895986,0.453895986,2.63370848
808,101,0,0,open,3673459123,0,1,-0.916188657,-1.86361456,2.18899989,-1.60427618,0.191823229,0.507106662,-0.289735675,-0.269775331,-0.15474689,1.21263742,2.07156038,0.903811276,1.03263736,0.903811276,0.903811276,2.07156038
809,101,1,1,boxes,2453245259,1,2,0.564325273,1.29945767,1.28221869,-0.469290286,0.308106244,-0.10154134,-0.0572650731,3.24147105,0.417161524,0.784640551,2.8623662,0.9954831,0.380540848,-0.225052416,0.169116586,5.53605747
810,101,2,2,poles,1806918686,1,2,0.710705936,-2.56998038,1.90442598,1.55408394,0.541537583,0.388197809,0.560222387,2.31338882,-1.42110717,3.56240654,2.5763154,0.403824806,0.693439722,-0.411863148,0.148613155,5.83945799
811,101,3,4,doorway,504885937,1,2,0.779319108,0.611988187,1.52414405,-0.278347492,0.0931104794,0.0144926449,0.0235439017,2.89071345,0.94062674,2.05803084,2.20250416,0.859269679,0.653240025,-0.285157382,0.18193537,2.96680689
812,101,4,5,table,4293966221,1,2,0.85867244,-1.72724462,2.21236777,-2.87476015,0.0286944862,0.107312344,-0.0515409634,1.44842863,0.478339911,1.15304935,2.51685739,1.36533189,0.416512132,0.0164229721,0.155812651,2.99520397
813,101,5,14,bent_hallway,3743823118,0,1,-1.01120293,-2.25344396,1.02526999,1.10851991,-0.055575572,-0.0704451278,0.36790815,-1.20969343,-2.50504184,2.33926964,1.35251439,0.808797061,0.610306561,0.610306561,0.610306561,1.35251439
814,101,6,15,connected_rooms,3762936863,1,2,0.123453319,-1.36593425,1.84825611,-2.37554336,0.440117627,-0.17400527,-0.165067703,2.34456778,-2.24407578,1.01521909,2.52951217,0.363838494,0.695864141,-0.0619202107,0.217731208,3.43240762
815,101,7,16,vertical_choices,4236899210,1,2,0.0801714733,-1.47936273,2.34364343,0.95599699,0.345240057,-0.544158936,-0.255194396,1.42990816,-3.60678482,1.3459456,2.70981812,0.5433532,0.572964668,-0.0287154317,0.370000184,5.8042531
816,102,0,0,open,1467419512,0,1,-0.302452296,2.42183971,1.45388985,0.0347239189,0.135548487,-0.192747474,0.25000459,0.695410013,1.00289774,3.29433942,2.52910662,1.27388978,1.52566051,1.27388978,1.27388978,2.52910662
817,102,1,1,boxes,580151434,0,1,-0.507815421,1.16176093,2.01810932,2.40337229,-0.0154682463,-0.0321653187,0.0215302128,-1.48637128,-0.873088956,3.3801589,2.63692331,1.31218457,0.333628714,0.333628714,0.333628714,2.63692331
818,102,2,2,poles,3557735714,0,1,-0.284763753,0.288027048,1.46752763,-2.56322169,-0.0492485799,0.405087322,0.223764017,-0.587218344,2.77582502,2.84174919,2.85816431,1.07450604,1.23278165,1.07450604,1.07450604,2.85816431
819,102,3,4,doorway,673458284,0,1,-1.32418954,-1.28890443,2.09234023,-2.08686376,0.0672273189,0.703889906,-0.112163015,-1.19997728,0.0116349459,1.88510275,1.32279205,0.495810449,0.620022714,0.495810449,0.495810449,1.32279205
820,102,4,5,table,266331250,0,1,0.0382715091,-0.689871311,1.20800579,0.355706781,-0.03988396,-0.137417167,0.0315077081,-0.239124209,-1.64561725,1.42714405,1.01902914,1.00126767,1.24714398,1.00126767,1.00126767,1.01902914
821,102,5,14,bent_hallway,2608396356,0,1,-1.30187535,-0.0504956245,0.983771443,2.98285913,0.0381234922,0.608396471,0.208142146,-1.12934947,2.70277047,1.92570758,2.91504431,0.51812464,0.690650523,0.51812464,0.51812464,2.91504431
822,102,6,15,connected_rooms,715530700,0,1,-0.82442534,-2.00132608,1.27517462,2.88349628,0.326581061,-0.224731296,0.8509444,-0.0417234898,-2.53992939,3.31459403,2.24987721,0.995574653,0.455085099,0.455085099,0.455085099,2.24987721
823,102,7,16,vertical_choices,2979335649,0,1,-1.20262671,-0.50295496,2.41565657,1.34427798,0.0533282943,-0.132051528,0.56643343,-1.07337916,-0.822997689,3.78847599,1.41554415,0.617373288,0.746620834,0.617373288,0.617373288,1.41554415
824,103,0,0,open,273326497,0,1,0.50938046,0.879847884,1.64979553,2.38610673,0.383063197,0.653105199,0.114884026,1.70601988,2.92006302,2.0086782,2.39232516,1.46979547,1.82867813,1.46979547,1.46979547,2.39232516
825,103,1,1,boxes,4213411345,1,2,0.61432606,0.0150200129,1.08956146,-1.51952791,0.399193972,0.555120885,0.50794071,1.98465943,1.92061174,2.83319545,2.92392778,0.686705649,0.337353706,-0.381513238,0.234280884,5.55730009
826,103,2,2,poles,3014252114,1,2,0.147810921,-2.67212963,2.52474737,0.366869718,0.279770136,-0.189943463,-0.130626693,2.13475394,-4.02111864,1.59702933,2.57456303,1.08110428,0.32136929,-0.0523575544,0.220000088,3.99701548
827,103,3,4,doorway,1921198148,1,2,0.765618682,0.327049613,2.14123011,-2.77420092,0.942301512,0.0977594256,0.15743646,3.17386389,0.576893926,2.54359126,2.45437598,1.09140754,0.716982067,-0.294481099,0.153372854,3.42115355
828,103,4,5,table,1314387968,0,1,0.0591202118,-1.16466129,1.59426379,-2.68792844,-0.496882498,0.428122491,0.232179508,-0.772697151,-0.447953165,1.98294914,1.16476047,1.29202819,1.04730272,1.04730272,1.04730272,1.16476047
829,103,5,14,bent_hallway,1139837976,0,1,-1.13724351,-0.168755651,0.826142967,0.989856184,-0.0502171367,-0.494615048,0.0336348526,-1.29014695,-1.67478216,0.928555906,1.51722896,0.64614296,0.529853046,0.529853046,0.529853046,1.51722896
830,103,6,15,connected_rooms,973195136,1,2,-0.530135512,0.0280973911,1.49005067,-0.586963356,0.716599941,0.379948676,0.16426526,1.67009699,1.19468331,1.99440706,2.54092932,0.901445091,0.442855537,-0.293474257,0.200124413,4.41972446
831,103,7,16,vertical_choices,3792861037,1,2,-0.921302319,-1.97263098,1.82271123,-3.05222964,0.626451254,-0.107091345,-0.173192054,1.74590898,-2.42858863,1.08531976,2.8045783,0.898697674,0.857142866,-0.287313461,0.370000184,6.5816927
832,104,0,0,open,2909182285,0,1,0.32206282,0.553632617,0.957914233,1.22138429,0.832295716,-0.15498583,0.486968905,2.54470038,0.139744461,2.25835991,2.60817575,0.777914226,2.07835984,0.777914226,0.777914226,2.60817575
833,104,1,1,boxes,1641818345,0,1,-0.22877796,0.256506085,0.885302067,-1.92074215,-0.00902797095,-0.0257568676,0.00505991373,-0.626732349,-0.878860712,1.10834384,1.22359025,0.70530206,0.928343832,0.70530206,0.70530206,1.22359025
834,104,2,2,poles,760897452,0,1,0.28114447,-0.912890911,2.26756144,-0.431887895,-0.382287592,0.0984863266,0.615172148,-1.08189905,-0.56173861,4.46095324,2.60617781,1.20702887,0.359046757,0.359046757,0.359046757,2.60617781
835,104,3,4,doorway,4195781199,0,1,-0.793535888,-1.28083599,1.16621304,2.11067891,-0.0786121786,0.203808218,0.00163039053,-1.4449861,0.408099771,1.17972386,1.81026912,0.986213028,0.375013888,0.375013888,0.375013888,1.81026912
836,104,4,5,table,296687297,0,1,0.0776841044,-0.125852823,1.56689823,-2.90454292,-0.0984996557,-0.185431734,-0.061645437,-0.883299172,-1.93496358,0.96547246,2.13496685,0.999982655,0.785472453,0.785472453,0.785472453,2.13496685
837,104,5,14,bent_hallway,4095180703,0,1,-0.430021763,-1.93551064,1.93369555,-1.37378061,0.0385593921,-0.216314822,-0.266329885,-0.30366987,-2.64433384,1.06098247,1.13138115,1.155231,0.880982459,0.880982459,0.880982459,1.13138115
838,104,6,15,connected_rooms,58793282,0,1,-1.05309188,-2.8193357,0.813867569,1.13233471,0.229946688,-0.40561676,0.24946481,-0.553041458,-3.70140457,1.35636282,1.14995527,0.633867562,0.92911762,0.633867562,0.633867562,1.14995527
839,104,7,16,vertical_choices,869573165,0,1,-0.596261203,-1.63092327,2.00583744,2.42584682,0.189180017,-0.0191821959,0.369714171,0.113767982,-1.70291781,3.39344621,1.56037903,0.932143152,1.42655373,0.917336643,0.917336643,1.56037903
840,105,0,0,open,4247726904,0,1,-1.23781371,1.17764783,1.1117295,-0.232419819,0.252700001,-0.0114570362,0.104240671,0.419233322,1.10251987,1.79527402,1.79406869,0.582186282,1.61527395,0.582186282,0.582186282,1.79406869
841,105,1,1,boxes,949456184,1,2,0.842304647,1.67935538,2.56994486,-1.30557466,0.215184972,0.512172759,-0.378901124,1.74095583,3.81828117,0.987585425,2.80828047,0.406033278,0.771467865,-0.15286541,0.220000088,4.74106598
842,105,2,2,poles,3875934431,1,2,-0.1378299,1.64848888,1.06614673,2.84914327,0.305946022,0.0728306547,0.0737265423,2.39238405,2.250808,1.67587495,2.67143011,0.751273274,0.416087508,-0.517440319,0.0257391334,6.28040838
843,105,3,4,doorway,2765663534,1,2,0.0892894119,-1.99000168,1.17942595,-0.605980098,0.867939889,0.435387999,-0.0194918178,2.63613153,-0.71241951,1.12223005,2.84989333,0.999425948,0.521224558,-0.283041298,0.0648423135,5.46848631
844,105,4,5,table,1626407900,0,1,-0.632465303,2.69523168,1.17415261,1.76673472,0.365595132,0.303565234,0.354517937,0.452707112,3.59628463,2.2264452,1.75977707,0.994152606,1.22371531,0.994152606,0.994152606,1.75977707
845,105,5,14,bent_hallway,269480643,0,1,-1.05622518,1.3470701,2.1509943,-2.67012691,0.234634727,0.453326941,0.0568229966,0.192704558,3.76006985,2.45345569,2.73383904,0.763774812,0.406077802,0.406077802,0.406077802,2.73383904
846,105,6,15,connected_rooms,1521268961,1,2,-0.240458086,-2.69469595,1.76127779,1.99104238,0.238918781,-0.0144674378,0.236489475,1.56215751,-2.80385113,3.54556465,2.53870392,0.574392021,0.628223538,-0.290756941,0.0681319386,5.23374462
847,105,7,16,vertical_choices,4003756483,1,2,-0.630333245,-2.56359529,1.29838085,-1.78156936,0.787504315,0.080885604,0.267445564,1.71997905,-2.32219172,2.09657407,2.49386358,0.904740512,0.468050182,-0.0850294381,0.384346306,3.37834978
848,106,0,0,open,2008703775,0,1,-0.791421473,-2.43779993,1.89331007,-1.92448151,0.197739288,0.126959503,0.319092751,0.410603464,-1.66603374,3.83302307,2.40893626,1.02857852,0.986976922,0.986976922,0.986976922,2.40893626
849,106,1,1,boxes,2670899030,0,1,-0.0326671302,1.28288019,0.881544292,0.547111332,0.141565889,0.32256344,0.105418637,0.664994001,2.87252855,1.40106559,1.8120749,0.701544285,0.370116889,0.370116889,0.370116889,1.8120749
850,106,2,2,poles,744129723,0,1,0.751214862,0.71468389,1.9129442,-2.20869946,-0.0400528349,0.0377730057,-0.0384348296,-0.668601632,2.05368352,0.550483704,2.3801465,0.380847216,0.370483696,0.370483696,0.370483696,2.3801465
851,106,3,4,doorway,1884521324,0,1,-1.32505763,0.0426117182,1.08437169,2.35059118,0.17076081,-0.664770365,0.0144246118,-1.0273236,-1.11646438,1.1095221,1.19696927,0.494942367,0.792676389,0.494942367,0.494942367,1.19696927
852,106,4,5,table,1221050658,0,1,0.218101263,2.55830479,2.08407187,-1.112499,-0.18175517,0.0794919133,-0.299691975,-0.677751422,2.95011234,0.6069206,1.77145171,1.89862299,0.426920593,0.426920593,0.426920593,1.77145171
853,106,5,14,bent_hallway,907782720,0,1,-1.01434469,0.199794888,1.6994921,-2.44581103,0.0403550155,-0.622062564,-0.251362473,-0.930352807,-1.09491956,1.17632508,1.3989439,0.805655301,0.889647186,0.805655301,0.805655301,1.3989439
854,106,6,15,connected_rooms,3418805735,0,1,-0.816494584,-2.55060339,1.85633361,-3.0388124,0.334047705,-0.395925313,0.417874724,-0.161687255,-3.3267045,2.67546034,1.30463564,1.00350547,0.507110238,0.507110238,0.507110238,1.30463564
855,106,7,16,vertical_choices,312948822,0,1,-0.798907876,1.21805012,1.99564576,0.849978924,-0.0176435672,-0.410447955,0.533760905,-0.83465308,0.386497557,3.07702589,1.36460268,1.02109218,0.985346854,0.985346854,0.985346854,1.36460268
856,107,0,0,open,3356695304,0,1,0.44905749,-0.302712321,2.48297143,-0.952166915,-0.265256464,-0.430321187,0.583829403,-0.381823987,-1.65063775,4.31174135,2.41902184,2.26905751,0.508258641,0.508258641,0.508258641,2.41902184
857,107,1,1,boxes,2469495177,1,2,0.429258198,1.36524904,1.38865149,-1.67955327,0.740707219,-0.347759068,0.566456079,2.5697751,0.360284805,3.02561259,2.87600565,0.741067529,0.444627881,-0.361930192,0.134835303,3.68833065
858,107,2,2,poles,3883374783,1,2,0.0290334076,2.16780853,1.87651861,-0.952628672,0.253078163,0.301549733,0.15388304,1.79062879,4.26679897,2.94764876,2.94215894,1.14473772,0.437409103,-0.192850649,0.220000088,4.32610846
859,107,3,4,doorway,2960805591,1,2,0.528707504,-0.676609397,1.32530522,1.44321227,0.266731977,0.0528704301,-0.0864508525,2.98379564,-0.189972699,0.529583395,2.62629914,1.03806758,0.349583387,-0.29471761,0.0207702816,4.10052776
860,107,4,5,table,2496759472,0,1,-1.0532254,-2.43054628,2.13338947,-2.51497984,0.837743461,-0.405649781,-0.054813005,0.403843045,-3.13608384,2.03805447,1.62170291,0.766774595,1.68391609,0.766774595,0.766774595,1.62170291
861,107,5,14,bent_hallway,2275019978,0,1,-1.33998406,-1.24724364,0.925116241,-2.66038013,0.585564494,0.0592992194,0.690300286,0.15913403,-1.09543025,2.69237113,2.32241082,0.480015934,0.517056048,0.480015934,0.480015934,2.32241082
862,107,6,15,connected_rooms,1718456130,1,2,-1.0325731,-1.74538493,1.78410554,0.746961057,0.832279623,-0.0865100026,0.380674839,1.3391248,-1.99190736,2.86889195,2.61963463,0.787426889,0.334159732,-0.29232645,0.0444341451,3.90322256
863,107,7,16,vertical_choices,109427586,1,2,-0.0569653697,-0.395832539,2.27654552,-0.283390224,0.510286987,-0.502098441,-0.637187421,1.33571529,-1.7661649,0.537526965,2.61563683,0.569969654,0.357526958,-0.298699379,0.272198647,6.41549778
864,108,0,0,open,1486092991,0,1,0.693156838,-2.43042135,2.58599234,-0.0871867388,0.814625382,-0.0982665494,-0.00156318268,2.74684572,-2.67815351,2.58205152,2.06858063,2.2340076,2.14184642,2.14184642,2.14184642,2.06858063
865,108,1,1,boxes,4280416411,0,1,0.460274994,-2.48957276,1.94961321,0.0421017073,-0.575870872,-0.513505101,-0.392952085,-0.618254602,-3.45129943,1.2136662,1.62165427,0.999480903,1.03366613,0.999480903,0.999480903,1.62165427
866,108,2,2,poles,2736876741,0,1,-0.560608983,0.501024127,1.2290982,-1.77091718,0.284841716,0.334954292,-0.0744712427,0.679639101,1.95947063,0.904838085,1.94175851,1.04909825,0.546107709,0.546107709,0.546107709,1.94175851
867,108,3,4,doorway,1310551227,0,1,-0.0240055248,-1.62132168,1.44558656,0.191206068,0.222599894,-0.143167153,-0.258749008,0.783429563,-2.14063096,0.507027984,1.34258175,1.26558661,0.327027977,0.327027977,0.327027977,1.34258175
868,108,4,5,table,2474042684,0,1,0.305997163,-1.29989219,2.07521367,1.8683418,-0.560125411,0.00842055399,0.407497108,-0.710321426,-1.28461349,2.81459618,1.2569102,1.19884777,1.10967851,1.10967851,1.10967851,1.2569102
869,108,5,14,bent_hallway,1739108954,0,1,-0.672462583,1.9246155,1.8316592,-2.62656832,0.280952424,-0.270907342,0.161849171,0.133781254,1.14719772,2.29611468,1.2124877,1.14753747,0.479316056,0.479316056,0.479316056,1.2124877
870,108,6,15,connected_rooms,3186329028,0,1,-0.432065815,-0.885191202,1.02425432,-2.23147106,-0.356357962,-0.586674213,-0.108457185,-1.08675456,-1.96300912,0.825000465,1.27671874,0.844254315,0.645000458,0.645000458,0.645000458,1.27671874
871,108,7,16,vertical_choices,1397750598,0,1,-1.01757407,-0.216830492,2.35562086,2.77323627,0.00667332904,-0.163150087,-0.795789003,-1.00630975,-0.492220998,1.01236248,1.37124395,0.802425921,0.813690245,0.802425921,0.802425921,1.37124395
872,109,0,0,open,525564947,0,1,-0.397253305,-1.93924785,1.20499635,0.914191127,0.18197675,-0.553249061,-0.166536659,-0.0208129585,-3.08370876,0.860495687,1.25306773,1.02499628,0.680495679,0.680495679,0.680495679,1.25306773
873,109,1,1,boxes,1862900710,1,2,0.576799572,1.71271169,0.81449616,-1.9628067,0.299142152,0.0793338194,0.277283818,2.57716203,2.24321651,2.66869211,2.77865577,0.634496152,0.323768914,-0.436997324,0.0916106403,5.91608667
874,109,2,2,poles,1637735268,1,2,-0.154591337,-1.71264374,1.17514646,-1.39183486,0.452949107,0.0270936824,-0.0619207993,2.72350097,-1.54048729,0.781694353,2.90995836,0.995146453,0.427562058,-0.0368844569,0.220000088,6.92630434
875,109,3,4,doorway,4175293992,1,2,0.756299317,-0.428978205,1.24412155,-1.18309915,0.435989112,-0.176574156,0.397464365,2.84833193,-1.27624452,3.15129852,2.95495939,0.841761649,0.710422099,-0.299272954,0.223942548,3.78584433
876,109,4,5,table,2580406539,0,1,0.0296480991,2.89093566,1.57403195,0.948664129,0.0649588034,0.0669654608,0.0107451323,1.35433054,4.25653934,1.79315376,1.91511655,1.394032,0.563460648,0.563460648,0.563460648,1.91511655
877,109,5,14,bent_hallway,742855630,0,1,-1.30712235,0.256996036,1.47539306,-0.17707254,0.017705204,0.011869547,0.0102074631,-0.38515532,0.875081599,2.00692844,1.2306838,0.512877643,1.01463294,0.512877643,0.512877643,1.2306838
878,109,6,15,connected_rooms,740215302,1,2,-0.513462067,-2.48318529,2.08344889,1.8207525,0.81420213,0.330196053,-0.219016418,1.81728125,-1.53796268,1.45649028,2.59208155,0.880308568,0.690302193,-0.285063088,0.0962439179,3.47158194
879,109,7,16,vertical_choices,2467084934,1,2,-0.0516322777,1.09328234,2.51581478,1.75514817,0.0823079124,0.036934372,-0.0699089617,1.91049206,1.97375464,0.849266887,2.72076201,0.713296711,0.66926688,-0.0272824764,0.10983932,3.32408476
880,110,0,0,open,2852502367,0,1,0.256039143,0.621663094,2.48404884,0.234626412,0.162294984,0.488419145,-0.387182027,0.884885907,2.514148,0.983828902,2.49551749,2.07603908,0.803828895,0.803828895,0.803828895,2.49551749
881,110,1,1,boxes,1917226190,0,1,0.627223849,1.04401553,2.4715445,-0.0168164894,-0.251423955,-0.830150664,-0.15725176,-0.0874239206,-1.31560576,2.0245719,2.5056572,0.562354028,1.16648746,0.562354028,0.562354028,2.5056572
882,110,2,2,poles,4037065612,0,1,-1.11903322,1.35910177,1.16976678,-1.88490403,0.803798974,-0.0371470563,0.246912315,1.33180273,1.24583793,1.92261863,2.56636143,0.700966775,0.889470518,0.700966775,0.700966775,2.56636143
883,110,3,4,doorway,1250587248,0,1,0.0652263537,0.422899604,1.59476244,-0.528326094,-0.100993589,0.193766639,0.435054004,-0.24890855,1.02559996,2.94797373,1.51430154,1.4147625,1.57109141,1.4147625,1.4147625,1.51430154
884,110,4,5,table,2500994786,0,1,0.775578916,-1.99880826,1.16932905,-0.390306354,-0.481163144,-0.379915804,0.401858151,-0.0563923717,-2.65571451,1.86417532,1.26748312,0.98932904,1.68417525,0.98932904,0.98932904,1.26748312
885,110,5,14,bent_hallway,2817677615,0,1,-0.292059779,2.43833923,1.48524666,-2.19760394,-0.276912153,0.433428407,0.143583238,-0.949251354,3.46698856,1.8260107,1.26733589,0.928649843,0.87074858,0.87074858,0.87074858,1.26733589
886,110,6,15,connected_rooms,111159229,0,1,-0.71887219,2.42774296,0.895478368,-2.36646771,0.00895823259,-0.0622819588,-0.00924710277,-0.528717279,1.10569441,0.699191689,1.3499999,0.715478361,0.519191682,0.519191682,0.519191682,1.3499999
887,110,7,16,vertical_choices,271631308,0,1,-1.3870461,2.6638751,2.00618672,-0.95571053,0.189964488,-0.460050344,-0.699172616,-1.03127635,1.80228257,0.696760654,1.6073302,0.432953894,0.516760647,0.432953894,0.432953894,1.6073302
888,111,0,0,open,3059981863,0,1,-0.338116109,1.50624132,2.58670402,-2.25186205,-0.0784000829,-0.127359644,0.206466898,-0.785228729,0.7799142,3.76417685,1.4539268,1.48188376,1.0347712,1.0347712,1.0347712,1.4539268
889,111,1,1,boxes,1514208723,1,2,0.950098455,-0.37729454,1.80155277,2.58884215,0.747291923,0.606862903,0.214835286,2.82574463,1.14588547,2.34077311,2.47565842,0.542630494,0.323734522,-0.282653779,0.0550685227,3.26066732
890,111,2,2,poles,4001041518,1,2,-0.339161098,-1.16868496,2.06030202,-2.68185019,0.0254292171,-0.000669689965,-0.00231102319,2.23859787,-1.23657143,1.82603371,2.5892725,1.27081275,0.320540965,-0.0514312685,0.299990028,3.53018451
891,111,3,4,doorway,2482846009,1,2,0.246279761,1.28206158,1.15063035,-1.95042813,0.0974397212,-0.0435311124,0.0190586764,2.64779997,0.209184408,1.62035453,2.67189169,0.970630348,0.687107265,-0.126274049,0.152233154,3.24295092
892,111,4,5,table,1560109654,0,1,0.759055495,1.92417777,1.09237206,1.34530795,0.110644214,0.0956312865,-0.0317659788,1.7336266,2.76651263,0.812572479,1.31818235,0.79460901,0.632572472,0.632572472,0.632572472,1.31818235
893,111,5,14,bent_hallway,2919253310,1,2,-0.327840298,2.75964832,1.64024687,-1.17936766,0.670099795,0.595162153,0.145885527,1.38633323,4.282125,2.01343465,2.32284212,0.982917249,0.348682106,-0.146076918,0.220000088,3.45926857
894,111,6,15,connected_rooms,2043363604,1,2,-0.979847729,-0.00133109093,1.63848507,-3.02788353,0.845789611,0.132054687,0.383482754,1.65389919,0.409880638,2.83263135,2.92090797,0.840152323,0.701600969,-0.280474126,0.121509373,4.08675003
895,111,7,16,vertical_choices,727674646,1,2,-1.24046862,1.03236938,1.27620411,-3.11702871,0.965060651,0.154571101,-0.127959922,1.69209158,1.50206947,0.887368262,2.99528313,0.579531372,0.707368255,-0.297568381,0.370000184,7.36373854
896,112,0,0,open,2058091596,0,1,0.113390386,1.06677103,1.82663691,-1.81999481,0.205095112,-0.459068447,-0.134235173,0.947489738,-0.800210118,1.28071713,2.11645198,1.64663696,1.10071707,1.10071707,1.10071707,2.11645198
897,112,1,1,boxes,1691231248,0,1,0.191514194,-2.90428805,1.83769643,-0.949233055,0.313874543,-0.269232094,0.323564738,1.86195087,-4.33713818,3.5597043,2.79441023,1.56247807,0.482861817,0.482861817,0.482861817,2.79441023
898,112,2,2,poles,2976467506,0,1,0.0791812763,2.23733044,2.51763225,1.57925272,-0.0593200028,-0.0593862198,0.075422436,-0.838401198,1.31872368,3.68429279,1.74553502,1.16470361,0.981598794,0.981598794,0.981598794,1.74553502
899,112,3,4,doorway,560914313,0,1,0.188471213,-2.44250631,1.7000711,-0.831621349,0.366165817,0.502327859,0.0716079548,1.26517725,-0.965417385,1.91063344,1.83995223,1.511554,0.434848011,0.434848011,0.434848011,1.83995223
900,112,4,5,table,779922012,0,1,0.679842353,-0.477699995,1.0809288,-0.580563784,0.344652712,-0.18248865,0.204040259,1.65664625,-0.994903624,1.6592133,1.24742067,0.421178699,0.323984683,0.0552681684,0.0552681684,1.24742067
901,112,5,14,bent_hallway,3768671391,0,1,0.22575593,2.0741663,1.80229115,0.288273811,0.00512236869,-0.118663438,-0.019993078,0.281261951,0.78832829,1.58564603,1.30514193,0.46153599,0.406029999,0.406029999,0.406029999,1.30514193
902,112,6,15,connected_rooms,2148287471,0,1,-1.34120977,-2.58704472,2.12342477,-2.07142615,-0.0206732247,0.485503912,0.759126604,-1.38547993,-1.54737318,3.74903941,1.9301554,0.478790224,0.434520066,0.434520066,0.434520066,1.9301554
903,112,7,16,vertical_choices,4177301560,0,1,-0.897886276,-1.07123852,1.9096458,-0.199109286,0.115201302,0.0601501986,0.136214465,-0.0192087293,-0.61245352,2.94859743,1.43595898,0.922113717,1.20120883,0.922113717,0.922113717,1.43595898
904,113,0,0,open,1517327589,0,1,-0.599096358,-1.79982197,1.51075602,-2.30290079,-0.0841949955,0.421158701,-0.415697813,-0.788807511,-0.85085243,0.574091077,1.34680164,1.22090364,0.39409107,0.39409107,0.39409107,1.34680164
905,113,1,1,boxes,672804920,1,2,0.228828669,-2.20550013,2.40003204,0.799529076,0.242259055,-0.0817931071,-0.169121951,2.25579286,-2.88985729,0.98500073,2.5650034,0.513251126,0.724375665,-0.451606035,0.103057623,4.99526024
906,113,2,2,poles,4143368450,1,2,0.597067773,1.94457543,2.12291169,-1.1570586,0.569517136,0.660017192,0.0812323317,2.31441402,3.93481946,2.36786318,2.6401422,0.895945132,0.870879233,-0.0207150578,0.220000088,4.3581357
907,113,3,4,doorway,2747336381,1,2,0.716772735,0.735963821,1.52832687,-1.79000354,0.655269504,0.322881579,-0.114539705,3.22286344,1.97083044,1.09026766,2.82794666,0.922187746,0.910267651,-0.291125834,0.0566356331,3.61746883
908,113,4,5,table,2583367458,0,1,0.962256074,2.72418499,1.56010067,2.39838099,0.141471431,0.74328649,-0.0588266328,1.19033873,3.92252445,1.46525931,1.22353351,1.36319542,0.897475541,0.897475541,0.897475541,1.22353351
909,113,5,14,bent_hallway,1033628388,1,2,-0.573311627,2.7938509,2.01115942,-0.888545692,0.126152873,0.123520076,0.0565743558,1.11511445,4.4470396,2.76834893,2.48136091,1.19608808,0.348746479,-0.01929681,0.220000088,3.48800659
910,113,6,15,connected_rooms,3238694895,1,2,-0.0680236518,-0.689504385,2.06502819,2.10473561,0.50350827,0.16309227,0.122275919,1.58642876,-0.153607726,2.46680856,1.78488815,0.436303616,0.58837074,-0.251744688,0.187674403,3.43182707
911,113,7,16,vertical_choices,3462144759,1,2,-1.30280399,2.40079165,2.55252981,0.321951717,0.648239076,0.176938698,-0.306796312,1.14218044,3.06815696,1.39537621,2.78609586,0.517196,0.304734647,-0.259405673,0.140948385,5.58876133
912,114,0,0,open,1546042780,0,1,0.93651545,-0.879840016,1.8750788,0.923902094,0.0584849343,0.095378153,-0.0449869744,1.74384713,0.436769247,1.25407422,1.6645993,1.69507885,1.07407427,1.07407427,1.07407427,1.6645993
913,114,1,1,boxes,1598463453,0,1,-1.21886992,-2.81519365,2.54659629,1.44651091,-0.194618866,-0.527550519,0.398783565,-1.51914144,-3.62913513,3.16186714,1.06358922,0.601130068,0.300858557,0.300858557,0.300858557,1.06358922
914,114,2,2,poles,2334459631,0,1,-0.604056358,-0.753026962,2.10633802,-1.10589719,-0.101064362,0.366461962,0.020925222,-1.27434719,1.67746472,2.24512076,2.52504277,1.21594357,0.545652807,0.545652807,0.545652807,2.52504277
915,114,3,4,doorway,1859927248,0,1,0.414621919,-2.97844934,2.38444018,2.73011398,-0.406211823,0.418881267,0.757247925,-0.136864811,-2.40976214,3.41250515,1.29786754,1.52873445,1.40749478,1.40749478,1.40749478,1.29786754
916,114,4,5,table,3588004710,0,1,-0.0429871269,0.546436429,1.26587796,2.4944737,0.0932218954,0.0937192589,0.00901584141,1.15460551,1.75041854,1.38170171,1.70212102,1.0858779,0.775364578,0.561433494,0.561433494,1.70212102
917,114,5,14,bent_hallway,3115463978,0,1,-1.11910272,-2.55719137,1.29071105,2.04613972,0.377723008,0.157532021,-0.20538637,-0.168232799,-2.1606245,0.773676813,1.15271127,0.700897276,0.593676805,0.593676805,0.593676805,1.15271127
918,114,6,15,connected_rooms,2855787753,0,1,-0.453698993,1.46442997,2.50174117,-2.01977372,-0.00269578979,0.458356887,0.861205339,-0.459500939,2.45091486,4.35524464,2.09968114,0.825741827,0.464755356,0.464755356,0.464755356,2.09968114
919,114,7,16,vertical_choices,1795646450,0,1,-0.421872109,-0.515838146,1.37046707,2.8325305,-0.45527935,-0.758293033,-0.0436591208,-0.975434184,-1.43782651,1.31738305,1.0767132,0.704270542,0.844565809,0.704270542,0.704270542,1.0767132
920,115,0,0,open,546314542,0,1,-0.602654874,-1.69885147,1.33255887,-2.97800207,0.623420656,0.432543427,0.394565701,0.364975929,-1.02748716,1.94497681,1.32743931,1.1525588,1.76497674,1.1525588,1.1525588,1.32743931
921,115,1,1,boxes,2335669023,1,2,0.838338435,-1.65570796,1.67340767,-2.72562218,0.586229324,-0.290704191,0.283040911,3.12164211,-2.7879715,2.77582335,2.77683568,0.472481787,0.400491416,-0.313835233,0.220000088,5.86908197
922,115,2,2,poles,1692918390,1,2,-0.073266618,-2.95713973,1.0573045,-2.73012447,0.386503458,-0.0325053521,0.0512745045,2.14235139,-3.14347553,1.35123384,2.24278355,0.877304494,0.35369885,-0.0544715673,0.160382092,3.90712357
923,115,3,4,doorway,1553618625,1,2,0.681753814,0.751435161,2.40049887,-0.527150512,0.954343915,-0.023856001,-0.0210702587,2.91344857,0.695648849,2.35122681,2.23293543,1.26731229,0.364382446,-0.280329287,0.0429576039,3.92511272
924,115,4,5,table,3556092446,1,2,0.254593879,2.02679658,1.25294673,-0.0982249603,0.0105492529,-0.0095908856,-0.00191205775,2.38239217,0.0923023224,0.867282152,2.90147042,1.07294679,0.408762515,-0.11159724,0.165538311,3.52798963
925,115,5,14,bent_hallway,164146750,1,2,0.080202803,1.89915133,1.21176481,-0.574702382,0.111447498,0.228484064,0.0497664437,1.29221547,4.38395882,1.75298429,2.81711936,0.528320968,0.436041176,-0.237160683,0.220000088,3.91811275
926,115,6,15,connected_rooms,2677819463,1,2,0.437527835,-0.961980343,1.5487119,1.25742531,0.0214489158,-0.0269550588,-0.0155457109,1.78564239,-2.65616894,0.571627498,2.37536979,0.521709263,0.391627491,-0.00353175402,0.316417813,3.1140871
927,115,7,16,vertical_choices,2295644961,1,2,-1.33739567,-0.305320501,1.41324949,-1.30720592,0.825464249,-0.00857482478,0.0272910297,1.44745207,-0.334249169,1.50532055,2.78651953,0.482604325,0.552650988,-0.287803233,0.370000184,6.5981226
928,116,0,0,open,2508943181,0,1,0.889435887,0.627507448,1.22120059,1.24172449,0.622309327,-0.307258606,-0.164621964,2.02477646,0.066945076,0.920864403,1.30131865,1.04120064,0.740864396,0.740864396,0.740864396,1.30131865
929,116,1,1,boxes,3939176027,0,1,0.803319633,-0.672355413,1.37883365,0.353002846,-0.465910882,-0.387393415,0.319798172,-1.18122578,-2.32245588,2.74101257,2.91835284,0.327772081,0.638774216,0.327772081,0.327772081,2.91835284
930,116,2,2,poles,2430365924,0,1,0.464418739,1.51868212,1.52670813,1.22411442,-0.128408,0.570409417,-0.209184438,-0.130164057,4.1599164,0.558096647,2.87538791,1.34670806,0.37809664,0.37809664,0.37809664,2.87538791
931,116,3,4,doorway,3938979013,0,1,-0.187843442,-2.8689599,1.47556424,-2.83166718,0.0430635512,0.109156251,0.0291035511,0.418208659,-1.33275652,1.88515115,1.70146441,1.29556417,1.20199203,1.20199203,1.20199203,1.70146441
932,116,4,5,table,1376181666,0,1,0.399192989,0.85400641,1.19142115,-2.81036711,0.106306463,-0.110339776,0.217512384,1.48593116,-0.273962975,3.41498327,2.71984243,0.670336068,1.40501666,0.492888451,0.492888451,2.71984243
933,116,5,14,bent_hallway,2544659012,0,1,-0.739355266,0.342289925,2.45308208,0.727048874,0.161295459,0.277680129,-0.101705417,0.0835434794,1.7589612,1.93420041,1.71853375,1.08064461,0.576064885,0.576064885,0.576064885,1.71853375
934,116,6,15,connected_rooms,272350678,0,1,0.0217974521,-1.48938346,2.43452263,-2.28073335,-0.0261856131,0.493096381,-0.0732438788,-0.101743981,0.837002277,2.08896446,2.35515261,0.326458633,0.450000107,0.326458633,0.326458633,2.35515261
935,116,7,16,vertical_choices,1272065546,0,1,0.517124772,1.10369754,2.46992755,2.15573192,-0.301391453,0.738058269,-0.441097766,-0.335084856,3.19061923,1.22268665,2.57625961,0.557993054,0.575903535,0.156857848,0.156857848,2.57625961
936,117,0,0,open,1385751747,0,1,-0.0679861754,1.34679329,0.85625267,0.508878291,-0.0306054763,-0.336648822,-0.0443181247,-0.261567056,-0.782524228,0.575938702,2.15639591,0.676252663,0.395938694,0.395938694,0.395938694,2.15639591
937,117,1,1,boxes,3747561816,1,2,0.643714368,-2.33788061,2.40676641,-0.0694227442,0.190151513,0.00804361049,-0.0575826727,3.47061205,-2.21829987,1.55071056,2.95609236,1.20033741,0.547553301,-0.147788972,0.171109289,5.85050631
938,117,2,2,poles,1154204425,1,2,0.193359554,-0.58701396,2.19979453,-3.05034041,0.640777767,0.148399636,0.346788019,2.12237549,-0.140267432,3.24377513,2.23843265,0.583635688,0.337610841,-0.3411569,0.0396751761,2.98681974
939,117,3,4,doorway,3596300929,1,2,0.262967676,1.27720678,2.03250813,-0.0326023363,0.114682816,-0.011353042,-0.0162568651,3.07184577,0.999141455,1.63433552,2.85055399,1.55525732,0.65362066,-0.285042107,0.0322035849,4.90655422
940,117,4,5,table,3077285318,1,2,0.340948731,2.8310523,1.05460811,0.118762173,0.0862140656,-0.213364601,0.00834285561,1.37723136,0.266435623,1.15488827,2.76788664,0.874608099,0.467099309,-0.126572818,0.232441276,3.0633328
941,117,5,14,bent_hallway,286634073,0,1,-0.755222499,2.6105504,2.53808808,1.92534447,0.007039838,0.0175158624,0.0351486392,-0.411047608,3.46689415,4.25649118,1.95056152,1.06477737,0.563508809,0.563508809,0.563508809,1.95056152
942,117,6,15,connected_rooms,1340923878,1,2,-0.592622697,-0.458246112,1.43506622,-1.90311146,0.407866508,-0.42791301,0.039578639,1.43281627,-2.58323479,1.63161123,2.94221163,0.956059515,0.51542294,-0.274154961,0.139228702,3.25316954
943,117,7,16,vertical_choices,909785882,1,2,-0.552104175,2.41760159,1.63022864,-0.545493066,0.563497007,-0.364709973,-0.0625950247,1.74360013,0.931761742,1.37521458,2.74645424,0.7994259,0.896391928,-0.285632908,0.135540694,6.4988699
944,118,0,0,open,1379280952,0,1,-0.339559644,1.09631681,1.6146661,-0.290938795,-0.166506603,-0.273483545,0.700972676,-0.863565683,0.235648036,3.82066822,2.42523789,1.43466616,0.956434309,0.956434309,0.956434309,2.42523789
945,118,1,1,boxes,3532652414,0,1,-0.186923906,-1.12527823,2.53212619,2.00228572,-0.0262388419,0.0314121619,-0.0798017532,-0.834095299,-0.350508869,0.563845277,2.21206427,1.63307619,0.38384527,0.38384527,0.38384527,2.21206427
946,118,2,2,poles,4023872279,0,1,-0.612325549,-1.421471,2.37728143,-0.0800377727,-0.174165308,-0.748765528,0.609856784,-1.00212979,-3.09730387,3.74221897,2.19622803,1.2076745,0.8178702,0.8178702,0.8178702,2.19622803
947,118,3,4,doorway,1278102521,0,1,-0.955126464,-1.21097553,2.53220057,-0.463234127,0.864572287,-0.0101814969,0.330943197,0.166404784,-1.22418308,2.96150327,1.20096111,0.864873469,1.82948875,0.864873469,0.864873469,1.20096111
948,118,4,5,table,3154990955,0,1,0.502236903,0.657805681,2.55585217,-0.910505235,-0.34442541,-0.633019567,-0.196279138,-0.498432457,-1.18132496,1.98559666,2.17000747,0.965779126,1.32156754,0.965779126,0.965779126,2.17000747
949,118,5,14,bent_hallway,642698715,0,1,-1.38771045,0.0576978922,2.30678821,-1.99484849,0.036970377,0.0420115069,-0.0125751188,-0.42947191,1.14659798,1.9808526,1.48666024,0.432289541,1.0283699,0.432289541,0.432289541,1.48666024
950,118,6,15,connected_rooms,1559913789,0,1,-1.13850951,-0.954822779,2.23848724,2.49392104,-0.116741069,-0.0852395594,-0.913150728,-1.28471649,-1.0615772,1.0948534,1.15787363,0.681490481,0.535283506,0.535283506,0.535283506,1.15787363
951,118,7,16,vertical_choices,1486274782,0,1,-0.0392580666,-1.08695698,2.05251646,-0.503804862,-0.01821802,-0.465512842,-0.430285424,-0.0957726836,-2.53103709,0.717716336,1.96729577,0.418023169,0.339469492,0.298634261,0.298634261,1.96729577
952,119,0,0,open,3790491496,0,1,-1.02118361,2.87119746,0.842510879,2.19077992,0.0491747223,-0.0148759093,0.0168420505,0.616675735,2.37572646,1.40346801,1.80076313,0.662510872,1.22346807,0.662510872,0.662510872,1.80076313
953,119,1,1,boxes,1572715175,1,2,0.323126256,0.0511558056,0.944657445,0.0800628662,0.646353722,-0.0695884824,0.496870637,2.65447807,-0.199844897,2.73683453,2.95128798,0.738603115,0.364277303,-0.465928555,0.0321135521,5.6306591
954,119,2,2,poles,3362790552,1,2,0.320764065,0.695086598,2.37848353,1.44621849,0.083224915,-0.00851445924,-0.0568003021,2.75464129,0.446084857,0.717382908,2.95719719,0.620895147,0.32816273,-0.652400076,0.0808590651,3.80530596
955,119,3,4,doorway,950546676,1,2,0.778638482,2.40138245,1.88796556,-3.08503509,0.2567918,-0.24101612,0.0246090386,2.83813238,0.468411088,2.08533239,2.83140373,0.988193572,0.484791756,-0.247457564,0.104451627,3.18810844
956,119,4,5,table,674403558,0,1,-0.955735862,2.03273606,2.19806457,0.437655658,-0.267773658,-0.550987422,-0.0187248997,-1.49959588,0.913656592,2.16003346,1.2448169,0.864264071,0.320404112,0.320404112,0.320404112,1.2448169
957,119,5,14,bent_hallway,499762668,1,2,-0.0875461325,2.01032829,1.24619722,-0.5498299,0.137633219,0.187383264,-0.0370531604,1.60630047,4.31644678,0.790185452,2.89745498,0.7648049,0.503553212,-0.286548197,0.220000088,4.19960833
958,119,6,15,connected_rooms,3190799173,1,2,-0.484737664,-1.4703573,0.889652848,-2.6328516,0.651273429,0.0183484443,0.353937447,1.85056376,-1.40456438,2.15878272,2.65869379,0.709652841,0.867674887,-0.147430837,0.252673209,3.58143926
959,119,7,16,vertical_choices,3037457533,1,2,0.625043452,-1.43732464,2.26313353,-1.49798775,0.202497363,0.0930406898,0.143616125,2.59321332,-0.533017099,3.65900826,2.57680631,0.379920542,0.492103755,-0.297266066,0.0665207356,5.31897736
960,120,0,0,open,300214226,0,1,-0.961616576,0.0988279581,1.14786541,2.68272471,0.293082744,-0.564189553,0.189580783,-0.514185488,-0.762485027,1.43728662,1.0128274,0.858383477,1.25728655,0.858383477,0.858383477,1.0128274
961,120,1,1,boxes,3150830568,0,1,-1.18746305,-2.98406029,2.10712504,-2.67339969,0.0520197861,-0.578880429,0.292175591,-1.06266749,-4.37279606,2.80805516,1.56059742,0.632536948,0.447203934,0.447203934,0.447203934,1.56059742
962,120,2,2,poles,3375509857,0,1,-0.379716367,-1.22831333,2.40894413,1.75685179,-0.0718589276,0.135220468,-0.00549759623,-1.21639264,0.346101403,2.34493399,1.78407013,1.27053285,0.603607357,0.603607357,0.603607357,1.78407013
963,120,3,4,doorway,1972254346,0,1,0.631840646,1.32561743,1.44727373,0.679655015,-0.0116950925,-0.942368984,-0.0902904421,0.600841641,-1.17222559,1.20794988,2.50947332,0.978300989,1.00929999,0.978300989,0.978300989,2.50947332
964,120,4,5,table,4049444370,0,1,-1.23710644,-0.468007207,1.89460135,-3.02713895,-0.0646821335,0.102893606,0.583479643,-1.42377687,-0.171059787,3.57850361,1.72004378,0.58289355,0.396223128,0.396223128,0.396223128,1.72004378
965,120,5,14,bent_hallway,1866430779,0,1,-0.171160966,-0.332074285,1.98097086,0.420839936,-0.0109077459,0.0509136543,-0.0417571329,-0.37941283,0.639974594,1.18373919,1.27429438,0.804356635,1.00373912,0.804356635,0.804356635,1.27429438
966,120,6,15,connected_rooms,1147658217,0,1,-0.679932535,0.447461486,2.54678655,-0.227212667,0.00626840582,0.223117813,-0.0476327389,-0.614889383,2.76260805,2.05253291,2.36821032,1.01611853,0.951075256,0.951075256,0.951075256,2.36821032
967,120,7,16,vertical_choices,1287740965,0,1,-0.127472848,-2.38996267,1.36114538,1.22274864,-0.192687154,0.119502403,0.216367692,-1.28108048,-1.67450821,2.65652704,1.87635267,0.433010995,0.538919508,0.433010995,0.433010995,1.87635267
968,121,0,0,open,1218714647,0,1,0.249621436,-1.4895941,2.35956955,0.266878963,0.230242848,0.699834883,-0.13815926,1.0963043,1.08394182,1.85151005,2.7564621,2.06962132,1.67150998,1.67150998,1.67150998,2.7564621
969,121,1,1,boxes,41342426,1,2,0.413579375,0.330075502,2.37462115,-0.433670551,0.608193517,-0.242607504,-0.165968239,2.377702,-0.453410149,1.83863711,2.18149185,0.712352574,0.537157953,-0.080629766,0.0328787565,3.18924499
970,121,2,2,poles,2488315999,1,2,0.486471504,-1.75213516,1.45728302,3.12982011,0.182554364,0.442962706,-0.0743542686,1.58512628,0.913717866,1.00980163,2.9178853,0.772879183,0.647911072,-0.22015956,0.0599839091,3.209306
971,121,3,4,doorway,329701781,1,2,0.644616127,2.73875237,2.24986672,-0.377416223,0.138852954,-0.024978742,-0.101125106,3.02636886,2.31029058,0.515261889,2.97744513,1.25089216,0.335261881,-0.297246993,0.0571676046,5.48125887
972,121,4,5,table,1373225215,0,1,-0.640456855,1.43204284,2.1740303,2.3642509,0.240960419,0.0373577438,-0.146968275,0.307587445,1.57902467,1.59579253,1.12015653,1.17954302,1.27015257,1.17954302,1.17954302,1.12015653
973,121,5,14,bent_hallway,2934941983,0,1,-1.0788703,0.615548015,0.860021532,-2.93300366,0.258613765,-0.244284049,-0.0225572009,0.208238363,-0.600242257,0.747755408,1.77409089,0.680021524,0.375753343,0.375753343,0.375753343,1.77409089
974,121,6,15,connected_rooms,448439965,1,2,-0.169052243,-2.38250828,2.41899109,-1.7498126,0.373307377,0.290662795,-0.370536089,1.48948622,-1.09114504,0.77276504,2.66991186,0.559204757,0.330135643,-0.105193928,0.0948824286,3.19307327
975,121,7,16,vertical_choices,3303405098,1,2,-0.816921771,-0.271444917,2.58763766,0.5213902,0.567385554,-0.304233074,-0.44375515,1.27372527,-1.39245319,0.952531934,2.88115168,1.00307822,0.462263882,-0.294694543,0.207599431,5.90112066
976,122,0,0,open,75148475,0,1,-0.384518027,-0.083376646,2.39253855,1.50473225,-0.0913283154,0.4844262,-0.0188675728,-0.643964767,1.29278803,2.33893919,1.40143311,1.43548203,1.17603517,1.17603517,1.17603517,1.40143311
977,122,1,1,boxes,3644095802,0,1,-0.15364334,-1.46346116,2.55505085,-2.71955204,0.0897304863,0.340105087,-0.0608014688,0.595620036,1.37646842,2.04734921,2.98066378,1.010885,1.01333952,0.73093462,0.73093462,2.98066378
978,122,2,2,poles,3065820210,0,1,-1.0306257,0.0147829056,1.43305552,-0.808943093,0.241066635,-0.214387909,0.186848983,0.833856344,-1.64335787,2.87820196,2.88343072,0.789374292,0.661116719,0.661116719,0.661116719,2.88343072
979,122,3,4,doorway,3114318585,0,1,-0.340387315,-0.481693268,2.27588773,2.07034707,0.0369375944,-0.018111553,0.0215841718,0.691345692,-0.987581313,2.87877226,1.29763842,1.47961259,1.21341443,1.21341443,1.21341443,1.29763842
980,122,4,5,table,1746439952,0,1,-0.737421632,-1.78662944,0.946450233,2.37437201,0.0617485195,0.0968689844,0.0725473538,-0.247834474,-1.01858163,1.52165842,1.07724535,0.766450226,1.2386539,0.766450226,0.766450226,1.07724535
981,122,5,14,bent_hallway,96924299,0,1,0.188186973,2.14527011,2.39498687,-0.165292054,0.0418926626,0.86841166,-0.303237468,0.255063981,3.53159356,1.91090167,1.46993327,0.445546925,0.378669918,0.378669918,0.378669918,1.46993327
982,122,6,15,connected_rooms,259029304,0,1,-1.29949868,-1.61560535,1.37860715,-0.909162998,0.11152032,0.977535009,-0.0810549483,-1.08431458,0.270597696,1.22220755,1.90486932,0.520501316,0.735685408,0.520501316,0.520501316,1.90486932
983,122,7,16,vertical_choices,3117518455,0,1,-0.0877052024,-1.9228034,1.43712842,-3.12009525,-0.0779722705,-0.924821675,0.141612887,-0.297687858,-4.4133873,1.8184979,2.52834797,0.346645296,0.406612694,0.346645296,0.346645296,2.52834797
984,123,0,0,open,4161873433,0,1,-0.737912595,2.26092625,1.50993323,3.1296494,0.606383026,0.585609496,0.0180836022,0.398387253,3.35829878,1.54382002,1.58004808,1.08208728,1.36382008,1.08208728,1.08208728,1.58004808
985,123,1,1,boxes,1693981417,1,2,-0.0217218567,1.85521388,1.45739734,2.98797178,0.704155922,0.380609632,0.108764857,2.54054856,3.24016953,1.85316896,2.93938208,0.83653599,0.573046148,0.0164171755,0.220000088,5.45771599
986,123,2,2,poles,2525757015,1,2,0.413337618,1.36377347,2.28201771,0.364919275,0.270317703,-0.298014134,0.136294335,2.12857103,-0.52720058,3.14683938,2.69550085,0.418905199,0.757617831,-0.278600037,0.221739292,5.22364044
987,123,3,4,doorway,2510701013,1,2,0.831439495,-1.62237239,2.48810863,0.074689813,0.647171617,0.188727215,0.0906516984,3.58180332,-0.820315421,2.87336206,2.89071226,1.14877701,1.00158691,-0.278754771,0.0248356462,5.47193336
988,123,4,5,table,340572249,1,2,0.810042799,0.611593723,1.11793995,0.841968954,0.0574336648,0.042397067,0.0139763216,3.08629155,2.29190207,1.67185879,2.88297939,0.318429112,1.13500667,-0.225978389,0.189486235,7.12141323
989,123,5,14,bent_hallway,378261402,0,1,-0.195908099,0.225186825,1.45751679,0.743555665,-0.0356093496,-0.234797001,-0.290602058,-0.314118147,-0.554253519,0.492824018,1.24584627,0.76644367,0.312824011,0.312824011,0.312824011,1.24584627
990,123,6,15,connected_rooms,4174846966,1,2,-0.363364071,0.54399097,1.90775299,-1.19178438,0.363400459,-0.111422986,0.220335484,1.80372488,-0.120464742,3.22169352,2.61996484,0.703897297,0.863191664,-0.281685531,0.0643570125,5.39928818
991,123,7,16,vertical_choices,551341487,1,2,-0.00988809299,1.47744441,2.37573814,-0.678994,0.0454745591,-0.020511305,-0.0337745734,1.94706917,0.59475863,0.922279477,2.59255815,0.597488701,0.74227947,-0.0423818678,0.109107614,3.27206278
992,124,0,0,open,3369334265,0,1,-0.237597346,2.67216492,1.64449322,-2.36453509,0.698432803,-0.0220143646,0.388932556,1.73497999,2.60998988,2.74295187,2.25865865,1.46449327,2.07704806,1.46449327,1.46449327,2.25865865
993,124,1,1,boxes,1579188557,0,1,-0.0578438453,-0.414348722,1.18736112,2.68716526,0.298135459,-0.126917049,0.157055601,2.21503496,-1.38191926,2.38469744,2.74513841,1.00736117,0.383086205,0.0964418352,0.0964418352,2.74513841
994,124,2,2,poles,1889972744,0,1,-0.255231678,-0.168702722,1.80604076,-0.119371869,0.098419629,0.837562084,0.266062915,0.0637477338,2.54584789,2.66835451,2.86602807,1.38720608,1.48761988,1.38720608,1.38720608,2.86602807
995,124,3,4,doorway,1713385499,0,1,-0.459592998,0.109386206,1.48777342,0.577613056,0.137526765,0.491999835,0.272461593,-0.2010355,1.03437161,2.0000155,1.08850443,1.30777335,1.61896443,1.30777335,1.30777335,1.08850443
996,124,4,5,table,425750939,0,1,0.973646104,-2.216079,1.3994236,1.96821833,-0.0464972854,-0.943909168,0.11945343,0.863556802,-4.45092583,1.68224752,2.25536013,1.21942353,0.369074166,0.369074166,0.369074166,2.25536013
997,124,5,14,bent_hallway,1346513821,0,1,0.278184742,-0.712186933,2.41691756,2.43691397,-0.0325517803,0.0291449688,-0.0123871109,-1.46395266,0.847621322,1.75397229,2.43054342,0.326310933,0.356047332,0.326310933,0.326310933,2.43054342
998,124,6,15,connected_rooms,1520583963,0,1,-0.629906535,-1.52945745,2.28991055,2.63682055,-0.153122142,0.161961779,0.138535082,-1.47735596,-0.633085251,3.05662847,1.45241523,1.01034093,0.342644036,0.342644036,0.342644036,1.45241523
999,124,7,16,vertical_choices,1098030267,0,1,-0.665406585,2.22744298,1.62149382,-1.31963134,0.159857079,-0.21580267,0.45790109,-0.220442384,1.62675345,2.89606738,1.47761929,0.964773118,1.28053045,0.903268754,0.903268754,1.47761929
1000,125,0,0,open,3079949853,0,1,0.893719852,-2.8892746,0.933955669,1.65647352,-0.0120705282,0.210926071,0.509457707,0.851379216,-2.14939451,2.72101569,1.93463147,0.753955662,2.09898424,0.753955662,0.753955662,1.93463147
1001,125,1,1,boxes,1064439585,1,2,0.215580404,1.91821861,1.99918759,-1.92441714,0.597711444,0.0284059793,0.0754577667,2.79212475,2.04066777,2.32446218,2.59988046,0.707337797,0.473222494,-0.0126631856,0.240195394,4.13363647
1002,125,2,2,poles,1475117002,1,2,0.650750875,1.66714668,2.29141307,0.313234687,0.761398971,0.276648879,-0.111961193,3.16674757,2.58131599,1.92144406,2.7023735,0.450905919,0.596263885,-0.0504977703,0.438907743,3.56136131
1003,125,3,4,doorway,4289011258,1,2,0.551627576,0.706690907,1.31113446,2.45160651,0.203756779,-0.0209983401,0.190950066,2.55406594,0.500327826,3.18771362,2.7520709,1.01010919,0.392329276,-0.286440313,0.0234518945,4.0382638
1004,125,4,5,table,2241566694,0,1,-1.14209044,0.863528967,0.957987487,2.49593854,-0.0379415601,-0.21472767,0.0150414314,-1.33994985,-0.256242514,1.03642619,1.13981974,0.677909553,0.480050147,0.480050147,0.480050147,1.13981974
1005,125,5,14,bent_hallway,1409436031,1,2,0.330615997,2.5259707,0.813505352,-0.135463312,0.0325167216,0.0536758229,0.0293419939,1.49426782,4.44682741,1.86354542,2.47918534,0.385686576,0.373172581,-0.141532496,0.220000088,3.49887371
1006,125,6,15,connected_rooms,280625629,1,2,-0.79352802,0.962497115,1.79844236,2.18770432,0.866227269,0.379617423,-0.243488863,1.70959377,2.05947113,1.09483683,2.82206154,1.02647185,0.693909526,-0.283877909,0.0962284207,6.29937553
1007,125,7,16,vertical_choices,3624762143,1,2,0.0505874977,-1.17282271,2.36608386,-0.806519628,0.0159935355,-0.00546578411,-0.0123843718,2.10281587,-1.8741709,0.776969314,2.68864584,0.578879714,0.596969306,-0.0544856787,0.15138644,3.3192029
1008,126,0,0,open,3274002210,0,1,-0.922810793,-0.552266836,1.73220134,1.08434951,0.0178021621,0.0606682561,0.340586454,-0.782304108,-0.0734319389,4.42034006,2.73406553,0.8971892,0.399659932,0.399659932,0.399659932,2.73406553
1009,126,1,1,boxes,2497226639,0,1,-0.152760431,1.71825564,1.9361881,0.797380567,-0.300955623,-0.0269685611,0.817755282,-1.0198853,1.64055276,4.29233599,2.51184702,0.798928559,0.527664006,0.527664006,0.527664006,2.51184702
1010,126,2,2,poles,538657892,0,1,-0.552298725,2.91950297,1.69523311,2.8649478,-0.127409637,0.540491939,-0.643110514,-0.727503955,3.66275144,0.810870469,1.16842306,1.26770115,0.630870461,0.630870461,0.630870461,1.16842306
1011,126,3,4,doorway,109846444,0,1,-1.00381482,1.91399753,0.892334402,0.179248437,-0.0383009017,-0.322419763,0.177218392,-1.31024432,-0.66554749,2.31018448,2.95943403,0.712334394,0.509755671,0.509755671,0.509755671,2.95943403
1012,126,4,5,table,18869285,0,1,-0.350091636,1.54870141,1.16238463,-1.65145504,0.365310013,-0.163810819,0.574207783,0.915783465,0.981062889,3.15213394,2.42564535,0.982384622,0.95804745,0.777498305,0.777498305,2.42564535
1013,126,5,14,bent_hallway,2123211233,0,1,0.0676801056,-0.440269232,1.59809256,-2.57466292,-0.0258682519,-0.660615146,0.684133589,0.00822135061,-1.95870781,3.17058897,2.18676376,0.563070476,0.622529328,0.563070476,0.563070476,2.18676376
1014,126,6,15,connected_rooms,573157761,0,1,0.0171966404,0.176769733,1.01262748,-1.70436954,-0.153070197,0.198710084,0.508110285,-0.73629868,1.15492964,3.51382494,2.78936195,0.347477317,1.08370137,0.347477317,0.347477317,2.78936195
1015,126,7,16,vertical_choices,3459632718,0,1,-0.120513409,2.09922171,2.01846981,-2.53134727,0.58255744,-0.203859374,0.775479138,0.563603044,1.85982287,2.92914057,1.16389358,0.49701637,1.00994611,0.49382633,0.49382633,1.16389358
1016,127,0,0,open,2870965716,0,1,0.860518217,2.5100534,1.56727803,0.405720711,-0.140779853,0.0867629051,0.103624873,-1.26739192,3.82148862,3.1335845,2.94977617,1.38727808,0.552608073,0.552608073,0.552608073,2.94977617
1017,127,1,1,boxes,3176150291,1,2,0.453433275,-1.31774032,1.55460179,0.450518489,0.803662419,-0.277804554,0.336170375,2.82263446,-2.13670969,2.54563379,2.69554615,0.7500633,0.666319966,0.0184566081,0.220000088,6.67015362
1018,127,2,2,poles,1836039850,1,2,0.530547023,2.19276857,1.17059255,-2.89882183,0.447282463,0.0898609012,0.019884469,2.73172045,2.63499355,1.26844835,2.24728775,0.720650375,0.395124316,-0.030965507,0.371076226,3.27186155
1019,127,3,4,doorway,711416937,1,2,0.968709528,-0.655575514,1.62493837,1.07980752,0.188737422,0.100165375,-0.0560191721,3.14789391,0.500945687,0.978134394,2.5504396,0.704601943,0.798134387,-0.29882437,0.0446635932,3.40596819
1020,127,4,5,table,1964756941,0,1,-0.0435777828,-2.47370267,0.804387987,0.29130432,0.253970265,0.265491992,0.465569079,1.16923976,-1.20586395,3.02768111,2.83220291,0.62438798,1.02272987,0.62438798,0.62438798,2.83220291
1021,127,5,14,bent_hallway,895271341,0,1,-1.39707661,0.840237379,1.52640033,0.857117772,0.0289314277,0.194054395,-0.132786095,-1.19917798,2.16762114,0.618108034,1.62052655,0.422923386,0.438108027,0.422923386,0.422923386,1.62052655
1022,127,6,15,connected_rooms,3966621235,1,2,-0.16395776,-1.67625296,0.865422606,-0.997977018,0.354612291,-0.335634261,0.274467975,1.42023587,-3.17566442,2.09157991,2.50227213,0.4865309,0.411407351,-0.290034592,0.0559781194,5.23561716
1023,127,7,16,vertical_choices,3736805906,1,2,0.755035043,1.84960556,2.20345211,1.74139702,0.634721935,0.217920423,0.457860887,2.5966692,2.48189783,3.53192711,2.35717106,0.331900001,0.398398697,-0.292214096,0.111461014,5.05562687
