step,time_s,x,y,z,vx,vy,vz,target_vx,target_vy,target_vz,goal_error,q_w,q_x,q_y,q_z,goal_dwell_s,actual_world_speed_mps
0,0.01,0,0,1.49946,0,0,-0.0981,0,0,0,4,0.999997,2.01077e-22,-2.83864e-19,0.00258639,0,0.0981
1,0.02,2.4201e-10,2.60047e-10,1.49798,1.47185e-07,1.58497e-07,-0.179967,0,0,0,4,0.999873,-1.31785e-05,1.25199e-05,0.0159091,0,0.179967
2,0.03,4.83347e-08,4.60182e-08,1.49606,1.44478e-05,1.22676e-05,-0.193719,0,0,0,4,0.999512,-0.00013321,0.000236297,0.0312515,0,0.193719
3,0.04,6.34373e-07,3.59327e-07,1.49411,0.000116517,5.0824e-05,-0.196286,0,0,0,4,0.998922,-0.000229745,0.00103719,0.0464012,0,0.196286
4,0.05,3.26207e-06,1.19038e-06,1.49212,0.000423564,0.000112509,-0.200758,1.24711,0.704602,0.38802,4,0.998122,-0.000226814,0.0025459,0.0612028,0,0.200758
5,0.06,1.07457e-05,2.75372e-06,1.49008,0.0010828,0.000198295,-0.206405,1.24711,0.704602,0.38802,4,0.997127,-0.000234272,0.0050993,0.0755737,0,0.206408
6,0.07,2.78095e-05,5.58271e-06,1.48799,0.00232546,0.000378389,-0.212329,1.24711,0.704602,0.38802,3.99999,0.99595,-0.000810546,0.00919343,0.0894394,0,0.212342
7,0.08,6.18639e-05,1.16498e-05,1.48583,0.00444238,0.000860768,-0.218285,1.24711,0.704602,0.38802,3.99996,0.994593,-0.00262108,0.0150555,0.102715,0,0.218332
8,0.09,0.000123332,2.56851e-05,1.48362,0.00774106,0.00196845,-0.224009,1.24711,0.704602,0.38802,3.99991,0.993049,-0.00602307,0.0228474,0.115307,0,0.224152
9,0.1,0.000225844,5.60188e-05,1.48135,0.0125554,0.00408508,-0.229426,1.39763,0.0320578,0.172253,3.99982,0.991283,-0.0111345,0.0327751,0.127122,0,0.229806
10,0.11,0.000386395,0.000114898,1.47902,0.0192226,0.00759787,-0.234867,1.39763,0.0320578,0.172253,3.99967,0.989243,-0.0176939,0.0449951,0.138058,0,0.235775
11,0.12,0.000625318,0.000217973,1.47664,0.0280721,0.0127961,-0.240897,1.39763,0.0320578,0.172253,3.99944,0.986872,-0.0250474,0.0595882,0.148004,0,0.242864
12,0.13,0.000966451,0.000383187,1.47419,0.0394675,0.0198602,-0.247594,1.39763,0.0320578,0.172253,3.99912,0.984126,-0.0325904,0.076352,0.156859,0,0.251505
13,0.14,0.00143751,0.000629994,1.47168,0.0538094,0.0289189,-0.254494,1.39763,0.0320578,0.172253,3.99866,0.981002,-0.0397691,0.0947497,0.164548,0,0.261723
14,0.15,0.00206977,0.00097846,1.4691,0.0714143,0.0399723,-0.261421,1.18418,0.677673,0.623273,3.99805,0.977567,-0.0458875,0.114085,0.171005,0,0.273932
15,0.16,0.00289787,0.00144826,1.46645,0.0926344,0.0529545,-0.267741,1.18418,0.677673,0.623273,3.99724,0.973938,-0.0504995,0.133579,0.176211,0,0.288219
16,0.17,0.00396009,0.00205831,1.46375,0.117839,0.0677908,-0.272577,1.18418,0.677673,0.623273,3.9962,0.970268,-0.0535885,0.152401,0.180226,0,0.304598
17,0.18,0.00529645,0.00282576,1.461,0.14704,0.0842234,-0.276054,1.18418,0.677673,0.623273,3.99489,0.966749,-0.055159,0.169751,0.183136,0,0.323914
18,0.19,0.00694541,0.00376435,1.45823,0.179939,0.101838,-0.278685,1.18418,0.677673,0.623273,3.99327,0.963594,-0.0551708,0.18496,0.185022,0,0.347008
19,0.2,0.00894143,0.00488328,1.45543,0.216064,0.120156,-0.28092,1.47338,0.0331,0.279378,3.99131,0.96097,-0.0537664,0.197633,0.185978,0,0.374216
20,0.21,0.0113133,0.00618677,1.45261,0.254787,0.138663,-0.283266,1.47338,0.0331,0.279378,3.98897,0.958974,-0.0509747,0.207758,0.186032,0,0.405442
21,0.22,0.0140828,0.00767345,1.44976,0.295342,0.156761,-0.286449,1.47338,0.0331,0.279378,3.98624,0.957662,-0.0465576,0.215516,0.18512,0,0.440288
22,0.23,0.0172657,0.00933646,1.44687,0.337267,0.173948,-0.290501,1.47338,0.0331,0.279378,3.9831,0.957014,-0.0405202,0.221162,0.18322,0,0.47791
23,0.24,0.0208744,0.0111646,1.44394,0.380339,0.189854,-0.295051,1.47338,0.0331,0.279378,3.97954,0.956914,-0.0332267,0.225106,0.180383,0,0.517453
24,0.25,0.0249192,0.0131434,1.44097,0.424368,0.204195,-0.299873,1.3343,0.546944,0.412923,3.97554,0.957195,-0.0251669,0.227865,0.176698,0,0.558308
25,0.26,0.0294099,0.0152565,1.43794,0.469395,0.216863,-0.304478,1.3343,0.546944,0.412923,3.9711,0.957651,-0.0171114,0.230025,0.17234,0,0.600057
26,0.27,0.0343563,0.0174872,1.43487,0.515409,0.227912,-0.308728,1.3343,0.546944,0.412923,3.96622,0.958068,-0.0100954,0.232214,0.167573,0,0.642576
27,0.28,0.0397677,0.0198205,1.43176,0.562298,0.237586,-0.312888,1.3343,0.546944,0.412923,3.96087,0.958303,-0.00494626,0.234907,0.162634,0,0.685949
28,0.29,0.0456545,0.0222452,1.42862,0.610377,0.246358,-0.316497,1.3343,0.546944,0.412923,3.95505,0.958298,-0.00208824,0.238316,0.157687,0,0.730358
29,0.3,0.0520313,0.0247554,1.42544,0.660145,0.254793,-0.318802,1.45404,-0.101923,0.354072,3.94875,0.958055,-0.00161991,0.242414,0.152851,0,0.776109
30,0.31,0.0589159,0.0273504,1.42225,0.711773,0.26338,-0.319701,1.45404,-0.101923,0.354072,3.94195,0.957623,-0.00307339,0.247006,0.148109,0,0.823528
31,0.32,0.0663259,0.0300335,1.41905,0.765054,0.272403,-0.319735,1.45404,-0.101923,0.354072,3.93462,0.957112,-0.00543478,0.25174,0.143297,0,0.872778
32,0.33,0.0742767,0.0328095,1.41586,0.819762,0.281903,-0.319335,1.45404,-0.101923,0.354072,3.92676,0.956672,-0.00769763,0.256137,0.138248,0,0.923826
33,0.34,0.0827817,0.0356825,1.41267,0.875774,0.291731,-0.318541,1.45404,-0.101923,0.354072,3.91835,0.956454,-0.00907213,0.259742,0.132843,0,0.976501
34,0.35,0.0918534,0.0386541,1.40949,0.932936,0.301568,-0.317273,1.38537,0.474752,0.324575,3.90939,0.956577,-0.00894668,0.262208,0.126993,0,1.03052
35,0.36,0.101503,0.0417224,1.40633,0.991249,0.311022,-0.315057,1.38537,0.474752,0.324575,3.89985,0.957078,-0.00730371,0.263378,0.12075,0,1.08562
36,0.37,0.111741,0.0448813,1.40319,1.05044,0.319733,-0.311834,1.38537,0.474752,0.324575,3.88972,0.957879,-0.00483863,0.263388,0.114332,0,1.14144
37,0.38,0.122574,0.0481223,1.4001,1.11014,0.327533,-0.30774,1.38537,0.474752,0.324575,3.87901,0.958862,-0.00239834,0.262515,0.107998,0,1.19766
38,0.39,0.134006,0.0514366,1.39705,1.1702,0.334484,-0.302628,1.38537,0.474752,0.324575,3.86771,0.959952,-0.000722233,0.260946,0.101976,0,1.25413
39,0.4,0.146039,0.0548167,1.39406,1.23039,0.340824,-0.296508,1.32741,0.624928,0.312149,3.85581,0.961105,-0.000460013,0.258786,0.0964669,0,1.3107
40,0.41,0.158674,0.0582587,1.39113,1.29051,0.346965,-0.289324,1.32741,0.624928,0.312149,3.84331,0.962301,-0.00219566,0.256072,0.0916476,0,1.3673
41,0.42,0.171909,0.0617635,1.38828,1.3503,0.353458,-0.281151,1.32741,0.624928,0.312149,3.83022,0.963529,-0.00638937,0.252758,0.0876571,0,1.42383
42,0.43,0.185738,0.0653381,1.38552,1.40939,0.360938,-0.272216,1.32741,0.624928,0.312149,3.81654,0.964785,-0.0131772,0.248733,0.0845519,0,1.48013
43,0.44,0.200152,0.068996,1.38285,1.46745,0.370046,-0.262635,1.32741,0.624928,0.312149,3.80228,0.966066,-0.0223696,0.243808,0.0823063,0,1.53601
44,0.45,0.21514,0.0727566,1.38028,1.52412,0.381343,-0.252502,1.32451,0.623113,0.327717,3.78745,0.967368,-0.0335935,0.237768,0.080851,0,1.59126
45,0.46,0.230684,0.0766443,1.37781,1.579,0.395277,-0.241918,1.32451,0.623113,0.327717,3.77207,0.968676,-0.0463488,0.230442,0.0800887,0,1.6456
46,0.47,0.246766,0.0806874,1.37545,1.63172,0.412148,-0.230934,1.32451,0.623113,0.327717,3.75617,0.969968,-0.0600135,0.221758,0.0798923,0,1.69874
47,0.48,0.263361,0.0849159,1.3732,1.6819,0.432081,-0.219644,1.32451,0.623113,0.327717,3.73975,0.971223,-0.073875,0.211782,0.0801101,0,1.75035
48,0.49,0.280443,0.0893603,1.37107,1.72919,0.454997,-0.208199,1.32451,0.623113,0.327717,3.72286,0.972432,-0.0872016,0.200695,0.0805837,0,1.80013
49,0.5,0.29798,0.0940491,1.36905,1.77333,0.480636,-0.196747,1.28857,0.686682,0.343582,3.70553,0.973612,-0.0993146,0.188755,0.0811679,0,1.84782
50,0.51,0.31594,0.0990073,1.36715,1.81416,0.508593,-0.185382,1.28857,0.686682,0.343582,3.68778,0.974802,-0.109667,0.176212,0.0817555,0,1.8932
51,0.52,0.334291,0.104256,1.36535,1.85164,0.538384,-0.174077,1.28857,0.686682,0.343582,3.66966,0.976054,-0.117871,0.163258,0.0822869,0,1.93616
52,0.53,0.352997,0.109809,1.36367,1.88578,0.569469,-0.162733,1.28857,0.686682,0.343582,3.6512,0.977421,-0.123649,0.15005,0.0827325,0,1.9766
53,0.54,0.372027,0.115679,1.36211,1.91664,0.601272,-0.151226,1.28857,0.686682,0.343582,3.63243,0.978936,-0.126832,0.136727,0.0830852,0,2.01443
54,0.55,0.391349,0.121867,1.36066,1.94431,0.63321,-0.139391,1.14664,0.667413,0.192682,3.6134,0.980613,-0.127362,0.123404,0.0833571,0,2.04957
55,0.56,0.410929,0.128373,1.35933,1.96885,0.664643,-0.12727,1.14664,0.667413,0.192682,3.59412,0.982441,-0.12527,0.110149,0.0835751,0,2.08191
56,0.57,0.430738,0.135187,1.35813,1.99032,0.694937,-0.11499,1.14664,0.667413,0.192682,3.57464,0.984387,-0.120673,0.0969592,0.0837795,0,2.11128
57,0.58,0.450745,0.142295,1.35705,2.00881,0.723584,-0.102402,1.14664,0.667413,0.192682,3.55498,0.986389,-0.113819,0.0837991,0.0840189,0,2.13761
58,0.59,0.470922,0.149679,1.35609,2.02443,0.750204,-0.0891584,1.14664,0.667413,0.192682,3.53518,0.988357,-0.10512,0.0706183,0.0843442,0,2.16081
59,0.6,0.491239,0.157317,1.35528,2.03725,0.774503,-0.0749692,1.23515,0.60038,0.60328,3.51527,0.990182,-0.0951599,0.0573894,0.0848028,0,2.1808
60,0.61,0.511669,0.165185,1.35462,2.04735,0.796449,-0.0588892,1.23515,0.60038,0.60328,3.49526,0.991756,-0.0847105,0.0441144,0.0854329,0,2.1976
61,0.62,0.532186,0.17326,1.35413,2.05472,0.816118,-0.0400114,1.23515,0.60038,0.60328,3.4752,0.993001,-0.0745314,0.0309442,0.0862324,0,2.21123
62,0.63,0.55276,0.181518,1.35385,2.05929,0.833493,-0.0186954,1.23515,0.60038,0.60328,3.45511,0.993896,-0.0651249,0.0182633,0.087154,0,2.22165
63,0.64,0.573366,0.189939,1.35379,2.06111,0.848648,0.0043402,1.23515,0.60038,0.60328,3.43501,0.994463,-0.0568435,0.00646423,0.0881501,0,2.22899
64,0.65,0.593974,0.198499,1.35397,2.06032,0.861809,0.02859,1.21054,0.826635,0.116488,3.41493,0.994752,-0.0499662,-0.00420633,0.0891874,0,2.23348
65,0.66,0.614562,0.207181,1.35439,2.05718,0.87323,0.0528782,1.21054,0.826635,0.116488,3.3949,0.994824,-0.044685,-0.0135924,0.0902395,0,2.23547
66,0.67,0.635107,0.215969,1.35504,2.05204,0.88325,0.0760068,1.21054,0.826635,0.116488,3.37493,0.994739,-0.0411462,-0.0216248,0.0912877,0,2.23535
67,0.68,0.655591,0.224852,1.35592,2.04522,0.892339,0.0978126,1.21054,0.826635,0.116488,3.35505,0.994544,-0.0394191,-0.0283617,0.0923207,0,2.23355
68,0.69,0.676,0.233823,1.35701,2.037,0.900979,0.118445,1.21054,0.826635,0.116488,3.33528,0.994273,-0.0394691,-0.0339615,0.0933319,0,2.23051
69,0.7,0.696319,0.24288,1.3583,2.02761,0.909614,0.137986,1.28017,0.667982,-0.0562861,3.31563,0.993939,-0.0411828,-0.0386438,0.0943186,0,2.22657
70,0.71,0.716539,0.252025,1.35978,2.01726,0.918585,0.155978,1.28017,0.667982,-0.0562861,3.2961,0.99355,-0.0442739,-0.0426518,0.0952838,0,2.22204
71,0.72,0.736651,0.261263,1.36143,2.00614,0.928108,0.171781,1.28017,0.667982,-0.0562861,3.27672,0.993113,-0.0482281,-0.0462327,0.0962407,0,2.21709
72,0.73,0.756648,0.270599,1.36322,1.99436,0.938284,0.185302,1.28017,0.667982,-0.0562861,3.25749,0.992641,-0.0524324,-0.0496417,0.0972128,0,2.21183
73,0.74,0.776524,0.280041,1.36514,1.98193,0.949093,0.196717,1.28017,0.667982,-0.0562861,3.23843,0.992151,-0.0562675,-0.0531144,0.0982307,0,2.20625
74,0.75,0.796272,0.289594,1.36716,1.96885,0.960385,0.206254,1.28204,0.724918,-0.0690656,3.21953,0.991668,-0.0591471,-0.0568402,0.0993292,0,2.20028
75,0.76,0.815886,0.299261,1.36926,1.95506,0.971901,0.214148,1.28204,0.724918,-0.0690656,3.20082,0.991215,-0.0605875,-0.060942,0.100541,0,2.19379
76,0.77,0.835357,0.309043,1.37144,1.94051,0.983303,0.220625,1.28204,0.724918,-0.0690656,3.18229,0.990809,-0.0602454,-0.0654639,0.101892,0,2.18658
77,0.78,0.854678,0.318936,1.37368,1.92514,0.994206,0.225924,1.28204,0.724918,-0.0690656,3.16397,0.990456,-0.0578962,-0.0703879,0.103398,0,2.17845
78,0.79,0.873841,0.328934,1.37596,1.90891,1.0042,0.230285,1.28204,0.724918,-0.0690656,3.14586,0.990143,-0.0534228,-0.0756517,0.105069,0,2.16919
79,0.8,0.892837,0.339025,1.37828,1.89179,1.01286,0.233905,1.27698,0.737769,-0.00194561,3.12797,0.989845,-0.0468325,-0.0811549,0.106899,0,2.15858
80,0.81,0.911656,0.349193,1.38064,1.87372,1.01983,0.237311,1.27698,0.737769,-0.00194561,3.11031,0.989523,-0.0383322,-0.0867311,0.108869,0,2.14643
81,0.82,0.930289,0.359421,1.38304,1.85461,1.02477,0.241194,1.27698,0.737769,-0.00194561,3.09289,0.989139,-0.0284161,-0.0921349,0.110939,0,2.13258
82,0.83,0.948726,0.369685,1.38547,1.83451,1.02746,0.245785,1.27698,0.737769,-0.00194561,3.07572,0.988673,-0.0178061,-0.0971015,0.113049,0,2.11696
83,0.84,0.966956,0.379963,1.38796,1.81356,1.0278,0.250907,1.27698,0.737769,-0.00194561,3.0588,0.988135,-0.00729223,-0.101399,0.11513,0,2.0996
84,0.85,0.984973,0.390233,1.3905,1.79198,1.02586,0.256251,1.34406,0.332856,0.124495,3.04215,0.987565,0.0024091,-0.104847,0.117122,0,2.08068
85,0.86,1.00277,0.400471,1.39309,1.76985,1.02185,0.2622,1.34406,0.332856,0.124495,3.02575,0.98702,0.0110881,-0.107268,0.119008,0,2.06042
86,0.87,1.02035,0.410658,1.39576,1.74723,1.01591,0.269526,1.34406,0.332856,0.124495,3.00963,0.986538,0.0192334,-0.108502,0.120835,0,2.03901
87,0.88,1.03769,0.420775,1.3985,1.72434,1.00806,0.278414,1.34406,0.332856,0.124495,2.99376,0.986115,0.0275023,-0.108504,0.122666,0,2.01669
88,0.89,1.05481,0.430803,1.40134,1.70152,0.998206,0.288622,1.34406,0.332856,0.124495,2.97817,0.985717,0.0362981,-0.107411,0.124531,0,1.99371
89,0.9,1.0717,0.440721,1.40429,1.67907,0.986248,0.299867,1.38066,0.317967,0.154281,2.96283,0.985287,0.0456835,-0.105557,0.126411,0,1.97025
90,0.91,1.08837,0.450508,1.40735,1.65717,0.97206,0.312027,1.38066,0.317967,0.154281,2.94773,0.984788,0.0554252,-0.103309,0.128253,0,1.9464
91,0.92,1.10482,0.460139,1.41055,1.63592,0.955587,0.324997,1.38066,0.317967,0.154281,2.93288,0.984212,0.065117,-0.100933,0.129992,0,1.92224
92,0.93,1.12107,0.469594,1.41387,1.6154,0.936892,0.338529,1.38066,0.317967,0.154281,2.91825,0.983587,0.0743149,-0.0986087,0.131572,0,1.89786
93,0.94,1.13711,0.478851,1.41733,1.59562,0.916166,0.35229,1.38066,0.317967,0.154281,2.90383,0.982953,0.0826478,-0.0964158,0.132953,0,1.87336
94,0.95,1.15297,0.48789,1.42093,1.57658,0.893679,0.365983,1.38094,0.321514,0.17732,2.88962,0.982362,0.0898641,-0.0943409,0.134127,0,1.84884
95,0.96,1.16863,0.496696,1.42466,1.55824,0.869722,0.379536,1.38094,0.321514,0.17732,2.87559,0.981858,0.0958155,-0.0923176,0.1351,0,1.82444
96,0.97,1.18411,0.505256,1.42853,1.54054,0.844585,0.393019,1.38094,0.321514,0.17732,2.86175,0.981479,0.100434,-0.0902519,0.135888,0,1.8003
97,0.98,1.19943,0.513559,1.43254,1.52347,0.818571,0.406499,1.38094,0.321514,0.17732,2.84807,0.981248,0.103755,-0.0880421,0.136516,0,1.77658
98,0.99,1.21457,0.521599,1.43668,1.507,0.791965,0.420041,1.38094,0.321514,0.17732,2.83455,0.981163,0.105914,-0.0856062,0.137013,0,1.75348
99,1,1.22955,0.529371,1.44095,1.49118,0.765023,0.433681,1.4386,-0.033234,0.356941,2.82119,0.98121,0.107113,-0.0828955,0.13741,0,1.73117
100,1.01,1.24438,0.536871,1.44537,1.47591,0.737734,0.448272,1.4386,-0.033234,0.356941,2.80796,0.981329,0.107875,-0.0798675,0.137759,0,1.70983
101,1.02,1.25906,0.544095,1.44994,1.46122,0.709945,0.464525,1.4386,-0.033234,0.356941,2.79487,0.981403,0.109167,-0.0764804,0.138134,0,1.68966
102,1.03,1.27359,0.551039,1.45468,1.44726,0.681502,0.482124,1.4386,-0.033234,0.356941,2.78191,0.981313,0.111912,-0.0727302,0.138602,0,1.67076
103,1.04,1.28799,0.557693,1.45961,1.43426,0.652126,0.50051,1.4386,-0.033234,0.356941,2.76905,0.980978,0.116592,-0.0686551,0.139195,0,1.65314
104,1.05,1.30227,0.564047,1.46472,1.42241,0.621416,0.51933,1.46743,-0.0789292,0.300675,2.75629,0.980365,0.123179,-0.064328,0.139904,0,1.6368
105,1.06,1.31643,0.570084,1.47001,1.41187,0.589053,0.538092,1.46743,-0.0789292,0.300675,2.74362,0.979475,0.131339,-0.0598432,0.1407,0,1.6217
106,1.07,1.3305,0.575788,1.47549,1.40277,0.554861,0.556177,1.46743,-0.0789292,0.300675,2.731,0.978325,0.140661,-0.0553081,0.141545,0,1.60778
107,1.08,1.34448,0.58114,1.48115,1.39515,0.518713,0.573228,1.46743,-0.0789292,0.300675,2.71843,0.976953,0.150663,-0.050828,0.142405,0,1.59502
108,1.09,1.3584,0.586119,1.48697,1.38901,0.480621,0.588902,1.46743,-0.0789292,0.300675,2.70587,0.975428,0.160807,-0.0464704,0.143257,0,1.5834
109,1.1,1.37226,0.590708,1.49293,1.38432,0.440727,0.602935,1.46658,-0.271729,0.159064,2.69332,0.973841,0.170546,-0.042274,0.144087,0,1.57293
110,1.11,1.38609,0.594889,1.49903,1.38099,0.399396,0.614841,1.46658,-0.271729,0.159064,2.68075,0.972288,0.179436,-0.0382859,0.144891,0,1.56355
111,1.12,1.39989,0.598652,1.50523,1.37892,0.357096,0.624171,1.46658,-0.271729,0.159064,2.66815,0.970846,0.187201,-0.0345808,0.145663,0,1.55516
112,1.13,1.41367,0.601988,1.51151,1.37795,0.314192,0.630899,1.46658,-0.271729,0.159064,2.65549,0.969584,0.193645,-0.0312293,0.146399,0,1.54774
113,1.14,1.42745,0.604893,1.51784,1.37791,0.271012,0.635161,1.46658,-0.271729,0.159064,2.64277,0.968562,0.198618,-0.028256,0.147106,0,1.54127
114,1.15,1.44123,0.607367,1.52421,1.37864,0.22786,0.637174,1.40759,-0.293693,0.427119,2.62998,0.96782,0.202045,-0.0256475,0.1478,0,1.53576
115,1.16,1.45502,0.609408,1.53058,1.37999,0.18474,0.637817,1.40759,-0.293693,0.427119,2.6171,0.967376,0.203927,-0.0234015,0.14849,0,1.53144
116,1.17,1.46883,0.611017,1.53696,1.38185,0.141294,0.6387,1.40759,-0.293693,0.427119,2.60413,0.967205,0.204436,-0.021498,0.149194,0,1.52886
117,1.18,1.48266,0.612188,1.54336,1.38414,0.0974212,0.640694,1.40759,-0.293693,0.427119,2.59107,0.96723,0.203937,-0.0198161,0.149944,0,1.52834
118,1.19,1.49652,0.61292,1.54979,1.38682,0.0533301,0.643768,1.40759,-0.293693,0.427119,2.5779,0.967359,0.202857,-0.018192,0.150779,0,1.52989
119,1.2,1.5104,0.61321,1.55624,1.38987,0.00922959,0.647686,1.413,-0.0169849,0.503135,2.56462,0.967517,0.201541,-0.0165095,0.151722,0,1.5334
120,1.21,1.52432,0.613059,1.56275,1.39332,-0.0350226,0.652931,1.413,-0.0169849,0.503135,2.55123,0.967723,0.199875,-0.0147095,0.152793,0,1.53912
121,1.22,1.53828,0.612464,1.56932,1.39723,-0.0793974,0.659838,1.413,-0.0169849,0.503135,2.53772,0.968107,0.197189,-0.0126902,0.15403,0,1.54723
122,1.23,1.55227,0.611427,1.57596,1.40158,-0.123349,0.667978,1.413,-0.0169849,0.503135,2.52408,0.968786,0.192804,-0.0103152,0.15548,0,1.55751
123,1.24,1.56631,0.609957,1.58269,1.40641,-0.166249,0.677052,1.413,-0.0169849,0.503135,2.51032,0.969805,0.186336,-0.00752388,0.157163,0,1.56972
124,1.25,1.58041,0.608066,1.58951,1.41172,-0.207497,0.686975,1.38487,-0.0405109,0.574879,2.49644,0.971135,0.177681,-0.00428321,0.159084,0,1.58364
125,1.26,1.59456,0.605773,1.59645,1.41756,-0.246763,0.698348,1.38487,-0.0405109,0.574879,2.48242,0.972678,0.167042,-0.000619404,0.161227,0,1.59939
126,1.27,1.60877,0.603099,1.6035,1.42399,-0.283752,0.711745,1.38487,-0.0405109,0.574879,2.46829,0.974292,0.154912,0.00330784,0.163545,0,1.61705
127,1.28,1.62304,0.600071,1.6107,1.431,-0.31804,0.726973,1.38487,-0.0405109,0.574879,2.45403,0.975837,0.141911,0.00726927,0.165985,0,1.63627
128,1.29,1.63739,0.596716,1.61806,1.4385,-0.349306,0.743575,1.38487,-0.0405109,0.574879,2.43965,0.977213,0.128614,0.0110238,0.1685,0,1.65656
129,1.3,1.65182,0.593066,1.62559,1.44639,-0.37741,0.76111,1.40331,-0.0215765,0.529382,2.42517,0.978364,0.115495,0.0143457,0.171051,0,1.67743
130,1.31,1.66633,0.589152,1.6333,1.45453,-0.402336,0.77906,1.40331,-0.0215765,0.529382,2.41058,0.979276,0.102891,0.0170734,0.173613,0,1.69837
131,1.32,1.68092,0.585006,1.64119,1.46275,-0.424195,0.796997,1.40331,-0.0215765,0.529382,2.39589,0.979956,0.0910168,0.0191296,0.176172,0,1.71895
132,1.33,1.69559,0.580657,1.64926,1.4709,-0.443201,0.814714,1.40331,-0.0215765,0.529382,2.38112,0.980426,0.0800203,0.0204902,0.178723,0,1.73889
133,1.34,1.71035,0.576133,1.6575,1.47885,-0.459615,0.832065,1.40331,-0.0215765,0.529382,2.36627,0.980712,0.0700036,0.0211664,0.181261,0,1.75801
134,1.35,1.72518,0.571458,1.66591,1.48648,-0.473716,0.848934,1.4577,-0.185785,-0.300983,2.35136,0.980841,0.0610173,0.0212037,0.183789,0,1.77615
135,1.36,1.74008,0.566654,1.67448,1.49355,-0.485585,0.863259,1.4577,-0.185785,-0.300983,2.3364,0.980833,0.0531617,0.0207377,0.186307,0,1.79212
136,1.37,1.75505,0.561743,1.68317,1.4999,-0.495364,0.872446,1.4577,-0.185785,-0.300983,2.3214,0.980705,0.0465843,0.0199488,0.188813,0,1.80451
137,1.38,1.77008,0.556744,1.69191,1.50552,-0.503446,0.87607,1.4577,-0.185785,-0.300983,2.30637,0.980479,0.0412871,0.0189506,0.191304,0,1.81316
138,1.39,1.78517,0.551672,1.70066,1.51049,-0.510226,0.874483,1.4577,-0.185785,-0.300983,2.29131,0.980181,0.0370996,0.0178397,0.193781,0,1.81842
139,1.4,1.8003,0.546537,1.70937,1.51489,-0.516006,0.867982,1.49785,-0.045084,0.0664856,2.27623,0.97983,0.0337662,0.0167282,0.196249,0,1.82059
140,1.41,1.81547,0.541349,1.71799,1.5188,-0.521009,0.857099,1.49785,-0.045084,0.0664856,2.26114,0.979442,0.0309626,0.0157471,0.198712,0,1.82011
141,1.42,1.83067,0.536115,1.72648,1.52231,-0.525368,0.842415,1.49785,-0.045084,0.0664856,2.24604,0.979031,0.0282962,0.0150504,0.201175,0,1.81745
142,1.43,1.84591,0.53084,1.73481,1.52552,-0.529121,0.824232,1.49785,-0.045084,0.0664856,2.23092,0.978605,0.0253693,0.0147518,0.203643,0,1.81288
143,1.44,1.86119,0.525531,1.74293,1.52849,-0.532237,0.802765,1.49785,-0.045084,0.0664856,2.21579,0.97817,0.0218497,0.0149012,0.206115,0,1.80665
144,1.45,1.87649,0.520195,1.75082,1.53128,-0.534652,0.778225,1.44315,0.272682,0.210062,2.20064,0.977724,0.0174958,0.0155024,0.208587,0,1.79897
145,1.46,1.89181,0.514839,1.75846,1.53395,-0.536282,0.751159,1.44315,0.272682,0.210062,2.18548,0.97726,0.0120432,0.0165411,0.211053,0,1.7902
146,1.47,1.90717,0.509471,1.76581,1.53653,-0.537004,0.722218,1.44315,0.272682,0.210062,2.17029,0.976762,0.00513035,0.0180021,0.213509,0,1.7807
147,1.48,1.92255,0.504102,1.77286,1.53906,-0.536641,0.69174,1.44315,0.272682,0.210062,2.15508,0.976197,-0.00353228,0.0198451,0.215948,0,1.77065
148,1.49,1.93795,0.498744,1.7796,1.54152,-0.534992,0.659927,1.44315,0.272682,0.210062,2.13985,0.97552,-0.0140304,0.0219945,0.218357,0,1.76011
149,1.5,1.95338,0.49341,1.78602,1.54389,-0.531865,0.626935,1.29597,0.200379,0.728224,2.1246,0.97468,-0.0262692,0.0243614,0.220716,0,1.74915
150,1.51,1.96883,0.488117,1.79212,1.54626,-0.526852,0.596186,1.29597,0.200379,0.728224,2.10932,0.97364,-0.0398627,0.0264726,0.223014,0,1.73895
151,1.52,1.98431,0.482889,1.79796,1.54866,-0.519197,0.572598,1.29597,0.200379,0.728224,2.09403,0.972406,-0.0541235,0.0275724,0.225248,0,1.73083
152,1.53,1.99981,0.477755,1.80359,1.55084,-0.508389,0.556831,1.29597,0.200379,0.728224,2.07875,0.971019,-0.068242,0.0273317,0.227417,0,1.72442
153,1.54,2.01532,0.472746,1.80911,1.55245,-0.494377,0.547249,1.29597,0.200379,0.728224,2.06349,0.969557,-0.0813351,0.0258076,0.229517,0,1.71872
154,1.55,2.03085,0.467894,1.81456,1.55321,-0.477336,0.542715,1.05372,0.545765,0.917499,2.04827,0.968126,-0.0926098,0.0232347,0.231552,0,1.71314
155,1.56,2.04638,0.463229,1.81999,1.55292,-0.457464,0.543146,1.05372,0.545765,0.917499,2.03312,0.966793,-0.101867,0.0198749,0.233536,0,1.70758
156,1.57,2.06191,0.458777,1.82545,1.55139,-0.43493,0.548786,1.05372,0.545765,0.917499,2.01807,0.965552,-0.109564,0.0158868,0.235484,0,1.7021
157,1.58,2.07741,0.454563,1.83099,1.54846,-0.410072,0.558785,1.05372,0.545765,0.917499,2.00314,0.964356,-0.116342,0.0114849,0.23738,0,1.69651
158,1.59,2.09287,0.450609,1.83665,1.54404,-0.38326,0.571783,1.05372,0.545765,0.917499,1.98835,0.963141,-0.122887,0.00691674,0.239189,0,1.69053
159,1.6,2.10828,0.446933,1.84245,1.53808,-0.354667,0.586733,1.42474,-0.42357,0.201775,1.97374,0.961816,-0.129939,0.00240224,0.240872,0,1.68396
160,1.61,2.12362,0.443548,1.8484,1.53072,-0.324929,0.600425,1.42474,-0.42357,0.201775,1.95932,0.960376,-0.137552,-0.00179325,0.242394,0,1.67606
161,1.62,2.13888,0.440463,1.85445,1.52232,-0.294919,0.609558,1.42474,-0.42357,0.201775,1.9451,0.958953,-0.144794,-0.00542127,0.24375,0,1.66614
162,1.63,2.15405,0.437677,1.86057,1.51323,-0.265047,0.613669,1.42474,-0.42357,0.201775,1.93109,0.95773,-0.150585,-0.00833662,0.244967,0,1.65429
163,1.64,2.16913,0.435188,1.86671,1.50372,-0.235622,0.613268,1.42474,-0.42357,0.201775,1.91727,0.956865,-0.154079,-0.0104606,0.24609,0,1.64097
164,1.65,2.18412,0.432989,1.87281,1.49411,-0.207015,0.608987,1.41389,-0.482302,0.135252,1.90365,0.956489,-0.154587,-0.0117779,0.247171,0,1.62668
165,1.66,2.19901,0.43107,1.87886,1.48472,-0.179763,0.601091,1.41389,-0.482302,0.135252,1.89022,0.956671,-0.151636,-0.0123647,0.248261,0,1.61184
166,1.67,2.21373,0.430112,1.8848,1.45113,0.0787681,0.585597,1.41389,-0.482302,0.135252,1.87718,0.960841,-0.141874,-0.00877473,0.237863,0,1.56682
167,1.68,2.22821,0.431026,1.89058,1.44533,0.101257,0.572813,1.41389,-0.482302,0.135252,1.86483,0.972309,-0.120021,0.00249939,0.20051,0,1.558
168,1.69,2.24265,0.432145,1.89624,1.44298,0.120062,0.560626,1.41389,-0.482302,0.135252,1.85258,0.98216,-0.0926557,0.0114,0.16324,0,1.55271
169,1.7,2.25708,0.433426,1.90178,1.4434,0.13389,0.548543,1.24164,-0.743543,0.394298,1.8404,0.990034,-0.0601229,0.0169678,0.126211,0,1.54992
170,1.71,2.27152,0.434813,1.9072,1.44566,0.141725,0.535948,1.24164,-0.743543,0.394298,1.82825,0.995528,-0.0235703,0.0189734,0.0894955,0,1.5483
171,1.72,2.28599,0.436243,1.91248,1.44872,0.143,0.522788,1.24164,-0.743543,0.394298,1.81611,0.998308,0.0154417,0.0177217,0.0531798,0,1.54679
172,1.73,2.3005,0.437649,1.91763,1.45163,0.137508,0.508438,1.24164,-0.743543,0.394298,1.80396,0.998224,0.055235,0.0139266,0.017406,0,1.54423
173,1.74,2.31503,0.438963,1.92263,1.45354,0.125483,0.492166,1.24164,-0.743543,0.394298,1.79177,0.995356,0.094244,0.00857142,-0.0176259,0,1.53973
174,1.75,2.32957,0.440123,1.92745,1.45389,0.107487,0.473479,1.29817,-0.680575,0.318723,1.77954,0.990009,0.131169,0.00273357,-0.0516729,0,1.53282
175,1.76,2.3441,0.441075,1.93207,1.45236,0.0843063,0.451994,1.29817,-0.680575,0.318723,1.76727,0.982666,0.165009,-0.00248031,-0.0844624,0,1.5234
176,1.77,2.3586,0.441771,1.93645,1.44891,0.0568062,0.427581,1.29817,-0.680575,0.318723,1.75495,0.973924,0.19506,-0.00598565,-0.115706,0,1.51175
177,1.78,2.37307,0.442171,1.94058,1.44376,0.0257993,0.400375,1.29817,-0.680575,0.318723,1.74257,0.964416,0.220904,-0.00679531,-0.145112,0,1.49847
178,1.79,2.38747,0.442246,1.94442,1.43733,-0.00794975,0.370545,1.29817,-0.680575,0.318723,1.73013,0.954722,0.242415,-0.00410752,-0.172404,0,1.48434
179,1.8,2.4018,0.441971,1.94795,1.43018,-0.0437636,0.338268,1.36519,0.0776238,0.616621,1.71762,0.945283,0.259773,0.00256298,-0.197359,0,1.47029
180,1.81,2.41606,0.441329,1.95115,1.42296,-0.0811883,0.303894,1.36519,0.0776238,0.616621,1.70504,0.93641,0.273231,0.0135673,-0.219766,0,1.45732
181,1.82,2.43026,0.440306,1.95399,1.4164,-0.119908,0.267771,1.36519,0.0776238,0.616621,1.69235,0.928325,0.282932,0.0293489,-0.239377,0,1.44647
182,1.83,2.44439,0.438888,1.95646,1.41124,-0.159922,0.230513,1.36519,0.0776238,0.616621,1.67955,0.921044,0.289212,0.0499949,-0.255996,0,1.43886
183,1.84,2.45849,0.437062,1.95856,1.40825,-0.201283,0.192537,1.36519,0.0776238,0.616621,1.6666,0.914345,0.292724,0.0749279,-0.269577,0,1.43554
184,1.85,2.47256,0.434816,1.96027,1.40812,-0.243862,0.153748,1.419,-0.0205985,0.485817,1.65347,0.9079,0.294204,0.103202,-0.280197,0,1.43732
185,1.86,2.48666,0.432138,1.96159,1.41134,-0.287553,0.113932,1.419,-0.0205985,0.485817,1.64012,0.901389,0.294376,0.133677,-0.288048,0,1.44483
186,1.87,2.50081,0.429018,1.9625,1.4182,-0.332221,0.0727483,1.419,-0.0205985,0.485817,1.62651,0.894561,0.293947,0.165068,-0.293443,0,1.45841
187,1.88,2.51505,0.425446,1.963,1.42875,-0.37773,0.0298296,1.419,-0.0205985,0.485817,1.61259,0.887304,0.293513,0.196123,-0.296778,0,1.47814
188,1.89,2.52941,0.421416,1.96305,1.4428,-0.42391,-0.0151888,1.419,-0.0205985,0.485817,1.59833,0.879664,0.293491,0.225775,-0.298462,0,1.50387
189,1.9,2.54393,0.41692,1.96264,1.46001,-0.470615,-0.062552,1.41377,-0.251273,0.433725,1.58367,0.871831,0.294054,0.253219,-0.298869,0,1.53526
190,1.91,2.55864,0.411956,1.96174,1.47998,-0.517771,-0.112301,1.41377,-0.251273,0.433725,1.56858,0.864118,0.295135,0.277848,-0.298323,0,1.57196
191,1.92,2.57356,0.406517,1.96033,1.50231,-0.565375,-0.164273,1.41377,-0.251273,0.433725,1.55303,0.85693,0.296486,0.299149,-0.297114,0,1.61356
192,1.93,2.58871,0.4006,1.95839,1.52658,-0.613346,-0.218238,1.41377,-0.251273,0.433725,1.53699,0.850727,0.29774,0.316713,-0.295476,0,1.6596
193,1.94,2.60412,0.394202,1.95591,1.55233,-0.661456,-0.273961,1.41377,-0.251273,0.433725,1.52044,0.845954,0.298477,0.330308,-0.293549,0,1.70947
194,1.95,2.61979,0.387323,1.95285,1.57913,-0.709436,-0.331118,1.45947,-0.260916,0.22777,1.50336,0.842981,0.298276,0.339881,-0.291367,0,1.76255
195,1.96,2.63573,0.379969,1.94922,1.60647,-0.756774,-0.389503,1.45947,-0.260916,0.22777,1.48574,0.842058,0.296756,0.345611,-0.288839,0,1.81801
196,1.97,2.65194,0.372147,1.945,1.63392,-0.802947,-0.448888,1.45947,-0.260916,0.22777,1.46757,0.84327,0.293591,0.347919,-0.285748,0,1.87508
197,1.98,2.66843,0.363871,1.94018,1.66128,-0.847674,-0.508868,1.45947,-0.260916,0.22777,1.44887,0.846582,0.28849,0.347367,-0.281795,0,1.93322
198,1.99,2.6852,0.355156,1.93476,1.68849,-0.890766,-0.569012,1.45947,-0.260916,0.22777,1.42964,0.851863,0.281173,0.34459,-0.276639,0,1.99205
199,2,2.70223,0.346021,1.92874,1.71558,-0.932004,-0.62897,1.4829,-0.223863,0.0296622,1.40988,0.858897,0.271401,0.340258,-0.269929,0,2.05121
200,2.01,2.71953,0.336485,1.92212,1.74256,-0.971051,-0.68857,1.4829,-0.223863,0.0296622,1.38961,0.867391,0.259009,0.335027,-0.26135,0,2.11035
201,2.02,2.73711,0.326572,1.91491,1.76949,-1.0076,-0.74769,1.4829,-0.223863,0.0296622,1.36883,0.876993,0.243893,0.329512,-0.250642,0,2.16919
202,2.03,2.75495,0.316307,1.90711,1.79662,-1.04154,-0.806094,1.4829,-0.223863,0.0296622,1.34757,0.887299,0.226047,0.324249,-0.237626,0,2.22765
203,2.04,2.77307,0.305717,1.89873,1.82433,-1.07284,-0.863413,1.4829,-0.223863,0.0296622,1.32583,0.897839,0.205652,0.319689,-0.22224,0,2.28575
204,2.05,2.79147,0.294829,1.88979,1.85308,-1.10157,-0.919209,1.49502,-0.118018,0.0316209,1.30361,0.90809,0.183137,0.316211,-0.204557,0,2.34357
205,2.06,2.81016,0.283667,1.8803,1.88329,-1.12764,-0.973159,1.49502,-0.118018,0.0316209,1.28094,0.917513,0.159141,0.314176,-0.184763,0,2.40112
206,2.07,2.82917,0.27226,1.87028,1.91532,-1.15092,-1.02508,1.49502,-0.118018,0.0316209,1.2578,0.925664,0.134295,0.313853,-0.163118,0,2.45842
207,2.08,2.84851,0.260636,1.85976,1.94942,-1.17117,-1.07498,1.49502,-0.118018,0.0316209,1.23421,0.932298,0.109012,0.315212,-0.139919,0,2.51544
208,2.09,2.8682,0.248828,1.84874,1.98555,-1.18802,-1.12325,1.49502,-0.118018,0.0316209,1.21016,0.937374,0.0834973,0.317842,-0.115475,0,2.57206
209,2.1,2.88827,0.236873,1.83725,2.02344,-1.20109,-1.17042,1.48022,-0.241938,-0.0203588,1.18566,0.940984,0.0578817,0.321067,-0.0900763,0,2.62808
210,2.11,2.90872,0.224809,1.82529,2.06281,-1.21013,-1.21686,1.48022,-0.241938,-0.0203588,1.16071,0.943321,0.0322613,0.324056,-0.0639681,0,2.68335
211,2.12,2.92957,0.212677,1.81287,2.10336,-1.21497,-1.26271,1.48022,-0.241938,-0.0203588,1.13532,0.944622,0.0067435,0.32596,-0.0373402,0,2.73765
212,2.13,2.95083,0.200521,1.79999,2.14476,-1.21549,-1.30797,1.48022,-0.241938,-0.0203588,1.10949,0.945081,-0.0184531,0.326151,-0.0103657,0,2.79073
213,2.14,2.97251,0.188384,1.78667,2.18671,-1.2116,-1.35243,1.48022,-0.241938,-0.0203588,1.08324,0.94483,-0.0429702,0.324298,0.0167613,0,2.84231
214,2.15,2.99461,0.17631,1.7729,2.22887,-1.20326,-1.39588,1.40557,-0.523212,0.0246867,1.05659,0.943977,-0.0663728,0.320283,0.0438261,0,2.89209
215,2.16,3.01713,0.164345,1.75871,2.27091,-1.19048,-1.43801,1.40557,-0.523212,0.0246867,1.02955,0.942678,-0.0882552,0.313973,0.0706399,0,2.93975
216,2.17,3.04007,0.152531,1.74411,2.31229,-1.17338,-1.47869,1.40557,-0.523212,0.0246867,1.00216,0.941137,-0.108301,0.305136,0.097077,0,2.98497
217,2.18,3.06341,0.14091,1.72911,2.35237,-1.15224,-1.51788,1.40557,-0.523212,0.0246867,0.974445,0.939508,-0.126223,0.293699,0.123021,0,3.02742
218,2.19,3.08715,0.129523,1.71372,2.39072,-1.1273,-1.55522,1.40557,-0.523212,0.0246867,0.946441,0.937878,-0.141719,0.279821,0.148328,0,3.06677
219,2.2,3.11126,0.118404,1.69798,2.42697,-1.09889,-1.59024,0.597798,-0.748187,0.207937,0.918192,0.936306,-0.154549,0.263752,0.172859,0,3.10268
220,2.21,3.13572,0.107587,1.6819,2.46077,-1.06734,-1.62247,0.597798,-0.748187,0.207937,0.889746,0.934899,-0.164622,0.245383,0.1966,0,3.13481
221,2.22,3.1605,0.0970995,1.66551,2.49145,-1.03333,-1.65188,0.597798,-0.748187,0.207937,0.861155,0.933759,-0.171978,0.224196,0.219667,0,3.16288
222,2.23,3.18556,0.0869629,1.64884,2.51842,-0.997465,-1.67817,0.597798,-0.748187,0.207937,0.832481,0.932802,-0.176764,0.200032,0.242119,0,3.18648
223,2.24,3.21088,0.0771938,1.63194,2.54129,-0.960107,-1.7005,0.597798,-0.748187,0.207937,0.803792,0.931776,-0.179227,0.173323,0.263876,0,3.20494
224,2.25,3.2364,0.0678042,1.61483,2.55954,-0.921774,-1.71835,0.517518,-0.96581,-0.0294703,0.775162,0.930395,-0.179676,0.144863,0.284775,0,3.21771
225,2.26,3.26207,0.0587998,1.59758,2.57265,-0.883192,-1.7318,0.517518,-0.96581,-0.0294703,0.746674,0.928419,-0.178531,0.11561,0.304631,0,3.22455
226,2.27,3.28784,0.0501788,1.5802,2.58028,-0.845122,-1.74129,0.517518,-0.96581,-0.0294703,0.718416,0.925701,-0.176305,0.0864818,0.323287,0,3.22555
227,2.28,3.31366,0.0419326,1.56276,2.58228,-0.808172,-1.74732,0.517518,-0.96581,-0.0294703,0.690479,0.92221,-0.173523,0.0582481,0.340627,0,3.22094
228,2.29,3.33947,0.0340478,1.54527,2.57873,-0.772732,-1.75035,0.517518,-0.96581,-0.0294703,0.662957,0.918007,-0.170662,0.031491,0.356576,0,3.21102
229,2.3,3.36521,0.0265081,1.52776,2.56978,-0.738998,-1.7507,0.733651,-0.825973,0.0458999,0.63595,0.913229,-0.168073,0.00658084,0.371107,0,3.19606
230,2.31,3.39083,0.0192959,1.51026,2.55567,-0.707044,-1.74871,0.733651,-0.825973,0.0458999,0.609559,0.908054,-0.165932,-0.0163065,0.384237,0,3.17637
231,2.32,3.41629,0.0123932,1.4928,2.5367,-0.676896,-1.74477,0.733651,-0.825973,0.0458999,0.583887,0.902665,-0.16426,-0.0371525,0.396023,0,3.15234
232,2.33,3.44153,0.00578195,1.47538,2.51322,-0.648558,-1.73934,0.733651,-0.825973,0.0458999,0.559042,0.897224,-0.162973,-0.0560681,0.406553,0,3.12445
233,2.34,3.46651,-0.000555921,1.45802,2.4856,-0.62202,-1.73284,0.733651,-0.825973,0.0458999,0.535135,0.891856,-0.16194,-0.0732585,0.415934,0,3.0932
234,2.35,3.4912,-0.00663827,1.44074,2.4542,-0.597259,-1.72563,0.979424,-0.518243,0.37519,0.512283,0.886647,-0.16102,-0.0889763,0.424278,0,3.05903
235,2.36,3.51555,-0.0124826,1.42352,2.41933,-0.574229,-1.71787,0.979424,-0.518243,0.37519,0.490606,0.881668,-0.160139,-0.103338,0.431669,0,3.02225
236,2.37,3.53954,-0.018106,1.40639,2.38133,-0.552879,-1.70979,0.979424,-0.518243,0.37519,0.470229,0.876991,-0.159303,-0.116305,0.438158,0,2.98325
237,2.38,3.56313,-0.0235247,1.38934,2.34053,-0.533124,-1.70157,0.979424,-0.518243,0.37519,0.451282,0.87267,-0.158504,-0.127907,0.443806,0,2.94239
238,2.39,3.5863,-0.0287542,1.37237,2.29723,-0.514846,-1.69324,0.979424,-0.518243,0.37519,0.433896,0.868729,-0.157731,-0.138262,0.448681,0,2.8999
239,2.4,3.60902,-0.0338085,1.35548,2.2517,-0.497929,-1.68484,1.00982,-0.331394,0.697754,0.418201,0.865179,-0.156984,-0.147496,0.452843,0,2.85601
240,2.41,3.63128,-0.0387005,1.33868,2.20416,-0.482249,-1.67636,1.00982,-0.331394,0.697754,0.404323,0.862026,-0.156334,-0.155674,0.456329,0,2.81088
241,2.42,3.65305,-0.0434418,1.32196,2.15484,-0.467655,-1.66781,1.00982,-0.331394,0.697754,0.392375,0.859285,-0.155907,-0.162782,0.459157,0,2.76471
242,2.43,3.67432,-0.0480423,1.30533,2.10394,-0.453963,-1.65919,1.00982,-0.331394,0.697754,0.382453,0.856961,-0.155744,-0.16884,0.461361,0,2.71763
243,2.44,3.69507,-0.05251,1.28879,2.05163,-0.440985,-1.65042,1.00982,-0.331394,0.697754,0.37463,0.855051,-0.155805,-0.173916,0.462997,0,2.66974
244,2.45,3.71529,-0.056851,1.27234,1.99807,-0.428552,-1.64147,0.903655,-0.26054,1.02991,0.368944,0.85354,-0.155993,-0.178094,0.464131,0,2.62114
245,2.46,3.73498,-0.06107,1.25597,1.94342,-0.416521,-1.63225,0.903655,-0.26054,1.02991,0.3654,0.852409,-0.156244,-0.181467,0.464819,0,2.57189
246,2.47,3.7541,-0.0651704,1.2397,1.88784,-0.404773,-1.62276,0.903655,-0.26054,1.02991,0.36396,0.851625,-0.15656,-0.184132,0.465101,0,2.52213
247,2.48,3.77267,-0.0691543,1.22353,1.83149,-0.3932,-1.61299,0.903655,-0.26054,1.02991,0.364549,0.851158,-0.156903,-0.186187,0.465022,0,2.47198
248,2.49,3.79067,-0.073023,1.20745,1.77446,-0.38171,-1.60287,0.903655,-0.26054,1.02991,0.367059,0.850978,-0.157189,-0.187718,0.46464,0,2.42149
249,2.5,3.8081,-0.076777,1.19148,1.71685,-0.370242,-1.59233,0.791058,-0.195781,1.23942,0.371351,0.851056,-0.157348,-0.188794,0.464006,0,2.37069
250,2.51,3.82495,-0.0804162,1.17562,1.65876,-0.358753,-1.58131,0.791058,-0.195781,1.23942,0.377266,0.851362,-0.157409,-0.189476,0.463146,0,2.31964
251,2.52,3.84122,-0.0839403,1.15987,1.6003,-0.347199,-1.56983,0.791058,-0.195781,1.23942,0.384636,0.85186,-0.157482,-0.189822,0.462062,0,2.26846
252,2.53,3.8569,-0.0873481,1.14424,1.54155,-0.335519,-1.55793,0.791058,-0.195781,1.23942,0.393286,0.852519,-0.157623,-0.189887,0.460769,0,2.21723
253,2.54,3.87199,-0.0906382,1.12873,1.48256,-0.323653,-1.54554,0.791058,-0.195781,1.23942,0.403045,0.853315,-0.157812,-0.189713,0.459302,0,2.16597
254,2.55,3.88649,-0.0938083,1.11334,1.42335,-0.311552,-1.53264,0.665997,-0.208831,1.32772,0.413749,0.854225,-0.158013,-0.189332,0.457695,0,2.1147
255,2.56,3.9004,-0.096856,1.09809,1.36397,-0.299181,-1.51921,0.665997,-0.208831,1.32772,0.425245,0.855222,-0.158217,-0.188802,0.455978,0,2.06347
256,2.57,3.91371,-0.0997784,1.08297,1.30448,-0.286526,-1.50532,0.665997,-0.208831,1.32772,0.437392,0.856273,-0.158437,-0.188208,0.454172,0,2.0124
257,2.58,3.92643,-0.102573,1.068,1.24493,-0.273579,-1.49102,0.665997,-0.208831,1.32772,0.450065,0.857353,-0.158666,-0.187601,0.452301,0,1.96159
258,2.59,3.93855,-0.105236,1.05317,1.18531,-0.260334,-1.47631,0.665997,-0.208831,1.32772,0.463149,0.858452,-0.158864,-0.18699,0.450396,0,1.91108
259,2.6,3.95007,-0.107765,1.03849,1.12563,-0.246797,-1.46116,0.559264,-0.256861,1.36794,0.476546,0.859566,-0.158996,-0.186357,0.448484,0,1.8609
260,2.61,3.961,-0.110157,1.02397,1.06592,-0.232985,-1.4456,0.559264,-0.256861,1.36794,0.490168,0.86069,-0.159028,-0.185696,0.446588,0,1.81114
261,2.62,3.97133,-0.11241,1.0096,1.00625,-0.218934,-1.42973,0.559264,-0.256861,1.36794,0.503938,0.861812,-0.158934,-0.185027,0.444729,0,1.76199
262,2.63,3.98106,-0.114521,0.995388,0.946639,-0.204674,-1.41352,0.559264,-0.256861,1.36794,0.51779,0.862932,-0.158692,-0.184342,0.442926,0,1.71349
263,2.64,3.9902,-0.116488,0.981344,0.887088,-0.190236,-1.39692,0.559264,-0.256861,1.36794,0.531667,0.864059,-0.158273,-0.183579,0.441193,0,1.66568
264,2.65,3.99875,-0.11831,0.967469,0.827632,-0.175648,-1.37988,0.489357,-0.286558,1.36902,0.545517,0.865213,-0.157649,-0.182646,0.439539,0,1.61861
265,2.66,4.0067,-0.119986,0.953766,0.768379,-0.160948,-1.36243,0.489357,-0.286558,1.36902,0.559297,0.866409,-0.156803,-0.181464,0.437972,0,1.57243
266,2.67,4.01406,-0.121514,0.940239,0.709461,-0.146171,-1.34464,0.489357,-0.286558,1.36902,0.572971,0.867649,-0.155734,-0.180005,0.436498,0,1.52733
267,2.68,4.02083,-0.122895,0.926892,0.650959,-0.131341,-1.32644,0.489357,-0.286558,1.36902,0.586506,0.868933,-0.15444,-0.178243,0.435124,0,1.48339
268,2.69,4.02702,-0.124126,0.91373,0.59296,-0.116473,-1.30779,0.489357,-0.286558,1.36902,0.599874,0.870266,-0.152914,-0.17614,0.433854,0,1.44065
269,2.7,4.03263,-0.125209,0.900758,0.535569,-0.101588,-1.28862,0.418749,-0.310376,1.33259,0.613053,0.871651,-0.15115,-0.173655,0.432692,0,1.39918
270,2.71,4.03768,-0.126143,0.887979,0.478903,-0.0867008,-1.26891,0.418749,-0.310376,1.33259,0.62602,0.873082,-0.149159,-0.170785,0.431638,0,1.35904
271,2.72,4.04216,-0.126928,0.875401,0.423094,-0.0718327,-1.24864,0.418749,-0.310376,1.33259,0.638758,0.874543,-0.146968,-0.167571,0.430692,0,1.32033
272,2.73,4.04608,-0.127565,0.863029,0.368252,-0.0570024,-1.22784,0.418749,-0.310376,1.33259,0.651252,0.876018,-0.144594,-0.164052,0.429852,0,1.28314
273,2.74,4.04947,-0.128054,0.850868,0.314453,-0.0422231,-1.20644,0.418749,-0.310376,1.33259,0.663489,0.877493,-0.142047,-0.160264,0.42912,0,1.24746
274,2.75,4.05232,-0.128395,0.838924,0.261767,-0.0275122,-1.1844,0.347614,-0.295592,1.28495,0.675458,0.878953,-0.139342,-0.156251,0.428498,0,1.2133
275,2.76,4.05466,-0.128589,0.827205,0.210235,-0.0128824,-1.16166,0.347614,-0.295592,1.28495,0.687151,0.880379,-0.136529,-0.152078,0.427978,0,1.18061
276,2.77,4.05648,-0.128638,0.815717,0.159908,0.00165157,-1.13824,0.347614,-0.295592,1.28495,0.698557,0.881747,-0.133687,-0.147827,0.427548,0,1.14942
277,2.78,4.05781,-0.128542,0.804466,0.110836,0.0160752,-1.11423,0.347614,-0.295592,1.28495,0.709671,0.88304,-0.130861,-0.143565,0.427205,0,1.11985
278,2.79,4.05865,-0.128303,0.793458,0.0630299,0.0303788,-1.08968,0.347614,-0.295592,1.28495,0.720488,0.884252,-0.128048,-0.139331,0.426953,0,1.09192
279,2.8,4.05903,-0.127921,0.782699,0.0164883,0.0445476,-1.06461,0.261923,-0.238032,1.21123,0.731006,0.885379,-0.125219,-0.13515,0.4268,0,1.06567
280,2.81,4.05894,-0.127398,0.772193,-0.0288344,0.0585732,-1.03895,0.261923,-0.238032,1.21123,0.74122,0.886418,-0.12239,-0.131041,0.426747,0,1.041
281,2.82,4.05841,-0.126736,0.761948,-0.0729554,0.0724453,-1.01272,0.261923,-0.238032,1.21123,0.751129,0.88736,-0.119636,-0.127023,0.426784,0,1.01793
282,2.83,4.05744,-0.125936,0.751967,-0.115877,0.08616,-0.986021,0.261923,-0.238032,1.21123,0.760732,0.888207,-0.116986,-0.123094,0.426909,0,0.996538
283,2.84,4.05605,-0.125,0.742256,-0.157626,0.0997231,-0.95887,0.261923,-0.238032,1.21123,0.770028,0.888965,-0.114405,-0.119229,0.427126,0,0.976843
284,2.85,4.05425,-0.123929,0.732818,-0.198211,0.113131,-0.931309,0.192499,-0.176397,1.145,0.779018,0.889644,-0.111838,-0.115404,0.427443,0,0.958865
285,2.86,4.05205,-0.122724,0.723659,-0.23764,0.126374,-0.90334,0.192499,-0.176397,1.145,0.787703,0.890248,-0.109266,-0.111599,0.427862,0,0.942585
286,2.87,4.04947,-0.121388,0.714781,-0.27592,0.13945,-0.874958,0.192499,-0.176397,1.145,0.796085,0.890778,-0.106707,-0.107792,0.428379,0,0.927971
287,2.88,4.0465,-0.119923,0.70619,-0.313046,0.152357,-0.846181,0.192499,-0.176397,1.145,0.804163,0.891242,-0.104155,-0.103947,0.428993,0,0.915004
288,2.89,4.04317,-0.118329,0.697888,-0.34899,0.165093,-0.817055,0.192499,-0.176397,1.145,0.811942,0.891645,-0.101577,-0.100034,0.429704,0,0.903675
289,2.9,4.03949,-0.116609,0.689879,-0.383721,0.177649,-0.787621,0.1776,-0.0685001,1.09559,0.819423,0.891989,-0.0989392,-0.0960451,0.430514,0,0.893951
290,2.91,4.03547,-0.114764,0.682166,-0.417238,0.190026,-0.757787,0.1776,-0.0685001,1.09559,0.826608,0.892276,-0.0962444,-0.0919559,0.431422,0,0.885686
291,2.92,4.03112,-0.112797,0.674755,-0.44951,0.202227,-0.727539,0.1776,-0.0685001,1.09559,0.833499,0.892509,-0.0935301,-0.0877192,0.432419,0,0.878788
292,2.93,4.02645,-0.110708,0.667647,-0.480475,0.21426,-0.696963,0.1776,-0.0685001,1.09559,0.8401,0.892686,-0.0908135,-0.0833198,0.4335,0,0.873225
293,2.94,4.02148,-0.1085,0.660847,-0.510092,0.226139,-0.666081,0.1776,-0.0685001,1.09559,0.846411,0.892805,-0.088089,-0.0787743,0.434665,0,0.868905
294,2.95,4.01622,-0.106174,0.654357,-0.538327,0.237876,-0.634899,0.213438,0.0222291,1.0545,0.852436,0.892862,-0.0853478,-0.0741108,0.435913,0,0.865724
295,2.96,4.01069,-0.103731,0.648182,-0.565161,0.249484,-0.603379,0.213438,0.0222291,1.0545,0.858178,0.892857,-0.0825821,-0.0693298,0.437241,0,0.863548
296,2.97,4.0049,-0.101173,0.642323,-0.590558,0.260973,-0.571528,0.213438,0.0222291,1.0545,0.863638,0.892791,-0.0797883,-0.0644059,0.438645,0,0.86227
297,2.98,3.99886,-0.0985008,0.636784,-0.614471,0.272349,-0.5394,0.213438,0.0222291,1.0545,0.868819,0.892663,-0.0769678,-0.0593535,0.44012,0,0.8618
298,2.99,3.99259,-0.0957152,0.631568,-0.636869,0.283619,-0.507015,0.213438,0.0222291,1.0545,0.873722,0.892467,-0.0741233,-0.0542216,0.441666,0,0.862036
299,3,3.98611,-0.0928175,0.626677,-0.657736,0.294788,-0.47439,0.234586,0.0237958,1.0594,0.878352,0.892198,-0.0712558,-0.0490614,0.443282,0,0.86288
300,3.01,3.97942,-0.0898087,0.622113,-0.677063,0.305851,-0.44156,0.234586,0.0237958,1.0594,0.882708,0.891854,-0.0683605,-0.0439207,0.444965,0,0.864253
301,3.02,3.97255,-0.0866899,0.617879,-0.694853,0.316797,-0.408556,0.234586,0.0237958,1.0594,0.886795,0.891434,-0.0654268,-0.0388411,0.446717,0,0.866083
302,3.03,3.96551,-0.0834624,0.613976,-0.711123,0.327612,-0.375387,0.234586,0.0237958,1.0594,0.890614,0.890937,-0.0624475,-0.0338695,0.448537,0,0.868297
303,3.04,3.95832,-0.0801275,0.610405,-0.725896,0.338271,-0.342071,0.234586,0.0237958,1.0594,0.894168,0.890362,-0.0594201,-0.0290561,0.450423,0,0.870842
304,3.05,3.95099,-0.076687,0.607168,-0.739211,0.348748,-0.308618,0.18073,0.0557275,1.0386,0.897458,0.88971,-0.0563471,-0.0244485,0.452375,0,0.873672
305,3.06,3.94353,-0.0731428,0.604267,-0.751124,0.359015,-0.274981,0.18073,0.0557275,1.0386,0.900487,0.888982,-0.0532573,-0.0201026,0.454391,0,0.876751
306,3.07,3.93596,-0.0694973,0.601703,-0.761702,0.369045,-0.24116,0.18073,0.0557275,1.0386,0.903255,0.888177,-0.0502023,-0.0160747,0.456468,0,0.88008
307,3.08,3.92829,-0.0657529,0.599478,-0.771026,0.378813,-0.2072,0.18073,0.0557275,1.0386,0.905762,0.8873,-0.0472159,-0.0123917,0.458602,0,0.883692
308,3.09,3.92053,-0.0619124,0.597593,-0.779185,0.388298,-0.173117,0.18073,0.0557275,1.0386,0.908012,0.886356,-0.0443093,-0.00904628,0.460791,0,0.887623
309,3.1,3.9127,-0.0579786,0.59605,-0.786265,0.397485,-0.138921,0.194677,0.118105,0.998599,0.910004,0.88535,-0.0414888,-0.00601439,0.46303,0,0.891911
310,3.11,3.9048,-0.0539546,0.59485,-0.792349,0.406372,-0.1045,0.194677,0.118105,0.998599,0.91174,0.88429,-0.0387755,-0.00322527,0.465314,0,0.896591
311,3.12,3.89685,-0.0498434,0.593996,-0.797494,0.41497,-0.0698507,0.194677,0.118105,0.998599,0.913218,0.88318,-0.0362027,-0.00056638,0.467635,0,0.901707
312,3.13,3.88885,-0.0456477,0.593489,-0.801733,0.4233,-0.0350925,0.194677,0.118105,0.998599,0.91444,0.882025,-0.0337905,0.00204192,0.469986,0,0.907298
313,3.14,3.88082,-0.0413699,0.593329,-0.805091,0.431399,-0.000257316,0.194677,0.118105,0.998599,0.915406,0.880828,-0.0315419,0.00464193,0.472362,0,0.913388
314,3.15,3.87275,-0.0370123,0.593518,-0.807585,0.439309,0.0346315,0.10773,0.0410065,0.917512,0.916117,0.879593,-0.0294512,0.0072652,0.474759,0,0.919992
315,3.16,3.86466,-0.0325765,0.594056,-0.809226,0.447067,0.0694488,0.10773,0.0410065,0.917512,0.916576,0.878322,-0.027499,0.00990401,0.477174,0,0.927113
316,3.17,3.85657,-0.0280637,0.594941,-0.81003,0.454695,0.104029,0.10773,0.0410065,0.917512,0.916784,0.877019,-0.0256451,0.0124981,0.479609,0,0.934729
317,3.18,3.84847,-0.0234754,0.59617,-0.81003,0.462201,0.138297,0.10773,0.0410065,0.917512,0.916746,0.875685,-0.0238355,0.0149656,0.482062,0,0.942817
318,3.19,3.84037,-0.0188128,0.597739,-0.809268,0.469573,0.172221,0.10773,0.0410065,0.917512,0.916466,0.874324,-0.0220069,0.0172212,0.484537,0,0.951353
319,3.2,3.83228,-0.0140773,0.599646,-0.8078,0.47677,0.205783,-0.0148662,-0.120547,0.882321,0.91595,0.872942,-0.0200884,0.0191773,0.487033,0,0.96031
320,3.21,3.82422,-0.00927114,0.601886,-0.805696,0.483721,0.238976,-0.0148662,-0.120547,0.882321,0.915201,0.871544,-0.0180092,0.0206671,0.489551,0,0.969661
321,3.22,3.81617,-0.00439737,0.604456,-0.80307,0.490308,0.27167,-0.0148662,-0.120547,0.882321,0.914227,0.870138,-0.0156979,0.0214395,0.492092,0,0.979351
322,3.23,3.80816,0.000539517,0.607349,-0.800076,0.496365,0.303754,-0.0148662,-0.120547,0.882321,0.913033,0.86873,-0.0130697,0.0212952,0.494656,0,0.989326
323,3.24,3.80018,0.00553314,0.61056,-0.796889,0.501692,0.335256,-0.0148662,-0.120547,0.882321,0.911627,0.867322,-0.0100295,0.0201139,0.49724,0,0.999562
324,3.25,3.79223,0.010575,0.614083,-0.793687,0.50606,0.366223,0.0294874,-0.0322827,0.846529,0.910017,0.865912,-0.006487,0.0178181,0.499837,0,1.01003
325,3.26,3.78431,0.015654,0.617913,-0.790645,0.509214,0.396724,0.0294874,-0.0322827,0.846529,0.908211,0.86449,-0.00237018,0.0144089,0.502438,0,1.02069
326,3.27,3.77641,0.0207567,0.622045,-0.787914,0.510892,0.426815,0.0294874,-0.0322827,0.846529,0.906215,0.863042,0.00236895,0.00997566,0.505028,0,1.0315
327,3.28,3.76855,0.0258669,0.626477,-0.785614,0.510837,0.456518,0.0294874,-0.0322827,0.846529,0.904036,0.861547,0.0077561,0.00464579,0.507597,0,1.04238
328,3.29,3.7607,0.0309658,0.631204,-0.783829,0.508805,0.485896,0.0294874,-0.0322827,0.846529,0.901681,0.859985,0.013796,-0.00141149,0.51013,0,1.05326
329,3.3,3.75287,0.0360325,0.636223,-0.782595,0.504578,0.515026,0.256754,0.0291617,0.877014,0.899156,0.858336,0.0204636,-0.0079561,0.512619,0,1.0641
330,3.31,3.74505,0.0410439,0.641534,-0.781889,0.497968,0.5442,0.256754,0.0291617,0.877014,0.896464,0.856583,0.0276936,-0.0145998,0.515058,0,1.07493
331,3.32,3.73723,0.0459756,0.647137,-0.781601,0.488866,0.573459,0.256754,0.0291617,0.877014,0.893608,0.854722,0.0353943,-0.0208209,0.517459,0,1.0857
332,3.33,3.72942,0.0508025,0.653032,-0.781518,0.477274,0.602548,0.256754,0.0291617,0.877014,0.89059,0.852757,0.0434517,-0.0261458,0.519841,0,1.09619
333,3.34,3.7216,0.0555003,0.659215,-0.781356,0.463285,0.631292,0.256754,0.0291617,0.877014,0.887414,0.850695,0.0517244,-0.0302272,0.522235,0,1.1062
334,3.35,3.71379,0.0600457,0.665684,-0.780784,0.447071,0.659549,0.289447,0.0636287,0.945974,0.884084,0.848547,0.0600604,-0.0328327,0.524673,0,1.11557
335,3.36,3.70599,0.0644177,0.672433,-0.779455,0.428832,0.687455,0.289447,0.0636287,0.945974,0.880601,0.846325,0.0682822,-0.0338104,0.527189,0,1.1243
336,3.37,3.69821,0.0685973,0.67946,-0.77702,0.408828,0.715136,0.289447,0.0636287,0.945974,0.876966,0.844038,0.0761873,-0.0330569,0.529814,0,1.1324
337,3.38,3.69046,0.0725688,0.686762,-0.773142,0.387405,0.742519,0.289447,0.0636287,0.945974,0.873177,0.841692,0.0836101,-0.0305337,0.532571,0,1.13981
338,3.39,3.68276,0.0763199,0.694337,-0.767507,0.364926,0.769626,0.289447,0.0636287,0.945974,0.86923,0.839287,0.0904409,-0.0263036,0.535468,0,1.14654
339,3.4,3.67512,0.0798421,0.702182,-0.759839,0.341746,0.796573,0.328283,-0.0253759,0.912477,0.865121,0.836823,0.096594,-0.0205592,0.538492,0,1.15268
340,3.41,3.66758,0.0831302,0.710295,-0.749925,0.318199,0.823477,0.328283,-0.0253759,0.912477,0.860842,0.834305,0.102015,-0.0136461,0.541611,0,1.15834
341,3.42,3.66014,0.0861822,0.718678,-0.737649,0.29459,0.850376,0.328283,-0.0253759,0.912477,0.856384,0.831743,0.106701,-0.00603195,0.544777,0,1.16364
342,3.43,3.65284,0.0889991,0.72733,-0.72301,0.271167,0.877206,0.328283,-0.0253759,0.912477,0.851738,0.829158,0.110698,0.00179058,0.547941,0,1.16866
343,3.44,3.64571,0.0915835,0.736249,-0.706112,0.248107,0.903865,0.328283,-0.0253759,0.912477,0.846893,0.826575,0.114092,0.00937052,0.551061,0,1.17351
344,3.45,3.63875,0.09394,0.745432,-0.687147,0.225512,0.930199,0.275765,-0.0762836,0.794928,0.841844,0.824017,0.117023,0.0163422,0.554107,0,1.17826
345,3.46,3.63199,0.0960733,0.754876,-0.666395,0.203436,0.955844,0.275765,-0.0762836,0.794928,0.836584,0.821503,0.119662,0.0224466,0.557055,0,1.18284
346,3.47,3.62545,0.0979887,0.76457,-0.644158,0.181847,0.980515,0.275765,-0.0762836,0.794928,0.831114,0.819047,0.122195,0.0275079,0.559887,0,1.18719
347,3.48,3.61913,0.0996902,0.774506,-0.620685,0.160593,1.00426,0.275765,-0.0762836,0.794928,0.825433,0.816661,0.124782,0.0314172,0.56259,0,1.19146
348,3.49,3.61306,0.10118,0.784674,-0.5962,0.139472,1.02717,0.275765,-0.0762836,0.794928,0.819543,0.81435,0.127537,0.0341365,0.565158,0,1.19582
349,3.5,3.60724,0.102458,0.795068,-0.570916,0.118267,1.04932,0.107206,-0.00969642,0.769997,0.813444,0.812115,0.130522,0.0357006,0.56759,0,1.20042
350,3.51,3.60167,0.103523,0.805681,-0.544973,0.0967311,1.07102,0.107206,-0.00969642,0.769997,0.807133,0.809959,0.133606,0.0362138,0.569916,0,1.20559
351,3.52,3.59636,0.10437,0.816509,-0.518551,0.0747142,1.09242,0.107206,-0.00969642,0.769997,0.800609,0.807894,0.13642,0.0358346,0.5722,0,1.21155
352,3.53,3.59132,0.104993,0.827548,-0.491913,0.0522255,1.11337,0.107206,-0.00969642,0.769997,0.79387,0.805931,0.138596,0.0347542,0.574508,0,1.21832
353,3.54,3.58655,0.10539,0.838795,-0.465282,0.0293318,1.13394,0.107206,-0.00969642,0.769997,0.786917,0.804071,0.139874,0.0331985,0.576891,0,1.22604
354,3.55,3.58204,0.105556,0.850246,-0.438858,0.00617341,1.15423,0.0369416,-0.0431193,0.834649,0.779749,0.802305,0.14007,0.0314405,0.579396,0,1.23486
355,3.56,3.5778,0.10549,0.8619,-0.412779,-0.0170673,1.17445,0.0369416,-0.0431193,0.834649,0.772368,0.80062,0.13905,0.0297347,0.582055,0,1.245
356,3.57,3.57381,0.105192,0.873757,-0.387134,-0.0401736,1.19496,0.0369416,-0.0431193,0.834649,0.764775,0.799005,0.136717,0.0282857,0.584892,0,1.25675
357,3.58,3.57008,0.104665,0.885821,-0.362047,-0.0628351,1.21582,0.0369416,-0.0431193,0.834649,0.756969,0.797441,0.133037,0.0272713,0.587916,0,1.27014
358,3.59,3.5666,0.103916,0.898096,-0.337622,-0.0847124,1.23707,0.0369416,-0.0431193,0.834649,0.748951,0.795902,0.128072,0.0268003,0.591117,0,1.28511
359,3.6,3.56335,0.102953,0.910586,-0.31392,-0.105497,1.25882,-0.0650513,-0.044297,0.795321,0.740724,0.794357,0.121999,0.0268898,0.594466,0,1.30165
360,3.61,3.56034,0.10179,0.923296,-0.290991,-0.124912,1.28111,-0.0650513,-0.044297,0.795321,0.732292,0.792784,0.115026,0.0274329,0.597922,0,1.31966
361,3.62,3.55755,0.100442,0.936232,-0.268922,-0.142722,1.30383,-0.0650513,-0.044297,0.795321,0.723661,0.791177,0.107322,0.0282297,0.601435,0,1.3389
362,3.63,3.55498,0.0989249,0.949397,-0.247807,-0.158764,1.32688,-0.0650513,-0.044297,0.795321,0.714839,0.78953,0.0990921,0.0290884,0.60496,0,1.35913
363,3.64,3.55261,0.0972576,0.962793,-0.227739,-0.172958,1.35018,-0.0650513,-0.044297,0.795321,0.705838,0.787835,0.0905962,0.0298404,0.608456,0,1.38013
364,3.65,3.55044,0.0954587,0.976423,-0.20881,-0.185296,1.37354,-0.0427459,-0.0233312,0.683456,0.696671,0.786086,0.0821038,0.0303467,0.611888,0,1.40162
365,3.66,3.54845,0.0935465,0.990285,-0.191126,-0.195825,1.39653,-0.0427459,-0.0233312,0.683456,0.687357,0.784281,0.0738663,0.0305264,0.615235,0,1.42308
366,3.67,3.54663,0.0915384,1.00437,-0.174765,-0.204658,1.41865,-0.0427459,-0.0233312,0.683456,0.677918,0.782425,0.066116,0.0303493,0.618481,0,1.44395
367,3.68,3.54496,0.0894504,1.01867,-0.159714,-0.21199,1.43972,-0.0427459,-0.0233312,0.683456,0.668382,0.780522,0.05906,0.0298116,0.621618,0,1.46398
368,3.69,3.54344,0.0872962,1.03318,-0.145911,-0.218056,1.45974,-0.0427459,-0.0233312,0.683456,0.658775,0.778583,0.0528606,0.0289347,0.624642,0,1.48313
369,3.7,3.54205,0.0850872,1.04788,-0.133258,-0.223104,1.47872,0.0428355,-0.000127315,0.560864,0.649125,0.776617,0.0476167,0.0277685,0.627557,0,1.50138
370,3.71,3.54079,0.0828322,1.06277,-0.121675,-0.227365,1.49632,0.0428355,-0.000127315,0.560864,0.639462,0.774631,0.0433841,0.0264323,0.63037,0,1.51838
371,3.72,3.53963,0.080538,1.07782,-0.111058,-0.23104,1.51202,0.0428355,-0.000127315,0.560864,0.629815,0.772627,0.0401846,0.0251244,0.633088,0,1.5336
372,3.73,3.53857,0.0782094,1.09301,-0.101229,-0.234309,1.52563,0.0428355,-0.000127315,0.560864,0.620219,0.77061,0.0379672,0.0240542,0.63572,0,1.54684
373,3.74,3.53761,0.0758497,1.10833,-0.0919795,-0.237302,1.5372,0.0428355,-0.000127315,0.560864,0.610705,0.768582,0.0365955,0.0234056,0.638275,0,1.55813
374,3.75,3.53674,0.0734612,1.12376,-0.0831009,-0.240091,1.54682,0.102695,0.0670868,0.399712,0.601303,0.766546,0.0358611,0.0233234,0.640763,0,1.56755
375,3.76,3.53596,0.0710459,1.13927,-0.0744109,-0.242684,1.55451,0.102695,0.0670868,0.399712,0.59204,0.764504,0.0355079,0.0239373,0.643195,0,1.5751
376,3.77,3.53526,0.068606,1.15484,-0.0657517,-0.245028,1.56029,0.102695,0.0670868,0.399712,0.582943,0.762456,0.0352602,0.0253729,0.645581,0,1.58078
377,3.78,3.53465,0.0661445,1.17047,-0.0569836,-0.247015,1.56433,0.102695,0.0670868,0.399712,0.574034,0.7604,0.0348513,0.0277021,0.647927,0,1.58474
378,3.79,3.53413,0.0636657,1.18613,-0.0480003,-0.2485,1.56677,0.102695,0.0670868,0.399712,0.565336,0.758335,0.0340471,0.0309232,0.65024,0,1.58708
379,3.8,3.5337,0.0611756,1.2018,-0.0387356,-0.24931,1.56774,0.072732,0.12316,0.267668,0.556867,0.756259,0.0326571,0.0349641,0.652521,0,1.58791
380,3.81,3.53337,0.058682,1.21747,-0.0291656,-0.249268,1.56736,0.072732,0.12316,0.267668,0.548645,0.754168,0.0305213,0.0396914,0.65477,0,1.58732
381,3.82,3.53313,0.0561942,1.23314,-0.0193109,-0.248196,1.56571,0.072732,0.12316,0.267668,0.540687,0.752059,0.0275066,0.0449246,0.656988,0,1.58538
382,3.83,3.53299,0.0537237,1.24878,-0.00923256,-0.245934,1.5629,0.072732,0.12316,0.267668,0.533006,0.74993,0.0235579,0.0504395,0.659171,0,1.58216
383,3.84,3.53295,0.0512829,1.26439,0.000973309,-0.242353,1.55901,0.072732,0.12316,0.267668,0.525619,0.747781,0.0187199,0.0559807,0.661317,0,1.57774
384,3.85,3.53302,0.0488855,1.27995,0.0111842,-0.23737,1.55412,0.0381456,0.104147,0.175115,0.518538,0.745618,0.0131116,0.0612801,0.66342,0,1.57218
385,3.86,3.53319,0.0465459,1.29546,0.0212674,-0.230954,1.54835,0.0381456,0.104147,0.175115,0.511778,0.743454,0.00690689,0.0660411,0.665482,0,1.56562
386,3.87,3.53345,0.0442782,1.31091,0.0310745,-0.223136,1.54183,0.0381456,0.104147,0.175115,0.505353,0.741311,0.000338435,0.0699584,0.667505,0,1.5582
387,3.88,3.53382,0.0420959,1.32629,0.0404473,-0.214019,1.53462,0.0381456,0.104147,0.175115,0.499274,0.739213,-0.00629473,0.0727848,0.669497,0,1.55
388,3.89,3.53427,0.0400112,1.34159,0.049245,-0.203769,1.52683,0.0381456,0.104147,0.175115,0.493557,0.737186,-0.0126577,0.0743487,0.671468,0,1.54116
389,3.9,3.53481,0.0380342,1.35681,0.0573497,-0.19261,1.51855,0.0183546,0.052778,-0.0101605,0.488214,0.735254,-0.0184321,0.074553,0.673427,0,1.53179
390,3.91,3.53542,0.0361726,1.37195,0.0646759,-0.180806,1.50988,0.0183546,0.052778,-0.0101605,0.483257,0.733438,-0.0233461,0.0733671,0.675382,0,1.52204
391,3.92,3.53611,0.0344312,1.387,0.0711663,-0.168653,1.50094,0.0183546,0.052778,-0.0101605,0.478699,0.731749,-0.0271952,0.0708241,0.677339,0,1.51206
392,3.93,3.53685,0.0328119,1.40196,0.0768006,-0.156444,1.49189,0.0183546,0.052778,-0.0101605,0.47455,0.730188,-0.0298685,0.0670799,0.679289,0,1.50203
393,3.94,3.53764,0.0313138,1.41683,0.0816066,-0.144425,1.48309,0.0183546,0.052778,-0.0101605,0.470819,0.728745,-0.0313457,0.0624722,0.681209,0,1.49234
394,3.95,3.53848,0.029934,1.43162,0.0856573,-0.132787,1.47493,0.113427,0.0785254,-0.252348,0.467515,0.727402,-0.0317318,0.0574883,0.683062,0,1.48337
395,3.96,3.53936,0.0286679,1.44633,0.0890635,-0.121662,1.46762,0.113427,0.0785254,-0.252348,0.464643,0.726137,-0.031238,0.0527314,0.684813,0,1.47535
396,3.97,3.54027,0.0275098,1.46097,0.0919816,-0.111107,1.46111,0.113427,0.0785254,-0.252348,0.462208,0.72493,-0.0301254,0.0488209,0.68643,0,1.46821
397,3.98,3.5412,0.0264543,1.47554,0.094606,-0.101087,1.45517,0.113427,0.0785254,-0.252348,0.460212,0.723757,-0.0287294,0.046189,0.687907,0,1.46174
398,3.99,3.54216,0.0254966,1.49006,0.0971306,-0.0914763,1.4495,0.113427,0.0785254,-0.252348,0.458657,0.722596,-0.027404,0.0450198,0.689258,0,1.45563
399,4,3.54315,0.0246335,1.50453,0.0997233,-0.0820883,1.44383,0.133525,0.0332534,-0.392389,0.45754,0.721426,-0.0264084,0.0453191,0.690502,0,1.4496
400,4.01,3.54416,0.0238642,1.51894,0.102521,-0.0726959,1.43806,0.133525,0.0332534,-0.392389,0.456859,0.720239,-0.0258589,0.0469172,0.691655,0,1.44354
401,4.02,3.5452,0.0231898,1.53328,0.105621,-0.0630856,1.43223,0.133525,0.0332534,-0.392389,0.456606,0.719039,-0.0257518,0.049446,0.69273,0,1.4375
402,4.03,3.54627,0.0226135,1.54757,0.109063,-0.053115,1.42626,0.133525,0.0332534,-0.392389,0.456772,0.717839,-0.026027,0.0524102,0.693746,0,1.43141
403,4.04,3.54739,0.0221391,1.5618,0.112823,-0.0427234,1.42005,0.133525,0.0332534,-0.392389,0.45735,0.716655,-0.0265927,0.0552918,0.694724,0,1.42516
404,4.05,3.54854,0.0217709,1.57597,0.116824,-0.0319333,1.41348,0.175951,0.0635089,-0.477787,0.458328,0.715506,-0.027318,0.0576338,0.695689,0,1.41866
405,4.06,3.54973,0.0215123,1.59006,0.120954,-0.0208422,1.40641,0.175951,0.0635089,-0.477787,0.459695,0.714407,-0.0280364,0.0591148,0.696665,0,1.41176
406,4.07,3.55096,0.0213657,1.60408,0.125096,-0.00959143,1.39882,0.175951,0.0635089,-0.477787,0.461441,0.713369,-0.0285741,0.0595549,0.697669,0,1.40443
407,4.08,3.55223,0.0213317,1.61803,0.129144,0.00165734,1.39081,0.175951,0.0635089,-0.477787,0.463553,0.712399,-0.0287735,0.0588641,0.69871,0,1.3968
408,4.09,3.55355,0.0214093,1.63189,0.133007,0.01272,1.38252,0.175951,0.0635089,-0.477787,0.466021,0.711495,-0.0285008,0.0570257,0.699793,0,1.38896
409,4.1,3.5549,0.0215956,1.64567,0.136609,0.0233959,1.37402,0.141185,0.146494,-0.617171,0.468833,0.710652,-0.027666,0.0540991,0.700915,0,1.38099
410,4.11,3.55628,0.0218858,1.65936,0.139909,0.0335312,1.36573,0.141185,0.146494,-0.617171,0.471978,0.709848,-0.0263269,0.0502798,0.702065,0,1.37329
411,4.12,3.5577,0.0222739,1.67298,0.142877,0.0430246,1.3581,0.141185,0.146494,-0.617171,0.475448,0.709049,-0.0247497,0.0459532,0.703224,0,1.36627
412,4.13,3.55914,0.0227532,1.68652,0.145487,0.0518269,1.35121,0.141185,0.146494,-0.617171,0.479235,0.708225,-0.0232721,0.0416238,0.704374,0,1.36001
413,4.14,3.56061,0.0233168,1.7,0.147732,0.0599732,1.34492,0.141185,0.146494,-0.617171,0.483332,0.707357,-0.0221736,0.0377875,0.705498,0,1.35434
414,4.15,3.56209,0.0239588,1.71342,0.149629,0.0675783,1.33891,0.137794,0.187856,-0.748034,0.487731,0.706435,-0.021647,0.0348202,0.70659,0,1.34893
415,4.16,3.5636,0.0246746,1.72677,0.151218,0.0748244,1.33283,0.137794,0.187856,-0.748034,0.492422,0.705456,-0.0217856,0.0329383,0.707653,0,1.34347
416,4.17,3.56512,0.025462,1.74007,0.152561,0.0819402,1.32661,0.137794,0.187856,-0.748034,0.497394,0.70442,-0.0225903,0.0322342,0.708691,0,1.33786
417,4.18,3.56665,0.0263209,1.7533,0.153729,0.0891669,1.32028,0.137794,0.187856,-0.748034,0.502636,0.703326,-0.0239616,0.0327068,0.70971,0,1.33219
418,4.19,3.5682,0.0272538,1.76646,0.154808,0.0967209,1.3139,0.137794,0.187856,-0.748034,0.508135,0.702172,-0.0257047,0.0342554,0.710718,0,1.32652
419,4.2,3.56975,0.0282648,1.77957,0.155888,0.104771,1.30752,0.165245,0.125213,-0.779536,0.51388,0.700961,-0.0275802,0.0366454,0.711724,0,1.32094
420,4.21,3.57131,0.0293596,1.79261,0.157058,0.113422,1.30129,0.165245,0.125213,-0.779536,0.519859,0.699703,-0.0292921,0.039481,0.712741,0,1.31564
421,4.22,3.57289,0.0305442,1.80559,0.158385,0.122661,1.29518,0.165245,0.125213,-0.779536,0.52606,0.698418,-0.0304991,0.0422617,0.71379,0,1.31058
422,4.23,3.57448,0.0318238,1.81851,0.159911,0.132341,1.28889,0.165245,0.125213,-0.779536,0.532468,0.697131,-0.0309423,0.0445073,0.714892,0,1.30549
423,4.24,3.57609,0.0332015,1.83136,0.161646,0.14224,1.28223,0.165245,0.125213,-0.779536,0.539072,0.695858,-0.0304926,0.0458409,0.716066,0,1.30018
424,4.25,3.57772,0.0346783,1.84414,0.163577,0.152097,1.27519,0.109225,0.0922545,-0.85542,0.545854,0.694608,-0.0291014,0.0460171,0.717325,0,1.2946
425,4.26,3.57937,0.0362521,1.85685,0.16567,0.161646,1.26788,0.109225,0.0922545,-0.85542,0.552803,0.693379,-0.0268121,0.0448891,0.718674,0,1.28883
426,4.27,3.58104,0.0379185,1.86949,0.167868,0.170625,1.2605,0.109225,0.0922545,-0.85542,0.559905,0.692153,-0.0238001,0.0423749,0.720113,0,1.28302
427,4.28,3.58273,0.0396704,1.88206,0.170079,0.178791,1.25321,0.109225,0.0922545,-0.85542,0.567149,0.6909,-0.0203595,0.0384918,0.721638,0,1.27727
428,4.29,3.58444,0.0414986,1.89455,0.172181,0.185955,1.24623,0.109225,0.0922545,-0.85542,0.574528,0.689588,-0.0168547,0.0334151,0.723234,0,1.27174
429,4.3,3.58617,0.0433924,1.90698,0.174034,0.191996,1.23972,0.0491651,0.0764436,-0.884435,0.582037,0.688193,-0.0136575,0.0275108,0.724877,0,1.26652
430,4.31,3.58792,0.0453402,1.91934,0.175501,0.19688,1.23369,0.0491651,0.0764436,-0.884435,0.589671,0.686704,-0.0111247,0.0212409,0.726542,0,1.26157
431,4.32,3.58968,0.0473307,1.93165,0.17645,0.200669,1.22796,0.0491651,0.0764436,-0.884435,0.597428,0.68512,-0.00955186,0.0150517,0.728212,0,1.2567
432,4.33,3.59145,0.0493537,1.94389,0.176776,0.203515,1.22228,0.0491651,0.0764436,-0.884435,0.605304,0.683456,-0.00909191,0.00934205,0.729875,0,1.25165
433,4.34,3.59321,0.051401,1.95608,0.17641,0.205638,1.21643,0.0491651,0.0764436,-0.884435,0.613295,0.68173,-0.00977267,0.00440796,0.731525,0,1.24624
434,4.35,3.59497,0.0534668,1.96822,0.175315,0.207291,1.21029,0.037728,0.0589959,-0.88949,0.621395,0.679959,-0.0115386,0.000409993,0.733159,0,1.24037
435,4.36,3.59672,0.0555477,1.98028,0.17348,0.208732,1.20388,0.037728,0.0589959,-0.88949,0.629599,0.678152,-0.0142279,-0.00260014,0.73478,0,1.2341
436,4.37,3.59844,0.0576429,1.99229,0.170921,0.210192,1.1973,0.037728,0.0589959,-0.88949,0.637903,0.676313,-0.0175459,-0.00465148,0.736391,0,1.22757
437,4.38,3.60013,0.0597537,2.00422,0.167687,0.211849,1.19066,0.037728,0.0589959,-0.88949,0.646302,0.674444,-0.0210949,-0.00587275,0.738001,0,1.22093
438,4.39,3.60179,0.0618827,2.01609,0.163857,0.213803,1.18409,0.037728,0.0589959,-0.88949,0.654794,0.67255,-0.024444,-0.00652892,0.739619,0,1.21435
439,4.4,3.6034,0.0640329,2.0279,0.159531,0.21606,1.17756,0.0453025,-0.0075397,-0.911661,0.663376,0.670636,-0.0272057,-0.00698509,0.741255,0,1.2078
440,4.41,3.60497,0.066207,2.03964,0.154808,0.21853,1.1711,0.0453025,-0.0075397,-0.911661,0.672042,0.66871,-0.0290559,-0.00766878,0.742916,0,1.20133
441,4.42,3.60649,0.0684061,2.05131,0.149781,0.221023,1.16459,0.0453025,-0.0075397,-0.911661,0.680789,0.666777,-0.0297343,-0.00899356,0.74461,0,1.1948
442,4.43,3.60796,0.070629,2.06292,0.144544,0.223271,1.15777,0.0453025,-0.0075397,-0.911661,0.689611,0.664838,-0.0290926,-0.0112216,0.746337,0,1.18793
443,4.44,3.60938,0.0728717,2.07446,0.139166,0.224982,1.15062,0.0453025,-0.0075397,-0.911661,0.698499,0.662886,-0.0270981,-0.0144487,0.74809,0,1.18064
444,4.45,3.61074,0.0751272,2.08593,0.1337,0.225865,1.14335,0.0985912,-0.0892057,-0.909818,0.707445,0.660911,-0.0238298,-0.0186499,0.749854,0,1.17309
445,4.46,3.61204,0.0773857,2.09732,0.128193,0.225652,1.13618,0.0985912,-0.0892057,-0.909818,0.716442,0.658905,-0.0194413,-0.0236717,0.751602,0,1.16545
446,4.47,3.6133,0.0796349,2.10864,0.122691,0.224116,1.12936,0.0985912,-0.0892057,-0.909818,0.725486,0.656866,-0.0141389,-0.0292249,0.753308,0,1.1579
447,4.48,3.61449,0.0818607,2.1199,0.117253,0.221095,1.12307,0.0985912,-0.0892057,-0.909818,0.734573,0.654801,-0.0082671,-0.0349317,0.754948,0,1.15061
448,4.49,3.61564,0.0840478,2.1311,0.111944,0.216533,1.11727,0.0985912,-0.0892057,-0.909818,0.7437,0.652727,-0.0022942,-0.0404017,0.756511,0,1.14355
449,4.5,3.61673,0.0861811,2.14224,0.106816,0.210497,1.11173,0.188242,-0.061584,-0.859434,0.752863,0.650671,0.00332565,-0.0452928,0.758,0,1.13651
450,4.51,3.61777,0.0882467,2.15333,0.101911,0.203166,1.10615,0.188242,-0.061584,-0.859434,0.762056,0.648665,0.00828211,-0.0492981,0.759431,0,1.12926
451,4.52,3.61876,0.0902331,2.16436,0.097264,0.194796,1.10025,0.188242,-0.061584,-0.859434,0.771271,0.646738,0.0124394,-0.0521627,0.760825,0,1.12158
452,4.53,3.61971,0.0921314,2.17533,0.0929133,0.185677,1.09391,0.188242,-0.061584,-0.859434,0.780497,0.644909,0.0157516,-0.0537596,0.762203,0,1.11344
453,4.54,3.62062,0.0939358,2.18623,0.0888919,0.176097,1.08715,0.188242,-0.061584,-0.859434,0.789726,0.643188,0.0182166,-0.0540735,0.763579,0,1.1049
454,4.55,3.62149,0.0956431,2.19706,0.0852308,0.166337,1.08,0.189621,0.0185391,-0.888419,0.798947,0.641572,0.0198834,-0.053164,0.76496,0,1.09605
455,4.56,3.62232,0.0972531,2.20782,0.0819589,0.156655,1.07245,0.189621,0.0185391,-0.888419,0.808152,0.640054,0.0208316,-0.0511408,0.766343,0,1.08692
456,4.57,3.62312,0.0987678,2.2185,0.0790961,0.147268,1.06461,0.189621,0.0185391,-0.888419,0.817335,0.638623,0.0211557,-0.0481778,0.767719,0,1.07765
457,4.58,3.6239,0.100191,2.2291,0.0766478,0.13833,1.05673,0.189621,0.0185391,-0.888419,0.826488,0.637264,0.0210132,-0.0445634,0.769069,0,1.0685
458,4.59,3.62465,0.101528,2.23963,0.0746138,0.129942,1.04893,0.189621,0.0185391,-0.888419,0.835609,0.635962,0.0206376,-0.0406653,0.770372,0,1.05958
459,4.6,3.62539,0.102784,2.25008,0.0729891,0.122143,1.04114,0.25642,0.0173025,-0.859393,0.844694,0.634704,0.0202721,-0.0368553,0.77161,0,1.05082
460,4.61,3.62611,0.103965,2.26044,0.0717633,0.114891,1.03329,0.25642,0.0173025,-0.859393,0.853741,0.633477,0.0201862,-0.0334092,0.772776,0,1.04214
461,4.62,3.62683,0.105076,2.27073,0.0709418,0.108085,1.02531,0.25642,0.0173025,-0.859393,0.862744,0.632267,0.0206741,-0.0304658,0.773875,0,1.03343
462,4.63,3.62753,0.106121,2.28094,0.0705548,0.101579,1.01709,0.25642,0.0173025,-0.859393,0.871699,0.631066,0.0219299,-0.028096,0.77491,0,1.02458
463,4.64,3.62824,0.107102,2.29106,0.0706435,0.0951968,1.00863,0.25642,0.0173025,-0.859393,0.880601,0.62987,0.0240121,-0.0263341,0.775882,0,1.01557
464,4.65,3.62895,0.108018,2.3011,0.0712505,0.0887549,1.00006,0.188697,-0.0157272,-0.873409,0.889446,0.62868,0.0268781,-0.0251696,0.776792,0,1.00652
465,4.66,3.62967,0.108869,2.31106,0.0724107,0.0820708,0.991661,0.188697,-0.0157272,-0.873409,0.898228,0.627495,0.0303147,-0.0245842,0.777642,0,0.997683
466,4.67,3.6304,0.109651,2.32093,0.074124,0.0750005,0.983674,0.188697,-0.0157272,-0.873409,0.906948,0.626317,0.0339189,-0.0245388,0.778444,0,0.98931
467,4.68,3.63115,0.11036,2.33073,0.076335,0.0674772,0.976083,0.188697,-0.0157272,-0.873409,0.915605,0.625154,0.0372446,-0.0249105,0.779214,0,0.981386
468,4.69,3.63193,0.110992,2.34045,0.0789432,0.0595129,0.968771,0.188697,-0.0157272,-0.873409,0.924199,0.624018,0.0399188,-0.0255046,0.779973,0,0.973802
469,4.7,3.63274,0.111541,2.35009,0.0818217,0.0511919,0.961577,0.18436,-0.0822289,-0.885526,0.93273,0.622919,0.0416834,-0.0261005,0.780739,0,0.966408
470,4.71,3.63357,0.112006,2.35967,0.0848358,0.0426556,0.954309,0.18436,-0.0822289,-0.885526,0.941195,0.621865,0.0424248,-0.026526,0.781524,0,0.959022
471,4.72,3.63444,0.112386,2.36917,0.0878635,0.034054,0.946945,0.18436,-0.0822289,-0.885526,0.949594,0.620852,0.0421818,-0.0266975,0.782337,0,0.951622
472,4.73,3.63533,0.112679,2.3786,0.0908071,0.0255239,0.939565,0.18436,-0.0822289,-0.885526,0.957925,0.619865,0.0411176,-0.0265716,0.78318,0,0.944288
473,4.74,3.63625,0.112888,2.38796,0.0936028,0.017182,0.932264,0.18436,-0.0822289,-0.885526,0.96619,0.618885,0.0394945,-0.0261207,0.784053,0,0.937109
474,4.75,3.63721,0.113015,2.39724,0.0962301,0.009114,0.925136,0.18045,-0.0754856,-0.877531,0.974389,0.617886,0.0376452,-0.0253477,0.784956,0,0.930172
475,4.76,3.63818,0.113064,2.40645,0.0987115,0.00137283,0.918178,0.18045,-0.0754856,-0.877531,0.982525,0.616849,0.0358957,-0.0243066,0.785886,0,0.92347
476,4.77,3.63918,0.113036,2.4156,0.101102,-0.00602955,0.911342,0.18045,-0.0754856,-0.877531,0.990599,0.615764,0.0344948,-0.0231068,0.786836,0,0.916952
477,4.78,3.64021,0.112937,2.42467,0.103468,-0.0131141,0.90447,0.18045,-0.0754856,-0.877531,0.998613,0.61463,0.0335965,-0.0218719,0.787796,0,0.910463
478,4.79,3.64125,0.112768,2.43368,0.105882,-0.0199269,0.897341,0.18045,-0.0754856,-0.877531,1.00656,0.613449,0.0332688,-0.0206916,0.788762,0,0.903786
479,4.8,3.64233,0.112532,2.44261,0.108412,-0.0265323,0.889773,0.154361,-0.08356,-0.853208,1.01445,0.612224,0.0335137,-0.019619,0.78973,0,0.896746
480,4.81,3.64342,0.112231,2.45146,0.111114,-0.0329983,0.881591,0.154361,-0.08356,-0.853208,1.02226,0.610962,0.0342716,-0.0186957,0.790697,0,0.889179
481,4.82,3.64455,0.111866,2.46023,0.114029,-0.0393875,0.872615,0.154361,-0.08356,-0.853208,1.03,0.60967,0.0354213,-0.0179594,0.79166,0,0.880915
482,4.83,3.64571,0.111438,2.4689,0.117169,-0.0457485,0.862656,0.154361,-0.08356,-0.853208,1.03765,0.608356,0.0368008,-0.0174325,0.792619,0,0.871778
483,4.84,3.6469,0.110945,2.47747,0.12052,-0.052112,0.851533,0.154361,-0.08356,-0.853208,1.04519,0.607031,0.0382262,-0.0171187,0.793573,0,0.861597
484,4.85,3.64812,0.110389,2.48591,0.124041,-0.0584862,0.839074,0.14698,-0.103958,-0.801386,1.05263,0.605706,0.0395048,-0.0170056,0.794526,0,0.850207
485,4.86,3.64938,0.109769,2.49423,0.127668,-0.0648577,0.825123,0.14698,-0.103958,-0.801386,1.05994,0.60439,0.040452,-0.0170753,0.795478,0,0.837457
486,4.87,3.65068,0.109086,2.50239,0.131318,-0.0711929,0.809532,0.14698,-0.103958,-0.801386,1.06711,0.603095,0.0409098,-0.0173106,0.796431,0,0.823198
487,4.88,3.65201,0.10834,2.51039,0.134893,-0.0774424,0.792143,0.14698,-0.103958,-0.801386,1.07412,0.601829,0.0407555,-0.0176915,0.797388,0,0.807269
488,4.89,3.65338,0.107532,2.51821,0.138292,-0.0835476,0.772815,0.14698,-0.103958,-0.801386,1.08095,0.6006,0.0399077,-0.0181986,0.798346,0,0.789524
489,4.9,3.65478,0.106664,2.52582,0.141415,-0.0894478,0.751431,0.156904,-0.101587,-0.726077,1.08759,0.59941,0.0383307,-0.0188182,0.799302,0,0.769836
490,4.91,3.65621,0.105738,2.5332,0.14417,-0.095086,0.727893,0.156904,-0.101587,-0.726077,1.09402,0.598263,0.0360353,-0.0195427,0.800251,0,0.748101
491,4.92,3.65767,0.104758,2.54034,0.146482,-0.100415,0.702133,0.156904,-0.101587,-0.726077,1.10022,0.597156,0.0330748,-0.0203702,0.801184,0,0.724245
492,4.93,3.65914,0.103726,2.54721,0.148291,-0.105401,0.674112,0.156904,-0.101587,-0.726077,1.10616,0.596087,0.0295342,-0.0213056,0.802094,0,0.698231
493,4.94,3.66063,0.102646,2.55378,0.149557,-0.110023,0.643809,0.156904,-0.101587,-0.726077,1.11183,0.595052,0.0255201,-0.0223575,0.802971,0,0.670046
494,4.95,3.66213,0.101523,2.56004,0.150259,-0.114278,0.611229,0.207953,-0.123739,-0.675561,1.11721,0.594044,0.0211548,-0.0235354,0.80381,0,0.639717
495,4.96,3.66363,0.100358,2.56596,0.150392,-0.118175,0.576409,0.207953,-0.123739,-0.675561,1.12227,0.593058,0.0165885,-0.0248443,0.804605,0,0.607315
496,4.97,3.66514,0.0991567,2.57152,0.149974,-0.121739,0.539405,0.207953,-0.123739,-0.675561,1.127,0.592087,0.0119995,-0.0262767,0.805356,0,0.572949
497,4.98,3.66663,0.0979212,2.5767,0.149041,-0.125001,0.500254,0.207953,-0.123739,-0.675561,1.13137,0.591126,0.007558,-0.0278141,0.806064,0,0.536742
498,4.99,3.66812,0.0966546,2.58148,0.147641,-0.128002,0.458988,0.207953,-0.123739,-0.675561,1.13538,0.590172,0.00340853,-0.029429,0.806734,0,0.498851
499,5,3.66958,0.0953592,2.58583,0.145838,-0.130784,0.415657,0.263479,-0.0849325,-0.570584,1.13899,0.589222,-0.000325762,-0.0310842,0.807373,0,0.459504
500,5.01,3.67103,0.094037,2.58974,0.143701,-0.133389,0.370331,0.263479,-0.0849325,-0.570584,1.14219,0.588277,-0.00353867,-0.03272,0.807989,0,0.419032
501,5.02,3.67245,0.0926895,2.59318,0.141304,-0.135859,0.323129,0.263479,-0.0849325,-0.570584,1.14495,0.587339,-0.0061384,-0.0342467,0.808593,0,0.377937
502,5.03,3.67385,0.0913178,2.59614,0.138724,-0.138231,0.274198,0.263479,-0.0849325,-0.570584,1.14727,0.58641,-0.00805577,-0.0355607,0.809194,0,0.336952
503,5.04,3.67522,0.0899229,2.59861,0.13604,-0.140531,0.223687,0.263479,-0.0849325,-0.570584,1.14913,0.585493,-0.00924941,-0.0365551,0.8098,0,0.297139
504,5.05,3.67657,0.0885052,2.60056,0.13333,-0.142779,0.171737,0.387363,0.0173778,-0.522668,1.15051,0.584592,-0.00970237,-0.0371268,0.810419,0,0.260108
505,5.06,3.67789,0.0870653,2.60198,0.130668,-0.144989,0.118569,0.387363,0.0173778,-0.522668,1.15139,0.583712,-0.00940431,-0.037151,0.811056,0,0.228374
506,5.07,3.67918,0.0856034,2.60287,0.128125,-0.147169,0.0644664,0.387363,0.0173778,-0.522668,1.15177,0.582854,-0.00834177,-0.0364701,0.811715,0,0.205501
507,5.08,3.68045,0.0841199,2.60321,0.125777,-0.149313,0.00965639,0.387363,0.0173778,-0.522668,1.15164,0.58202,-0.00651922,-0.0349417,0.812397,0,0.195468
508,5.09,3.6817,0.0826153,2.60301,0.123708,-0.151405,-0.0456765,0.387363,0.0173778,-0.522668,1.15098,0.581208,-0.00397198,-0.0324722,0.813097,0,0.200782
509,5.1,3.68292,0.08109,2.60224,0.121998,-0.153422,-0.101344,0.366991,0.0274889,-0.524081,1.1498,0.580413,-0.000758174,-0.0290178,0.813805,0,0.220664
510,5.11,3.68414,0.0795452,2.60092,0.120723,-0.155342,-0.156987,0.366991,0.0274889,-0.524081,1.1481,0.579622,0.00298625,-0.0245899,0.814509,0,0.251695
511,5.12,3.68534,0.0779817,2.59905,0.119947,-0.157145,-0.212051,0.366991,0.0274889,-0.524081,1.14586,0.578821,0.00698844,-0.019303,0.815196,0,0.289909
512,5.13,3.68654,0.076401,2.59663,0.119725,-0.158801,-0.265841,0.366991,0.0274889,-0.524081,1.14311,0.577999,0.0109117,-0.0133933,0.815855,0,0.331999
513,5.14,3.68773,0.0748046,2.59369,0.120108,-0.160277,-0.317564,0.366991,0.0274889,-0.524081,1.13985,0.577148,0.0144899,-0.00713865,0.81648,0,0.375448
514,5.15,3.68894,0.0731947,2.59025,0.121147,-0.161527,-0.366446,0.296144,0.0687554,-0.536117,1.13611,0.576264,0.0176203,-0.00078383,0.817073,0,0.41839
515,5.16,3.69016,0.0715738,2.58633,0.122895,-0.162494,-0.411883,0.296144,0.0687554,-0.536117,1.13192,0.575347,0.0202563,0.00546824,0.81764,0,0.459516
516,5.17,3.6914,0.069945,2.58198,0.125391,-0.163118,-0.453502,0.296144,0.0687554,-0.536117,1.1273,0.574403,0.0223144,0.0114464,0.818189,0,0.49799
517,5.18,3.69268,0.0683123,2.57724,0.128657,-0.163332,-0.490951,0.296144,0.0687554,-0.536117,1.1223,0.573436,0.0238283,0.0170275,0.818727,0,0.533164
518,5.19,3.69398,0.06668,2.57215,0.13271,-0.163084,-0.523922,0.296144,0.0687554,-0.536117,1.11696,0.572453,0.0249725,0.0221562,0.819258,0,0.564538
519,5.2,3.69534,0.0650529,2.56676,0.137565,-0.162332,-0.552284,0.184498,0.00380334,-0.55599,1.11132,0.571458,0.0259255,0.0268256,0.819783,0,0.591856
520,5.21,3.69674,0.0634362,2.5611,0.143222,-0.161061,-0.576099,0.184498,0.00380334,-0.55599,1.10541,0.570463,0.026731,0.030894,0.820307,0,0.615096
521,5.22,3.69821,0.061835,2.55523,0.149626,-0.159295,-0.595665,0.184498,0.00380334,-0.55599,1.09928,0.569487,0.0272382,0.0340717,0.820842,0,0.634491
522,5.23,3.69975,0.0602539,2.54919,0.156641,-0.157093,-0.611348,0.184498,0.00380334,-0.55599,1.09297,0.568541,0.0272524,0.0361967,0.821406,0,0.650355
523,5.24,3.70135,0.0586969,2.54301,0.164093,-0.154525,-0.623391,0.184498,0.00380334,-0.55599,1.08651,0.56763,0.0266662,0.0373232,0.822005,0,0.662889
524,5.25,3.70304,0.0571673,2.53673,0.171787,-0.151647,-0.632002,0.15364,-0.135544,-0.505836,1.07994,0.566748,0.0254525,0.0376628,0.822636,0,0.672261
525,5.26,3.7048,0.0556681,2.53038,0.179564,-0.148484,-0.63702,0.15364,-0.135544,-0.505836,1.07328,0.565893,0.0237184,0.0373076,0.823293,0,0.678296
526,5.27,3.70664,0.0542019,2.52401,0.187279,-0.145088,-0.638165,0.15364,-0.135544,-0.505836,1.06658,0.565073,0.0216892,0.0361449,0.823963,0,0.680719
527,5.28,3.70855,0.0527704,2.51764,0.194747,-0.141578,-0.635777,0.15364,-0.135544,-0.505836,1.05987,0.564289,0.0195539,0.0341674,0.824638,0,0.679841
528,5.29,3.71054,0.0513739,2.51131,0.201793,-0.138101,-0.630455,0.15364,-0.135544,-0.505836,1.05317,0.563534,0.0174233,0.0315408,0.825306,0,0.676214
529,5.3,3.71259,0.0500114,2.50505,0.208287,-0.134782,-0.62277,0.265732,-0.197328,-0.566571,1.04653,0.562801,0.0153558,0.0285163,0.825957,0,0.670367
530,5.31,3.71471,0.0486806,2.49887,0.214129,-0.131725,-0.613734,0.265732,-0.197328,-0.566571,1.03995,0.56208,0.0134831,0.0253743,0.826583,0,0.663229
531,5.32,3.71688,0.0473787,2.49278,0.219306,-0.129003,-0.604378,0.265732,-0.197328,-0.566571,1.03345,0.561366,0.012057,0.0223186,0.827179,0,0.655751
532,5.33,3.7191,0.0461018,2.48679,0.22391,-0.126671,-0.595131,0.265732,-0.197328,-0.566571,1.02703,0.560655,0.0112553,0.0194304,0.827745,0,0.648354
533,5.34,3.72136,0.0448459,2.48089,0.228075,-0.124778,-0.586093,0.265732,-0.197328,-0.566571,1.02068,0.559948,0.0111272,0.0167269,0.828284,0,0.641166
534,5.35,3.72366,0.0436063,2.47508,0.231947,-0.123372,-0.577285,0.384706,-0.295291,-0.600305,1.01442,0.559245,0.0116719,0.0142095,0.828798,0,0.634254
535,5.36,3.726,0.0423778,2.46935,0.235665,-0.122499,-0.568849,0.384706,-0.295291,-0.600305,1.00822,0.558546,0.0129147,0.011867,0.829288,0,0.627801
536,5.37,3.72838,0.0411549,2.4637,0.239372,-0.122216,-0.560964,0.384706,-0.295291,-0.600305,1.0021,0.55785,0.0149319,0.00967208,0.829751,0,0.622026
537,5.38,3.73079,0.0399312,2.45814,0.243221,-0.122586,-0.553722,0.384706,-0.295291,-0.600305,0.996037,0.557153,0.0177613,0.00758267,0.830185,0,0.617084
538,5.39,3.73325,0.0387,2.45263,0.247359,-0.123681,-0.547174,0.384706,-0.295291,-0.600305,0.990034,0.556453,0.0213622,0.00554678,0.830586,0,0.613093
539,5.4,3.73574,0.0374535,2.44719,0.251913,-0.125569,-0.541332,0.437481,-0.278129,-0.624415,0.984079,0.555745,0.0256468,0.00351467,0.83095,0,0.610138
540,5.41,3.73829,0.0361835,2.44181,0.256981,-0.128312,-0.536308,0.437481,-0.278129,-0.624415,0.978164,0.555027,0.0304966,0.00146557,0.831272,0,0.608383
541,5.42,3.74089,0.0348811,2.43647,0.262633,-0.131949,-0.532252,0.437481,-0.278129,-0.624415,0.972279,0.554294,0.0357671,-0.00058595,0.831552,0,0.608012
542,5.43,3.74355,0.0335374,2.43116,0.268914,-0.136498,-0.529241,0.437481,-0.278129,-0.624415,0.966413,0.553548,0.0412768,-0.00261358,0.831789,0,0.609133
543,5.44,3.74628,0.0321432,2.42588,0.275837,-0.141947,-0.527318,0.437481,-0.278129,-0.624415,0.960553,0.552791,0.0468127,-0.00458653,0.831991,0,0.6118
544,5.45,3.74908,0.0306898,2.42061,0.283385,-0.148255,-0.526501,0.380556,-0.321973,-0.674286,0.954688,0.552028,0.0521522,-0.00646865,0.832168,0,0.616028
545,5.46,3.75196,0.0291689,2.41534,0.291496,-0.155346,-0.526909,0.380556,-0.321973,-0.674286,0.948806,0.55127,0.057062,-0.00824788,0.832332,0,0.621881
546,5.47,3.75492,0.0275734,2.41007,0.300063,-0.16311,-0.528731,0.380556,-0.321973,-0.674286,0.942892,0.550532,0.0612998,-0.00995068,0.832501,0,0.629443
547,5.48,3.75797,0.025897,2.40476,0.308944,-0.171425,-0.532048,0.380556,-0.321973,-0.674286,0.936932,0.54983,0.0646481,-0.0116122,0.83269,0,0.638677
548,5.49,3.76111,0.0241351,2.39941,0.31798,-0.180169,-0.53684,0.380556,-0.321973,-0.674286,0.930912,0.549179,0.066942,-0.0132614,0.832914,0,0.649438
549,5.5,3.76433,0.022284,2.39401,0.326996,-0.189215,-0.543035,0.333126,-0.334665,-0.672619,0.924819,0.54859,0.068077,-0.0149209,0.833182,0,0.661525
550,5.51,3.76765,0.0203412,2.38854,0.335815,-0.198445,-0.550521,0.333126,-0.334665,-0.672619,0.918641,0.548069,0.0679993,-0.0166191,0.833499,0,0.674705
551,5.52,3.77106,0.0183057,2.38299,0.34426,-0.20775,-0.559171,0.333126,-0.334665,-0.672619,0.912368,0.547618,0.0667053,-0.0183942,0.833863,0,0.688729
552,5.53,3.77454,0.0161772,2.37734,0.352162,-0.217033,-0.568859,0.333126,-0.334665,-0.672619,0.905991,0.547232,0.0642686,-0.0202727,0.834263,0,0.703365
553,5.54,3.77811,0.0139563,2.37159,0.359371,-0.226216,-0.579458,0.333126,-0.334665,-0.672619,0.899505,0.546901,0.0608415,-0.0222634,0.834686,0,0.718396
554,5.55,3.78174,0.0116445,2.36574,0.365765,-0.235241,-0.590855,0.386829,-0.321453,-0.619027,0.892903,0.546609,0.0566317,-0.0243637,0.835115,0,0.733643
555,5.56,3.78542,0.00924317,2.35976,0.371285,-0.244111,-0.602594,0.386829,-0.321453,-0.619027,0.886184,0.546328,0.0519806,-0.0265308,0.835536,0,0.748707
556,5.57,3.78916,0.00675383,2.35367,0.375932,-0.252861,-0.614161,0.386829,-0.321453,-0.619027,0.879351,0.546014,0.047412,-0.0286624,0.835942,0,0.763189
557,5.58,3.79294,0.00417749,2.34747,0.379768,-0.261525,-0.625436,0.386829,-0.321453,-0.619027,0.872408,0.545625,0.0434691,-0.0306356,0.836341,0,0.777039
558,5.59,3.79676,0.00151477,2.34116,0.382931,-0.270151,-0.636399,0.386829,-0.321453,-0.619027,0.865362,0.545132,0.0405596,-0.0323198,0.836745,0,0.79033
559,5.6,3.8006,-0.00123434,2.33473,0.385624,-0.278808,-0.646972,0.488141,-0.222431,-0.60614,0.85822,0.544523,0.0389211,-0.0335453,0.83717,0,0.803127
560,5.61,3.80447,-0.00407059,2.32821,0.388107,-0.287572,-0.656786,0.488141,-0.222431,-0.60614,0.850987,0.543802,0.0386556,-0.0339745,0.837634,0,0.815287
561,5.62,3.80837,-0.00699524,2.32159,0.39069,-0.296466,-0.665463,0.488141,-0.222431,-0.60614,0.843676,0.54298,0.0396941,-0.0331696,0.838151,0,0.826663
562,5.63,3.81229,-0.0100093,2.3149,0.393697,-0.305423,-0.672766,0.488141,-0.222431,-0.60614,0.836299,0.542076,0.0417065,-0.0309177,0.838724,0,0.837195
563,5.64,3.81625,-0.0131126,2.30814,0.397406,-0.314306,-0.678565,0.488141,-0.222431,-0.60614,0.828871,0.541113,0.0441897,-0.0273564,0.839342,0,0.846859
564,5.65,3.82025,-0.0163035,2.30133,0.401986,-0.322942,-0.682957,0.51746,-0.19162,-0.651348,0.821406,0.540116,0.0466305,-0.0229055,0.839985,0,0.855754
565,5.66,3.8243,-0.0195785,2.29448,0.40746,-0.331139,-0.686468,0.51746,-0.19162,-0.651348,0.813914,0.539114,0.0486,-0.0180459,0.840636,0,0.864242
566,5.67,3.82841,-0.0229322,2.2876,0.413729,-0.338734,-0.689707,0.51746,-0.19162,-0.651348,0.806401,0.538127,0.0498188,-0.0131316,0.841288,0,0.872702
567,5.68,3.83258,-0.0263581,2.28068,0.420637,-0.345632,-0.69292,0.51746,-0.19162,-0.651348,0.798869,0.537174,0.0501561,-0.00841206,0.841937,0,0.881212
568,5.69,3.83683,-0.0298489,2.27374,0.428004,-0.351777,-0.696169,0.51746,-0.19162,-0.651348,0.791319,0.536269,0.0495718,-0.00407164,0.84258,0,0.889711
569,5.7,3.84115,-0.0333968,2.26676,0.435636,-0.357149,-0.69943,0.455104,-0.204559,-0.644955,0.783751,0.535419,0.0480781,-0.000239868,0.843217,0,0.898074
570,5.71,3.84555,-0.0369943,2.25975,0.443342,-0.361753,-0.702566,0.455104,-0.204559,-0.644955,0.776169,0.534632,0.0457158,0.00295974,0.843842,0,0.906099
571,5.72,3.85002,-0.0406337,2.2527,0.450928,-0.36562,-0.705384,0.455104,-0.204559,-0.644955,0.768576,0.533909,0.0425748,0.00542607,0.844452,0,0.913554
572,5.73,3.85457,-0.0443079,2.24564,0.458219,-0.368801,-0.7077,0.455104,-0.204559,-0.644955,0.760979,0.533241,0.038848,0.00717872,0.845041,0,0.920227
573,5.74,3.85919,-0.0480105,2.23855,0.465076,-0.371352,-0.709355,0.455104,-0.204559,-0.644955,0.753386,0.532608,0.0348131,0.0083725,0.845604,0,0.92595
574,5.75,3.86388,-0.0517353,2.23145,0.47142,-0.373325,-0.710292,0.399643,-0.248915,-0.646917,0.745808,0.531994,0.0307609,0.00924307,0.846139,0,0.930658
575,5.76,3.86863,-0.0554769,2.22435,0.477234,-0.374763,-0.710513,0.399643,-0.248915,-0.646917,0.738254,0.531389,0.0269363,0.00993895,0.846641,0,0.93436
576,5.77,3.87343,-0.0592301,2.21725,0.482542,-0.375717,-0.71002,0.399643,-0.248915,-0.646917,0.730734,0.530797,0.0234909,0.0104635,0.847109,0,0.93709
577,5.78,3.87828,-0.0629906,2.21015,0.487386,-0.376256,-0.708848,0.399643,-0.248915,-0.646917,0.723257,0.530223,0.0204735,0.0108178,0.847542,0,0.938924
578,5.79,3.88318,-0.0667545,2.20307,0.49181,-0.376446,-0.707039,0.399643,-0.248915,-0.646917,0.715833,0.529672,0.0178418,0.0110317,0.847943,0,0.939943
579,5.8,3.88812,-0.0705186,2.19602,0.49585,-0.376339,-0.70463,0.457336,-0.227652,-0.619637,0.70847,0.529148,0.0154771,0.0111391,0.848315,0,0.940214
580,5.81,3.8931,-0.0742801,2.18899,0.499538,-0.375968,-0.701498,0.457336,-0.227652,-0.619637,0.701178,0.528652,0.0132894,0.0112566,0.84866,0,0.939676
581,5.82,3.89811,-0.0780365,2.182,0.502914,-0.375331,-0.697414,0.457336,-0.227652,-0.619637,0.693966,0.528181,0.0112859,0.0115652,0.848978,0,0.93818
582,5.83,3.90316,-0.081785,2.17505,0.506033,-0.374401,-0.692368,0.457336,-0.227652,-0.619637,0.686847,0.527737,0.00947363,0.0121555,0.849268,0,0.935745
583,5.84,3.90824,-0.0855224,2.16816,0.508944,-0.373147,-0.686549,0.457336,-0.227652,-0.619637,0.67983,0.527318,0.00780281,0.0129848,0.849533,0,0.932531
584,5.85,3.91334,-0.0892453,2.16133,0.511679,-0.371547,-0.68019,0.494414,-0.176547,-0.58029,0.672925,0.526927,0.00620655,0.0139306,0.849774,0,0.92872
585,5.86,3.91847,-0.0929503,2.15456,0.514254,-0.369586,-0.673206,0.494414,-0.176547,-0.58029,0.666138,0.52656,0.00463477,0.0149388,0.849994,0,0.924261
586,5.87,3.92363,-0.0966336,2.14787,0.516684,-0.367244,-0.665393,0.494414,-0.176547,-0.58029,0.659479,0.526215,0.0030785,0.0160668,0.850194,0,0.91901
587,5.88,3.92881,-0.100291,2.14127,0.518986,-0.364495,-0.656822,0.494414,-0.176547,-0.58029,0.652956,0.52589,0.00156022,0.0173372,0.850374,0,0.913027
588,5.89,3.93401,-0.103919,2.13475,0.521173,-0.361323,-0.647763,0.494414,-0.176547,-0.58029,0.646576,0.525582,9.68666e-05,0.0186996,0.850538,0,0.906516
589,5.9,3.93923,-0.107513,2.12832,0.523255,-0.35773,-0.638494,0.46471,-0.140374,-0.60483,0.640344,0.525288,-0.00131289,0.0200813,0.850687,0,0.899689
590,5.91,3.94448,-0.111069,2.12199,0.525236,-0.353728,-0.629233,0.46471,-0.140374,-0.60483,0.634262,0.525006,-0.00270326,0.0214282,0.850825,0,0.89271
591,5.92,3.94974,-0.114582,2.11575,0.527105,-0.349334,-0.620182,0.46471,-0.140374,-0.60483,0.62833,0.524733,-0.00413706,0.0227161,0.850954,0,0.88572
592,5.93,3.95502,-0.118049,2.10959,0.52884,-0.344558,-0.611453,0.46471,-0.140374,-0.60483,0.622544,0.524467,-0.00566103,0.0239325,0.851076,0,0.878787
593,5.94,3.96032,-0.121467,2.10352,0.530414,-0.339407,-0.603089,0.46471,-0.140374,-0.60483,0.616903,0.524205,-0.0072957,0.0250683,0.851192,0,0.871925
594,5.95,3.96563,-0.124831,2.09754,0.531798,-0.333888,-0.595126,0.458836,-0.0941429,-0.612037,0.611404,0.523945,-0.00904925,0.0261153,0.851303,0,0.865139
595,5.96,3.97095,-0.128138,2.09163,0.532961,-0.32801,-0.587613,0.458836,-0.0941429,-0.612037,0.606041,0.523685,-0.0109278,0.0270801,0.851411,0,0.858444
596,5.97,3.97629,-0.131384,2.08579,0.533872,-0.321777,-0.580609,0.458836,-0.0941429,-0.612037,0.60081,0.523422,-0.0129391,0.0279895,0.851515,0,0.851861
597,5.98,3.98163,-0.134566,2.08002,0.534506,-0.315188,-0.574146,0.458836,-0.0941429,-0.612037,0.595707,0.523154,-0.0150762,0.0288729,0.851615,0,0.84539
598,5.99,3.98698,-0.13768,2.07431,0.534844,-0.308238,-0.568238,0.458836,-0.0941429,-0.612037,0.590726,0.522878,-0.0173113,0.0297561,0.851712,0,0.839025
599,6,3.99233,-0.140722,2.06866,0.534874,-0.300922,-0.562906,0.381867,-0.0348802,-0.608277,0.58586,0.522594,-0.0196036,0.0306598,0.851805,0,0.832771
600,6.01,3.99767,-0.14369,2.06305,0.534595,-0.293235,-0.558142,0.381867,-0.0348802,-0.608277,0.581104,0.522298,-0.0219408,0.0315972,0.851895,0,0.82662
601,6.02,4.00302,-0.146578,2.0575,0.534002,-0.285167,-0.553945,0.381867,-0.0348802,-0.608277,0.576451,0.521988,-0.0243613,0.0325768,0.851982,0,0.820569
602,6.03,4.00835,-0.149383,2.05198,0.533088,-0.276704,-0.550317,0.381867,-0.0348802,-0.608277,0.571894,0.521659,-0.0268941,0.0336018,0.852068,0,0.814614
603,6.04,4.01368,-0.152102,2.04649,0.531839,-0.267833,-0.547259,0.381867,-0.0348802,-0.608277,0.567427,0.521309,-0.0295331,0.0346709,0.852152,0,0.808752
604,6.05,4.01899,-0.15473,2.04103,0.530246,-0.258541,-0.544789,0.31914,0.0275828,-0.591004,0.563042,0.520937,-0.0322593,0.0357725,0.852235,0,0.802994
605,6.06,4.02428,-0.157262,2.03559,0.528301,-0.248817,-0.542861,0.31914,0.0275828,-0.591004,0.558732,0.520538,-0.0350743,0.0368897,0.85232,0,0.797314
606,6.07,4.02955,-0.159695,2.03017,0.525988,-0.238646,-0.541411,0.31914,0.0275828,-0.591004,0.55449,0.520109,-0.0380126,0.0380067,0.852406,0,0.79167
607,6.08,4.03479,-0.162023,2.02476,0.523284,-0.228018,-0.540409,0.31914,0.0275828,-0.591004,0.550309,0.519647,-0.0410914,0.0391057,0.852496,0,0.786041
608,6.09,4.04001,-0.164243,2.01936,0.520167,-0.216924,-0.539843,0.31914,0.0275828,-0.591004,0.546182,0.519149,-0.0442912,0.0401658,0.85259,0,0.780424
609,6.1,4.04519,-0.166349,2.01397,0.516616,-0.205369,-0.539724,0.261329,0.00927305,-0.544204,0.542103,0.518614,-0.0475752,0.0411608,0.852691,0,0.774836
610,6.11,4.05034,-0.168337,2.00857,0.512605,-0.19334,-0.539839,0.261329,0.00927305,-0.544204,0.538064,0.518043,-0.0508992,0.0420103,0.852804,0,0.769136
611,6.12,4.05544,-0.170202,2.00317,0.508096,-0.180834,-0.539886,0.261329,0.00927305,-0.544204,0.534061,0.517439,-0.054195,0.0425725,0.852941,0,0.763112
612,6.13,4.06049,-0.171939,1.99777,0.50306,-0.167903,-0.539752,0.261329,0.00927305,-0.544204,0.530093,0.516804,-0.0573411,0.0427149,0.853113,0,0.756699
613,6.14,4.06549,-0.173545,1.99238,0.497485,-0.154654,-0.539491,0.261329,0.00927305,-0.544204,0.526157,0.516145,-0.0601944,0.0423552,0.853333,0,0.749973
614,6.15,4.07044,-0.175018,1.98698,0.491381,-0.141228,-0.539212,0.262113,0.0129423,-0.496508,0.522249,0.515465,-0.0626451,0.0414713,0.853611,0,0.743068
615,6.16,4.07531,-0.176356,1.98159,0.484744,-0.127706,-0.538539,0.262113,0.0129423,-0.496508,0.518369,0.514767,-0.0646248,0.0401182,0.853949,0,0.735737
616,6.17,4.08012,-0.177558,1.97622,0.47757,-0.114131,-0.536887,0.262113,0.0129423,-0.496508,0.514518,0.514057,-0.0661022,0.0384507,0.85434,0,0.727563
617,6.18,4.08486,-0.178625,1.97086,0.469905,-0.100581,-0.53413,0.262113,0.0129423,-0.496508,0.510705,0.513343,-0.0671013,0.036683,0.854769,0,0.718486
618,6.19,4.08951,-0.179557,1.96554,0.46183,-0.0871352,-0.530449,0.262113,0.0129423,-0.496508,0.506934,0.512627,-0.0677085,0.034999,0.855222,0,0.7087
619,6.2,4.09408,-0.180355,1.96026,0.453438,-0.0738452,-0.526117,0.239185,0.0914488,-0.507852,0.50321,0.511907,-0.06805,0.0334976,0.855686,0,0.698468
620,6.21,4.09857,-0.181021,1.95503,0.444798,-0.0607217,-0.521317,0.239185,0.0914488,-0.507852,0.499534,0.511178,-0.068296,0.0322471,0.85615,0,0.687971
621,6.22,4.10297,-0.181557,1.94984,0.435968,-0.047756,-0.516363,0.239185,0.0914488,-0.507852,0.495906,0.510434,-0.0686219,0.0313221,0.856602,0,0.67748
622,6.23,4.10728,-0.181963,1.9447,0.426984,-0.0349075,-0.511529,0.239185,0.0914488,-0.507852,0.492322,0.509672,-0.0691186,0.0307454,0.857037,0,0.66723
623,6.24,4.1115,-0.182242,1.93961,0.417853,-0.0221025,-0.506869,0.239185,0.0914488,-0.507852,0.488779,0.508889,-0.0698044,0.0304889,0.857455,0,0.657272
624,6.25,4.11563,-0.182393,1.93457,0.408578,-0.00927218,-0.502416,0.232573,0.161123,-0.437807,0.485271,0.508087,-0.0706701,0.0304913,0.85786,0,0.647645
625,6.26,4.11966,-0.182414,1.92957,0.399131,0.0036666,-0.497963,0.232573,0.161123,-0.437807,0.481793,0.507262,-0.0716888,0.0306637,0.858258,0,0.63819
626,6.27,4.1236,-0.182306,1.92462,0.389463,0.0168023,-0.493088,0.232573,0.161123,-0.437807,0.478343,0.506416,-0.0727825,0.0308843,0.858657,0,0.628569
627,6.28,4.12744,-0.182064,1.91972,0.379551,0.0301551,-0.487621,0.232573,0.161123,-0.437807,0.474922,0.505556,-0.0737828,0.0310081,0.859074,0,0.618662
628,6.29,4.13118,-0.181688,1.91487,0.36943,0.0436542,-0.481755,0.232573,0.161123,-0.437807,0.471528,0.50469,-0.0745059,0.0309301,0.859524,0,0.608665
629,6.3,4.13482,-0.181177,1.91009,0.35916,0.0571889,-0.475747,0.257787,0.168722,-0.344568,0.46816,0.503823,-0.0748451,0.0306134,0.860014,0,0.598833
630,6.31,4.13835,-0.180531,1.90537,0.348729,0.0707546,-0.468959,0.257787,0.168722,-0.344568,0.464818,0.502962,-0.0747414,0.0301032,0.860544,0,0.588677
631,6.32,4.14178,-0.179748,1.90073,0.338118,0.0843858,-0.4605,0.257787,0.168722,-0.344568,0.46151,0.50212,-0.0741453,0.0295166,0.861108,0,0.577499
632,6.33,4.1451,-0.178829,1.89618,0.327425,0.0980122,-0.45041,0.257787,0.168722,-0.344568,0.458247,0.501301,-0.0730654,0.0289621,0.861696,0,0.565405
633,6.34,4.14832,-0.177774,1.89173,0.316792,0.111528,-0.439177,0.257787,0.168722,-0.344568,0.455035,0.500504,-0.0715998,0.028487,0.862298,0,0.552876
634,6.35,4.15143,-0.176586,1.88741,0.306339,0.12485,-0.427271,0.224459,0.175358,-0.370185,0.451882,0.49972,-0.0698974,0.0280924,0.862905,0,0.540363
635,6.36,4.15444,-0.175265,1.8832,0.29615,0.137923,-0.415103,0.224459,0.175358,-0.370185,0.448789,0.498937,-0.0681091,0.027754,0.863512,0,0.52824
636,6.37,4.15734,-0.173815,1.87912,0.286265,0.15071,-0.403012,0.224459,0.175358,-0.370185,0.445755,0.498148,-0.0663543,0.0274351,0.864114,0,0.516798
637,6.38,4.16015,-0.172239,1.87515,0.276687,0.163203,-0.391173,0.224459,0.175358,-0.370185,0.44278,0.497344,-0.0646999,0.0270987,0.864713,0,0.506169
638,6.39,4.16287,-0.17054,1.8713,0.267396,0.175399,-0.379668,0.224459,0.175358,-0.370185,0.439859,0.496524,-0.0631752,0.0267081,0.865309,0,0.4964
639,6.4,4.16549,-0.16872,1.86757,0.258361,0.187295,-0.368568,0.193135,0.209361,-0.381378,0.43699,0.495685,-0.0617904,0.026224,0.865904,0,0.487516
640,6.41,4.16803,-0.166783,1.86394,0.249549,0.198879,-0.357957,0.193135,0.209361,-0.381378,0.434168,0.494827,-0.0605543,0.0256148,0.8665,0,0.479543
641,6.42,4.17047,-0.164733,1.86042,0.240923,0.210136,-0.347936,0.193135,0.209361,-0.381378,0.431391,0.493948,-0.0594834,0.0248623,0.867098,0,0.472505
642,6.43,4.17284,-0.162571,1.85699,0.232439,0.221052,-0.338571,0.193135,0.209361,-0.381378,0.428652,0.493046,-0.0585766,0.0239578,0.867698,0,0.466393
643,6.44,4.17512,-0.160302,1.85365,0.224054,0.231614,-0.329904,0.193135,0.209361,-0.381378,0.425946,0.492125,-0.0578055,0.0229031,0.868301,0,0.461174
644,6.45,4.17731,-0.15793,1.85039,0.215734,0.241808,-0.321972,0.156578,0.216886,-0.370684,0.423269,0.491185,-0.0571244,0.0217083,0.868909,0,0.456813
645,6.46,4.17942,-0.155457,1.84721,0.207451,0.251622,-0.314764,0.156578,0.216886,-0.370684,0.420615,0.490229,-0.0564889,0.0203853,0.869523,0,0.45324
646,6.47,4.18145,-0.152889,1.8441,0.199187,0.261042,-0.308254,0.156578,0.216886,-0.370684,0.417979,0.489257,-0.0558656,0.0189461,0.870143,0,0.450377
647,6.48,4.1834,-0.150229,1.84105,0.190932,0.270054,-0.302437,0.156578,0.216886,-0.370684,0.415355,0.488271,-0.0552138,0.0174108,0.87077,0,0.448166
648,6.49,4.18526,-0.147481,1.83806,0.182689,0.27864,-0.297323,0.156578,0.216886,-0.370684,0.41274,0.487274,-0.05448,0.0158076,0.871404,0,0.44656
649,6.5,4.18704,-0.144649,1.83511,0.174473,0.286784,-0.292921,0.132641,0.219744,-0.359015,0.410128,0.486269,-0.0536097,0.0141682,0.872048,0,0.445521
650,6.51,4.18874,-0.141739,1.8322,0.16631,0.294474,-0.289197,0.132641,0.219744,-0.359015,0.407516,0.485256,-0.0525608,0.0125213,0.872701,0,0.444982
651,6.52,4.19036,-0.138754,1.82932,0.15823,0.301702,-0.286097,0.132641,0.219744,-0.359015,0.4049,0.484236,-0.0513092,0.0108903,0.873364,0,0.444873
652,6.53,4.1919,-0.135699,1.82648,0.150271,0.308457,-0.283593,0.132641,0.219744,-0.359015,0.402276,0.48321,-0.049838,0.00929828,0.874035,0,0.445143
653,6.54,4.19336,-0.13258,1.82365,0.142477,0.314734,-0.281673,0.132641,0.219744,-0.359015,0.399643,0.482177,-0.0481342,0.00776803,0.874716,0,0.445754
654,6.55,4.19474,-0.1294,1.82084,0.134895,0.320527,-0.280329,0.116497,0.218642,-0.357192,0.396999,0.481138,-0.0461954,0.00631898,0.875404,0,0.446675
655,6.56,4.19605,-0.126165,1.81804,0.127571,0.325837,-0.279544,0.116497,0.218642,-0.357192,0.394341,0.48009,-0.0440359,0.00496222,0.876099,0,0.447872
656,6.57,4.19729,-0.12288,1.81525,0.120547,0.330667,-0.279297,0.116497,0.218642,-0.357192,0.391667,0.479033,-0.0416887,0.00369915,0.876799,0,0.44931
657,6.58,4.19846,-0.119549,1.81245,0.113858,0.335024,-0.279572,0.116497,0.218642,-0.357192,0.388978,0.477963,-0.0391954,0.00252634,0.877502,0,0.45096
658,6.59,4.19956,-0.116177,1.80965,0.10753,0.338917,-0.280357,0.116497,0.218642,-0.357192,0.386272,0.476878,-0.0366011,0.00143738,0.878206,0,0.452799
659,6.6,4.2006,-0.112769,1.80684,0.101581,0.342358,-0.281638,0.113461,0.181001,-0.350549,0.38355,0.475778,-0.0339548,0.000422253,0.87891,0,0.454805
660,6.61,4.20159,-0.109328,1.80402,0.0960161,0.345363,-0.283376,0.113461,0.181001,-0.350549,0.38081,0.474659,-0.0313018,-0.000545982,0.879613,0,0.456942
661,6.62,4.20252,-0.10586,1.80117,0.0908317,0.347942,-0.285521,0.113461,0.181001,-0.350549,0.378053,0.473521,-0.0286778,-0.00151411,0.880314,0,0.459169
662,6.63,4.2034,-0.102368,1.7983,0.0860147,0.350103,-0.28805,0.113461,0.181001,-0.350549,0.37528,0.472361,-0.0261148,-0.0025301,0.881015,0,0.461458
663,6.64,4.20424,-0.0988574,1.79541,0.0815437,0.351844,-0.290947,0.113461,0.181001,-0.350549,0.372491,0.471179,-0.0236422,-0.00363621,0.881713,0,0.463782
664,6.65,4.20503,-0.0953314,1.79248,0.0773895,0.353161,-0.294192,0.118329,0.144997,-0.359235,0.369686,0.469974,-0.021283,-0.00486637,0.88241,0,0.466112
665,6.66,4.20578,-0.0917946,1.78952,0.0735184,0.354047,-0.297775,0.118329,0.144997,-0.359235,0.366867,0.468746,-0.0190473,-0.00625348,0.883105,0,0.468427
666,6.67,4.2065,-0.0882513,1.78652,0.0698939,0.354486,-0.301698,0.118329,0.144997,-0.359235,0.364034,0.467496,-0.0169294,-0.0078325,0.883798,0,0.470709
667,6.68,4.20718,-0.0847062,1.78348,0.0664784,0.354459,-0.305952,0.118329,0.144997,-0.359235,0.361187,0.466224,-0.0149185,-0.00962612,0.884489,0,0.472935
668,6.69,4.20782,-0.081164,1.78039,0.0632351,0.353942,-0.310515,0.118329,0.144997,-0.359235,0.358326,0.46493,-0.0130029,-0.0116399,0.885176,0,0.475072
669,6.7,4.20844,-0.0776299,1.77726,0.0601296,0.352911,-0.315348,0.036286,0.0854713,-0.403072,0.355452,0.463615,-0.0111668,-0.0138614,0.885858,0,0.477081
670,6.71,4.20902,-0.0741089,1.77408,0.0571335,0.351341,-0.320496,0.036286,0.0854713,-0.403072,0.352564,0.462279,-0.00941573,-0.0162919,0.886535,0,0.478981
671,6.72,4.20958,-0.0706067,1.77084,0.0542155,0.349214,-0.326076,0.036286,0.0854713,-0.403072,0.349663,0.460925,-0.0077941,-0.0189621,0.887202,0.01,0.480848
672,6.73,4.2101,-0.067129,1.76755,0.0513319,0.346506,-0.33214,0.036286,0.0854713,-0.403072,0.346745,0.459552,-0.00634937,-0.0218899,0.887859,0.02,0.48272
673,6.74,4.2106,-0.0636816,1.76419,0.0484311,0.343197,-0.338666,0.036286,0.0854713,-0.403072,0.34381,0.458162,-0.00510991,-0.0250652,0.888501,0.03,0.484587
674,6.75,4.21107,-0.0602707,1.76077,0.0454594,0.339272,-0.34561,0.0494567,0.0505097,-0.375146,0.340855,0.456757,-0.00409258,-0.028456,0.889127,0.04,0.486434
675,6.76,4.21151,-0.0569025,1.75727,0.0423626,0.334715,-0.35284,0.0494567,0.0505097,-0.375146,0.337878,0.455339,-0.00329075,-0.0320195,0.889736,0.05,0.488185
676,6.77,4.21191,-0.0535835,1.7537,0.0390886,0.329504,-0.36004,0.0494567,0.0505097,-0.375146,0.334878,0.453909,-0.00264806,-0.0356736,0.89033,0.06,0.489621
677,6.78,4.21228,-0.0503203,1.75006,0.035609,0.323627,-0.366974,0.0494567,0.0505097,-0.375146,0.331857,0.452466,-0.00206553,-0.0392615,0.890914,0.07,0.490584
678,6.79,4.21262,-0.0471194,1.74636,0.0319325,0.317101,-0.373568,0.0494567,0.0505097,-0.375146,0.328816,0.451014,-0.00143214,-0.0425877,0.891499,0.08,0.491046
679,6.8,4.21292,-0.0439872,1.74259,0.0281026,0.309964,-0.379773,-0.0328451,-0.0746268,-0.369285,0.325758,0.449555,-0.000642376,-0.0454716,0.892094,0.09,0.491015
680,6.81,4.21318,-0.0409296,1.73876,0.024169,0.302234,-0.385171,-0.0328451,-0.0746268,-0.369285,0.322687,0.448092,0.000334852,-0.0479953,0.892698,0.1,0.49019
681,6.82,4.2134,-0.0379527,1.73489,0.0201669,0.293906,-0.389586,-0.0328451,-0.0746268,-0.369285,0.319609,0.446626,0.00139686,-0.0505627,0.89329,0.11,0.488431
682,6.83,4.21358,-0.0350623,1.73097,0.0160938,0.284958,-0.393338,-0.0328451,-0.0746268,-0.369285,0.31653,0.44516,0.00239508,-0.0535485,0.893845,0.12,0.485978
683,6.84,4.21372,-0.0322652,1.72702,0.0118946,0.27532,-0.396592,-0.0328451,-0.0746268,-0.369285,0.313452,0.443697,0.00321746,-0.0570964,0.89435,0.13,0.482937
684,6.85,4.21381,-0.0295686,1.72304,0.00748998,0.264916,-0.399417,-0.0745389,-0.278085,-0.384096,0.310377,0.442247,0.0037896,-0.061119,0.8948,0.14,0.479344
685,6.86,4.21386,-0.0269806,1.71903,0.00279098,0.253668,-0.401686,-0.0745389,-0.278085,-0.384096,0.307307,0.440816,0.00412447,-0.0656096,0.895187,0.15,0.475087
686,6.87,4.21386,-0.0245101,1.715,-0.00227638,0.241508,-0.403584,-0.0745389,-0.278085,-0.384096,0.304242,0.439398,0.00432383,-0.0707648,0.89549,0.16,0.470331
687,6.88,4.21381,-0.0221665,1.71096,-0.00776817,0.22836,-0.405533,-0.0745389,-0.278085,-0.384096,0.301176,0.437981,0.00448564,-0.0766689,0.895698,0.17,0.465474
688,6.89,4.2137,-0.0199604,1.70689,-0.0137468,0.214094,-0.40752,-0.0745389,-0.278085,-0.384096,0.298108,0.436556,0.00467931,-0.0832196,0.895808,0.18,0.46054
689,6.9,4.21352,-0.0179038,1.7028,-0.0202581,0.198577,-0.409407,0.00814348,-0.357292,-0.38987,0.29503,0.435123,0.00496861,-0.0901797,0.89583,0.19,0.455475
690,6.91,4.21328,-0.0160095,1.6987,-0.0273001,0.181741,-0.411206,0.00814348,-0.357292,-0.38987,0.291939,0.433677,0.00549763,-0.0972436,0.895789,0.2,0.450406
