/tmp/m3-profile-run1.bin	1	0.999655	0.328779	0.78125	0	0.21875	2.5245
/tmp/m3-profile-run2.bin	1	0.986153	0.316255	0.75	0	0.25	2.52239
results/open.bin	390	2.84113	0.217524	0.921875	0	0.078125	2.56356
/tmp/ppo_nocopy_base.bin	1	0.903292	0.227017	0	0	1	1e+09
/tmp/ppo_nocopy_base.bin	2	1.79601	0.215064	0	0	1	1e+09
/tmp/ppo_nocopy_base.bin	3	2.68963	0.214962	0	0	1	1e+09
/tmp/ppo_nocopy_ptr.bin	1	1.0545	0.260502	0	0	1	1e+09
/tmp/ppo_nocopy_ptr.bin	2	2.10316	0.251284	0	0	1	1e+09
/tmp/ppo_nocopy_ptr.bin	3	3.14851	0.251058	0	0	1	1e+09
results/profile.bin	1	0.927946	0.247088	0	0	1	1e+09
results/boxes.bin	10	2.87203	0.218393	0.257812	0.46875	0.273438	2.71363
results/boxes.bin	20	5.73788	0.219737	0.257812	0.460938	0.28125	2.78333
results/boxes.bin	30	8.60759	0.218942	0.3125	0.390625	0.296875	2.81125
results/boxes.bin	40	11.4796	0.216836	0.320312	0.4375	0.242188	2.73414
results/boxes.bin	50	14.3461	0.216989	0.21875	0.421875	0.359375	2.74286
results/boxes.bin	60	17.2094	0.218514	0.34375	0.398438	0.257812	3.86252
results/boxes.bin	70	20.0695	0.216174	0.390625	0.382812	0.226562	4.76003
results/boxes.bin	80	22.9374	0.218099	0.414062	0.398438	0.1875	5.13117
results/boxes.bin	90	25.794	0.217115	0.648438	0.351562	0	5.12413
results/boxes.bin	100	28.6176	0.2168	0.648438	0.351562	0	4.40062
results/boxes.bin	110	31.4818	0.219643	0.671875	0.328125	0	4.27734
results/boxes.bin	120	34.1863	0.218436	0.648438	0.351562	0	4.51749
results/boxes.bin	130	36.8291	0.217521	0.664062	0.335938	0	4.28236
results/boxes.bin	140	39.4195	0.21747	0.648438	0.351562	0	4.32772
results/boxes.bin	150	42.02	0.216452	0.648438	0.351562	0	4.4952
results/boxes.bin	160	44.7989	0.217789	0.640625	0.359375	0	5.10917
results/boxes.bin	170	47.6647	0.217347	0.601562	0.390625	0.0078125	5.04483
results/boxes.bin	180	50.527	0.21906	0.632812	0.359375	0.0078125	4.48643
results/boxes.bin	190	53.3869	0.217067	0.632812	0.359375	0.0078125	4.37409
results/boxes.bin	200	56.004	0.217525	0.671875	0.328125	0	4.17791
results/boxes.bin	210	58.8676	0.216963	0.640625	0.34375	0.015625	4.75978
results/boxes.bin	220	61.7267	0.218036	0.671875	0.320312	0.0078125	4.32036
results/boxes.bin	230	64.5856	0.217262	0.65625	0.335938	0.0078125	4.4268
results/boxes.bin	240	67.1656	0.219043	0.695312	0.304688	0	4.1472
results/boxes.bin	250	70.0134	0.217388	0.6875	0.3125	0	4.13069
results/boxes.bin	260	72.8402	0.219378	0.6875	0.3125	0	4.11762
results/boxes.bin	270	75.5636	0.21788	0.59375	0.40625	0	4.8316
results/boxes.bin	280	78.2995	0.217057	0.632812	0.367188	0	4.10803
results/boxes.bin	290	81.1582	0.219394	0.609375	0.382812	0.0078125	4.27629
results/boxes.bin	300	84.0186	0.218215	0.59375	0.398438	0.0078125	4.21646
results/boxes.bin	310	86.8158	0.218277	0.585938	0.414062	0	4.37668
results/boxes.bin	320	89.6779	0.21833	0.554688	0.4375	0.0078125	4.35353
results/boxes.bin	330	92.5419	0.21794	0.515625	0.476562	0.0078125	4.80987
results/boxes.bin	340	95.3991	0.218915	0.570312	0.398438	0.03125	4.22398
results/boxes.bin	350	98.259	0.216808	0.578125	0.40625	0.015625	4.16082
results/boxes.bin	360	101.093	0.216729	0.671875	0.328125	0	3.78721
results/boxes.bin	370	103.805	0.218487	0.632812	0.367188	0	3.88951
results/boxes.bin	380	106.536	0.21869	0.609375	0.390625	0	3.83206
results/boxes.bin	390	109.393	0.218581	0.601562	0.390625	0.0078125	4.01429
results/boxes.bin	400	112.255	0.217711	0.671875	0.320312	0.0078125	3.72268
results/boxes.bin	410	115.079	0.217039	0.71875	0.28125	0	3.71305
results/boxes.bin	420	117.942	0.218699	0.648438	0.34375	0.0078125	4.2223
results/boxes.bin	430	120.797	0.217933	0.617188	0.359375	0.0234375	4.07469
results/boxes.bin	440	123.657	0.218319	0.617188	0.375	0.0078125	4.04558
results/boxes.bin	450	126.515	0.216672	0.640625	0.335938	0.0234375	3.84025
results/boxes.bin	460	129.359	0.217112	0.65625	0.335938	0.0078125	4.14525
results/boxes.bin	470	132.094	0.216531	0.65625	0.34375	0	3.89643
results/boxes.bin	480	134.937	0.217297	0.625	0.375	0	3.70875
results/boxes.bin	490	137.665	0.217884	0.664062	0.335938	0	3.73824
results/boxes.bin	500	140.409	0.219247	0.664062	0.335938	0	3.59882
results/boxes.bin	510	143.095	0.219878	0.726562	0.273438	0	3.5742
results/boxes.bin	520	145.842	0.21799	0.703125	0.296875	0	3.58056
results/boxes.bin	530	148.606	0.219489	0.671875	0.328125	0	3.52616
results/boxes.bin	540	151.468	0.217216	0.671875	0.320312	0.0078125	3.61919
results/boxes.bin	550	154.158	0.218808	0.703125	0.296875	0	3.68889
results/boxes.bin	560	157.022	0.219052	0.671875	0.3125	0.015625	3.65
results/boxes.bin	570	159.786	0.217522	0.703125	0.296875	0	3.45111
results/boxes.bin	580	162.647	0.219238	0.71875	0.273438	0.0078125	3.3587
results/boxes.bin	590	165.508	0.217946	0.6875	0.296875	0.015625	3.46364
results/boxes.bin	600	168.366	0.217427	0.695312	0.289062	0.015625	3.46854
/tmp/ppo_fused_forward.bin	1	0.803788	0.127838	0	0	1	1e+09
/tmp/ppo_fused_forward.bin	2	1.60471	0.123075	0	0	1	1e+09
/tmp/ppo_fused_forward.bin	3	2.40409	0.121711	0	0	1	1e+09
/tmp/ppo_forward_baseline_clean.bin	3	1.34226	0.214792	0	0	1	1e+09
/tmp/ppo_forward_fused_clean.bin	3	1.23041	0.142824	0	0	1	1e+09
/tmp/ppo_forward_fused_only_clean.bin	1	0.816086	0.133309	0	0	1	1e+09
/tmp/ppo_forward_fused_only_clean.bin	2	1.62423	0.123835	0	0	1	1e+09
/tmp/ppo_forward_fused_only_clean.bin	3	2.43305	0.124191	0	0	1	1e+09
results/simd-probe.bin	3	0.149053	0.0257286	0	0	1	1e+09
results/scalar-probe.bin	3	1.28642	0.209861	0	0	1	1e+09
results/mixed.bin	10	0.365022	0.0277415	0.359375	0.601562	0.0390625	2.53913
results/mixed.bin	20	0.727543	0.0277724	0.539062	0.445312	0.015625	2.65
results/mixed.bin	30	1.06455	0.0281977	0.507812	0.492188	0	2.84461
results/mixed.bin	40	1.4248	0.0277069	0.492188	0.492188	0.015625	2.76349
results/mixed.bin	50	1.76841	0.0277865	0.546875	0.453125	0	2.92786
results/mixed.bin	60	2.12203	0.027768	0.601562	0.398438	0	2.90974
results/mixed.bin	70	2.46318	0.0276874	0.648438	0.351562	0	2.71747
results/mixed.bin	80	2.83053	0.027844	0.664062	0.328125	0.0078125	2.73353
results/mixed.bin	90	3.19818	0.027692	0.617188	0.351562	0.03125	2.61645
results/mixed.bin	100	3.56177	0.0277653	0.59375	0.382812	0.0234375	2.86447
results/mixed.bin	110	3.93078	0.0275349	0.585938	0.375	0.0390625	2.822
results/mixed.bin	120	4.29178	0.0281676	0.625	0.351562	0.0234375	2.67
results/mixed.bin	130	4.65391	0.0281871	0.65625	0.328125	0.015625	2.65714
results/mixed.bin	140	5.01725	0.0280681	0.710938	0.28125	0.0078125	2.62527
results/mixed.bin	150	5.35904	0.0280516	0.632812	0.367188	0	2.61234
results/mixed.bin	160	5.72226	0.027838	0.625	0.359375	0.015625	2.64625
results/mixed.bin	170	6.08477	0.0278489	0.6875	0.296875	0.015625	2.74318
results/mixed.bin	180	6.44406	0.0278674	0.6875	0.28125	0.03125	2.8233
results/mixed.bin	190	6.8084	0.0281162	0.554688	0.429688	0.015625	2.97324
results/mixed.bin	200	7.17289	0.0277861	0.632812	0.328125	0.0390625	3.15679
results/mixed.bin	210	7.53301	0.028239	0.734375	0.25	0.015625	2.86809
results/mixed.bin	220	7.89897	0.0281913	0.75	0.242188	0.0078125	2.82656
results/mixed.bin	230	8.26699	0.0277255	0.695312	0.289062	0.015625	2.79775
results/mixed.bin	240	8.62907	0.0282421	0.679688	0.289062	0.03125	2.79195
results/mixed.bin	250	8.9921	0.0279895	0.648438	0.3125	0.0390625	3.05603
results/mixed.bin	260	9.35411	0.0277637	0.742188	0.25	0.0078125	2.77105
results/mixed.bin	270	9.69435	0.027967	0.757812	0.242188	0	2.98969
results/mixed.bin	280	10.0372	0.028058	0.773438	0.226562	0	2.83788
results/mixed.bin	290	10.4023	0.0277265	0.757812	0.234375	0.0078125	2.66082
results/mixed.bin	300	10.764	0.0282809	0.742188	0.25	0.0078125	2.80789
results/mixed.bin	310	11.11	0.0280566	0.757812	0.242188	0	2.74227
results/mixed.bin	320	11.4448	0.027857	0.796875	0.203125	0	2.83186
results/mixed.bin	330	11.7842	0.0281235	0.757812	0.242188	0	2.73453
results/mixed.bin	340	12.1307	0.027711	0.789062	0.210938	0	2.86584
results/mixed.bin	350	12.4916	0.0281266	0.703125	0.273438	0.0234375	3.33945
results/mixed.bin	360	12.8507	0.0278157	0.742188	0.242188	0.015625	2.56684
results/mixed.bin	370	13.2099	0.0282064	0.726562	0.25	0.0234375	2.8828
results/mixed.bin	380	13.552	0.0280837	0.8125	0.1875	0	2.94808
results/mixed.bin	390	13.9091	0.0275437	0.78125	0.21875	0	2.822
results/mixed.bin	400	14.2596	0.0277017	0.78125	0.21875	0	2.4815
results/mixed.bin	410	14.5908	0.0282869	0.765625	0.234375	0	2.47092
results/mixed.bin	420	14.936	0.0275525	0.773438	0.226562	0	2.47677
results/mixed.bin	430	15.2652	0.0276664	0.78125	0.21875	0	2.5245
results/mixed.bin	440	15.5988	0.0280185	0.75	0.25	0	2.59062
results/mixed.bin	450	15.9513	0.0278009	0.765625	0.234375	0	2.51224
results/mixed.bin	460	16.304	0.0276758	0.757812	0.242188	0	2.56392
results/mixed.bin	470	16.6636	0.0282149	0.789062	0.203125	0.0078125	2.57178
results/mixed.bin	480	17.0209	0.0279147	0.726562	0.265625	0.0078125	2.44462
results/mixed.bin	490	17.3793	0.0274403	0.671875	0.3125	0.015625	2.43081
results/mixed.bin	500	17.7398	0.0282592	0.695312	0.304688	0	2.5736
results/mixed.bin	510	18.0726	0.0277453	0.71875	0.28125	0	2.46032
results/mixed.bin	520	18.4311	0.0277999	0.710938	0.28125	0.0078125	2.42088
results/mixed.bin	530	18.7932	0.0283016	0.710938	0.28125	0.0078125	2.4434
results/mixed.bin	540	19.1382	0.027906	0.734375	0.265625	0	2.54468
results/mixed.bin	550	19.4712	0.0277685	0.734375	0.265625	0	2.5617
results/mixed.bin	560	19.8332	0.0280736	0.742188	0.257812	0	2.41579
results/mixed.bin	570	20.1745	0.0277904	0.742188	0.257812	0	2.46263
results/mixed.bin	580	20.5396	0.0279396	0.742188	0.25	0.0078125	2.42895
results/mixed.bin	590	20.8797	0.0282583	0.75	0.25	0	2.46302
results/mixed.bin	600	21.2157	0.0278735	0.75	0.25	0	2.38541
results/mixed.bin	610	21.5616	0.0277201	0.726562	0.273438	0	2.4629
results/mixed.bin	620	21.8982	0.0282002	0.75	0.25	0	2.37916
results/mixed.bin	630	22.2453	0.0282084	0.757812	0.242188	0	2.44948
results/mixed.bin	640	22.5843	0.0279488	0.742188	0.257812	0	2.48737
results/mixed.bin	650	22.9368	0.0281725	0.757812	0.242188	0	2.49639
results/mixed.bin	660	23.2734	0.0281083	0.78125	0.21875	0	2.386
results/mixed.bin	670	23.6024	0.027709	0.742188	0.257812	0	2.38789
results/mixed.bin	680	23.957	0.0278211	0.757812	0.242188	0	2.49072
results/mixed.bin	690	24.3054	0.0279505	0.765625	0.234375	0	2.40306
results/mixed.bin	700	24.6655	0.0280456	0.75	0.242188	0.0078125	2.40625
results/mixed.bin	710	25.0178	0.0282132	0.765625	0.234375	0	2.50918
results/mixed.bin	720	25.3806	0.0281151	0.773438	0.210938	0.015625	2.41818
results/mixed.bin	730	25.7365	0.027943	0.78125	0.210938	0.0078125	2.492
results/mixed.bin	740	26.0968	0.027886	0.765625	0.226562	0.0078125	2.46837
results/mixed.bin	750	26.4586	0.0280957	0.742188	0.25	0.0078125	2.55526
results/mixed.bin	760	26.8095	0.0281673	0.734375	0.265625	0	2.56968
results/mixed.bin	770	27.1564	0.0280686	0.710938	0.289062	0	2.78352
results/mixed.bin	780	27.5186	0.028099	0.710938	0.28125	0.0078125	2.55275
results/mixed.bin	790	27.8623	0.0279935	0.703125	0.296875	0	2.71222
results/mixed.bin	800	28.2073	0.0281896	0.65625	0.34375	0	2.88869
results/mixed.bin	810	28.5374	0.028373	0.703125	0.296875	0	2.66722
results/mixed.bin	820	28.8709	0.0274966	0.679688	0.320312	0	2.72873
results/mixed.bin	830	29.1963	0.0275748	0.703125	0.296875	0	2.63833
results/mixed.bin	840	29.5256	0.0282049	0.75	0.25	0	2.64687
results/mixed.bin	850	29.855	0.0276699	0.765625	0.234375	0	2.63316
results/mixed.bin	860	30.1839	0.0277085	0.742188	0.257812	0	2.65316
results/mixed.bin	870	30.5163	0.0283403	0.75	0.25	0	2.67448
results/mixed.bin	880	30.8703	0.0280947	0.75	0.25	0	2.61354
results/mixed.bin	890	31.2272	0.0277657	0.75	0.25	0	2.68177
results/mixed.bin	900	31.5671	0.0281034	0.703125	0.296875	0	2.71278
results/mixed.bin	910	31.9043	0.0278246	0.734375	0.265625	0	2.7367
results/mixed.bin	920	32.2621	0.0275416	0.765625	0.21875	0.015625	2.83826
results/mixed.bin	930	32.5982	0.0281875	0.765625	0.234375	0	2.79592
results/mixed.bin	940	32.9344	0.027924	0.734375	0.265625	0	2.7601
results/mixed.bin	950	33.266	0.0280158	0.757812	0.242188	0	2.74175
results/mixed.bin	960	33.61	0.0279611	0.757812	0.242188	0	2.78196
results/mixed.bin	970	33.9695	0.028191	0.734375	0.257812	0.0078125	2.65904
results/mixed.bin	980	34.3135	0.0277119	0.78125	0.21875	0	2.7235
results/mixed.bin	990	34.6651	0.0277796	0.757812	0.242188	0	2.66289
results/mixed.bin	1000	35.0247	0.0282442	0.710938	0.273438	0.015625	2.56978
results/mixed.bin	1010	35.3671	0.0281239	0.71875	0.28125	0	2.53804
results/mixed.bin	1020	35.7015	0.0277884	0.773438	0.226562	0	2.63283
results/mixed.bin	1030	36.0316	0.0278908	0.757812	0.242188	0	2.68711
results/mixed.bin	1040	36.3671	0.0281196	0.742188	0.257812	0	2.65474
results/mixed.bin	1050	36.7225	0.027759	0.75	0.242188	0.0078125	2.78333
results/mixed.bin	1060	37.0631	0.0282266	0.726562	0.273438	0	2.70645
results/mixed.bin	1070	37.3974	0.0281236	0.726562	0.273438	0	2.57043
results/mixed.bin	1080	37.7474	0.0279366	0.765625	0.234375	0	2.73163
results/mixed.bin	1090	38.1087	0.0281886	0.726562	0.265625	0.0078125	2.72957
results/mixed.bin	1100	38.44	0.0279507	0.742188	0.257812	0	2.65737
results/mixed.bin	1110	38.7705	0.0281658	0.765625	0.234375	0	2.71581
results/mixed.bin	1120	39.1136	0.0278998	0.757812	0.242188	0	2.75361
results/mixed.bin	1130	39.4727	0.0278002	0.6875	0.304688	0.0078125	3.00852
results/mixed.bin	1140	39.8045	0.0279	0.710938	0.289062	0	2.89395
results/mixed.bin	1150	40.165	0.0278592	0.664062	0.3125	0.0234375	2.88882
results/mixed.bin	1160	40.4924	0.0280011	0.71875	0.28125	0	2.88261
results/mixed.bin	1170	40.8505	0.0280903	0.6875	0.28125	0.03125	2.85057
results/mixed.bin	1180	41.2123	0.0277884	0.679688	0.3125	0.0078125	2.88965
results/mixed.bin	1190	41.5721	0.0276954	0.710938	0.28125	0.0078125	2.88736
results/mixed.bin	1200	41.9327	0.0282512	0.726562	0.265625	0.0078125	2.70215
results/mixed.bin	1210	42.2957	0.0284039	0.75	0.242188	0.0078125	2.69114
results/mixed.bin	1220	42.6304	0.0276471	0.742188	0.257812	0	2.71052
results/mixed.bin	1230	42.9925	0.028125	0.726562	0.257812	0.015625	2.68333
results/mixed.bin	1240	43.3543	0.0280419	0.742188	0.226562	0.03125	2.72631
results/mixed.bin	1250	43.7211	0.0278782	0.679688	0.304688	0.015625	2.77299
results/mixed.bin	1260	44.0674	0.0278707	0.726562	0.273438	0	2.65322
results/mixed.bin	1270	44.4291	0.0282778	0.757812	0.234375	0.0078125	2.92217
results/mixed.bin	1280	44.7621	0.0278389	0.765625	0.234375	0	2.7
results/mixed.bin	1290	45.0995	0.0282181	0.757812	0.242188	0	2.78144
results/mixed.bin	1300	45.4349	0.0281505	0.757812	0.242188	0	2.7366
results/mixed.bin	1310	45.7627	0.0278263	0.773438	0.226562	0	2.79293
results/mixed.bin	1320	46.0954	0.0283591	0.773438	0.226562	0	2.75101
results/mixed.bin	1330	46.4225	0.0276729	0.789062	0.210938	0	2.75693
results/mixed.bin	1340	46.754	0.0277653	0.78125	0.21875	0	2.7125
results/mixed.bin	1350	47.1155	0.0279682	0.789062	0.203125	0.0078125	2.78812
results/mixed.bin	1360	47.4452	0.027773	0.796875	0.203125	0	2.80784
results/mixed.bin	1370	47.7727	0.0278515	0.796875	0.203125	0	2.84166
results/mixed.bin	1380	48.1011	0.0281305	0.789062	0.210938	0	2.85445
results/mixed.bin	1390	48.438	0.0281941	0.796875	0.203125	0	2.97353
results/mixed.bin	1400	48.7712	0.0278441	0.796875	0.203125	0	2.91961
results/mixed.bin	1410	49.132	0.0279433	0.773438	0.210938	0.015625	2.86464
results/mixed.bin	1420	49.4636	0.0282154	0.773438	0.226562	0	2.80353
results/mixed.bin	1430	49.8067	0.0282933	0.773438	0.226562	0	2.80909
results/mixed.bin	1440	50.1647	0.0277588	0.757812	0.234375	0.0078125	2.74433
results/mixed.bin	1450	50.4942	0.0280912	0.742188	0.257812	0	2.90052
results/mixed.bin	1460	50.8212	0.0278575	0.757812	0.242188	0	2.83969
results/mixed.bin	1470	51.1486	0.0275236	0.773438	0.226562	0	2.85707
results/mixed.bin	1480	51.4978	0.0280134	0.796875	0.203125	0	2.75
results/mixed.bin	1490	51.8405	0.0278501	0.789062	0.210938	0	2.71881
results/mixed.bin	1500	52.1988	0.0278136	0.765625	0.226562	0.0078125	2.72551
/tmp/ppo_pooled_smoke.bin	1	0.0851597	0.0212526	0	0	1	1e+09
results/pooled-broad.bin	10	0.225521	0.0153958	0.15625	0.367188	0.476562	7.27507
results/pooled-broad.bin	20	0.450603	0.0153521	0.179688	0.210938	0.609375	5.08698
results/pooled-broad.bin	30	0.675338	0.0154781	0.265625	0.226562	0.507812	4.49707
results/pooled-broad.bin	40	0.898317	0.0156661	0.140625	0.25	0.609375	4.06944
results/pooled-broad.bin	50	1.12111	0.015632	0.125	0.21875	0.65625	3.875
results/pooled-broad.bin	60	1.34283	0.0155245	0.0703125	0.28125	0.648438	3.96111
results/pooled-broad.bin	70	1.56517	0.0158661	0.203125	0.195312	0.601562	3.62115
results/pooled-broad.bin	80	1.78791	0.015646	0.234375	0.179688	0.585938	3.81
results/pooled-broad.bin	90	2.01012	0.015459	0.203125	0.1875	0.609375	3.26538
results/pooled-broad.bin	100	2.23387	0.0160452	0.132812	0.210938	0.65625	3.26176
results/pooled-broad.bin	110	2.45618	0.015546	0.351562	0.148438	0.5	3.02444
results/pooled-broad.bin	120	2.68384	0.0156535	0.304688	0.179688	0.515625	3.01538
results/pooled-broad.bin	130	2.90738	0.0160267	0.34375	0.1875	0.46875	3.00795
results/pooled-broad.bin	140	3.1302	0.0160079	0.382812	0.195312	0.421875	2.83877
results/pooled-broad.bin	150	3.35604	0.015788	0.367188	0.195312	0.4375	2.81276
results/pooled-broad.bin	160	3.57926	0.0157096	0.398438	0.203125	0.398438	2.76372
results/pooled-broad.bin	170	3.80415	0.0160323	0.421875	0.195312	0.382812	2.75555
results/pooled-broad.bin	180	4.03029	0.0160021	0.390625	0.1875	0.421875	2.752
results/pooled-broad.bin	190	4.25063	0.0156348	0.507812	0.179688	0.3125	2.75231
results/pooled-broad.bin	200	4.47538	0.0157991	0.570312	0.210938	0.21875	2.82603
results/pooled-broad.bin	210	4.69717	0.0160131	0.632812	0.195312	0.171875	2.74876
results/pooled-broad.bin	220	4.91825	0.0157563	0.632812	0.203125	0.164062	2.71173
results/pooled-broad.bin	230	5.14005	0.0157367	0.617188	0.210938	0.171875	2.71709
results/pooled-broad.bin	240	5.35747	0.0159846	0.632812	0.257812	0.109375	2.7
results/pooled-broad.bin	250	5.57653	0.0156596	0.671875	0.234375	0.09375	2.69825
results/pooled-broad.bin	260	5.79617	0.0160529	0.640625	0.210938	0.148438	2.68231
results/pooled-broad.bin	270	6.01404	0.0157244	0.679688	0.203125	0.117188	2.65575
results/pooled-broad.bin	280	6.23414	0.01604	0.640625	0.25	0.109375	2.64878
results/pooled-broad.bin	290	6.4511	0.0158337	0.664062	0.296875	0.0390625	2.61823
results/pooled-broad.bin	300	6.66853	0.0159556	0.65625	0.28125	0.0625	2.60536
results/pooled-broad.bin	310	6.8822	0.0156647	0.679688	0.320312	0	2.56437
results/pooled-broad.bin	320	7.0966	0.0160536	0.695312	0.304688	0	2.5191
results/pooled-broad.bin	330	7.3096	0.0156839	0.609375	0.390625	0	2.52051
results/pooled-broad.bin	340	7.52007	0.0160398	0.695312	0.304688	0	2.50505
results/pooled-broad.bin	350	7.73289	0.0157538	0.632812	0.367188	0	2.49012
results/pooled-broad.bin	360	7.94273	0.0156204	0.632812	0.367188	0	2.48765
results/pooled-broad.bin	370	8.15483	0.0161192	0.757812	0.242188	0	2.4902
results/pooled-broad.bin	380	8.36842	0.0156555	0.703125	0.296875	0	2.46666
results/pooled-broad.bin	390	8.57783	0.0157841	0.710938	0.289062	0	2.45659
results/pooled-broad.bin	400	8.78718	0.0159453	0.710938	0.289062	0	2.44615
results/pooled-broad.bin	410	8.99597	0.0157269	0.726562	0.273438	0	2.45537
results/pooled-broad.bin	420	9.20723	0.0158785	0.757812	0.242188	0	2.47268
results/pooled-broad.bin	430	9.42269	0.0159677	0.726562	0.273438	0	2.50699
results/pooled-broad.bin	440	9.63543	0.0158368	0.757812	0.242188	0	2.49278
results/pooled-broad.bin	450	9.85034	0.0161262	0.71875	0.28125	0	2.48695
results/pooled-broad.bin	460	10.07	0.0162436	0.695312	0.273438	0.03125	2.44213
results/pooled-broad.bin	470	10.2888	0.0160316	0.726562	0.257812	0.015625	2.45054
results/pooled-broad.bin	480	10.5056	0.0158682	0.710938	0.25	0.0390625	2.46373
results/pooled-broad.bin	490	10.7232	0.0161365	0.703125	0.265625	0.03125	2.42444
results/pooled-broad.bin	500	10.9408	0.0158264	0.71875	0.25	0.03125	2.40978
results/pooled-broad.bin	510	11.1578	0.0160971	0.742188	0.25	0.0078125	2.4321
results/pooled-broad.bin	520	11.3744	0.0158305	0.757812	0.234375	0.0078125	2.4201
results/pooled-broad.bin	530	11.5927	0.0159625	0.757812	0.226562	0.015625	2.40206
results/pooled-broad.bin	540	11.812	0.0158233	0.734375	0.203125	0.0625	2.39308
results/pooled-broad.bin	550	12.0295	0.0161571	0.742188	0.226562	0.03125	2.40105
results/pooled-broad.bin	560	12.2454	0.0157383	0.71875	0.226562	0.0546875	2.39456
results/pooled-broad.bin	570	12.4604	0.0161127	0.734375	0.257812	0.0078125	2.39096
results/pooled-broad.bin	580	12.6764	0.0158338	0.742188	0.25	0.0078125	2.39
results/pooled-broad.bin	590	12.8911	0.0160448	0.726562	0.265625	0.0078125	2.3914
results/pooled-broad.bin	600	13.0793	0.0157261	0.703125	0.296875	0	2.40111
results/pooled-broad.bin	610	13.2657	0.0156593	0.671875	0.328125	0	2.45291
results/pooled-broad.bin	620	13.4833	0.015968	0.671875	0.3125	0.015625	2.47442
results/pooled-broad.bin	630	13.699	0.015632	0.695312	0.289062	0.015625	2.43427
results/pooled-broad.bin	640	13.8872	0.0161546	0.703125	0.296875	0	2.42111
results/pooled-broad.bin	650	14.1037	0.0160525	0.6875	0.304688	0.0078125	2.48863
results/pooled-broad.bin	660	14.3203	0.0157009	0.6875	0.304688	0.0078125	2.46648
results/pooled-broad.bin	670	14.5359	0.0160635	0.710938	0.28125	0.0078125	2.43791
results/pooled-broad.bin	680	14.7519	0.0158277	0.734375	0.257812	0.0078125	2.45213
results/pooled-broad.bin	690	14.9697	0.016071	0.734375	0.257812	0.0078125	2.41489
results/pooled-broad.bin	700	15.1579	0.0158779	0.75	0.25	0	2.37396
results/pooled-broad.bin	710	15.3456	0.0161181	0.75	0.25	0	2.37812
results/pooled-broad.bin	720	15.5485	0.0156772	0.757812	0.242188	0	2.36185
results/pooled-broad.bin	730	15.7658	0.0158095	0.734375	0.257812	0.0078125	2.36755
results/pooled-broad.bin	740	15.9818	0.0160504	0.742188	0.25	0.0078125	2.36526
results/pooled-broad.bin	750	16.1994	0.0158787	0.742188	0.25	0.0078125	2.34474
results/pooled-broad.bin	760	16.4159	0.0159655	0.726562	0.265625	0.0078125	2.33118
results/pooled-broad.bin	770	16.6324	0.0156479	0.71875	0.265625	0.015625	2.31739
results/pooled-broad.bin	780	16.8497	0.0160899	0.695312	0.289062	0.015625	2.31573
results/pooled-broad.bin	790	17.0671	0.0158691	0.71875	0.257812	0.0234375	2.32228
results/pooled-broad.bin	800	17.2838	0.0160533	0.671875	0.304688	0.0234375	2.325
results/pooled-broad.bin	810	17.5006	0.0158104	0.625	0.328125	0.046875	2.33
results/pooled-broad.bin	820	17.7165	0.0159497	0.578125	0.34375	0.078125	2.325
results/pooled-broad.bin	830	17.9367	0.015789	0.476562	0.359375	0.164062	2.3541
results/pooled-broad.bin	840	18.1563	0.015726	0.453125	0.375	0.171875	2.33448
results/pooled-broad.bin	850	18.3784	0.015801	0.429688	0.375	0.195312	2.35454
results/pooled-broad.bin	860	18.5976	0.0156142	0.484375	0.359375	0.15625	2.34516
results/pooled-broad.bin	870	18.8196	0.0160011	0.429688	0.375	0.195312	2.34909
results/pooled-broad.bin	880	19.0424	0.0159317	0.492188	0.367188	0.140625	2.35317
results/pooled-broad.bin	890	19.2638	0.0158952	0.570312	0.34375	0.0859375	2.34315
results/pooled-broad.bin	900	19.4867	0.016058	0.570312	0.328125	0.101562	2.34863
results/pooled-broad.bin	910	19.7061	0.0158687	0.53125	0.367188	0.101562	2.32794
results/pooled-broad.bin	920	19.9275	0.0157499	0.515625	0.351562	0.132812	2.35909
results/pooled-broad.bin	930	20.1473	0.0158416	0.578125	0.375	0.046875	2.32635
results/pooled-broad.bin	940	20.3684	0.0158984	0.59375	0.34375	0.0625	2.35789
results/pooled-broad.bin	950	20.5894	0.0158151	0.539062	0.359375	0.101562	2.34927
results/pooled-broad.bin	960	20.8108	0.0159605	0.328125	0.40625	0.265625	2.39881
results/pooled-broad.bin	970	21.0349	0.015656	0.195312	0.429688	0.375	2.428
results/pooled-broad.bin	980	21.2585	0.0157782	0.289062	0.421875	0.289062	2.39189
results/pooled-broad.bin	990	21.4821	0.0160527	0.445312	0.375	0.179688	2.35438
results/pooled-broad.bin	1000	21.7039	0.016085	0.59375	0.34375	0.0625	2.33092
results/pooled-broad.bin	1010	21.9243	0.0157533	0.65625	0.320312	0.0234375	2.2875
results/pooled-broad.bin	1020	22.1412	0.015969	0.601562	0.359375	0.0390625	2.3
results/pooled-broad.bin	1030	22.3622	0.0158476	0.648438	0.328125	0.0234375	2.32048
results/pooled-broad.bin	1040	22.582	0.0161687	0.695312	0.289062	0.015625	2.30955
results/pooled-broad.bin	1050	22.8046	0.016197	0.6875	0.296875	0.015625	2.31136
results/pooled-broad.bin	1060	23.026	0.0157589	0.648438	0.328125	0.0234375	2.33795
results/pooled-broad.bin	1070	23.2437	0.0159338	0.664062	0.3125	0.0234375	2.3147
results/pooled-broad.bin	1080	23.465	0.0157884	0.609375	0.359375	0.03125	2.3282
results/pooled-broad.bin	1090	23.6859	0.0158053	0.648438	0.34375	0.0078125	2.30241
results/pooled-broad.bin	1100	23.906	0.0160317	0.640625	0.335938	0.0234375	2.29451
results/pooled-broad.bin	1110	24.1257	0.0157777	0.632812	0.328125	0.0390625	2.31049
results/pooled-broad.bin	1120	24.3425	0.0158635	0.625	0.34375	0.03125	2.325
results/pooled-broad.bin	1130	24.5604	0.0158162	0.6875	0.304688	0.0078125	2.30738
results/pooled-broad.bin	1140	24.7541	0.0160242	0.695312	0.304688	0	2.29438
results/pooled-broad.bin	1150	24.9428	0.0161219	0.6875	0.3125	0	2.30113
results/pooled-broad.bin	1160	25.1292	0.0157101	0.671875	0.328125	0	2.2843
results/pooled-broad.bin	1170	25.3161	0.0160713	0.679688	0.320312	0	2.30977
results/pooled-broad.bin	1180	25.536	0.0161864	0.664062	0.328125	0.0078125	2.32
results/pooled-broad.bin	1190	25.7542	0.0157376	0.664062	0.328125	0.0078125	2.30706
results/pooled-broad.bin	1200	25.9445	0.0157934	0.65625	0.34375	0	2.28869
results/pooled-broad.bin	1210	26.1767	0.0159155	0.671875	0.328125	0	2.30232
results/pooled-broad.bin	1220	26.363	0.0156401	0.640625	0.359375	0	2.32683
results/pooled-broad.bin	1230	26.5522	0.0160035	0.648438	0.351562	0	2.33614
results/pooled-broad.bin	1240	26.7436	0.0160891	0.640625	0.359375	0	2.32622
results/pooled-broad.bin	1250	26.9331	0.0158489	0.664062	0.335938	0	2.33
results/pooled-broad.bin	1260	27.1225	0.0156881	0.664062	0.335938	0	2.34412
results/pooled-broad.bin	1270	27.3134	0.0157435	0.640625	0.359375	0	2.37439
results/pooled-broad.bin	1280	27.5309	0.0156726	0.632812	0.359375	0.0078125	2.38271
results/pooled-broad.bin	1290	27.7212	0.0161273	0.632812	0.367188	0	2.35679
results/pooled-broad.bin	1300	27.9413	0.016102	0.601562	0.390625	0.0078125	2.3948
results/pooled-broad.bin	1310	28.1602	0.0156636	0.539062	0.453125	0.0078125	2.41159
results/pooled-broad.bin	1320	28.382	0.0161612	0.546875	0.445312	0.0078125	2.39357
results/pooled-broad.bin	1330	28.5871	0.0158774	0.625	0.375	0	2.35937
results/pooled-broad.bin	1340	28.7971	0.0161977	0.59375	0.40625	0	2.34802
results/pooled-broad.bin	1350	29.0209	0.0158906	0.585938	0.414062	0	2.36733
results/pooled-broad.bin	1360	29.2273	0.0160605	0.570312	0.429688	0	2.42808
results/pooled-broad.bin	1370	29.4469	0.015943	0.570312	0.429688	0	2.41781
results/pooled-broad.bin	1380	29.6371	0.0156256	0.609375	0.390625	0	2.41218
results/pooled-broad.bin	1390	29.8266	0.0157666	0.585938	0.414062	0	2.42733
results/pooled-broad.bin	1400	30.0172	0.0157705	0.585938	0.414062	0	2.43266
results/pooled-broad.bin	1410	30.2075	0.0158622	0.625	0.375	0	2.33875
results/pooled-broad.bin	1420	30.3958	0.0159181	0.632812	0.367188	0	2.36049
results/pooled-broad.bin	1430	30.5856	0.0157958	0.648438	0.351562	0	2.34277
results/pooled-broad.bin	1440	30.7749	0.0156862	0.664062	0.335938	0	2.34706
results/pooled-broad.bin	1450	30.9943	0.0161191	0.648438	0.351562	0	2.38434
results/pooled-broad.bin	1460	31.1856	0.0157976	0.65625	0.34375	0	2.34643
results/pooled-broad.bin	1470	31.3729	0.0157169	0.679688	0.320312	0	2.31552
results/pooled-broad.bin	1480	31.5608	0.015658	0.695312	0.304688	0	2.31404
results/pooled-broad.bin	1490	31.7681	0.0158762	0.695312	0.304688	0	2.31685
results/pooled-broad.bin	1500	31.9778	0.0159534	0.695312	0.304688	0	2.32135
results/pooled-broad.bin	1510	32.168	0.0161371	0.679688	0.320312	0	2.31149
results/pooled-broad.bin	1520	32.3904	0.0161589	0.648438	0.351562	0	2.34518
results/pooled-broad.bin	1530	32.5804	0.0158635	0.671875	0.328125	0	2.34011
results/pooled-broad.bin	1540	32.7694	0.0159688	0.671875	0.328125	0	2.37849
results/pooled-broad.bin	1550	32.9774	0.016106	0.65625	0.34375	0	2.42381
results/pooled-broad.bin	1560	33.185	0.0160432	0.65625	0.34375	0	2.47619
results/pooled-broad.bin	1570	33.4004	0.0158899	0.632812	0.367188	0	2.4179
results/pooled-broad.bin	1580	33.6116	0.0161129	0.65625	0.34375	0	2.34166
results/pooled-broad.bin	1590	33.8205	0.0159424	0.6875	0.3125	0	2.36136
results/pooled-broad.bin	1600	34.0271	0.0157302	0.625	0.375	0	2.31312
results/pooled-broad.bin	1610	34.2335	0.0158698	0.625	0.375	0	2.35937
results/pooled-broad.bin	1620	34.4308	0.0160999	0.625	0.375	0	2.36187
results/pooled-broad.bin	1630	34.6204	0.0158366	0.640625	0.359375	0	2.30853
results/pooled-broad.bin	1640	34.8086	0.0157665	0.625	0.375	0	2.3125
results/pooled-broad.bin	1650	34.9985	0.0161437	0.648438	0.351562	0	2.30723
results/pooled-broad.bin	1660	35.1874	0.015696	0.625	0.375	0	2.33937
results/pooled-broad.bin	1670	35.3826	0.0158746	0.59375	0.40625	0	2.39408
results/pooled-broad.bin	1680	35.5884	0.0159629	0.578125	0.421875	0	2.41284
results/pooled-broad.bin	1690	35.7749	0.0156523	0.65625	0.34375	0	2.34166
results/pooled-broad.bin	1700	35.9808	0.0161408	0.632812	0.367188	0	2.37531
results/pooled-broad.bin	1710	36.1855	0.0161713	0.59375	0.40625	0	2.33092
results/pooled-broad.bin	1720	36.3918	0.016092	0.578125	0.421875	0	2.36148
results/pooled-broad.bin	1730	36.5972	0.0157651	0.59375	0.40625	0	2.34934
results/pooled-broad.bin	1740	36.8036	0.015871	0.648438	0.351562	0	2.3512
results/pooled-broad.bin	1750	37.0083	0.0159833	0.554688	0.445312	0	2.39507
results/pooled-broad.bin	1760	37.22	0.0159139	0.601562	0.398438	0	2.38506
results/pooled-broad.bin	1770	37.4331	0.0158659	0.609375	0.390625	0	2.38397
results/pooled-broad.bin	1780	37.6507	0.015893	0.546875	0.445312	0.0078125	2.37714
results/pooled-broad.bin	1790	37.8656	0.0161634	0.59375	0.40625	0	2.43487
results/pooled-broad.bin	1800	38.0795	0.0156696	0.585938	0.414062	0	2.412
results/pooled-broad.bin	1810	38.2871	0.0162309	0.632812	0.367188	0	2.30741
results/pooled-broad.bin	1820	38.4957	0.0157147	0.640625	0.359375	0	2.34024
results/pooled-broad.bin	1830	38.7133	0.0157625	0.617188	0.375	0.0078125	2.3443
results/pooled-broad.bin	1840	38.9244	0.016123	0.632812	0.367188	0	2.33518
results/pooled-broad.bin	1850	39.1224	0.0157864	0.65625	0.34375	0	2.32797
results/pooled-broad.bin	1860	39.3273	0.0159231	0.59375	0.40625	0	2.37763
results/pooled-broad.bin	1870	39.5338	0.0158001	0.679688	0.320312	0	2.37299
results/pooled-broad.bin	1880	39.7301	0.015748	0.65625	0.34375	0	2.30416
results/pooled-broad.bin	1890	39.939	0.0158747	0.65625	0.34375	0	2.30893
results/pooled-broad.bin	1900	40.1431	0.0159682	0.65625	0.34375	0	2.30833
results/pooled-broad.bin	1910	40.3487	0.0162438	0.664062	0.335938	0	2.34118
results/pooled-broad.bin	1920	40.5514	0.0160267	0.664062	0.335938	0	2.28412
results/pooled-broad.bin	1930	40.753	0.0158442	0.65625	0.34375	0	2.27619
results/pooled-broad.bin	1940	40.9652	0.0159671	0.65625	0.34375	0	2.28809
results/pooled-broad.bin	1950	41.1689	0.0158255	0.664062	0.335938	0	2.26294
results/pooled-broad.bin	1960	41.3709	0.0157261	0.640625	0.359375	0	2.31036
results/pooled-broad.bin	1970	41.5743	0.015924	0.625	0.375	0	2.32312
results/pooled-broad.bin	1980	41.7791	0.0161354	0.625	0.375	0	2.35562
results/pooled-broad.bin	1990	41.9801	0.0160745	0.65625	0.34375	0	2.37678
results/pooled-broad.bin	2000	42.1819	0.0160519	0.664062	0.335938	0	2.28059
results/pooled-broad.bin	2010	42.3847	0.0159777	0.65625	0.34375	0	2.25476
results/pooled-broad.bin	2020	42.5876	0.0160948	0.640625	0.359375	0	2.31341
results/pooled-broad.bin	2030	42.7898	0.0157089	0.625	0.375	0	2.25812
results/pooled-broad.bin	2040	42.9906	0.0157419	0.65625	0.34375	0	2.24524
results/pooled-broad.bin	2050	43.194	0.0159174	0.617188	0.382812	0	2.23607
results/pooled-broad.bin	2060	43.3999	0.015888	0.625	0.375	0	2.2475
results/pooled-broad.bin	2070	43.6099	0.0156745	0.640625	0.359375	0	2.24756
results/pooled-broad.bin	2080	43.8176	0.0159651	0.679688	0.320312	0	2.29023
results/pooled-broad.bin	2090	44.0186	0.0159831	0.648438	0.351562	0	2.34157
results/pooled-broad.bin	2100	44.2273	0.0158548	0.664062	0.335938	0	2.34412
results/pooled-broad.bin	2110	44.4322	0.0158938	0.664062	0.335938	0	2.36765
results/pooled-broad.bin	2120	44.6434	0.0157251	0.65625	0.34375	0	2.34405
results/pooled-broad.bin	2130	44.8589	0.0161851	0.671875	0.3125	0.015625	2.30872
results/pooled-broad.bin	2140	45.0743	0.0156279	0.671875	0.3125	0.015625	2.29942
results/pooled-broad.bin	2150	45.2852	0.0160326	0.6875	0.3125	0	2.29943
results/pooled-broad.bin	2160	45.4969	0.0158506	0.648438	0.351562	0	2.31446
results/pooled-broad.bin	2170	45.6842	0.0159055	0.640625	0.359375	0	2.30671
results/pooled-broad.bin	2180	45.8934	0.0160405	0.6875	0.3125	0	2.28125
results/pooled-broad.bin	2190	46.0789	0.0157111	0.632812	0.367188	0	2.29629
results/pooled-broad.bin	2200	46.2648	0.0160725	0.640625	0.359375	0	2.30305
results/pooled-broad.bin	2210	46.4584	0.0158574	0.65625	0.34375	0	2.28393
results/pooled-broad.bin	2220	46.6528	0.0160014	0.632812	0.367188	0	2.27099
results/pooled-broad.bin	2230	46.8398	0.0159632	0.65625	0.34375	0	2.34345
results/pooled-broad.bin	2240	47.0303	0.0158766	0.648438	0.351562	0	2.35
results/pooled-broad.bin	2250	47.2168	0.015987	0.65625	0.34375	0	2.35059
results/pooled-broad.bin	2260	47.403	0.0159214	0.679688	0.320312	0	2.34138
results/pooled-broad.bin	2270	47.591	0.0159107	0.664062	0.335938	0	2.3747
results/pooled-broad.bin	2280	47.7842	0.0162028	0.671875	0.328125	0	2.35232
results/pooled-broad.bin	2290	47.9942	0.0157147	0.6875	0.3125	0	2.30738
results/pooled-broad.bin	2300	48.2042	0.0162081	0.6875	0.3125	0	2.27898
results/pooled-broad.bin	2310	48.3898	0.0157493	0.6875	0.3125	0	2.27159
results/pooled-broad.bin	2320	48.5751	0.016065	0.664062	0.335938	0	2.25765
results/pooled-broad.bin	2330	48.7629	0.015853	0.664062	0.335938	0	2.26941
results/pooled-broad.bin	2340	48.9499	0.0160652	0.648438	0.351562	0	2.28313
results/pooled-broad.bin	2350	49.1472	0.015746	0.648438	0.351562	0	2.23976
results/pooled-broad.bin	2360	49.3455	0.0157231	0.6875	0.3125	0	2.22954
results/pooled-broad.bin	2370	49.5533	0.0157884	0.671875	0.328125	0	2.27732
results/pooled-broad.bin	2380	49.7703	0.0161429	0.664062	0.328125	0.0078125	2.2147
results/pooled-broad.bin	2390	49.9816	0.0158897	0.65625	0.34375	0	2.22262
results/pooled-broad.bin	2400	50.1681	0.0158355	0.664062	0.335938	0	2.27176
results/pooled-broad.bin	2410	50.3761	0.0159787	0.640625	0.359375	0	2.27317
results/pooled-broad.bin	2420	50.5727	0.0157468	0.640625	0.359375	0	2.24756
results/pooled-broad.bin	2430	50.7593	0.0158918	0.640625	0.359375	0	2.26036
results/pooled-broad.bin	2440	50.9692	0.0162101	0.640625	0.359375	0	2.26829
results/pooled-broad.bin	2450	51.1691	0.0157628	0.640625	0.359375	0	2.25488
results/pooled-broad.bin	2460	51.3857	0.0158557	0.648438	0.34375	0.0078125	2.22409
results/pooled-broad.bin	2470	51.5924	0.0157042	0.648438	0.351562	0	2.30542
results/pooled-broad.bin	2480	51.8084	0.0160829	0.632812	0.34375	0.0234375	2.23704
results/pooled-broad.bin	2490	52.0268	0.0158555	0.609375	0.382812	0.0078125	2.25128
results/pooled-broad.bin	2500	52.2427	0.0160366	0.640625	0.34375	0.015625	2.25671
results/pooled-broad.bin	2510	52.4457	0.0158993	0.617188	0.382812	0	2.28038
results/pooled-broad.bin	2520	52.6356	0.0156986	0.640625	0.359375	0	2.2878
results/pooled-broad.bin	2530	52.8258	0.0159512	0.648438	0.351562	0	2.30181
results/pooled-broad.bin	2540	53.0174	0.016168	0.648438	0.351562	0	2.30181
results/pooled-broad.bin	2550	53.2096	0.0158777	0.640625	0.359375	0	2.30183
results/pooled-broad.bin	2560	53.401	0.0156924	0.617188	0.382812	0	2.30253
results/pooled-broad.bin	2570	53.5907	0.0160486	0.640625	0.359375	0	2.26463
results/pooled-broad.bin	2580	53.7805	0.0161645	0.632812	0.367188	0	2.25926
results/pooled-broad.bin	2590	53.9718	0.0157227	0.609375	0.390625	0	2.25192
results/pooled-broad.bin	2600	54.1633	0.0158614	0.601562	0.398438	0	2.24805
results/pooled-broad.bin	2610	54.3551	0.0160978	0.632812	0.367188	0	2.26111
results/pooled-broad.bin	2620	54.5464	0.016178	0.617188	0.382812	0	2.25949
results/pooled-broad.bin	2630	54.7371	0.015706	0.632812	0.367188	0	2.24197
results/pooled-broad.bin	2640	54.9283	0.0158965	0.632812	0.367188	0	2.24259
results/pooled-broad.bin	2650	55.1181	0.0160791	0.617188	0.382812	0	2.24177
results/pooled-broad.bin	2660	55.3083	0.0159254	0.640625	0.359375	0	2.24146
results/pooled-broad.bin	2670	55.4996	0.0159171	0.640625	0.359375	0	2.23171
results/pooled-broad.bin	2680	55.6899	0.0161055	0.632812	0.367188	0	2.22901
results/pooled-broad.bin	2690	55.8789	0.0160686	0.625	0.375	0	2.22937
results/pooled-broad.bin	2700	56.0692	0.015645	0.625	0.375	0	2.23375
results/pooled-broad.bin	2710	56.2598	0.0158436	0.625	0.375	0	2.27812
results/pooled-broad.bin	2720	56.4507	0.0162566	0.601562	0.398438	0	2.31883
results/pooled-broad.bin	2730	56.6407	0.0156839	0.5625	0.4375	0	2.35903
results/pooled-broad.bin	2740	56.8304	0.0157072	0.539062	0.460938	0	2.38043
results/pooled-broad.bin	2750	57.0208	0.0161036	0.578125	0.421875	0	2.38311
results/pooled-broad.bin	2760	57.2101	0.0156588	0.492188	0.507812	0	2.46984
results/pooled-broad.bin	2770	57.4011	0.0157748	0.375	0.625	0	2.5875
results/pooled-broad.bin	2780	57.5925	0.0161368	0.570312	0.429688	0	2.43561
results/pooled-broad.bin	2790	57.8089	0.015875	0.585938	0.40625	0.0078125	2.43133
results/pooled-broad.bin	2800	58.0024	0.0157108	0.625	0.375	0	2.3975
results/pooled-broad.bin	2810	58.1951	0.0158633	0.5625	0.4375	0	2.42986
results/pooled-broad.bin	2820	58.3861	0.0161403	0.5625	0.4375	0	2.44166
results/pooled-broad.bin	2830	58.578	0.0161173	0.648438	0.351562	0	2.34699
results/pooled-broad.bin	2840	58.7694	0.0158058	0.664062	0.335938	0	2.3147
results/pooled-broad.bin	2850	58.9593	0.0160453	0.65625	0.34375	0	2.36547
results/pooled-broad.bin	2860	59.149	0.0161135	0.671875	0.328125	0	2.34535
results/pooled-broad.bin	2870	59.3415	0.0157385	0.632812	0.367188	0	2.35617
results/pooled-broad.bin	2880	59.5329	0.0159274	0.65625	0.34375	0	2.28809
results/pooled-broad.bin	2890	59.7252	0.0162448	0.65625	0.34375	0	2.275
results/pooled-broad.bin	2900	59.9163	0.016001	0.65625	0.34375	0	2.27202
results/pooled-broad.bin	2910	60.1069	0.0155785	0.632812	0.367188	0	2.32654
results/pooled-broad.bin	2920	60.2992	0.0159197	0.640625	0.359375	0	2.32195
results/pooled-broad.bin	2930	60.4913	0.0160542	0.65625	0.34375	0	2.27024
results/pooled-broad.bin	2940	60.6823	0.0160565	0.648438	0.351562	0	2.30783
results/pooled-broad.bin	2950	60.8732	0.0156696	0.648438	0.351562	0	2.31807
results/pooled-broad.bin	2960	61.0901	0.015908	0.664062	0.328125	0.0078125	2.32294
results/pooled-broad.bin	2970	61.306	0.016142	0.640625	0.351562	0.0078125	2.34634
results/pooled-broad.bin	2980	61.4976	0.0156604	0.617188	0.382812	0	2.39493
results/pooled-broad.bin	2990	61.6909	0.0160685	0.632812	0.367188	0	2.34012
results/pooled-broad.bin	3000	61.8853	0.0161235	0.671875	0.328125	0	2.30407
results/raw-broad.bin	10	0.305422	0.0222611	0.0546875	0.359375	0.585938	7.55722
results/raw-broad.bin	20	0.613719	0.0221917	0.015625	0.375	0.609375	6.02504
results/raw-broad.bin	30	0.917768	0.022503	0.195312	0.164062	0.640625	4.48001
results/raw-broad.bin	40	1.22694	0.0223733	0.226562	0.164062	0.609375	4.22586
results/raw-broad.bin	50	1.53752	0.0228552	0.242188	0.101562	0.65625	4.03226
results/raw-broad.bin	60	1.84644	0.0225428	0.25	0.140625	0.609375	3.62031
results/raw-broad.bin	70	2.15513	0.0227641	0.242188	0.0859375	0.671875	3.50645
results/raw-broad.bin	80	2.46033	0.021985	0.226562	0.148438	0.625	3.51551
results/raw-broad.bin	90	2.76622	0.0221965	0.335938	0.117188	0.546875	3.61395
results/raw-broad.bin	100	3.07427	0.0224215	0.289062	0.125	0.585938	3.37432
results/raw-broad.bin	110	3.38202	0.0226821	0.09375	0.203125	0.703125	3.03333
results/raw-broad.bin	120	3.68751	0.0226914	0.09375	0.195312	0.710938	3.07083
results/raw-broad.bin	130	3.9918	0.0220723	0.0625	0.242188	0.695312	2.86875
results/raw-broad.bin	140	4.29958	0.0226418	0.078125	0.195312	0.726562	2.785
results/raw-broad.bin	150	4.60587	0.022394	0.148438	0.210938	0.640625	2.76842
results/raw-broad.bin	160	4.91146	0.0225603	0.164062	0.21875	0.617188	2.69047
results/raw-broad.bin	170	5.21759	0.0226301	0.148438	0.1875	0.664062	2.66052
results/raw-broad.bin	180	5.52483	0.0226059	0.132812	0.210938	0.65625	2.67353
results/raw-broad.bin	190	5.83137	0.0225221	0.226562	0.171875	0.601562	2.68276
results/raw-broad.bin	200	6.13619	0.0226248	0.148438	0.210938	0.640625	2.60789
results/raw-broad.bin	210	6.444	0.0227984	0.171875	0.1875	0.640625	2.6
results/raw-broad.bin	220	6.7518	0.0227165	0.203125	0.132812	0.664062	2.68269
results/raw-broad.bin	230	7.05826	0.0225154	0.273438	0.140625	0.585938	2.65428
results/raw-broad.bin	240	7.36471	0.02255	0.15625	0.3125	0.53125	2.57
results/raw-broad.bin	250	7.67483	0.0228078	0.28125	0.117188	0.601562	2.71389
results/raw-broad.bin	260	7.98245	0.022583	0.296875	0.125	0.578125	2.68421
results/raw-broad.bin	270	8.28882	0.0225351	0.414062	0.210938	0.375	3.03113
results/raw-broad.bin	280	8.5995	0.0225361	0.421875	0.1875	0.390625	3.40001
results/raw-broad.bin	290	8.90931	0.0228156	0.492188	0.210938	0.296875	3.78573
results/raw-broad.bin	300	9.21713	0.0226336	0.507812	0.273438	0.21875	3.80078
results/raw-broad.bin	310	9.52499	0.0224762	0.546875	0.265625	0.1875	3.67358
results/raw-broad.bin	320	9.8329	0.0225609	0.710938	0.226562	0.0625	4.39508
results/raw-broad.bin	330	10.1399	0.0225742	0.820312	0.140625	0.0390625	4.2324
results/raw-broad.bin	340	10.4472	0.0228006	0.6875	0.1875	0.125	3.84887
results/raw-broad.bin	350	10.7531	0.0228153	0.476562	0.257812	0.265625	3.43033
results/raw-broad.bin	360	11.0615	0.0225263	0.75	0.1875	0.0625	4.68284
results/raw-broad.bin	370	11.365	0.0223835	0.796875	0.171875	0.03125	4.36178
results/raw-broad.bin	380	11.6709	0.0229151	0.796875	0.117188	0.0859375	4.58042
results/raw-broad.bin	390	11.9785	0.0226337	0.632812	0.132812	0.234375	4.57534
results/raw-broad.bin	400	12.2868	0.0229018	0.59375	0.1875	0.21875	4.89872
results/raw-broad.bin	410	12.5934	0.0224283	0.359375	0.1875	0.453125	4.85439
results/raw-broad.bin	420	12.9024	0.0225992	0.28125	0.195312	0.523438	4.43892
results/raw-broad.bin	430	13.2095	0.0229503	0.828125	0.15625	0.015625	5.27032
results/raw-broad.bin	440	13.5184	0.0227408	0.632812	0.195312	0.171875	5.43214
results/raw-broad.bin	450	13.8231	0.0228393	0.804688	0.171875	0.0234375	5.23547
results/raw-broad.bin	460	14.1292	0.022642	0.773438	0.210938	0.015625	4.38385
results/raw-broad.bin	470	14.4347	0.0228113	0.765625	0.195312	0.0390625	4.23777
results/raw-broad.bin	480	14.738	0.022682	0.804688	0.1875	0.0078125	4.31846
results/raw-broad.bin	490	15.0438	0.0227858	0.78125	0.203125	0.015625	3.76701
results/raw-broad.bin	500	15.3503	0.0230442	0.804688	0.1875	0.0078125	3.95729
results/raw-broad.bin	510	15.6552	0.022376	0.773438	0.21875	0.0078125	3.53738
results/raw-broad.bin	520	15.9592	0.0224409	0.734375	0.234375	0.03125	3.29043
results/raw-broad.bin	530	16.2638	0.0225727	0.796875	0.179688	0.0234375	3.61079
results/raw-broad.bin	540	16.5548	0.0230138	0.820312	0.179688	0	3.5881
results/raw-broad.bin	550	16.8471	0.0225005	0.773438	0.226562	0	3.41616
results/raw-broad.bin	560	17.1502	0.0228717	0.773438	0.21875	0.0078125	3.33889
results/raw-broad.bin	570	17.4372	0.0226606	0.8125	0.1875	0	3.51731
results/raw-broad.bin	580	17.7263	0.0222629	0.820312	0.179688	0	3.54572
results/raw-broad.bin	590	18.03	0.0227822	0.726562	0.265625	0.0078125	4.50647
results/raw-broad.bin	600	18.3371	0.022757	0.5625	0.304688	0.132812	6.6202
results/raw-broad.bin	610	18.6473	0.02248	0.421875	0.296875	0.28125	7.87138
results/raw-broad.bin	620	18.9507	0.0229476	0.75	0.242188	0.0078125	3.93178
results/raw-broad.bin	630	19.2532	0.0227639	0.765625	0.226562	0.0078125	3.57194
results/raw-broad.bin	640	19.5494	0.0226077	0.789062	0.210938	0	2.92772
results/raw-broad.bin	650	19.8541	0.0225939	0.75	0.21875	0.03125	3.64688
results/raw-broad.bin	660	20.1461	0.0223843	0.820312	0.179688	0	3.12096
results/raw-broad.bin	670	20.4512	0.0228903	0.828125	0.15625	0.015625	3.51322
results/raw-broad.bin	680	20.7597	0.0228916	0.8125	0.171875	0.015625	3.32885
results/raw-broad.bin	690	21.0645	0.0229881	0.796875	0.179688	0.0234375	3.25491
results/raw-broad.bin	700	21.3699	0.0229213	0.75	0.234375	0.015625	3.43074
results/raw-broad.bin	710	21.6752	0.0226317	0.742188	0.242188	0.015625	3.45527
results/raw-broad.bin	720	21.9773	0.0225875	0.789062	0.210938	0	3.27476
results/raw-broad.bin	730	22.2799	0.0226252	0.78125	0.210938	0.0078125	3.099
results/raw-broad.bin	740	22.5866	0.0226471	0.726562	0.25	0.0234375	2.93118
results/raw-broad.bin	750	22.8951	0.0228433	0.773438	0.21875	0.0078125	2.96061
results/raw-broad.bin	760	23.1952	0.022847	0.789062	0.210938	0	2.89555
results/raw-broad.bin	770	23.4908	0.0226555	0.757812	0.242188	0	3.06753
results/raw-broad.bin	780	23.7824	0.0229566	0.789062	0.210938	0	3.04703
results/raw-broad.bin	790	24.1965	0.022627	0.765625	0.234375	0	3.00204
results/raw-broad.bin	800	24.4953	0.0227695	0.742188	0.257812	0	3.03684
results/raw-broad.bin	810	24.7974	0.022632	0.757812	0.242188	0	3.06392
results/raw-broad.bin	820	25.0935	0.0225104	0.710938	0.289062	0	2.9055
results/raw-broad.bin	830	25.3992	0.0230595	0.632812	0.289062	0.078125	2.70494
results/raw-broad.bin	840	25.7031	0.0226956	0.742188	0.25	0.0078125	2.88369
results/raw-broad.bin	850	26.0088	0.0227032	0.726562	0.265625	0.0078125	2.8328
results/raw-broad.bin	860	26.3136	0.0226734	0.703125	0.289062	0.0078125	3.20167
results/raw-broad.bin	870	26.5993	0.022783	0.757812	0.242188	0	3.05361
results/raw-broad.bin	880	26.8904	0.0230828	0.757812	0.242188	0	3.11237
results/raw-broad.bin	890	27.1947	0.0228663	0.75	0.242188	0.0078125	3.11094
results/raw-broad.bin	900	27.4984	0.0229391	0.742188	0.25	0.0078125	2.94631
results/raw-broad.bin	910	27.8029	0.0226977	0.734375	0.257812	0.0078125	3.05532
results/raw-broad.bin	920	28.1111	0.0227036	0.742188	0.257812	0	2.93
results/raw-broad.bin	930	28.418	0.0227227	0.765625	0.226562	0.0078125	3.24337
results/raw-broad.bin	940	28.7164	0.0230385	0.75	0.25	0	3.35261
results/raw-broad.bin	950	29.0183	0.0226404	0.75	0.242188	0.0078125	3.0349
results/raw-broad.bin	960	29.3146	0.0228846	0.726562	0.273438	0	2.97688
results/raw-broad.bin	970	29.6172	0.0230022	0.726562	0.273438	0	2.85699
results/raw-broad.bin	980	29.9072	0.0224178	0.773438	0.226562	0	2.96818
results/raw-broad.bin	990	30.1951	0.022589	0.765625	0.234375	0	2.88061
results/raw-broad.bin	1000	30.4835	0.022808	0.78125	0.21875	0	2.973
results/raw-broad.bin	1010	30.7792	0.0229388	0.765625	0.234375	0	2.86837
results/raw-broad.bin	1020	31.0827	0.0226517	0.75	0.25	0	2.77083
results/raw-broad.bin	1030	31.3655	0.0228621	0.742188	0.257812	0	2.82842
results/raw-broad.bin	1040	31.6622	0.0223878	0.726562	0.273438	0	2.94086
results/raw-broad.bin	1050	31.9468	0.0224559	0.6875	0.3125	0	2.71648
results/raw-broad.bin	1060	32.2299	0.022769	0.71875	0.28125	0	2.74402
results/raw-broad.bin	1070	32.5154	0.0227482	0.695312	0.304688	0	2.72022
results/raw-broad.bin	1080	32.8206	0.0226775	0.6875	0.3125	0	2.66875
results/raw-broad.bin	1090	33.1199	0.0228903	0.71875	0.28125	0	2.83478
results/raw-broad.bin	1100	33.4231	0.0228718	0.71875	0.273438	0.0078125	2.74674
results/raw-broad.bin	1110	33.7257	0.0226437	0.71875	0.265625	0.015625	2.90979
results/raw-broad.bin	1120	34.0301	0.0229718	0.742188	0.242188	0.015625	3.24843
results/raw-broad.bin	1130	34.3334	0.0226456	0.726562	0.25	0.0234375	2.84355
results/raw-broad.bin	1140	34.6371	0.0229257	0.695312	0.265625	0.0390625	2.81349
results/raw-broad.bin	1150	34.9417	0.0229715	0.734375	0.257812	0.0078125	2.8649
results/raw-broad.bin	1160	35.2306	0.0225956	0.796875	0.203125	0	3.01814
results/raw-broad.bin	1170	35.53	0.0228343	0.78125	0.21875	0	2.829
results/raw-broad.bin	1180	35.8195	0.022802	0.804688	0.195312	0	2.78883
results/raw-broad.bin	1190	36.1211	0.0226687	0.796875	0.203125	0	2.81569
results/raw-broad.bin	1200	36.417	0.0223593	0.820312	0.179688	0	2.84572
results/raw-broad.bin	1210	36.7168	0.022664	0.765625	0.234375	0	2.65816
results/raw-broad.bin	1220	36.9985	0.0225365	0.78125	0.21875	0	2.622
results/raw-broad.bin	1230	37.2816	0.0227746	0.710938	0.289062	0	2.53077
results/raw-broad.bin	1240	37.5677	0.022874	0.71875	0.28125	0	2.63641
results/raw-broad.bin	1250	37.8716	0.0229639	0.726562	0.265625	0.0078125	2.6
results/raw-broad.bin	1260	38.1487	0.0228124	0.703125	0.296875	0	2.52389
results/raw-broad.bin	1270	38.4338	0.0226507	0.71875	0.28125	0	2.52989
results/raw-broad.bin	1280	38.7358	0.0228289	0.671875	0.320312	0.0078125	2.74477
results/raw-broad.bin	1290	39.0189	0.0225939	0.703125	0.296875	0	2.67444
results/raw-broad.bin	1300	39.2985	0.0225775	0.726562	0.273438	0	2.58118
results/raw-broad.bin	1310	39.6004	0.0227199	0.710938	0.289062	0	2.81374
results/raw-broad.bin	1320	39.881	0.0228146	0.710938	0.289062	0	2.60275
results/raw-broad.bin	1330	40.1648	0.0227465	0.75	0.25	0	2.70937
results/raw-broad.bin	1340	40.4463	0.0227967	0.789062	0.210938	0	2.56485
results/raw-broad.bin	1350	40.7287	0.0228071	0.804688	0.195312	0	2.54466
results/raw-broad.bin	1360	41.0196	0.0229552	0.75	0.25	0	2.78385
results/raw-broad.bin	1370	41.2974	0.0227328	0.78125	0.21875	0	2.5525
results/raw-broad.bin	1380	41.5756	0.0226094	0.796875	0.203125	0	2.6049
results/raw-broad.bin	1390	41.8533	0.0228586	0.78125	0.21875	0	2.6615
results/raw-broad.bin	1400	42.1558	0.0224779	0.703125	0.289062	0.0078125	2.83278
results/raw-broad.bin	1410	42.4345	0.0226057	0.75	0.25	0	2.70729
results/raw-broad.bin	1420	42.72	0.0228532	0.742188	0.257812	0	2.65053
results/raw-broad.bin	1430	42.9928	0.0226697	0.757812	0.242188	0	2.50773
results/raw-broad.bin	1440	43.2935	0.0224058	0.71875	0.257812	0.0234375	2.47663
results/raw-broad.bin	1450	43.5869	0.0229482	0.695312	0.304688	0	2.75225
results/raw-broad.bin	1460	43.8898	0.0224332	0.65625	0.335938	0.0078125	3.17679
results/raw-broad.bin	1470	44.1808	0.0226515	0.671875	0.328125	0	2.80291
results/raw-broad.bin	1480	44.4815	0.0228418	0.65625	0.34375	0	3.02441
results/raw-broad.bin	1490	44.7874	0.0228663	0.65625	0.320312	0.0234375	3.03274
results/raw-broad.bin	1500	45.0896	0.022298	0.625	0.359375	0.015625	2.89125
results/raw-broad.bin	1510	45.3944	0.0223938	0.65625	0.3125	0.03125	3.06905
results/raw-broad.bin	1520	45.6982	0.0226973	0.695312	0.296875	0.0078125	3.07472
results/raw-broad.bin	1530	46.0027	0.0229553	0.6875	0.296875	0.015625	3.07557
results/raw-broad.bin	1540	46.3063	0.0227873	0.6875	0.289062	0.0234375	2.98466
results/raw-broad.bin	1550	46.6086	0.022941	0.726562	0.257812	0.015625	3.07743
results/raw-broad.bin	1560	46.9123	0.0230114	0.789062	0.203125	0.0078125	2.9198
results/raw-broad.bin	1570	47.2007	0.0226739	0.796875	0.203125	0	2.94951
results/raw-broad.bin	1580	47.4995	0.0227805	0.773438	0.226562	0	2.79697
results/raw-broad.bin	1590	47.7879	0.0228191	0.8125	0.1875	0	2.70144
results/raw-broad.bin	1600	48.0921	0.0225363	0.75	0.242188	0.0078125	2.79063
results/raw-broad.bin	1610	48.3886	0.0224459	0.765625	0.234375	0	2.90919
results/raw-broad.bin	1620	48.6778	0.022607	0.804688	0.195312	0	2.86311
results/raw-broad.bin	1630	48.9575	0.0230396	0.734375	0.265625	0	2.65957
results/raw-broad.bin	1640	49.2392	0.0227623	0.773438	0.226562	0	2.72778
results/raw-broad.bin	1650	49.5163	0.0227056	0.757812	0.242188	0	2.57577
results/raw-broad.bin	1660	49.8116	0.0228729	0.679688	0.320312	0	2.91954
results/raw-broad.bin	1670	50.1142	0.0228542	0.59375	0.398438	0.0078125	2.89803
results/raw-broad.bin	1680	50.4174	0.0225738	0.609375	0.382812	0.0078125	3.09936
results/raw-broad.bin	1690	50.7196	0.0228424	0.648438	0.34375	0.0078125	3.01145
results/raw-broad.bin	1700	51.0233	0.0228032	0.523438	0.453125	0.0234375	3.51568
results/raw-broad.bin	1710	51.3277	0.0229174	0.539062	0.445312	0.015625	3.33189
results/raw-broad.bin	1720	51.6099	0.0227526	0.648438	0.351562	0	2.80542
results/raw-broad.bin	1730	51.9135	0.0227543	0.648438	0.34375	0.0078125	2.87109
results/raw-broad.bin	1740	52.2195	0.0228105	0.679688	0.3125	0.0078125	2.97242
results/raw-broad.bin	1750	52.5188	0.0226154	0.671875	0.328125	0	2.68314
results/raw-broad.bin	1760	52.8202	0.0225752	0.65625	0.328125	0.015625	2.77857
results/raw-broad.bin	1770	53.1191	0.0226636	0.65625	0.34375	0	2.79524
results/raw-broad.bin	1780	53.4104	0.0228096	0.671875	0.328125	0	2.89651
results/raw-broad.bin	1790	53.7085	0.0229016	0.671875	0.328125	0	2.82907
results/raw-broad.bin	1800	54.0122	0.022425	0.648438	0.34375	0.0078125	2.67229
results/raw-broad.bin	1810	54.288	0.0229409	0.710938	0.289062	0	2.65769
results/raw-broad.bin	1820	54.5943	0.0230109	0.679688	0.304688	0.015625	2.57931
results/raw-broad.bin	1830	54.8987	0.0227624	0.640625	0.34375	0.015625	2.67439
results/raw-broad.bin	1840	55.1955	0.0226254	0.703125	0.296875	0	2.73833
results/raw-broad.bin	1850	55.5026	0.022918	0.640625	0.351562	0.0078125	2.83232
results/raw-broad.bin	1860	55.8056	0.0227012	0.703125	0.289062	0.0078125	2.81167
results/raw-broad.bin	1870	56.107	0.022401	0.71875	0.273438	0.0078125	2.69782
results/raw-broad.bin	1880	56.4066	0.0226198	0.75	0.25	0	2.77865
results/raw-broad.bin	1890	56.7033	0.0226227	0.65625	0.34375	0	2.60833
results/raw-broad.bin	1900	56.998	0.0223836	0.695312	0.304688	0	2.6236
results/raw-broad.bin	1910	57.2884	0.0229791	0.726562	0.273438	0	2.57366
results/raw-broad.bin	1920	57.5809	0.022915	0.789062	0.210938	0	2.60099
results/raw-broad.bin	1930	57.8811	0.0229729	0.773438	0.226562	0	2.5798
results/raw-broad.bin	1940	58.1738	0.0228163	0.789062	0.210938	0	2.56386
results/raw-broad.bin	1950	58.4755	0.0225103	0.773438	0.226562	0	2.45505
results/raw-broad.bin	1960	58.7684	0.0226909	0.742188	0.257812	0	2.47526
results/raw-broad.bin	1970	59.0495	0.0228385	0.71875	0.28125	0	2.50109
results/raw-broad.bin	1980	59.3298	0.0227651	0.695312	0.304688	0	2.46685
results/raw-broad.bin	1990	59.6075	0.0228521	0.75	0.25	0	2.43698
results/raw-broad.bin	2000	59.8919	0.022647	0.742188	0.257812	0	2.4821
results/raw-broad.bin	2010	60.1833	0.0227013	0.765625	0.234375	0	2.54439
results/raw-broad.bin	2020	60.4599	0.0225806	0.757812	0.242188	0	2.52938
results/raw-broad.bin	2030	60.7548	0.0226279	0.742188	0.257812	0	2.48789
results/raw-broad.bin	2040	61.0554	0.0229766	0.6875	0.3125	0	2.5267
results/raw-broad.bin	2050	61.3644	0.0229355	0.71875	0.273438	0.0078125	2.68206
results/raw-broad.bin	2060	61.6713	0.0225958	0.679688	0.3125	0.0078125	2.77011
results/raw-broad.bin	2070	61.9543	0.0227587	0.695312	0.304688	0	2.6691
results/raw-broad.bin	2080	62.245	0.022872	0.726562	0.273438	0	2.59624
results/raw-broad.bin	2090	62.5462	0.0226104	0.742188	0.257812	0	2.44684
results/raw-broad.bin	2100	62.8493	0.0227233	0.710938	0.273438	0.015625	2.43132
results/raw-broad.bin	2110	63.1546	0.0228212	0.734375	0.257812	0.0078125	2.66702
results/raw-broad.bin	2120	63.4302	0.0226961	0.71875	0.28125	0	2.47989
results/raw-broad.bin	2130	63.7365	0.0226595	0.695312	0.296875	0.0078125	2.68427
results/raw-broad.bin	2140	64.0328	0.0227057	0.679688	0.320312	0	2.7408
results/raw-broad.bin	2150	64.3277	0.0226988	0.679688	0.320312	0	2.84713
results/raw-broad.bin	2160	64.6118	0.0225236	0.726562	0.273438	0	2.73817
results/raw-broad.bin	2170	64.8981	0.02268	0.742188	0.257812	0	2.67526
results/raw-broad.bin	2180	65.1831	0.022684	0.742188	0.257812	0	2.55631
results/raw-broad.bin	2190	65.4636	0.0226858	0.695312	0.304688	0	2.58314
results/raw-broad.bin	2200	65.7396	0.0227829	0.703125	0.296875	0	2.51722
results/raw-broad.bin	2210	66.0186	0.0224727	0.734375	0.265625	0	2.54468
results/raw-broad.bin	2220	66.2985	0.0230079	0.710938	0.289062	0	2.57198
results/raw-broad.bin	2230	66.5769	0.0224985	0.71875	0.28125	0	2.61195
results/raw-broad.bin	2240	66.8528	0.0226134	0.734375	0.265625	0	2.63298
results/raw-broad.bin	2250	67.1302	0.0226021	0.703125	0.296875	0	2.55833
results/raw-broad.bin	2260	67.4097	0.0226658	0.726562	0.273438	0	2.53011
results/raw-broad.bin	2270	67.6886	0.0227829	0.71875	0.28125	0	2.5375
results/raw-broad.bin	2280	67.9904	0.0225775	0.726562	0.265625	0.0078125	2.44516
results/raw-broad.bin	2290	68.2839	0.0224637	0.757812	0.242188	0	2.56856
results/raw-broad.bin	2300	68.5884	0.0225936	0.773438	0.210938	0.015625	2.52475
results/raw-broad.bin	2310	68.8653	0.0226435	0.75	0.25	0	2.62917
results/raw-broad.bin	2320	69.1426	0.0227962	0.75	0.25	0	2.72969
results/raw-broad.bin	2330	69.4306	0.0226213	0.78125	0.21875	0	2.7385
results/raw-broad.bin	2340	69.7141	0.0227519	0.757812	0.242188	0	2.69587
results/raw-broad.bin	2350	70.0039	0.022757	0.75	0.25	0	2.79219
results/raw-broad.bin	2360	70.3032	0.0230035	0.757812	0.242188	0	2.76082
results/raw-broad.bin	2370	70.5797	0.022748	0.71875	0.28125	0	2.70815
results/raw-broad.bin	2380	70.884	0.0229933	0.726562	0.265625	0.0078125	2.78279
results/raw-broad.bin	2390	71.1723	0.0225609	0.75	0.25	0	2.71146
results/raw-broad.bin	2400	71.4747	0.0227627	0.734375	0.257812	0.0078125	2.65266
results/raw-broad.bin	2410	71.7694	0.02275	0.773438	0.226562	0	2.66717
results/raw-broad.bin	2420	72.0454	0.0228503	0.765625	0.234375	0	2.54081
results/raw-broad.bin	2430	72.3199	0.0230507	0.789062	0.210938	0	2.56435
results/raw-broad.bin	2440	72.5951	0.0225415	0.773438	0.226562	0	2.57677
results/raw-broad.bin	2450	72.8751	0.0228781	0.789062	0.210938	0	2.64208
results/raw-broad.bin	2460	73.1587	0.0228595	0.773438	0.226562	0	2.66212
results/raw-broad.bin	2470	73.4613	0.0227084	0.78125	0.210938	0.0078125	2.711
results/raw-broad.bin	2480	73.7642	0.0225971	0.765625	0.226562	0.0078125	2.61786
results/raw-broad.bin	2490	74.0677	0.0227727	0.78125	0.210938	0.0078125	2.7855
results/raw-broad.bin	2500	74.3643	0.022854	0.765625	0.234375	0	2.64439
results/raw-broad.bin	2510	74.6672	0.0228752	0.796875	0.195312	0.0078125	2.73431
results/raw-broad.bin	2520	74.9598	0.0228932	0.757812	0.242188	0	2.55567
results/raw-broad.bin	2530	75.2613	0.0224907	0.789062	0.203125	0.0078125	2.65
results/raw-broad.bin	2540	75.5521	0.0229148	0.773438	0.226562	0	2.65455
results/raw-broad.bin	2550	75.8369	0.0225062	0.8125	0.1875	0	2.68702
results/raw-broad.bin	2560	76.1398	0.0225055	0.78125	0.210938	0.0078125	2.5985
results/raw-broad.bin	2570	76.4404	0.022923	0.757812	0.234375	0.0078125	2.59484
results/raw-broad.bin	2580	76.7318	0.0229898	0.773438	0.226562	0	2.67778
results/raw-broad.bin	2590	77.0355	0.0228499	0.789062	0.203125	0.0078125	2.62228
results/raw-broad.bin	2600	77.3281	0.0226257	0.765625	0.234375	0	2.79796
results/raw-broad.bin	2610	77.6298	0.0228375	0.78125	0.210938	0.0078125	2.65
results/raw-broad.bin	2620	77.93	0.0229727	0.796875	0.203125	0	2.77598
results/raw-broad.bin	2630	78.2189	0.0229271	0.78125	0.21875	0	2.584
results/raw-broad.bin	2640	78.507	0.022475	0.789062	0.210938	0	2.62822
results/raw-broad.bin	2650	78.7963	0.0228587	0.78125	0.21875	0	2.6525
results/raw-broad.bin	2660	79.0973	0.0229495	0.828125	0.171875	0	2.60236
results/raw-broad.bin	2670	79.3866	0.0227375	0.8125	0.1875	0	2.65769
results/raw-broad.bin	2680	79.6891	0.022631	0.835938	0.15625	0.0078125	2.60327
results/raw-broad.bin	2690	79.9982	0.023015	0.835938	0.15625	0.0078125	2.62664
results/raw-broad.bin	2700	80.298	0.0227644	0.820312	0.179688	0	2.84952
results/raw-broad.bin	2710	80.5998	0.0226539	0.804688	0.195312	0	2.76117
results/raw-broad.bin	2720	80.8919	0.0228864	0.820312	0.179688	0	2.8219
results/raw-broad.bin	2730	81.1858	0.0226996	0.789062	0.210938	0	2.96584
results/raw-broad.bin	2740	81.4885	0.0224518	0.757812	0.234375	0.0078125	2.93196
results/raw-broad.bin	2750	81.7788	0.0226305	0.742188	0.257812	0	2.77053
results/raw-broad.bin	2760	82.0592	0.0229825	0.796875	0.203125	0	2.72941
results/raw-broad.bin	2770	82.3366	0.0228939	0.78125	0.21875	0	2.7565
results/raw-broad.bin	2780	82.6149	0.0225317	0.796875	0.203125	0	2.64314
results/raw-broad.bin	2790	82.9036	0.022885	0.820312	0.179688	0	2.64905
results/raw-broad.bin	2800	83.2065	0.0229455	0.742188	0.25	0.0078125	2.70474
results/raw-broad.bin	2810	83.5094	0.0227537	0.765625	0.226562	0.0078125	2.91224
results/raw-broad.bin	2820	83.7923	0.0226253	0.796875	0.203125	0	2.9397
results/raw-broad.bin	2830	84.0768	0.0229055	0.765625	0.234375	0	3.00816
results/raw-broad.bin	2840	84.3624	0.0228276	0.804688	0.195312	0	2.90679
results/raw-broad.bin	2850	84.6399	0.0226837	0.773438	0.226562	0	2.99343
results/raw-broad.bin	2860	84.9288	0.0224589	0.796875	0.203125	0	3.02304
results/raw-broad.bin	2870	85.219	0.022895	0.804688	0.195312	0	3.0932
results/raw-broad.bin	2880	85.4966	0.0228215	0.820312	0.179688	0	2.97762
results/raw-broad.bin	2890	85.788	0.022623	0.796875	0.203125	0	3.06029
results/raw-broad.bin	2900	86.0831	0.0224825	0.804688	0.195312	0	3.08398
results/raw-broad.bin	2910	86.3675	0.0229693	0.820312	0.179688	0	2.93
results/raw-broad.bin	2920	86.6543	0.022733	0.828125	0.171875	0	2.83255
results/raw-broad.bin	2930	86.9363	0.0224149	0.804688	0.195312	0	2.79272
results/raw-broad.bin	2940	87.2126	0.0226749	0.773438	0.226562	0	2.66262
results/raw-broad.bin	2950	87.5142	0.0229566	0.742188	0.257812	0	2.72
results/raw-broad.bin	2960	87.7949	0.0225453	0.75	0.25	0	2.81719
results/raw-broad.bin	2970	88.0949	0.0227204	0.742188	0.257812	0	2.89789
results/raw-broad.bin	2980	88.3958	0.0229976	0.726562	0.273438	0	2.9086
results/raw-broad.bin	2990	88.6987	0.0230206	0.726562	0.273438	0	2.86183
results/raw-broad.bin	3000	89.0019	0.022564	0.757812	0.234375	0.0078125	2.84742
results/pooled-risk.bin	10	0.227339	0.0160694	0.742188	0.234375	0.0234375	2.35316
results/pooled-risk.bin	20	0.44756	0.0157459	0.726562	0.25	0.0234375	2.33602
results/pooled-risk.bin	30	0.663834	0.0161439	0.726562	0.265625	0.0078125	2.35269
results/pooled-risk.bin	40	0.881633	0.0158586	0.71875	0.265625	0.015625	2.32935
results/pooled-risk.bin	50	1.09986	0.0162709	0.695312	0.289062	0.015625	2.30337
results/pooled-risk.bin	60	1.31814	0.0158179	0.71875	0.257812	0.0234375	2.29511
results/pooled-risk.bin	70	1.53495	0.0160482	0.71875	0.242188	0.0390625	2.28804
results/pooled-risk.bin	80	1.75223	0.0158073	0.710938	0.242188	0.046875	2.29011
results/pooled-risk.bin	90	1.97046	0.0161916	0.71875	0.25	0.03125	2.29565
results/pooled-risk.bin	100	2.19137	0.0161957	0.734375	0.242188	0.0234375	2.29627
results/pooled-risk.bin	110	2.41251	0.0157442	0.71875	0.234375	0.046875	2.29076
results/pooled-risk.bin	120	2.63183	0.0159712	0.71875	0.25	0.03125	2.28859
results/pooled-risk.bin	130	2.85268	0.0158934	0.726562	0.25	0.0234375	2.29301
results/pooled-risk.bin	140	3.07495	0.0159356	0.703125	0.273438	0.0234375	2.30222
results/pooled-risk.bin	150	3.29703	0.0161335	0.710938	0.273438	0.015625	2.31099
results/pooled-risk.bin	160	3.51777	0.01573	0.710938	0.273438	0.015625	2.3
results/pooled-risk.bin	170	3.73785	0.0159466	0.710938	0.265625	0.0234375	2.2989
results/pooled-risk.bin	180	3.95819	0.0162277	0.726562	0.257812	0.015625	2.29462
results/pooled-risk.bin	190	4.1781	0.0158369	0.6875	0.289062	0.0234375	2.28466
results/pooled-risk.bin	200	4.39892	0.0162689	0.71875	0.265625	0.015625	2.28859
results/pooled-risk.bin	210	4.61829	0.0157122	0.671875	0.296875	0.03125	2.27965
results/pooled-risk.bin	220	4.83857	0.0158262	0.710938	0.273438	0.015625	2.28736
results/pooled-risk.bin	230	5.05862	0.0161424	0.710938	0.273438	0.015625	2.29395
results/pooled-risk.bin	240	5.27886	0.0159501	0.71875	0.257812	0.0234375	2.28695
results/pooled-risk.bin	250	5.5006	0.0162843	0.703125	0.28125	0.015625	2.28111
results/pooled-risk.bin	260	5.71985	0.0159329	0.679688	0.296875	0.0234375	2.26781
results/pooled-risk.bin	270	5.936	0.0161427	0.703125	0.28125	0.015625	2.27555
results/pooled-risk.bin	280	6.1532	0.0159286	0.695312	0.296875	0.0078125	2.28483
results/pooled-risk.bin	290	6.37305	0.0160192	0.671875	0.3125	0.015625	2.30698
results/pooled-risk.bin	300	6.5905	0.0161611	0.671875	0.320312	0.0078125	2.30756
results/pooled-risk.bin	310	6.80683	0.0158235	0.65625	0.335938	0.0078125	2.29286
results/pooled-risk.bin	320	7.02321	0.0158951	0.648438	0.335938	0.015625	2.28915
results/pooled-risk.bin	330	7.2408	0.0159542	0.632812	0.34375	0.0234375	2.29568
results/pooled-risk.bin	340	7.45882	0.0161883	0.664062	0.320312	0.015625	2.31
results/pooled-risk.bin	350	7.67686	0.0159318	0.664062	0.320312	0.015625	2.31706
results/pooled-risk.bin	360	7.89315	0.0158105	0.65625	0.328125	0.015625	2.34524
results/pooled-risk.bin	370	8.11085	0.0157142	0.65625	0.328125	0.015625	2.32202
results/pooled-risk.bin	380	8.32934	0.0162296	0.65625	0.328125	0.015625	2.31131
results/pooled-risk.bin	390	8.54724	0.0159934	0.65625	0.328125	0.015625	2.28095
results/pooled-risk.bin	400	8.76497	0.0161928	0.648438	0.335938	0.015625	2.28735
results/pooled-risk.bin	410	8.98233	0.0157832	0.664062	0.328125	0.0078125	2.30176
results/pooled-risk.bin	420	9.19857	0.0160197	0.640625	0.335938	0.0234375	2.26463
results/pooled-risk.bin	430	9.4165	0.0159045	0.664062	0.328125	0.0078125	2.28529
results/pooled-risk.bin	440	9.63785	0.0158926	0.632812	0.359375	0.0078125	2.31173
results/pooled-risk.bin	450	9.85166	0.016004	0.640625	0.359375	0	2.31341
results/pooled-risk.bin	460	10.0652	0.0160415	0.65625	0.34375	0	2.28928
results/pooled-risk.bin	470	10.2793	0.0157081	0.679688	0.320312	0	2.27011
results/pooled-risk.bin	480	10.4975	0.0161087	0.664062	0.328125	0.0078125	2.2747
results/pooled-risk.bin	490	10.7164	0.0158693	0.664062	0.328125	0.0078125	2.26941
results/pooled-risk.bin	500	10.9299	0.0159216	0.664062	0.335938	0	2.27588
results/pooled-risk.bin	510	11.148	0.0158431	0.671875	0.3125	0.015625	2.24825
results/pooled-risk.bin	520	11.3653	0.0160359	0.695312	0.296875	0.0078125	2.25449
results/pooled-risk.bin	530	11.5872	0.0159264	0.695312	0.289062	0.015625	2.25562
results/pooled-risk.bin	540	11.8085	0.0158526	0.664062	0.3125	0.0234375	2.25588
results/pooled-risk.bin	550	12.0293	0.0159225	0.6875	0.304688	0.0078125	2.25682
results/pooled-risk.bin	560	12.2497	0.015687	0.664062	0.335938	0	2.27647
results/pooled-risk.bin	570	12.4652	0.0161795	0.695312	0.304688	0	2.27135
results/pooled-risk.bin	580	12.6875	0.0161376	0.6875	0.304688	0.0078125	2.26988
results/pooled-risk.bin	590	12.9022	0.0159677	0.671875	0.328125	0	2.25058
results/pooled-risk.bin	600	13.117	0.0158734	0.679688	0.320312	0	2.26724
results/pooled-risk.bin	610	13.3341	0.0160255	0.671875	0.320312	0.0078125	2.26744
results/pooled-risk.bin	620	13.5508	0.0162144	0.679688	0.320312	0	2.26207
results/pooled-risk.bin	630	13.7685	0.0158876	0.671875	0.328125	0	2.28139
results/pooled-risk.bin	640	13.9629	0.0161826	0.664062	0.335938	0	2.28412
results/pooled-risk.bin	650	14.1814	0.0162136	0.664062	0.335938	0	2.27
results/pooled-risk.bin	660	14.3978	0.0157715	0.6875	0.3125	0	2.26704
results/pooled-risk.bin	670	14.6163	0.016095	0.671875	0.328125	0	2.26686
results/pooled-risk.bin	680	14.8324	0.0159676	0.703125	0.296875	0	2.25
results/pooled-risk.bin	690	15.0504	0.0158816	0.664062	0.335938	0	2.24353
results/pooled-risk.bin	700	15.2421	0.0158898	0.671875	0.328125	0	2.26744
results/pooled-risk.bin	710	15.4361	0.0157237	0.671875	0.328125	0	2.27732
results/pooled-risk.bin	720	15.6644	0.0158108	0.664062	0.335938	0	2.27294
results/pooled-risk.bin	730	15.8705	0.0160702	0.664062	0.335938	0	2.26529
results/pooled-risk.bin	740	16.0765	0.0159489	0.65625	0.34375	0	2.27143
results/pooled-risk.bin	750	16.27	0.0158999	0.632812	0.367188	0	2.30802
results/pooled-risk.bin	760	16.4755	0.0157891	0.664062	0.335938	0	2.28588
results/pooled-risk.bin	770	16.6681	0.015751	0.664062	0.335938	0	2.28529
results/pooled-risk.bin	780	16.8596	0.0158957	0.671875	0.328125	0	2.26744
results/pooled-risk.bin	790	17.0538	0.016221	0.679688	0.320312	0	2.25287
results/pooled-risk.bin	800	17.2473	0.0160306	0.6875	0.3125	0	2.23807
results/pooled-risk.bin	810	17.4375	0.0157189	0.6875	0.3125	0	2.25113
results/pooled-risk.bin	820	17.6302	0.015834	0.65625	0.34375	0	2.24821
results/pooled-risk.bin	830	17.8455	0.0161633	0.671875	0.328125	0	2.23314
results/pooled-risk.bin	840	18.0686	0.0159784	0.640625	0.351562	0.0078125	2.2378
results/pooled-risk.bin	850	18.2831	0.0159188	0.679688	0.320312	0	2.24598
results/pooled-risk.bin	860	18.5041	0.0160398	0.671875	0.320312	0.0078125	2.23779
results/pooled-risk.bin	870	18.7208	0.015869	0.695312	0.296875	0.0078125	2.25281
results/pooled-risk.bin	880	18.9372	0.0158655	0.695312	0.296875	0.0078125	2.25786
results/pooled-risk.bin	890	19.1505	0.0159899	0.6875	0.3125	0	2.27841
results/pooled-risk.bin	900	19.3697	0.0159847	0.695312	0.296875	0.0078125	2.28652
results/pooled-risk.bin	910	19.5893	0.0159172	0.703125	0.289062	0.0078125	2.27444
results/pooled-risk.bin	920	19.807	0.0160064	0.679688	0.3125	0.0078125	2.25
results/pooled-risk.bin	930	20.0056	0.0158787	0.679688	0.320312	0	2.23276
results/pooled-risk.bin	940	20.2248	0.0158471	0.695312	0.289062	0.015625	2.22135
results/pooled-risk.bin	950	20.4449	0.0162056	0.664062	0.320312	0.015625	2.23823
results/pooled-risk.bin	960	20.6629	0.015795	0.664062	0.3125	0.0234375	2.24235
results/pooled-risk.bin	970	20.8799	0.0159691	0.664062	0.3125	0.0234375	2.23117
results/pooled-risk.bin	980	21.097	0.0159378	0.6875	0.296875	0.015625	2.23863
results/pooled-risk.bin	990	21.3153	0.0161896	0.671875	0.320312	0.0078125	2.24011
results/pooled-risk.bin	1000	21.534	0.0159849	0.679688	0.304688	0.015625	2.23506
results/pooled-risk.bin	1010	21.7523	0.0161426	0.6875	0.304688	0.0078125	2.24488
results/pooled-risk.bin	1020	21.9681	0.0158109	0.695312	0.296875	0.0078125	2.23258
results/pooled-risk.bin	1030	22.1832	0.0159697	0.664062	0.320312	0.015625	2.22765
results/pooled-risk.bin	1040	22.4006	0.0158064	0.664062	0.3125	0.0234375	2.22941
results/pooled-risk.bin	1050	22.6183	0.0162303	0.664062	0.328125	0.0078125	2.21706
results/pooled-risk.bin	1060	22.8347	0.0157933	0.679688	0.304688	0.015625	2.22644
results/pooled-risk.bin	1070	23.0514	0.0159737	0.6875	0.304688	0.0078125	2.22443
results/pooled-risk.bin	1080	23.269	0.0158752	0.671875	0.320312	0.0078125	2.2157
results/pooled-risk.bin	1090	23.4624	0.0159033	0.703125	0.296875	0	2.23778
results/pooled-risk.bin	1100	23.6822	0.0160598	0.695312	0.296875	0.0078125	2.22247
results/pooled-risk.bin	1110	23.9018	0.0158764	0.671875	0.320312	0.0078125	2.2157
results/pooled-risk.bin	1120	24.1219	0.0157021	0.640625	0.351562	0.0078125	2.20488
results/pooled-risk.bin	1130	24.3405	0.0159501	0.671875	0.320312	0.0078125	2.21453
results/pooled-risk.bin	1140	24.5605	0.0159525	0.648438	0.34375	0.0078125	2.20542
results/pooled-risk.bin	1150	24.7794	0.0161359	0.671875	0.320312	0.0078125	2.20814
results/pooled-risk.bin	1160	24.9997	0.0159718	0.679688	0.3125	0.0078125	2.20402
results/pooled-risk.bin	1170	25.2183	0.016108	0.671875	0.320312	0.0078125	2.21104
results/pooled-risk.bin	1180	25.4334	0.0157163	0.6875	0.304688	0.0078125	2.21136
results/pooled-risk.bin	1190	25.6513	0.0161428	0.671875	0.320312	0.0078125	2.19942
results/pooled-risk.bin	1200	25.8715	0.0161455	0.65625	0.335938	0.0078125	2.20238
results/pooled-risk.bin	1210	26.0725	0.0159458	0.640625	0.359375	0	2.20366
results/pooled-risk.bin	1220	26.2893	0.0157497	0.640625	0.351562	0.0078125	2.20488
results/pooled-risk.bin	1230	26.5075	0.0159279	0.648438	0.34375	0.0078125	2.19699
results/pooled-risk.bin	1240	26.7113	0.0158826	0.648438	0.351562	0	2.2006
results/pooled-risk.bin	1250	26.9293	0.0158972	0.648438	0.34375	0.0078125	2.19397
results/pooled-risk.bin	1260	27.1219	0.0162119	0.648438	0.351562	0	2.20662
results/pooled-risk.bin	1270	27.3395	0.0160094	0.632812	0.359375	0.0078125	2.19444
results/pooled-risk.bin	1280	27.558	0.015926	0.648438	0.34375	0.0078125	2.19759
results/pooled-risk.bin	1290	27.7594	0.0161337	0.625	0.375	0	2.19937
results/pooled-risk.bin	1300	27.9797	0.0160895	0.671875	0.320312	0.0078125	2.19709
results/pooled-risk.bin	1310	28.1845	0.0158581	0.65625	0.34375	0	2.21071
results/pooled-risk.bin	1320	28.3751	0.0157513	0.648438	0.351562	0	2.20843
results/pooled-risk.bin	1330	28.5746	0.0159697	0.648438	0.351562	0	2.20422
results/pooled-risk.bin	1340	28.7931	0.0157564	0.640625	0.359375	0	2.20061
results/pooled-risk.bin	1350	28.9979	0.0162824	0.640625	0.359375	0	2.20488
results/pooled-risk.bin	1360	29.1997	0.0162945	0.640625	0.359375	0	2.20427
results/pooled-risk.bin	1370	29.4169	0.0160083	0.625	0.367188	0.0078125	2.20437
results/pooled-risk.bin	1380	29.6351	0.0157901	0.625	0.367188	0.0078125	2.19312
results/pooled-risk.bin	1390	29.8548	0.0157991	0.625	0.359375	0.015625	2.2
results/pooled-risk.bin	1400	30.0742	0.0161686	0.640625	0.34375	0.015625	2.19268
results/pooled-risk.bin	1410	30.2944	0.0160067	0.648438	0.335938	0.015625	2.19397
results/pooled-risk.bin	1420	30.5124	0.0160423	0.664062	0.328125	0.0078125	2.20294
results/pooled-risk.bin	1430	30.7288	0.015655	0.632812	0.359375	0.0078125	2.21481
results/pooled-risk.bin	1440	30.948	0.015864	0.65625	0.335938	0.0078125	2.21309
results/pooled-risk.bin	1450	31.1684	0.0160863	0.65625	0.335938	0.0078125	2.20238
results/pooled-risk.bin	1460	31.372	0.0162303	0.664062	0.335938	0	2.20294
results/pooled-risk.bin	1470	31.5927	0.0159123	0.65625	0.34375	0	2.20417
results/pooled-risk.bin	1480	31.811	0.0158624	0.648438	0.335938	0.015625	2.20181
results/pooled-risk.bin	1490	32.0319	0.0160883	0.648438	0.335938	0.015625	2.20241
results/pooled-risk.bin	1500	32.2642	0.0163102	0.640625	0.34375	0.015625	2.18963
results/pooled-risk.bin	1510	32.4816	0.0158779	0.625	0.335938	0.0390625	2.19562
results/pooled-risk.bin	1520	32.6974	0.0159966	0.625	0.34375	0.03125	2.19187
results/pooled-risk.bin	1530	32.9134	0.0158905	0.65625	0.328125	0.015625	2.20119
results/pooled-risk.bin	1540	33.1288	0.015861	0.648438	0.328125	0.0234375	2.20482
results/pooled-risk.bin	1550	33.3442	0.015891	0.648438	0.34375	0.0078125	2.19638
results/pooled-risk.bin	1560	33.5598	0.0160591	0.648438	0.34375	0.0078125	2.19638
results/pooled-risk.bin	1570	33.7757	0.0158155	0.625	0.367188	0.0078125	2.20687
results/pooled-risk.bin	1580	33.9935	0.0162135	0.617188	0.375	0.0078125	2.20696
results/pooled-risk.bin	1590	34.1893	0.0156945	0.65625	0.34375	0	2.20417
results/pooled-risk.bin	1600	34.407	0.0158571	0.648438	0.34375	0.0078125	2.21687
results/pooled-risk.bin	1610	34.6243	0.016138	0.648438	0.34375	0.0078125	2.22048
results/pooled-risk.bin	1620	34.8401	0.0157385	0.65625	0.335938	0.0078125	2.22143
results/pooled-risk.bin	1630	35.0577	0.0161183	0.664062	0.328125	0.0078125	2.2147
results/pooled-risk.bin	1640	35.2728	0.0158436	0.617188	0.375	0.0078125	2.23607
results/pooled-risk.bin	1650	35.4893	0.0160954	0.625	0.367188	0.0078125	2.3225
results/pooled-risk.bin	1660	35.7061	0.0159829	0.648438	0.335938	0.015625	2.23915
results/pooled-risk.bin	1670	35.9216	0.016033	0.679688	0.3125	0.0078125	2.22873
results/pooled-risk.bin	1680	36.139	0.0158345	0.664062	0.328125	0.0078125	2.2347
results/pooled-risk.bin	1690	36.3268	0.0161393	0.671875	0.328125	0	2.23604
results/pooled-risk.bin	1700	36.5164	0.0160057	0.679688	0.320312	0	2.22644
results/pooled-risk.bin	1710	36.7335	0.0161452	0.65625	0.335938	0.0078125	2.23452
results/pooled-risk.bin	1720	36.9498	0.0158174	0.609375	0.382812	0.0078125	2.2891
results/pooled-risk.bin	1730	37.1663	0.0161535	0.617188	0.375	0.0078125	2.28861
results/pooled-risk.bin	1740	37.3572	0.0157001	0.632812	0.367188	0	2.29506
results/pooled-risk.bin	1750	37.56	0.0159037	0.625	0.375	0	2.285
results/pooled-risk.bin	1760	37.7644	0.0157949	0.601562	0.398438	0	2.2948
results/pooled-risk.bin	1770	37.9681	0.0157496	0.617188	0.382812	0	2.28038
results/pooled-risk.bin	1780	38.1702	0.0157486	0.617188	0.382812	0	2.26962
results/pooled-risk.bin	1790	38.3737	0.0159363	0.625	0.375	0	2.27062
results/pooled-risk.bin	1800	38.5645	0.0161507	0.648438	0.351562	0	2.24337
results/pooled-risk.bin	1810	38.7567	0.0158302	0.640625	0.359375	0	2.25061
results/pooled-risk.bin	1820	38.9463	0.0158699	0.648438	0.351562	0	2.25843
results/pooled-risk.bin	1830	39.1355	0.0161794	0.617188	0.382812	0	2.26329
results/pooled-risk.bin	1840	39.3246	0.0160323	0.59375	0.40625	0	2.23618
results/pooled-risk.bin	1850	39.5147	0.0157398	0.59375	0.40625	0	2.25066
results/pooled-risk.bin	1860	39.705	0.0162206	0.617188	0.382812	0	2.26519
results/pooled-risk.bin	1870	39.8959	0.0161536	0.640625	0.359375	0	2.27927
results/pooled-risk.bin	1880	40.0849	0.0157058	0.65625	0.34375	0	2.26726
results/pooled-risk.bin	1890	40.2794	0.016119	0.609375	0.390625	0	2.31602
results/pooled-risk.bin	1900	40.4757	0.0161415	0.617188	0.382812	0	2.32025
results/pooled-risk.bin	1910	40.6714	0.0160531	0.640625	0.359375	0	2.31585
results/pooled-risk.bin	1920	40.8885	0.0162808	0.609375	0.382812	0.0078125	2.33205
results/pooled-risk.bin	1930	41.0845	0.0158797	0.625	0.375	0	2.31875
results/pooled-risk.bin	1940	41.2788	0.0160042	0.632812	0.367188	0	2.30987
results/pooled-risk.bin	1950	41.4694	0.0161994	0.65625	0.34375	0	2.28631
results/pooled-risk.bin	1960	41.6589	0.015743	0.640625	0.359375	0	2.28841
results/pooled-risk.bin	1970	41.8497	0.0159138	0.664062	0.335938	0	2.27588
results/pooled-risk.bin	1980	42.0412	0.0161778	0.625	0.375	0	2.2775
results/pooled-risk.bin	1990	42.2311	0.0161207	0.632812	0.367188	0	2.27716
results/pooled-risk.bin	2000	42.426	0.0158575	0.617188	0.382812	0	2.32975
results/pooled-risk.bin	2010	42.642	0.0156692	0.585938	0.398438	0.015625	2.36066
results/pooled-risk.bin	2020	42.8346	0.0161047	0.617188	0.382812	0	2.33544
results/pooled-risk.bin	2030	43.0523	0.0158215	0.601562	0.390625	0.0078125	2.33831
results/pooled-risk.bin	2040	43.2691	0.0160909	0.617188	0.375	0.0078125	2.32405
results/pooled-risk.bin	2050	43.4845	0.015738	0.59375	0.390625	0.015625	2.34539
results/pooled-risk.bin	2060	43.7002	0.0160338	0.625	0.367188	0.0078125	2.33125
results/pooled-risk.bin	2070	43.8964	0.0159335	0.617188	0.382812	0	2.29114
results/pooled-risk.bin	2080	44.0995	0.0158909	0.648438	0.351562	0	2.26566
results/pooled-risk.bin	2090	44.2991	0.0158511	0.617188	0.382812	0	2.28671
results/pooled-risk.bin	2100	44.4957	0.0157763	0.625	0.375	0	2.30812
results/pooled-risk.bin	2110	44.686	0.0157298	0.625	0.375	0	2.29562
results/pooled-risk.bin	2120	44.8745	0.016019	0.632812	0.367188	0	2.30617
results/pooled-risk.bin	2130	45.0645	0.0161203	0.632812	0.367188	0	2.3
results/pooled-risk.bin	2140	45.2628	0.0159376	0.632812	0.367188	0	2.29197
results/pooled-risk.bin	2150	45.4616	0.0158498	0.640625	0.359375	0	2.30975
results/pooled-risk.bin	2160	45.6783	0.0157741	0.601562	0.390625	0.0078125	2.33182
results/pooled-risk.bin	2170	45.8757	0.0160737	0.609375	0.390625	0	2.32436
results/pooled-risk.bin	2180	46.0738	0.016017	0.609375	0.390625	0	2.31218
results/pooled-risk.bin	2190	46.2728	0.0161704	0.625	0.375	0	2.28312
results/pooled-risk.bin	2200	46.4723	0.0161695	0.625	0.375	0	2.29125
results/pooled-risk.bin	2210	46.6714	0.0160596	0.625	0.375	0	2.27375
results/pooled-risk.bin	2220	46.8573	0.0160321	0.648438	0.351562	0	2.27831
results/pooled-risk.bin	2230	47.0551	0.015739	0.625	0.375	0	2.29
results/pooled-risk.bin	2240	47.255	0.0160182	0.625	0.375	0	2.28312
results/pooled-risk.bin	2250	47.4551	0.0158581	0.640625	0.359375	0	2.30427
results/pooled-risk.bin	2260	47.6557	0.0161839	0.625	0.375	0	2.31187
results/pooled-risk.bin	2270	47.8482	0.0159684	0.640625	0.359375	0	2.29573
results/pooled-risk.bin	2280	48.0639	0.0156575	0.609375	0.382812	0.0078125	2.34102
results/pooled-risk.bin	2290	48.2624	0.0161319	0.609375	0.390625	0	2.30897
results/pooled-risk.bin	2300	48.4798	0.0162324	0.59375	0.398438	0.0078125	2.31118
results/pooled-risk.bin	2310	48.6676	0.0158919	0.617188	0.382812	0	2.30063
results/pooled-risk.bin	2320	48.8551	0.016032	0.625	0.375	0	2.29062
results/pooled-risk.bin	2330	49.0405	0.0159809	0.632812	0.367188	0	2.26852
results/pooled-risk.bin	2340	49.2263	0.0157964	0.625	0.375	0	2.2725
results/pooled-risk.bin	2350	49.4132	0.0162059	0.609375	0.390625	0	2.24038
results/pooled-risk.bin	2360	49.6004	0.0158496	0.617188	0.382812	0	2.26076
results/pooled-risk.bin	2370	49.7875	0.0161936	0.625	0.375	0	2.26375
results/pooled-risk.bin	2380	49.9745	0.0156315	0.640625	0.359375	0	2.26829
results/pooled-risk.bin	2390	50.1635	0.015639	0.664062	0.335938	0	2.26647
results/pooled-risk.bin	2400	50.3498	0.0161565	0.671875	0.328125	0	2.27674
results/pooled-risk.bin	2410	50.5374	0.0158202	0.664062	0.335938	0	2.29941
results/pooled-risk.bin	2420	50.7256	0.0159995	0.640625	0.359375	0	2.31951
results/pooled-risk.bin	2430	50.9124	0.016161	0.640625	0.359375	0	2.31707
results/pooled-risk.bin	2440	51.0988	0.0157583	0.648438	0.351562	0	2.28915
results/pooled-risk.bin	2450	51.2914	0.015935	0.625	0.375	0	2.32125
results/pooled-risk.bin	2460	51.5028	0.0161706	0.640625	0.359375	0	2.325
results/pooled-risk.bin	2470	51.6912	0.0158504	0.648438	0.351562	0	2.36084
results/pooled-risk.bin	2480	51.9084	0.0161235	0.640625	0.351562	0.0078125	2.35122
results/pooled-risk.bin	2490	52.1042	0.0158023	0.648438	0.351562	0	2.31265
results/pooled-risk.bin	2500	52.3048	0.0157395	0.679688	0.320312	0	2.33563
results/pooled-risk.bin	2510	52.5216	0.0158639	0.625	0.367188	0.0078125	2.37312
results/pooled-risk.bin	2520	52.7391	0.016091	0.664062	0.328125	0.0078125	2.35
results/pooled-risk.bin	2530	52.9414	0.0159068	0.65625	0.34375	0	2.3119
results/pooled-risk.bin	2540	53.1404	0.0159643	0.65625	0.34375	0	2.33631
results/pooled-risk.bin	2550	53.3558	0.0157806	0.632812	0.359375	0.0078125	2.37778
results/pooled-risk.bin	2560	53.5711	0.016034	0.625	0.367188	0.0078125	2.395
results/pooled-risk.bin	2570	53.7881	0.0159044	0.640625	0.351562	0.0078125	2.37927
results/pooled-risk.bin	2580	54.0054	0.0161151	0.632812	0.359375	0.0078125	2.42222
results/pooled-risk.bin	2590	54.2235	0.0159031	0.632812	0.359375	0.0078125	2.42037
results/pooled-risk.bin	2600	54.44	0.0159781	0.664062	0.328125	0.0078125	2.36176
results/pooled-risk.bin	2610	54.6569	0.0156958	0.632812	0.34375	0.0234375	2.37592
results/pooled-risk.bin	2620	54.8743	0.0160786	0.648438	0.34375	0.0078125	2.35542
results/pooled-risk.bin	2630	55.0746	0.0159137	0.671875	0.328125	0	2.33197
results/pooled-risk.bin	2640	55.2764	0.0159115	0.664062	0.335938	0	2.33059
results/pooled-risk.bin	2650	55.4736	0.0157515	0.671875	0.328125	0	2.32151
results/pooled-risk.bin	2660	55.6696	0.0157566	0.65625	0.34375	0	2.30952
results/pooled-risk.bin	2670	55.8718	0.0161311	0.65625	0.34375	0	2.32202
results/pooled-risk.bin	2680	56.0906	0.0158856	0.640625	0.34375	0.015625	2.34268
results/pooled-risk.bin	2690	56.2912	0.0161889	0.65625	0.34375	0	2.34047
results/pooled-risk.bin	2700	56.49	0.0160554	0.664062	0.335938	0	2.32706
results/pooled-risk.bin	2710	56.6886	0.0159509	0.671875	0.328125	0	2.31163
results/pooled-risk.bin	2720	56.8874	0.0159794	0.671875	0.328125	0	2.34186
results/pooled-risk.bin	2730	57.0876	0.016231	0.65625	0.34375	0	2.35178
results/pooled-risk.bin	2740	57.3062	0.0161358	0.617188	0.359375	0.0234375	2.37215
results/pooled-risk.bin	2750	57.5228	0.015768	0.632812	0.351562	0.015625	2.35926
results/pooled-risk.bin	2760	57.7238	0.0159783	0.648438	0.351562	0	2.34217
results/pooled-risk.bin	2770	57.9104	0.0160773	0.664062	0.335938	0	2.31294
results/pooled-risk.bin	2780	58.1013	0.01588	0.65625	0.34375	0	2.30714
results/pooled-risk.bin	2790	58.3004	0.0161584	0.648438	0.351562	0	2.29819
results/pooled-risk.bin	2800	58.4969	0.016044	0.640625	0.359375	0	2.31768
results/pooled-risk.bin	2810	58.6941	0.0159997	0.640625	0.359375	0	2.30427
results/pooled-risk.bin	2820	58.8927	0.0161083	0.617188	0.382812	0	2.32975
results/pooled-risk.bin	2830	59.1093	0.0160958	0.625	0.359375	0.015625	2.30625
results/pooled-risk.bin	2840	59.3113	0.0158963	0.648438	0.351562	0	2.30361
results/pooled-risk.bin	2850	59.5482	0.0162336	0.648438	0.34375	0.0078125	2.29759
results/pooled-risk.bin	2860	59.7883	0.0158359	0.640625	0.351562	0.0078125	2.29207
results/pooled-risk.bin	2870	60.0393	0.0160019	0.617188	0.375	0.0078125	2.2981
results/pooled-risk.bin	2880	60.2427	0.0159106	0.617188	0.382812	0	2.30316
results/pooled-risk.bin	2890	60.4471	0.0159464	0.625	0.375	0	2.29875
results/pooled-risk.bin	2900	60.6508	0.0158661	0.617188	0.382812	0	2.30316
results/pooled-risk.bin	2910	60.865	0.0161595	0.648438	0.351562	0	2.28313
results/pooled-risk.bin	2920	61.0671	0.0159726	0.625	0.375	0	2.29312
results/pooled-risk.bin	2930	61.2691	0.0158515	0.648438	0.351562	0	2.3
results/pooled-risk.bin	2940	61.4714	0.0159559	0.625	0.375	0	2.27625
results/pooled-risk.bin	2950	61.6722	0.0158172	0.617188	0.382812	0	2.29683
results/pooled-risk.bin	2960	61.874	0.0157815	0.601562	0.398438	0	2.30389
results/pooled-risk.bin	2970	62.0749	0.0157799	0.601562	0.398438	0	2.2987
results/pooled-risk.bin	2980	62.2756	0.0157793	0.617188	0.382812	0	2.28924
results/pooled-risk.bin	2990	62.476	0.0158821	0.585938	0.414062	0	2.324
results/pooled-risk.bin	3000	62.6783	0.015872	0.640625	0.359375	0	2.27683
results/raw-risk.bin	10	0.289039	0.0231042	0.828125	0.171875	0	2.71698
results/raw-risk.bin	20	0.605385	0.0226827	0.820312	0.171875	0.0078125	2.56619
results/raw-risk.bin	30	0.911663	0.0230693	0.84375	0.15625	0	2.62222
results/raw-risk.bin	40	1.21052	0.0224296	0.84375	0.15625	0	2.62037
results/raw-risk.bin	50	1.51233	0.0224541	0.820312	0.179688	0	2.58857
results/raw-risk.bin	60	1.82028	0.0229471	0.828125	0.15625	0.015625	2.66179
results/raw-risk.bin	70	2.12809	0.02241	0.828125	0.164062	0.0078125	2.57689
results/raw-risk.bin	80	2.44183	0.0230827	0.851562	0.140625	0.0078125	2.68119
results/raw-risk.bin	90	2.75809	0.022379	0.851562	0.140625	0.0078125	2.70688
results/raw-risk.bin	100	3.05571	0.0229949	0.867188	0.132812	0	2.75631
results/raw-risk.bin	110	3.37005	0.0227434	0.84375	0.148438	0.0078125	2.67639
results/raw-risk.bin	120	3.68013	0.0228638	0.84375	0.148438	0.0078125	2.70278
results/raw-risk.bin	130	3.9882	0.0230003	0.828125	0.15625	0.015625	2.64953
results/raw-risk.bin	140	4.2955	0.022515	0.835938	0.15625	0.0078125	2.66168
results/raw-risk.bin	150	4.60536	0.0229434	0.820312	0.171875	0.0078125	2.67952
results/raw-risk.bin	160	4.90251	0.0227615	0.8125	0.1875	0	2.64375
results/raw-risk.bin	170	5.19644	0.0229589	0.8125	0.1875	0	2.60336
results/raw-risk.bin	180	5.48578	0.0225297	0.765625	0.234375	0	2.50969
results/raw-risk.bin	190	5.79391	0.0225415	0.820312	0.179688	0	2.68238
results/raw-risk.bin	200	6.08424	0.0230316	0.828125	0.171875	0	2.61321
results/raw-risk.bin	210	6.36988	0.0229756	0.789062	0.210938	0	2.61287
results/raw-risk.bin	220	6.66012	0.022582	0.796875	0.203125	0	2.59853
results/raw-risk.bin	230	6.94295	0.0225407	0.78125	0.21875	0	2.5795
results/raw-risk.bin	240	7.23991	0.0229814	0.789062	0.210938	0	2.61584
results/raw-risk.bin	250	7.54503	0.0229658	0.8125	0.179688	0.0078125	2.72789
results/raw-risk.bin	260	7.84696	0.0229442	0.820312	0.164062	0.015625	2.61857
results/raw-risk.bin	270	8.15121	0.0228861	0.804688	0.179688	0.015625	2.63641
results/raw-risk.bin	280	8.44561	0.0229306	0.828125	0.171875	0	2.88208
results/raw-risk.bin	290	8.73343	0.0227641	0.820312	0.179688	0	2.5819
results/raw-risk.bin	300	9.02355	0.0227215	0.828125	0.171875	0	2.65
results/raw-risk.bin	310	9.31451	0.0227275	0.851562	0.148438	0	2.67385
results/raw-risk.bin	320	9.61487	0.0229993	0.851562	0.148438	0	2.77615
results/raw-risk.bin	330	9.90615	0.022601	0.828125	0.171875	0	2.61132
results/raw-risk.bin	340	10.208	0.0226653	0.8125	0.171875	0.015625	2.5
results/raw-risk.bin	350	10.5137	0.0228393	0.804688	0.1875	0.0078125	2.77913
results/raw-risk.bin	360	10.8154	0.0228073	0.796875	0.203125	0	2.7098
results/raw-risk.bin	370	11.1129	0.0226814	0.851562	0.148438	0	2.82477
results/raw-risk.bin	380	11.4012	0.0230301	0.804688	0.195312	0	2.64029
results/raw-risk.bin	390	11.6954	0.0230583	0.773438	0.226562	0	2.65252
results/raw-risk.bin	400	11.9822	0.022738	0.773438	0.226562	0	2.63838
results/raw-risk.bin	410	12.2722	0.0227158	0.796875	0.203125	0	2.71422
results/raw-risk.bin	420	12.5643	0.0230401	0.804688	0.195312	0	2.69466
results/raw-risk.bin	430	12.8671	0.0228553	0.789062	0.203125	0.0078125	2.71683
results/raw-risk.bin	440	13.1514	0.0225675	0.757812	0.242188	0	2.63814
results/raw-risk.bin	450	13.4322	0.0229423	0.773438	0.226562	0	2.66414
results/raw-risk.bin	460	13.7154	0.0229941	0.757812	0.242188	0	2.68299
results/raw-risk.bin	470	14.0078	0.0230851	0.75	0.25	0	2.6651
results/raw-risk.bin	480	14.3048	0.0228254	0.75	0.25	0	2.74688
results/raw-risk.bin	490	14.5881	0.0228098	0.765625	0.234375	0	2.72398
results/raw-risk.bin	500	14.8845	0.0226941	0.789062	0.210938	0	2.62277
results/raw-risk.bin	510	15.1855	0.0226942	0.789062	0.210938	0	2.62228
results/raw-risk.bin	520	15.4829	0.0226516	0.75	0.25	0	2.63281
results/raw-risk.bin	530	15.765	0.0229414	0.789062	0.210938	0	2.74307
results/raw-risk.bin	540	16.045	0.0228594	0.789062	0.210938	0	2.75346
results/raw-risk.bin	550	16.3465	0.022797	0.75	0.242188	0.0078125	2.77708
results/raw-risk.bin	560	16.6397	0.0227577	0.804688	0.195312	0	2.80194
results/raw-risk.bin	570	16.9393	0.0229321	0.765625	0.234375	0	2.77449
results/raw-risk.bin	580	17.2404	0.0228204	0.773438	0.226562	0	2.85202
results/raw-risk.bin	590	17.5314	0.0224606	0.765625	0.234375	0	2.83112
results/raw-risk.bin	600	17.8138	0.0229281	0.757812	0.242188	0	2.89536
results/raw-risk.bin	610	18.0987	0.0230534	0.765625	0.234375	0	2.83877
results/raw-risk.bin	620	18.3791	0.0229679	0.757812	0.242188	0	2.85773
results/raw-risk.bin	630	18.6568	0.022861	0.773438	0.226562	0	2.85454
results/raw-risk.bin	640	18.9367	0.0226955	0.78125	0.21875	0	2.8085
results/raw-risk.bin	650	19.2218	0.0226558	0.765625	0.234375	0	2.81071
results/raw-risk.bin	660	19.5066	0.022772	0.796875	0.203125	0	2.79363
results/raw-risk.bin	670	19.791	0.0226459	0.789062	0.210938	0	2.87921
results/raw-risk.bin	680	20.0803	0.0229916	0.796875	0.203125	0	2.83921
results/raw-risk.bin	690	20.3736	0.0227969	0.78125	0.21875	0	2.788
results/raw-risk.bin	700	20.674	0.0225567	0.789062	0.210938	0	2.87129
results/raw-risk.bin	710	20.9643	0.0225569	0.765625	0.234375	0	2.84694
results/raw-risk.bin	720	21.2683	0.023008	0.765625	0.226562	0.0078125	2.85153
results/raw-risk.bin	730	21.5685	0.0226397	0.765625	0.234375	0	2.83878
results/raw-risk.bin	740	21.8575	0.0227471	0.765625	0.234375	0	2.86275
results/raw-risk.bin	750	22.161	0.0226335	0.757812	0.234375	0.0078125	2.88144
results/raw-risk.bin	760	22.453	0.0229587	0.773438	0.226562	0	2.87677
results/raw-risk.bin	770	22.7541	0.0226795	0.78125	0.21875	0	2.8815
results/raw-risk.bin	780	23.0465	0.0229263	0.789062	0.210938	0	2.85297
results/raw-risk.bin	790	23.3488	0.0227521	0.78125	0.210938	0.0078125	2.758
results/raw-risk.bin	800	23.6532	0.022734	0.796875	0.195312	0.0078125	2.8897
results/raw-risk.bin	810	23.9344	0.022771	0.796875	0.203125	0	2.86666
results/raw-risk.bin	820	24.2229	0.0228122	0.796875	0.203125	0	2.73627
results/raw-risk.bin	830	24.518	0.0229891	0.8125	0.1875	0	2.73606
results/raw-risk.bin	840	24.8214	0.0226808	0.796875	0.195312	0.0078125	2.71568
results/raw-risk.bin	850	25.1224	0.0226877	0.765625	0.226562	0.0078125	2.75051
results/raw-risk.bin	860	25.4122	0.0227787	0.765625	0.234375	0	2.86122
results/raw-risk.bin	870	25.7141	0.0229233	0.789062	0.210938	0	2.92376
results/raw-risk.bin	880	26.0038	0.02291	0.765625	0.234375	0	2.7653
results/raw-risk.bin	890	26.2996	0.0224761	0.796875	0.203125	0	2.73627
results/raw-risk.bin	900	26.5903	0.0229815	0.765625	0.234375	0	2.7602
results/raw-risk.bin	910	26.8821	0.0229481	0.78125	0.21875	0	2.8005
results/raw-risk.bin	920	27.1861	0.022958	0.773438	0.21875	0.0078125	2.80757
results/raw-risk.bin	930	27.4796	0.0226845	0.78125	0.21875	0	2.7495
results/raw-risk.bin	940	27.7842	0.0228609	0.796875	0.195312	0.0078125	2.92255
results/raw-risk.bin	950	28.0885	0.0229456	0.804688	0.1875	0.0078125	2.8199
results/raw-risk.bin	960	28.3887	0.022789	0.789062	0.210938	0	2.83069
results/raw-risk.bin	970	28.6718	0.0227538	0.804688	0.195312	0	2.76408
results/raw-risk.bin	980	28.9712	0.02256	0.78125	0.21875	0	2.7855
results/raw-risk.bin	990	29.2627	0.0225178	0.796875	0.203125	0	2.88872
results/raw-risk.bin	1000	29.5652	0.022895	0.796875	0.195312	0.0078125	2.75833
results/raw-risk.bin	1010	29.8697	0.022984	0.789062	0.203125	0.0078125	2.71287
results/raw-risk.bin	1020	30.1746	0.0224086	0.789062	0.195312	0.015625	2.76633
results/raw-risk.bin	1030	30.4786	0.0225354	0.789062	0.203125	0.0078125	2.76336
results/raw-risk.bin	1040	30.7758	0.0227023	0.796875	0.203125	0	2.78088
results/raw-risk.bin	1050	31.0685	0.0227675	0.789062	0.210938	0	2.67871
results/raw-risk.bin	1060	31.3571	0.0224667	0.8125	0.1875	0	2.68846
results/raw-risk.bin	1070	31.6608	0.0227001	0.789062	0.203125	0.0078125	2.73465
results/raw-risk.bin	1080	31.9363	0.0230443	0.789062	0.210938	0	2.6297
results/raw-risk.bin	1090	32.2127	0.0226915	0.8125	0.1875	0	2.63606
results/raw-risk.bin	1100	32.4883	0.0228415	0.820312	0.179688	0	2.61333
results/raw-risk.bin	1110	32.7625	0.0226631	0.804688	0.195312	0	2.64757
results/raw-risk.bin	1120	33.0464	0.0230205	0.796875	0.203125	0	2.67941
results/raw-risk.bin	1130	33.3213	0.0227797	0.773438	0.226562	0	2.65101
results/raw-risk.bin	1140	33.5969	0.0225679	0.789062	0.210938	0	2.69158
results/raw-risk.bin	1150	33.8715	0.0227568	0.78125	0.21875	0	2.643
results/raw-risk.bin	1160	34.1483	0.022657	0.796875	0.203125	0	2.67451
results/raw-risk.bin	1170	34.4244	0.0227651	0.78125	0.21875	0	2.6545
results/raw-risk.bin	1180	34.7014	0.0225997	0.789062	0.210938	0	2.63713
results/raw-risk.bin	1190	34.9809	0.0227753	0.78125	0.21875	0	2.652
results/raw-risk.bin	1200	35.2582	0.0230546	0.796875	0.203125	0	2.69215
results/raw-risk.bin	1210	35.5333	0.0224748	0.804688	0.195312	0	2.68155
results/raw-risk.bin	1220	35.8108	0.0228752	0.8125	0.1875	0	2.66106
results/raw-risk.bin	1230	36.1061	0.0226295	0.804688	0.195312	0	2.66262
results/raw-risk.bin	1240	36.3842	0.0229077	0.820312	0.179688	0	2.59952
results/raw-risk.bin	1250	36.6662	0.0227309	0.796875	0.203125	0	2.62451
results/raw-risk.bin	1260	36.9557	0.0227332	0.789062	0.210938	0	2.65594
results/raw-risk.bin	1270	37.2398	0.022648	0.8125	0.1875	0	2.69567
results/raw-risk.bin	1280	37.519	0.0229131	0.796875	0.203125	0	2.60147
results/raw-risk.bin	1290	37.8096	0.022707	0.828125	0.171875	0	2.64528
results/raw-risk.bin	1300	38.0869	0.0228316	0.8125	0.1875	0	2.60529
results/raw-risk.bin	1310	38.3879	0.0224828	0.8125	0.179688	0.0078125	2.65721
results/raw-risk.bin	1320	38.6901	0.0225817	0.828125	0.164062	0.0078125	2.65283
results/raw-risk.bin	1330	38.9884	0.0227966	0.820312	0.179688	0	2.75905
results/raw-risk.bin	1340	39.2958	0.0225134	0.8125	0.179688	0.0078125	2.75817
results/raw-risk.bin	1350	39.604	0.0228416	0.796875	0.1875	0.015625	2.59363
results/raw-risk.bin	1360	39.9107	0.0229682	0.789062	0.195312	0.015625	2.56683
results/raw-risk.bin	1370	40.2134	0.023048	0.820312	0.179688	0	2.58905
results/raw-risk.bin	1380	40.4997	0.0228873	0.820312	0.179688	0	2.63095
results/raw-risk.bin	1390	40.7814	0.0228257	0.835938	0.164062	0	2.56682
results/raw-risk.bin	1400	41.0639	0.0229876	0.835938	0.164062	0	2.5799
results/raw-risk.bin	1410	41.3529	0.0226644	0.84375	0.15625	0	2.56991
results/raw-risk.bin	1420	41.6359	0.0228397	0.835938	0.164062	0	2.52103
results/raw-risk.bin	1430	41.9213	0.0228185	0.804688	0.195312	0	2.52233
results/raw-risk.bin	1440	42.197	0.0227113	0.8125	0.1875	0	2.52211
results/raw-risk.bin	1450	42.4757	0.0227047	0.835938	0.164062	0	2.53318
results/raw-risk.bin	1460	42.7565	0.0228536	0.84375	0.15625	0	2.59491
results/raw-risk.bin	1470	43.0327	0.0226245	0.8125	0.1875	0	2.54808
results/raw-risk.bin	1480	43.3089	0.0230348	0.835938	0.164062	0	2.61495
results/raw-risk.bin	1490	43.5861	0.0227674	0.820312	0.179688	0	2.60047
results/raw-risk.bin	1500	43.8676	0.0223819	0.820312	0.179688	0	2.65666
results/raw-risk.bin	1510	44.1457	0.0229788	0.8125	0.1875	0	2.5899
results/raw-risk.bin	1520	44.4503	0.0230023	0.828125	0.164062	0.0078125	2.62122
results/raw-risk.bin	1530	44.7509	0.0228056	0.820312	0.171875	0.0078125	2.62809
results/raw-risk.bin	1540	45.0265	0.0229357	0.828125	0.171875	0	2.625
results/raw-risk.bin	1550	45.307	0.0226305	0.820312	0.179688	0	2.56762
results/raw-risk.bin	1560	45.5966	0.022737	0.828125	0.171875	0	2.64387
results/raw-risk.bin	1570	45.8775	0.0226996	0.828125	0.171875	0	2.58585
results/raw-risk.bin	1580	46.1549	0.0229213	0.835938	0.164062	0	2.61729
results/raw-risk.bin	1590	46.4337	0.0227505	0.851562	0.148438	0	2.57798
results/raw-risk.bin	1600	46.7097	0.0226606	0.84375	0.15625	0	2.57454
results/raw-risk.bin	1610	46.9856	0.0226798	0.820312	0.179688	0	2.58714
results/raw-risk.bin	1620	47.2607	0.0229572	0.796875	0.203125	0	2.61372
results/raw-risk.bin	1630	47.5382	0.0227199	0.804688	0.195312	0	2.60388
results/raw-risk.bin	1640	47.8175	0.0226605	0.789062	0.210938	0	2.59059
results/raw-risk.bin	1650	48.0938	0.0226534	0.78125	0.21875	0	2.664
results/raw-risk.bin	1660	48.3723	0.0226983	0.789062	0.210938	0	2.66287
results/raw-risk.bin	1670	48.6515	0.0229606	0.78125	0.21875	0	2.6635
results/raw-risk.bin	1680	48.9272	0.0226947	0.796875	0.203125	0	2.67843
results/raw-risk.bin	1690	49.2009	0.022322	0.796875	0.203125	0	2.66519
results/raw-risk.bin	1700	49.4777	0.022967	0.8125	0.1875	0	2.63509
results/raw-risk.bin	1710	49.7637	0.0229644	0.789062	0.210938	0	2.77822
results/raw-risk.bin	1720	50.0413	0.022541	0.8125	0.1875	0	2.82211
results/raw-risk.bin	1730	50.3285	0.022899	0.78125	0.21875	0	2.7885
results/raw-risk.bin	1740	50.6043	0.0227075	0.8125	0.1875	0	2.63894
results/raw-risk.bin	1750	50.8839	0.0226983	0.828125	0.171875	0	2.5967
results/raw-risk.bin	1760	51.1608	0.0227895	0.828125	0.171875	0	2.56792
results/raw-risk.bin	1770	51.4391	0.0229243	0.8125	0.1875	0	2.57115
results/raw-risk.bin	1780	51.7163	0.022674	0.820312	0.179688	0	2.57333
results/raw-risk.bin	1790	51.9922	0.0228947	0.820312	0.179688	0	2.61905
results/raw-risk.bin	1800	52.2666	0.0227421	0.8125	0.1875	0	2.58702
results/raw-risk.bin	1810	52.542	0.0229915	0.8125	0.1875	0	2.62163
results/raw-risk.bin	1820	52.8184	0.0226346	0.796875	0.203125	0	2.64559
results/raw-risk.bin	1830	53.097	0.0227198	0.78125	0.21875	0	2.73
results/raw-risk.bin	1840	53.3742	0.022722	0.78125	0.21875	0	2.621
results/raw-risk.bin	1850	53.6536	0.0227497	0.78125	0.21875	0	2.599
results/raw-risk.bin	1860	53.9343	0.0229299	0.773438	0.226562	0	2.6505
results/raw-risk.bin	1870	54.2161	0.0223871	0.773438	0.226562	0	2.67778
results/raw-risk.bin	1880	54.4945	0.022716	0.78125	0.21875	0	2.6295
results/raw-risk.bin	1890	54.7711	0.0229603	0.765625	0.234375	0	2.60765
results/raw-risk.bin	1900	55.0489	0.0226869	0.804688	0.195312	0	2.67524
results/raw-risk.bin	1910	55.3273	0.0230475	0.789062	0.210938	0	2.63168
results/raw-risk.bin	1920	55.63	0.0226913	0.78125	0.210938	0.0078125	2.5655
results/raw-risk.bin	1930	55.9071	0.0229988	0.796875	0.203125	0	2.53627
results/raw-risk.bin	1940	56.1843	0.0224547	0.8125	0.1875	0	2.54759
results/raw-risk.bin	1950	56.4643	0.0227025	0.789062	0.210938	0	2.55742
results/raw-risk.bin	1960	56.7436	0.0227284	0.789062	0.210938	0	2.62525
results/raw-risk.bin	1970	57.0496	0.0228803	0.789062	0.210938	0	2.61039
results/raw-risk.bin	1980	57.3262	0.022692	0.804688	0.195312	0	2.56359
results/raw-risk.bin	1990	57.6026	0.0229382	0.804688	0.195312	0	2.53058
results/raw-risk.bin	2000	57.878	0.0224916	0.796875	0.203125	0	2.5397
results/raw-risk.bin	2010	58.1536	0.022737	0.804688	0.195312	0	2.55631
results/raw-risk.bin	2020	58.4314	0.0226984	0.8125	0.1875	0	2.5375
results/raw-risk.bin	2030	58.7124	0.0229501	0.796875	0.203125	0	2.55
results/raw-risk.bin	2040	58.9855	0.0224627	0.789062	0.210938	0	2.54109
results/raw-risk.bin	2050	59.2628	0.0229824	0.804688	0.195312	0	2.55097
results/raw-risk.bin	2060	59.5472	0.0227185	0.789062	0.210938	0	2.5396
results/raw-risk.bin	2070	59.835	0.0229352	0.8125	0.1875	0	2.57259
results/raw-risk.bin	2080	60.1116	0.0224277	0.8125	0.1875	0	2.55769
results/raw-risk.bin	2090	60.4101	0.0226479	0.8125	0.1875	0	2.6476
results/raw-risk.bin	2100	60.6909	0.0227648	0.796875	0.203125	0	2.54706
results/raw-risk.bin	2110	60.9728	0.0228496	0.773438	0.226562	0	2.63636
results/raw-risk.bin	2120	61.2488	0.022667	0.796875	0.203125	0	2.67745
results/raw-risk.bin	2130	61.5295	0.0229055	0.765625	0.234375	0	2.69949
results/raw-risk.bin	2140	61.8063	0.0226985	0.789062	0.210938	0	2.81287
results/raw-risk.bin	2150	62.0824	0.0226344	0.804688	0.195312	0	2.66602
results/raw-risk.bin	2160	62.3562	0.022721	0.804688	0.195312	0	2.58592
results/raw-risk.bin	2170	62.6329	0.0231034	0.8125	0.1875	0	2.58606
results/raw-risk.bin	2180	62.9192	0.02262	0.8125	0.1875	0	2.5274
results/raw-risk.bin	2190	63.2081	0.0229584	0.796875	0.203125	0	2.59902
results/raw-risk.bin	2200	63.4813	0.022526	0.789062	0.210938	0	2.61237
results/raw-risk.bin	2210	63.7571	0.0228679	0.789062	0.210938	0	2.62079
results/raw-risk.bin	2220	64.0442	0.0229023	0.78125	0.21875	0	2.5885
results/raw-risk.bin	2230	64.3481	0.0227259	0.804688	0.1875	0.0078125	2.51602
results/raw-risk.bin	2240	64.622	0.0227156	0.8125	0.1875	0	2.51009
results/raw-risk.bin	2250	64.8956	0.0227058	0.8125	0.1875	0	2.50481
results/raw-risk.bin	2260	65.1705	0.0230295	0.8125	0.1875	0	2.50817
results/raw-risk.bin	2270	65.4763	0.0227141	0.820312	0.164062	0.015625	2.52905
results/raw-risk.bin	2280	65.751	0.022754	0.835938	0.164062	0	2.52897
results/raw-risk.bin	2290	66.0245	0.0227638	0.8125	0.1875	0	2.49952
results/raw-risk.bin	2300	66.2998	0.0229409	0.8125	0.1875	0	2.53413
results/raw-risk.bin	2310	66.5741	0.0227994	0.828125	0.171875	0	2.52547
results/raw-risk.bin	2320	66.8488	0.02266	0.828125	0.171875	0	2.52547
results/raw-risk.bin	2330	67.1224	0.022677	0.820312	0.179688	0	2.57952
results/raw-risk.bin	2340	67.3988	0.022963	0.8125	0.1875	0	2.59663
results/raw-risk.bin	2350	67.6755	0.0227555	0.8125	0.1875	0	2.54808
results/raw-risk.bin	2360	67.95	0.0229073	0.796875	0.203125	0	2.64068
results/raw-risk.bin	2370	68.2264	0.0226878	0.8125	0.1875	0	2.65192
results/raw-risk.bin	2380	68.505	0.0226401	0.796875	0.203125	0	2.65931
results/raw-risk.bin	2390	68.7802	0.0225741	0.828125	0.171875	0	2.65613
results/raw-risk.bin	2400	69.0555	0.0230212	0.8125	0.1875	0	2.60817
results/raw-risk.bin	2410	69.33	0.0224945	0.8125	0.1875	0	2.60865
results/raw-risk.bin	2420	69.6066	0.0229893	0.804688	0.195312	0	2.62767
results/raw-risk.bin	2430	69.8922	0.0225147	0.789062	0.210938	0	2.58861
results/raw-risk.bin	2440	70.1667	0.0225677	0.804688	0.195312	0	2.58786
results/raw-risk.bin	2450	70.4483	0.0226782	0.796875	0.203125	0	2.66617
results/raw-risk.bin	2460	70.7253	0.0229889	0.796875	0.203125	0	2.65196
results/raw-risk.bin	2470	70.9991	0.022642	0.804688	0.195312	0	2.62233
results/raw-risk.bin	2480	71.283	0.0229418	0.820312	0.179688	0	2.66762
results/raw-risk.bin	2490	71.5652	0.0230239	0.796875	0.203125	0	2.61274
results/raw-risk.bin	2500	71.8436	0.0227724	0.789062	0.210938	0	2.57277
results/raw-risk.bin	2510	72.1187	0.0229961	0.796875	0.203125	0	2.65588
results/raw-risk.bin	2520	72.3929	0.0230297	0.804688	0.195312	0	2.63738
results/raw-risk.bin	2530	72.6701	0.0227639	0.789062	0.210938	0	2.73218
results/raw-risk.bin	2540	72.9476	0.0227663	0.773438	0.226562	0	2.73434
results/raw-risk.bin	2550	73.2267	0.0227034	0.773438	0.226562	0	2.74343
results/raw-risk.bin	2560	73.5042	0.022537	0.789062	0.210938	0	2.73267
results/raw-risk.bin	2570	73.7803	0.0228862	0.78125	0.21875	0	2.6975
results/raw-risk.bin	2580	74.0626	0.0229863	0.789062	0.210938	0	2.78168
results/raw-risk.bin	2590	74.3438	0.0224762	0.773438	0.226562	0	2.87828
results/raw-risk.bin	2600	74.6455	0.0225554	0.765625	0.234375	0	2.99133
results/raw-risk.bin	2610	74.9353	0.0229187	0.789062	0.210938	0	2.79505
results/raw-risk.bin	2620	75.211	0.0229295	0.796875	0.203125	0	2.70588
results/raw-risk.bin	2630	75.4944	0.0229715	0.78125	0.21875	0	2.657
results/raw-risk.bin	2640	75.7713	0.0226142	0.78125	0.21875	0	2.6465
results/raw-risk.bin	2650	76.046	0.0228743	0.78125	0.21875	0	2.6595
results/raw-risk.bin	2660	76.3212	0.0226187	0.773438	0.226562	0	2.66464
results/raw-risk.bin	2670	76.5967	0.0227093	0.796875	0.203125	0	2.64068
results/raw-risk.bin	2680	76.8716	0.0226646	0.789062	0.210938	0	2.6594
results/raw-risk.bin	2690	77.1469	0.0228023	0.796875	0.203125	0	2.69804
results/raw-risk.bin	2700	77.4216	0.0226176	0.796875	0.203125	0	2.65
results/raw-risk.bin	2710	77.6976	0.0227029	0.8125	0.1875	0	2.67788
results/raw-risk.bin	2720	77.9736	0.0228229	0.804688	0.195312	0	2.66505
results/raw-risk.bin	2730	78.2495	0.0228115	0.796875	0.203125	0	2.70686
results/raw-risk.bin	2740	78.5315	0.0226834	0.796875	0.203125	0	2.75392
results/raw-risk.bin	2750	78.825	0.022853	0.804688	0.195312	0	2.74175
results/raw-risk.bin	2760	79.1077	0.0226276	0.8125	0.1875	0	2.81875
results/raw-risk.bin	2770	79.3851	0.0229713	0.789062	0.210938	0	2.78168
results/raw-risk.bin	2780	79.6589	0.0227953	0.796875	0.203125	0	2.75245
results/raw-risk.bin	2790	79.9336	0.0227307	0.773438	0.226562	0	2.78586
results/raw-risk.bin	2800	80.2081	0.0228397	0.789062	0.210938	0	2.76633
results/raw-risk.bin	2810	80.4833	0.0227739	0.789062	0.210938	0	2.82822
results/raw-risk.bin	2820	80.759	0.0228808	0.796875	0.203125	0	2.8549
results/raw-risk.bin	2830	81.0363	0.0227272	0.789062	0.210938	0	2.81732
results/raw-risk.bin	2840	81.3119	0.0230347	0.789062	0.210938	0	2.83416
results/raw-risk.bin	2850	81.5869	0.0227253	0.789062	0.210938	0	2.8
results/raw-risk.bin	2860	81.868	0.0225132	0.796875	0.203125	0	2.79068
results/raw-risk.bin	2870	82.1509	0.0228362	0.78125	0.21875	0	2.7535
results/raw-risk.bin	2880	82.4282	0.0226411	0.78125	0.21875	0	2.7385
results/raw-risk.bin	2890	82.7052	0.0228151	0.78125	0.21875	0	2.7225
results/raw-risk.bin	2900	82.9812	0.0227188	0.789062	0.210938	0	2.71534
results/raw-risk.bin	2910	83.2562	0.0226295	0.789062	0.210938	0	2.65396
results/raw-risk.bin	2920	83.5331	0.0226484	0.789062	0.210938	0	2.66138
results/raw-risk.bin	2930	83.8089	0.022765	0.789062	0.210938	0	2.66089
results/raw-risk.bin	2940	84.0834	0.0226166	0.789062	0.210938	0	2.68564
results/raw-risk.bin	2950	84.3599	0.0228871	0.789062	0.210938	0	2.66683
results/raw-risk.bin	2960	84.6382	0.0230748	0.804688	0.195312	0	2.69903
results/raw-risk.bin	2970	84.9183	0.0226606	0.796875	0.203125	0	2.70294
results/raw-risk.bin	2980	85.1934	0.0226688	0.789062	0.210938	0	2.64059
results/raw-risk.bin	2990	85.4686	0.0229229	0.796875	0.203125	0	2.70392
results/raw-risk.bin	3000	85.746	0.022737	0.796875	0.203125	0	2.72059
results/pooled-sphere.bin	10	0.215605	0.0157358	0.695312	0.289062	0.015625	2.74326
results/pooled-sphere.bin	20	0.43446	0.0160282	0.6875	0.273438	0.0390625	2.7125
results/pooled-sphere.bin	30	0.650384	0.0155478	0.640625	0.289062	0.0703125	2.6939
results/pooled-sphere.bin	40	0.870166	0.0161638	0.625	0.289062	0.0859375	2.6825
results/pooled-sphere.bin	50	1.08996	0.0158326	0.5625	0.273438	0.164062	2.6875
results/pooled-sphere.bin	60	1.3108	0.0156083	0.484375	0.289062	0.226562	2.68145
results/pooled-sphere.bin	70	1.53464	0.0158603	0.585938	0.304688	0.109375	2.69733
results/pooled-sphere.bin	80	1.75287	0.0155092	0.46875	0.320312	0.210938	2.67083
results/pooled-sphere.bin	90	1.97641	0.0159816	0.40625	0.289062	0.304688	2.68077
results/pooled-sphere.bin	100	2.19737	0.0160397	0.382812	0.28125	0.335938	2.68265
results/pooled-sphere.bin	110	2.41531	0.015613	0.5625	0.296875	0.140625	2.68958
results/pooled-sphere.bin	120	2.63489	0.0159265	0.515625	0.289062	0.195312	2.67348
results/pooled-sphere.bin	130	2.85404	0.0156371	0.507812	0.328125	0.164062	2.66615
results/pooled-sphere.bin	140	3.07372	0.0160069	0.476562	0.367188	0.15625	2.65737
results/pooled-sphere.bin	150	3.29627	0.0160562	0.601562	0.320312	0.078125	2.84286
results/pooled-sphere.bin	160	3.51682	0.015751	0.65625	0.296875	0.046875	2.91072
results/pooled-sphere.bin	170	3.73542	0.0161095	0.648438	0.304688	0.046875	2.83374
results/pooled-sphere.bin	180	3.9573	0.0156918	0.554688	0.328125	0.117188	3.25283
results/pooled-sphere.bin	190	4.1802	0.0158424	0.476562	0.359375	0.164062	3.42214
results/pooled-sphere.bin	200	4.40024	0.0161885	0.617188	0.304688	0.078125	3.05697
results/pooled-sphere.bin	210	4.62095	0.0156528	0.546875	0.421875	0.03125	3.47073
results/pooled-sphere.bin	220	4.83995	0.0158485	0.601562	0.390625	0.0078125	3.59222
results/pooled-sphere.bin	230	5.05676	0.0156963	0.65625	0.3125	0.03125	2.88334
results/pooled-sphere.bin	240	5.27651	0.0158105	0.726562	0.25	0.0234375	3.39517
results/pooled-sphere.bin	250	5.5003	0.0161103	0.632812	0.359375	0.0078125	3.15988
results/pooled-sphere.bin	260	5.71979	0.0157144	0.65625	0.335938	0.0078125	3.26251
results/pooled-sphere.bin	270	5.91915	0.0162074	0.6875	0.3125	0	2.65909
results/pooled-sphere.bin	280	6.11682	0.0159025	0.679688	0.320312	0	2.6523
results/pooled-sphere.bin	290	6.3157	0.0161861	0.640625	0.359375	0	2.63292
results/pooled-sphere.bin	300	6.51475	0.0161297	0.601562	0.398438	0	2.65519
results/pooled-sphere.bin	310	6.73336	0.016196	0.671875	0.3125	0.015625	2.83779
results/pooled-sphere.bin	320	6.95195	0.0156529	0.53125	0.453125	0.015625	2.98162
results/pooled-sphere.bin	330	7.16972	0.0160028	0.539062	0.453125	0.0078125	2.76522
results/pooled-sphere.bin	340	7.3885	0.0157692	0.46875	0.507812	0.0234375	2.90667
results/pooled-sphere.bin	350	7.61045	0.0159111	0.5625	0.414062	0.0234375	3.58404
results/pooled-sphere.bin	360	7.8317	0.0159058	0.492188	0.484375	0.0234375	3.03334
results/pooled-sphere.bin	370	8.04967	0.0157659	0.59375	0.398438	0.0078125	2.99737
results/pooled-sphere.bin	380	8.2476	0.0160475	0.640625	0.359375	0	2.69207
results/pooled-sphere.bin	390	8.44597	0.0162238	0.695312	0.304688	0	2.83708
results/pooled-sphere.bin	400	8.64221	0.0161922	0.671875	0.328125	0	2.74825
results/pooled-sphere.bin	410	8.83976	0.0161278	0.671875	0.328125	0	2.75523
results/pooled-sphere.bin	420	9.03566	0.0156871	0.703125	0.296875	0	2.77944
results/pooled-sphere.bin	430	9.23246	0.0157475	0.703125	0.296875	0	2.85389
results/pooled-sphere.bin	440	9.42848	0.015866	0.664062	0.335938	0	2.77706
results/pooled-sphere.bin	450	9.62701	0.0158886	0.6875	0.3125	0	2.81591
results/pooled-sphere.bin	460	9.82324	0.01592	0.726562	0.273438	0	2.85645
results/pooled-sphere.bin	470	10.0237	0.0156691	0.734375	0.265625	0	2.90319
results/pooled-sphere.bin	480	10.2189	0.015813	0.71875	0.28125	0	2.80924
results/pooled-sphere.bin	490	10.4115	0.0160771	0.710938	0.289062	0	2.8934
results/pooled-sphere.bin	500	10.6053	0.0161329	0.695312	0.304688	0	2.90337
results/pooled-sphere.bin	510	10.7993	0.0161748	0.726562	0.273438	0	2.86505
results/pooled-sphere.bin	520	10.993	0.0159685	0.710938	0.289062	0	2.87747
results/pooled-sphere.bin	530	11.1874	0.0159768	0.679688	0.320312	0	2.89368
results/pooled-sphere.bin	540	11.3796	0.0158057	0.671875	0.328125	0	2.94651
results/pooled-sphere.bin	550	11.571	0.0158242	0.671875	0.328125	0	2.8279
results/pooled-sphere.bin	560	11.7634	0.0160745	0.671875	0.328125	0	2.875
results/pooled-sphere.bin	570	11.9783	0.0160546	0.679688	0.320312	0	2.97069
results/pooled-sphere.bin	580	12.1725	0.0156571	0.710938	0.289062	0	2.81758
results/pooled-sphere.bin	590	12.366	0.0160907	0.734375	0.265625	0	2.83191
results/pooled-sphere.bin	600	12.562	0.0159671	0.734375	0.265625	0	2.80638
results/pooled-sphere.bin	610	12.7574	0.015997	0.726562	0.273438	0	2.77419
results/pooled-sphere.bin	620	12.9543	0.0161081	0.703125	0.296875	0	2.74722
results/pooled-sphere.bin	630	13.1516	0.0157421	0.726562	0.273438	0	2.79408
results/pooled-sphere.bin	640	13.3466	0.0156515	0.71875	0.28125	0	2.84674
results/pooled-sphere.bin	650	13.5633	0.0158448	0.726562	0.257812	0.015625	2.83548
results/pooled-sphere.bin	660	13.76	0.015843	0.71875	0.28125	0	2.82282
results/pooled-sphere.bin	670	13.9588	0.0161052	0.710938	0.289062	0	2.75824
results/pooled-sphere.bin	680	14.1544	0.0161453	0.75	0.25	0	2.83958
results/pooled-sphere.bin	690	14.3537	0.0158909	0.726562	0.273438	0	2.8457
results/pooled-sphere.bin	700	14.5474	0.0156493	0.734375	0.265625	0	2.89042
results/pooled-sphere.bin	710	14.7424	0.0159239	0.742188	0.257812	0	2.87263
results/pooled-sphere.bin	720	14.9372	0.0158671	0.734375	0.265625	0	2.83244
results/pooled-sphere.bin	730	15.1322	0.0160774	0.710938	0.289062	0	2.86978
results/pooled-sphere.bin	740	15.3261	0.0160361	0.71875	0.28125	0	2.84837
results/pooled-sphere.bin	750	15.5415	0.0160745	0.703125	0.28125	0.015625	2.895
results/pooled-sphere.bin	760	15.7391	0.0157605	0.703125	0.296875	0	2.87944
results/pooled-sphere.bin	770	15.9324	0.0159077	0.726562	0.273438	0	2.86613
results/pooled-sphere.bin	780	16.1321	0.015971	0.695312	0.304688	0	2.88876
results/pooled-sphere.bin	790	16.3274	0.0162265	0.710938	0.289062	0	2.85824
results/pooled-sphere.bin	800	16.5234	0.0160588	0.703125	0.296875	0	2.83333
results/pooled-sphere.bin	810	16.7178	0.0159348	0.703125	0.296875	0	2.87944
results/pooled-sphere.bin	820	16.9156	0.0158125	0.679688	0.320312	0	2.82586
results/pooled-sphere.bin	830	17.1115	0.0157828	0.703125	0.296875	0	2.85555
results/pooled-sphere.bin	840	17.3075	0.01592	0.71875	0.28125	0	2.87065
results/pooled-sphere.bin	850	17.5014	0.0160034	0.71875	0.28125	0	2.86739
results/pooled-sphere.bin	860	17.7176	0.0159692	0.679688	0.3125	0.0078125	2.96666
results/pooled-sphere.bin	870	17.9166	0.0158429	0.6875	0.3125	0	2.97841
results/pooled-sphere.bin	880	18.1124	0.0157908	0.703125	0.296875	0	2.98444
results/pooled-sphere.bin	890	18.3217	0.0159029	0.6875	0.3125	0	3.08295
results/pooled-sphere.bin	900	18.5201	0.0157031	0.703125	0.296875	0	2.96666
results/pooled-sphere.bin	910	18.7349	0.0156111	0.695312	0.289062	0.015625	2.95337
results/pooled-sphere.bin	920	18.9289	0.016105	0.695312	0.304688	0	3.05112
results/pooled-sphere.bin	930	19.1436	0.0159687	0.671875	0.328125	0	3.12151
results/pooled-sphere.bin	940	19.3379	0.0158174	0.6875	0.3125	0	2.91704
results/pooled-sphere.bin	950	19.5318	0.016027	0.710938	0.289062	0	2.92088
results/pooled-sphere.bin	960	19.729	0.0160284	0.679688	0.320312	0	2.97069
results/pooled-sphere.bin	970	19.9466	0.0158944	0.726562	0.273438	0	3.13011
results/pooled-sphere.bin	980	20.1656	0.0156079	0.671875	0.320312	0.0078125	3.09128
results/pooled-sphere.bin	990	20.3636	0.0160723	0.726562	0.273438	0	2.98333
results/pooled-sphere.bin	1000	20.5802	0.0157983	0.679688	0.3125	0.0078125	3.1023
results/pooled-sphere.bin	1010	20.7786	0.015674	0.710938	0.289062	0	2.98846
results/pooled-sphere.bin	1020	20.9715	0.0159051	0.703125	0.296875	0	2.985
results/pooled-sphere.bin	1030	21.1681	0.0158527	0.695312	0.304688	0	2.98876
results/pooled-sphere.bin	1040	21.3615	0.0160122	0.6875	0.3125	0	2.90909
results/pooled-sphere.bin	1050	21.5592	0.0161015	0.703125	0.296875	0	2.97666
results/pooled-sphere.bin	1060	21.7522	0.0159772	0.710938	0.289062	0	2.9967
results/pooled-sphere.bin	1070	21.9472	0.015872	0.726562	0.273438	0	2.9457
results/pooled-sphere.bin	1080	22.1481	0.015896	0.6875	0.3125	0	3.0392
results/pooled-sphere.bin	1090	22.343	0.0159004	0.710938	0.289062	0	2.97088
results/pooled-sphere.bin	1100	22.5378	0.0158307	0.71875	0.28125	0	2.94945
results/pooled-sphere.bin	1110	22.7307	0.0157948	0.734375	0.265625	0	2.99255
results/pooled-sphere.bin	1120	22.9226	0.0159098	0.71875	0.28125	0	2.95163
results/pooled-sphere.bin	1130	23.1197	0.0158243	0.710938	0.289062	0	2.97527
results/pooled-sphere.bin	1140	23.3176	0.015661	0.65625	0.34375	0	2.98988
results/pooled-sphere.bin	1150	23.5155	0.0159128	0.648438	0.351562	0	3.07711
results/pooled-sphere.bin	1160	23.7137	0.0158389	0.671875	0.328125	0	3.02209
results/pooled-sphere.bin	1170	23.9097	0.0157228	0.71875	0.28125	0	3.00163
results/pooled-sphere.bin	1180	24.1071	0.0158448	0.703125	0.296875	0	3.025
results/pooled-sphere.bin	1190	24.3049	0.0158574	0.679688	0.320312	0	3.02528
results/pooled-sphere.bin	1200	24.5037	0.0160305	0.632812	0.367188	0	2.99938
results/pooled-sphere.bin	1210	24.7058	0.0159361	0.617188	0.382812	0	3.09683
results/pooled-sphere.bin	1220	24.9051	0.0158975	0.648438	0.351562	0	3.0759
results/pooled-sphere.bin	1230	25.1019	0.0159481	0.710938	0.289062	0	2.98571
results/pooled-sphere.bin	1240	25.301	0.0161505	0.695312	0.304688	0	3.01854
results/pooled-sphere.bin	1250	25.4997	0.0159711	0.71875	0.28125	0	3.04674
results/pooled-sphere.bin	1260	25.698	0.016094	0.71875	0.28125	0	3.02282
results/pooled-sphere.bin	1270	25.8949	0.0161152	0.703125	0.296875	0	3.02778
results/pooled-sphere.bin	1280	26.0897	0.0158745	0.726562	0.273438	0	3.04247
results/pooled-sphere.bin	1290	26.2846	0.0158274	0.6875	0.3125	0	2.96988
results/pooled-sphere.bin	1300	26.4761	0.0156476	0.671875	0.328125	0	3.02849
results/pooled-sphere.bin	1310	26.6716	0.0158513	0.6875	0.3125	0	3.00909
results/pooled-sphere.bin	1320	26.8666	0.0159862	0.734375	0.265625	0	3.0383
results/pooled-sphere.bin	1330	27.0585	0.0161951	0.734375	0.265625	0	3.00106
results/pooled-sphere.bin	1340	27.2533	0.015597	0.742188	0.257812	0	2.99947
results/pooled-sphere.bin	1350	27.4464	0.0160384	0.765625	0.234375	0	2.95714
results/pooled-sphere.bin	1360	27.6398	0.0158144	0.742188	0.257812	0	3.01316
results/pooled-sphere.bin	1370	27.8315	0.0158513	0.742188	0.257812	0	2.9521
results/pooled-sphere.bin	1380	28.0242	0.015827	0.671875	0.328125	0	3.03197
results/pooled-sphere.bin	1390	28.2263	0.0159649	0.71875	0.28125	0	2.98424
results/pooled-sphere.bin	1400	28.4265	0.0157866	0.734375	0.265625	0	3.01489
results/pooled-sphere.bin	1410	28.6437	0.0157168	0.703125	0.289062	0.0078125	3.01444
results/pooled-sphere.bin	1420	28.8389	0.0160873	0.625	0.375	0	3.0475
results/pooled-sphere.bin	1430	29.0336	0.0159014	0.664062	0.335938	0	3.13529
results/pooled-sphere.bin	1440	29.2251	0.0157131	0.679688	0.320312	0	3.13103
results/pooled-sphere.bin	1450	29.4175	0.0157401	0.664062	0.335938	0	3.17412
results/pooled-sphere.bin	1460	29.6103	0.0160515	0.664062	0.335938	0	3.14882
results/pooled-sphere.bin	1470	29.8026	0.016132	0.65625	0.34375	0	3.12857
results/pooled-sphere.bin	1480	29.9956	0.0158218	0.695312	0.304688	0	3.12303
results/pooled-sphere.bin	1490	30.1888	0.0158815	0.695312	0.304688	0	3.14887
results/pooled-sphere.bin	1500	30.3802	0.0159536	0.726562	0.273438	0	3.05914
results/pooled-sphere.bin	1510	30.5719	0.0160985	0.710938	0.289062	0	3.14121
results/pooled-sphere.bin	1520	30.7642	0.0157107	0.703125	0.296875	0	3.16222
results/pooled-sphere.bin	1530	30.9567	0.0157989	0.6875	0.3125	0	3.14943
results/pooled-sphere.bin	1540	31.1509	0.0158919	0.679688	0.320312	0	3.16092
results/pooled-sphere.bin	1550	31.3443	0.0160244	0.664062	0.335938	0	3.17706
results/pooled-sphere.bin	1560	31.5349	0.0158781	0.632812	0.367188	0	3.20802
results/pooled-sphere.bin	1570	31.727	0.0158555	0.625	0.375	0	3.22625
results/pooled-sphere.bin	1580	31.9189	0.0157768	0.664062	0.335938	0	3.24588
results/pooled-sphere.bin	1590	32.1115	0.0160068	0.609375	0.390625	0	3.20128
results/pooled-sphere.bin	1600	32.304	0.0160701	0.59375	0.40625	0	3.14342
results/pooled-sphere.bin	1610	32.4959	0.0157719	0.585938	0.414062	0	3.13933
results/pooled-sphere.bin	1620	32.687	0.0157898	0.585938	0.414062	0	3.17466
results/pooled-sphere.bin	1630	32.8804	0.0158958	0.59375	0.40625	0	3.24605
results/pooled-sphere.bin	1640	33.073	0.0160815	0.617188	0.382812	0	3.27658
results/pooled-sphere.bin	1650	33.2661	0.015874	0.59375	0.40625	0	3.22829
results/pooled-sphere.bin	1660	33.4591	0.0158119	0.625	0.375	0	3.17437
results/pooled-sphere.bin	1670	33.6504	0.0156227	0.609375	0.390625	0	3.19743
results/pooled-sphere.bin	1680	33.8413	0.0160695	0.601562	0.398438	0	3.15454
results/pooled-sphere.bin	1690	34.032	0.0157025	0.601562	0.398438	0	3.16818
results/pooled-sphere.bin	1700	34.2251	0.0158916	0.585938	0.414062	0	3.25933
results/pooled-sphere.bin	1710	34.4209	0.0158618	0.554688	0.445312	0	3.27957
results/pooled-sphere.bin	1720	34.6151	0.0159902	0.5625	0.4375	0	3.22291
results/pooled-sphere.bin	1730	34.8072	0.0158174	0.554688	0.445312	0	3.29225
results/pooled-sphere.bin	1740	34.9992	0.0156058	0.59375	0.40625	0	3.2046
results/pooled-sphere.bin	1750	35.1939	0.0158888	0.59375	0.40625	0	3.13355
results/pooled-sphere.bin	1760	35.3892	0.0158589	0.617188	0.382812	0	3.18291
results/pooled-sphere.bin	1770	35.5828	0.0162151	0.640625	0.359375	0	3.17927
results/pooled-sphere.bin	1780	35.7745	0.0159674	0.648438	0.351562	0	3.19036
results/pooled-sphere.bin	1790	35.9663	0.015811	0.523438	0.476562	0	3.2485
results/pooled-sphere.bin	1800	36.1592	0.015635	0.523438	0.476562	0	3.26642
results/pooled-sphere.bin	1810	36.3527	0.0157697	0.53125	0.46875	0	3.29412
results/pooled-sphere.bin	1820	36.5464	0.0161807	0.59375	0.40625	0	3.2296
results/pooled-sphere.bin	1830	36.7393	0.0160129	0.546875	0.453125	0	3.22357
results/pooled-sphere.bin	1840	36.9541	0.0157211	0.632812	0.367188	0	3.20494
results/pooled-sphere.bin	1850	37.1477	0.0159868	0.640625	0.359375	0	3.16219
results/pooled-sphere.bin	1860	37.3655	0.0158722	0.625	0.367188	0.0078125	3.1575
results/pooled-sphere.bin	1870	37.5851	0.015863	0.585938	0.390625	0.0234375	3.25734
results/pooled-sphere.bin	1880	37.7991	0.0161532	0.648438	0.351562	0	3.37832
results/pooled-sphere.bin	1890	37.991	0.0156323	0.65625	0.34375	0	3.12202
results/pooled-sphere.bin	1900	38.1878	0.0158427	0.648438	0.351562	0	3.0747
results/pooled-sphere.bin	1910	38.4014	0.016124	0.632812	0.367188	0	3.20864
results/pooled-sphere.bin	1920	38.5996	0.0158328	0.585938	0.414062	0	3.07866
results/pooled-sphere.bin	1930	38.7985	0.0158696	0.546875	0.453125	0	3.11357
results/pooled-sphere.bin	1940	39.0158	0.0156777	0.539062	0.445312	0.015625	3.12608
results/pooled-sphere.bin	1950	39.2125	0.0160711	0.585938	0.414062	0	3.13333
results/pooled-sphere.bin	1960	39.4077	0.01586	0.546875	0.453125	0	3.15643
results/pooled-sphere.bin	1970	39.6043	0.0158368	0.617188	0.382812	0	3.13354
results/pooled-sphere.bin	1980	39.8004	0.0158093	0.59375	0.40625	0	3.11973
results/pooled-sphere.bin	1990	39.9971	0.0157252	0.625	0.375	0	3.10562
results/pooled-sphere.bin	2000	40.1933	0.0156558	0.5625	0.4375	0	3.16319
results/pooled-sphere.bin	2010	40.3903	0.0158522	0.578125	0.421875	0	3.16689
results/pooled-sphere.bin	2020	40.5872	0.015867	0.625	0.375	0	3.24375
results/pooled-sphere.bin	2030	40.7863	0.0161041	0.609375	0.390625	0	3.31731
results/pooled-sphere.bin	2040	40.9857	0.0160746	0.640625	0.359375	0	3.30488
results/pooled-sphere.bin	2050	41.1837	0.0158076	0.648438	0.351562	0	3.32952
results/pooled-sphere.bin	2060	41.3817	0.0161251	0.617188	0.382812	0	3.25506
results/pooled-sphere.bin	2070	41.5805	0.0160491	0.625	0.375	0	3.33312
results/pooled-sphere.bin	2080	41.7781	0.016073	0.585938	0.414062	0	3.33066
results/pooled-sphere.bin	2090	41.9928	0.0160275	0.640625	0.359375	0	3.425
results/pooled-sphere.bin	2100	42.1914	0.0157285	0.648438	0.351562	0	3.32289
results/pooled-sphere.bin	2110	42.3896	0.0160965	0.679688	0.320312	0	3.31034
results/pooled-sphere.bin	2120	42.6041	0.016095	0.65625	0.34375	0	3.56429
results/pooled-sphere.bin	2130	42.8191	0.0157672	0.695312	0.304688	0	3.28932
results/pooled-sphere.bin	2140	43.0181	0.0161057	0.6875	0.3125	0	3.11477
results/pooled-sphere.bin	2150	43.2165	0.0160165	0.679688	0.320312	0	3.18218
results/pooled-sphere.bin	2160	43.4291	0.0158237	0.703125	0.296875	0	3.51611
results/pooled-sphere.bin	2170	43.6377	0.0158064	0.695312	0.304688	0	3.41573
results/pooled-sphere.bin	2180	43.8507	0.0155738	0.71875	0.28125	0	3.53315
results/pooled-sphere.bin	2190	44.0682	0.0159909	0.703125	0.28125	0.015625	3.52
results/pooled-sphere.bin	2200	44.2761	0.0159548	0.710938	0.289062	0	3.47033
results/pooled-sphere.bin	2210	44.4875	0.0157008	0.703125	0.296875	0	3.54556
results/pooled-sphere.bin	2220	44.6956	0.0157224	0.71875	0.28125	0	3.44782
results/pooled-sphere.bin	2230	44.9118	0.0159097	0.6875	0.304688	0.0078125	3.78693
results/pooled-sphere.bin	2240	45.1291	0.0158315	0.671875	0.3125	0.015625	3.86803
results/pooled-sphere.bin	2250	45.3462	0.0161007	0.679688	0.3125	0.0078125	3.70747
results/pooled-sphere.bin	2260	45.5619	0.015542	0.671875	0.3125	0.015625	3.54826
results/pooled-sphere.bin	2270	45.7768	0.0159703	0.6875	0.289062	0.0234375	3.51988
results/pooled-sphere.bin	2280	45.9936	0.0155708	0.710938	0.273438	0.015625	3.65
results/pooled-sphere.bin	2290	46.2155	0.0160761	0.71875	0.273438	0.0078125	3.54728
results/pooled-sphere.bin	2300	46.433	0.0158816	0.71875	0.28125	0	3.39185
results/pooled-sphere.bin	2310	46.6543	0.0159277	0.625	0.34375	0.03125	3.90938
results/pooled-sphere.bin	2320	46.874	0.0156556	0.703125	0.289062	0.0078125	3.50556
results/pooled-sphere.bin	2330	47.0918	0.0155744	0.710938	0.28125	0.0078125	3.42967
results/pooled-sphere.bin	2340	47.302	0.0160518	0.75	0.25	0	3.46823
results/pooled-sphere.bin	2350	47.5238	0.0161154	0.726562	0.257812	0.015625	3.52312
results/pooled-sphere.bin	2360	47.7402	0.016066	0.734375	0.265625	0	3.67926
results/pooled-sphere.bin	2370	47.9521	0.015821	0.710938	0.289062	0	3.47417
results/pooled-sphere.bin	2380	48.1719	0.0156378	0.6875	0.304688	0.0078125	3.56477
results/pooled-sphere.bin	2390	48.3929	0.0158197	0.6875	0.289062	0.0234375	3.49375
results/pooled-sphere.bin	2400	48.5892	0.0160954	0.710938	0.289062	0	3.35329
results/pooled-sphere.bin	2410	48.8055	0.0158895	0.710938	0.289062	0	3.43132
results/pooled-sphere.bin	2420	49.0027	0.0158228	0.734375	0.265625	0	3.28936
results/pooled-sphere.bin	2430	49.2159	0.0158362	0.710938	0.289062	0	3.43407
results/pooled-sphere.bin	2440	49.4116	0.0156894	0.6875	0.3125	0	3.33352
results/pooled-sphere.bin	2450	49.6072	0.01577	0.726562	0.273438	0	3.1914
results/pooled-sphere.bin	2460	49.8018	0.0155988	0.71875	0.28125	0	3.17989
results/pooled-sphere.bin	2470	49.9967	0.0158681	0.742188	0.257812	0	3.15316
results/pooled-sphere.bin	2480	50.1943	0.0160776	0.773438	0.226562	0	3.12828
results/pooled-sphere.bin	2490	50.3981	0.0159698	0.75	0.25	0	3.13541
results/pooled-sphere.bin	2500	50.5998	0.016077	0.78125	0.21875	0	3.1145
results/pooled-sphere.bin	2510	50.7966	0.0159054	0.757812	0.242188	0	3.01288
results/pooled-sphere.bin	2520	51.0023	0.0157212	0.773438	0.226562	0	3.1202
results/pooled-sphere.bin	2530	51.2193	0.0158573	0.765625	0.234375	0	3.12959
results/pooled-sphere.bin	2540	51.4372	0.0156257	0.757812	0.226562	0.015625	3.15258
results/pooled-sphere.bin	2550	51.6559	0.0160009	0.757812	0.234375	0.0078125	3.1433
results/pooled-sphere.bin	2560	51.8488	0.015591	0.765625	0.234375	0	3.06785
results/pooled-sphere.bin	2570	52.0665	0.0155251	0.734375	0.257812	0.0078125	3.13244
results/pooled-sphere.bin	2580	52.2657	0.0160145	0.765625	0.234375	0	3.14234
results/pooled-sphere.bin	2590	52.4634	0.0158849	0.757812	0.242188	0	3.09794
results/pooled-sphere.bin	2600	52.6631	0.0160654	0.765625	0.234375	0	3.09285
results/pooled-sphere.bin	2610	52.8622	0.0158485	0.75	0.25	0	3.06146
results/pooled-sphere.bin	2620	53.0599	0.0159355	0.78125	0.21875	0	2.991
results/pooled-sphere.bin	2630	53.259	0.0161056	0.726562	0.273438	0	2.91935
results/pooled-sphere.bin	2640	53.455	0.0160669	0.742188	0.257812	0	2.92842
results/pooled-sphere.bin	2650	53.6505	0.0157399	0.78125	0.21875	0	2.978
results/pooled-sphere.bin	2660	53.8896	0.0157974	0.78125	0.21875	0	2.991
results/pooled-sphere.bin	2670	54.0838	0.0155965	0.78125	0.21875	0	3.03
results/pooled-sphere.bin	2680	54.2788	0.0158631	0.78125	0.21875	0	3.0585
results/pooled-sphere.bin	2690	54.477	0.0157766	0.757812	0.242188	0	3.14897
results/pooled-sphere.bin	2700	54.6698	0.0157167	0.773438	0.226562	0	3.1505
results/pooled-sphere.bin	2710	54.8883	0.015977	0.789062	0.210938	0	3.25099
results/pooled-sphere.bin	2720	55.0867	0.0159978	0.78125	0.21875	0	3.051
results/pooled-sphere.bin	2730	55.2801	0.0157137	0.773438	0.226562	0	3.0202
results/pooled-sphere.bin	2740	55.4785	0.0158575	0.78125	0.21875	0	3.0345
results/pooled-sphere.bin	2750	55.6735	0.0157066	0.78125	0.21875	0	3.0185
results/pooled-sphere.bin	2760	55.8709	0.0157303	0.78125	0.21875	0	3.03
results/pooled-sphere.bin	2770	56.067	0.0157505	0.773438	0.226562	0	3.00757
results/pooled-sphere.bin	2780	56.2725	0.0159051	0.78125	0.21875	0	2.9835
results/pooled-sphere.bin	2790	56.473	0.01559	0.773438	0.226562	0	3.03283
results/pooled-sphere.bin	2800	56.6692	0.0157351	0.765625	0.234375	0	3.03928
results/pooled-sphere.bin	2810	56.8689	0.0158494	0.765625	0.234375	0	3.03673
results/pooled-sphere.bin	2820	57.0655	0.016071	0.773438	0.226562	0	3.13182
results/pooled-sphere.bin	2830	57.2659	0.015914	0.765625	0.234375	0	3.06939
results/pooled-sphere.bin	2840	57.4674	0.01592	0.78125	0.21875	0	3.098
results/pooled-sphere.bin	2850	57.6699	0.0160254	0.765625	0.234375	0	3.125
results/pooled-sphere.bin	2860	57.8729	0.0159307	0.757812	0.242188	0	3.18505
results/pooled-sphere.bin	2870	58.0905	0.0156723	0.734375	0.257812	0.0078125	3.07872
results/pooled-sphere.bin	2880	58.2884	0.0156398	0.757812	0.242188	0	3.01804
results/pooled-sphere.bin	2890	58.4905	0.0158229	0.78125	0.21875	0	3.0365
results/pooled-sphere.bin	2900	58.6924	0.0158137	0.765625	0.234375	0	3.0699
results/pooled-sphere.bin	2910	58.8957	0.0160762	0.773438	0.226562	0	3.1005
results/pooled-sphere.bin	2920	59.0959	0.015654	0.78125	0.21875	0	3.1425
results/pooled-sphere.bin	2930	59.3018	0.0161934	0.789062	0.210938	0	3.09257
results/pooled-sphere.bin	2940	59.522	0.0157737	0.765625	0.234375	0	3.02194
results/pooled-sphere.bin	2950	59.7406	0.0156301	0.78125	0.210938	0.0078125	2.976
results/pooled-sphere.bin	2960	59.9621	0.0157606	0.78125	0.210938	0.0078125	2.9955
results/pooled-sphere.bin	2970	60.1837	0.0159873	0.757812	0.226562	0.015625	2.97474
results/pooled-sphere.bin	2980	60.4038	0.0157575	0.789062	0.210938	0	3.05495
results/pooled-sphere.bin	2990	60.6266	0.015571	0.78125	0.210938	0.0078125	2.99
results/pooled-sphere.bin	3000	60.8455	0.015658	0.78125	0.210938	0.0078125	3.002
results/guided.bin	10	0.286823	0.020246	0.765625	0.1875	0.046875	3.04439
results/guided.bin	20	0.581668	0.020037	0.773438	0.1875	0.0390625	2.99697
results/guided.bin	30	0.878048	0.0202137	0.757812	0.21875	0.0234375	2.86288
results/guided.bin	40	1.17001	0.0204126	0.828125	0.140625	0.03125	2.89198
results/guided.bin	50	1.46672	0.0202354	0.828125	0.109375	0.0625	2.88538
results/guided.bin	60	1.765	0.0205316	0.851562	0.0703125	0.078125	2.86697
results/guided.bin	70	2.06819	0.0203958	0.820312	0.117188	0.0625	2.91048
results/guided.bin	80	2.36196	0.0204897	0.851562	0.117188	0.03125	2.7922
results/guided.bin	90	2.65827	0.0199575	0.867188	0.109375	0.0234375	2.83378
results/guided.bin	100	2.95633	0.0205105	0.851562	0.132812	0.015625	2.86651
results/guided.bin	110	3.24642	0.0200251	0.765625	0.1875	0.046875	2.87296
results/guided.bin	120	3.53907	0.0203534	0.773438	0.171875	0.0546875	2.85656
results/guided.bin	130	3.82958	0.0204454	0.757812	0.210938	0.03125	2.78144
results/guided.bin	140	4.12813	0.0203219	0.773438	0.179688	0.046875	2.80606
results/guided.bin	150	4.4209	0.020359	0.765625	0.226562	0.0078125	2.74745
results/guided.bin	160	4.71389	0.019952	0.757812	0.226562	0.015625	2.7402
results/guided.bin	170	5.00902	0.0203986	0.742188	0.25	0.0078125	2.73579
results/guided.bin	180	5.29085	0.0201149	0.789062	0.210938	0	2.68663
results/guided.bin	190	5.58411	0.0202688	0.789062	0.164062	0.046875	2.7094
results/guided.bin	200	5.87708	0.0199645	0.796875	0.171875	0.03125	2.72745
results/guided.bin	210	6.17236	0.020505	0.820312	0.140625	0.0390625	2.67905
results/guided.bin	220	6.4658	0.020341	0.796875	0.195312	0.0078125	2.62402
results/guided.bin	230	6.71544	0.0206048	0.789062	0.210938	0	2.63317
results/guided.bin	240	7.00613	0.0205153	0.773438	0.21875	0.0078125	2.65404
results/guided.bin	250	7.25983	0.02025	0.828125	0.171875	0	2.63019
results/guided.bin	260	7.50524	0.0200837	0.796875	0.203125	0	2.6299
results/guided.bin	270	7.75152	0.0205101	0.804688	0.195312	0	2.58932
results/guided.bin	280	7.99935	0.0200416	0.8125	0.1875	0	2.6274
results/guided.bin	290	8.24686	0.0203015	0.804688	0.195312	0	2.60679
results/guided.bin	300	8.54016	0.0200826	0.804688	0.1875	0.0078125	2.57184
results/guided.bin	310	8.83028	0.0205029	0.8125	0.179688	0.0078125	2.56682
results/guided.bin	320	9.07868	0.0202695	0.773438	0.226562	0	2.59949
results/guided.bin	330	9.32305	0.0204168	0.773438	0.226562	0	2.6101
results/guided.bin	340	9.60439	0.020012	0.78125	0.21875	0	2.602
results/guided.bin	350	9.89435	0.0204849	0.78125	0.21875	0	2.601
results/guided.bin	360	10.1801	0.0203423	0.804688	0.195312	0	2.5801
results/guided.bin	370	10.4675	0.020259	0.789062	0.210938	0	2.5901
results/guided.bin	380	10.7599	0.0200611	0.789062	0.203125	0.0078125	2.58713
results/guided.bin	390	11.0506	0.0202991	0.773438	0.21875	0.0078125	2.59646
results/guided.bin	400	11.3412	0.020572	0.765625	0.234375	0	2.61173
results/guided.bin	410	11.6314	0.0202521	0.75	0.234375	0.015625	2.59375
results/guided.bin	420	11.9216	0.020405	0.765625	0.21875	0.015625	2.5801
results/guided.bin	430	12.2128	0.0203268	0.773438	0.21875	0.0078125	2.57929
results/guided.bin	440	12.5046	0.0206291	0.804688	0.179688	0.015625	2.59223
results/guided.bin	450	12.7966	0.0203319	0.8125	0.179688	0.0078125	2.61057
results/guided.bin	460	13.0877	0.0203681	0.796875	0.195312	0.0078125	2.60539
results/guided.bin	470	13.3308	0.0206436	0.796875	0.203125	0	2.58333
results/guided.bin	480	13.6247	0.0203081	0.789062	0.203125	0.0078125	2.57723
results/guided.bin	490	13.9174	0.0205978	0.804688	0.1875	0.0078125	2.58446
results/guided.bin	500	14.2089	0.0204658	0.796875	0.195312	0.0078125	2.57206
results/guided.bin	510	14.5011	0.0202598	0.789062	0.203125	0.0078125	2.57079
results/guided.bin	520	14.7932	0.0200345	0.773438	0.21875	0.0078125	2.58232
results/guided.bin	530	15.0873	0.0205793	0.773438	0.21875	0.0078125	2.58535
results/guided.bin	540	15.3761	0.0202798	0.765625	0.226562	0.0078125	2.58826
results/guided.bin	550	15.6664	0.0202193	0.773438	0.21875	0.0078125	2.60101
results/guided.bin	560	15.9567	0.0204693	0.78125	0.203125	0.015625	2.5925
results/guided.bin	570	16.2475	0.0204954	0.796875	0.179688	0.0234375	2.59412
results/guided.bin	580	16.5379	0.0204239	0.757812	0.21875	0.0234375	2.58196
results/guided.bin	590	16.8297	0.0203373	0.765625	0.210938	0.0234375	2.58112
results/guided.bin	600	17.1196	0.0205328	0.6875	0.28125	0.03125	2.58523
results/guided.bin	610	17.406	0.0204044	0.6875	0.3125	0	2.57613
results/guided.bin	620	17.6969	0.0203544	0.734375	0.257812	0.0078125	2.58138
results/guided.bin	630	17.9881	0.0203756	0.75	0.226562	0.0234375	2.57708
results/guided.bin	640	18.2788	0.0205617	0.734375	0.265625	0	2.55425
results/guided.bin	650	18.5679	0.0200818	0.71875	0.28125	0	2.55
results/guided.bin	660	18.8531	0.0203125	0.710938	0.289062	0	2.56648
results/guided.bin	670	19.1322	0.0203443	0.734375	0.265625	0	2.5601
results/guided.bin	680	19.4127	0.0204236	0.75	0.25	0	2.55833
results/guided.bin	690	19.6935	0.0202993	0.742188	0.257812	0	2.56579
results/guided.bin	700	19.9791	0.0205833	0.757812	0.242188	0	2.56959
results/guided.bin	710	20.2646	0.0205048	0.757812	0.242188	0	2.57371
results/guided.bin	720	20.5471	0.0201245	0.765625	0.234375	0	2.56786
results/guided.bin	730	20.8279	0.020588	0.789062	0.210938	0	2.5703
results/guided.bin	740	21.1123	0.0203435	0.765625	0.234375	0	2.56479
results/guided.bin	750	21.4036	0.020249	0.78125	0.203125	0.015625	2.565
results/guided.bin	760	21.6925	0.0200261	0.796875	0.195312	0.0078125	2.57206
results/guided.bin	770	21.9823	0.020524	0.78125	0.210938	0.0078125	2.564
results/guided.bin	780	22.2715	0.0203594	0.773438	0.21875	0.0078125	2.55555
results/guided.bin	790	22.5613	0.0202685	0.71875	0.273438	0.0078125	2.55
results/guided.bin	800	22.8508	0.0203902	0.734375	0.257812	0.0078125	2.55532
results/guided.bin	810	23.1413	0.0205197	0.734375	0.257812	0.0078125	2.56542
results/guided.bin	820	23.4303	0.0201033	0.710938	0.28125	0.0078125	2.55714
results/guided.bin	830	23.7196	0.0202863	0.726562	0.265625	0.0078125	2.56451
results/guided.bin	840	24.008	0.0200921	0.742188	0.25	0.0078125	2.58316
results/guided.bin	850	24.2496	0.020301	0.742188	0.257812	0	2.57842
results/guided.bin	860	24.4914	0.0204515	0.765625	0.234375	0	2.5949
results/guided.bin	870	24.7338	0.0203062	0.765625	0.234375	0	2.58061
results/guided.bin	880	24.9748	0.020277	0.773438	0.226562	0	2.57071
results/guided.bin	890	25.2173	0.0203019	0.75	0.25	0	2.56666
results/guided.bin	900	25.5076	0.020142	0.757812	0.234375	0.0078125	2.57629
results/guided.bin	910	25.7983	0.0203474	0.765625	0.226562	0.0078125	2.58112
results/guided.bin	920	26.0862	0.0202705	0.765625	0.226562	0.0078125	2.58367
results/guided.bin	930	26.3766	0.0205548	0.757812	0.234375	0.0078125	2.57732
results/guided.bin	940	26.6178	0.0203029	0.734375	0.265625	0	2.57925
results/guided.bin	950	26.8608	0.0203545	0.757812	0.242188	0	2.60825
results/guided.bin	960	27.151	0.020255	0.71875	0.21875	0.0625	2.64076
results/guided.bin	970	27.4442	0.0203018	0.617188	0.21875	0.164062	2.67342
results/guided.bin	980	27.7364	0.0203024	0.625	0.234375	0.140625	2.69937
results/guided.bin	990	28.0293	0.0204643	0.601562	0.257812	0.140625	2.68311
results/guided.bin	1000	28.3186	0.0199832	0.695312	0.234375	0.0703125	2.67584
results/guided.bin	1010	28.6094	0.0202726	0.742188	0.234375	0.0234375	2.64263
results/guided.bin	1020	28.8988	0.0202591	0.773438	0.210938	0.015625	2.66515
results/guided.bin	1030	29.1884	0.0203209	0.78125	0.210938	0.0078125	2.644
results/guided.bin	1040	29.4781	0.0201924	0.75	0.210938	0.0390625	2.63541
results/guided.bin	1050	29.7214	0.0206088	0.789062	0.210938	0	2.59851
results/guided.bin	1060	30.0103	0.0201611	0.78125	0.210938	0.0078125	2.588
results/guided.bin	1070	30.3	0.020376	0.726562	0.203125	0.0703125	2.61075
results/guided.bin	1080	30.5901	0.0205551	0.726562	0.21875	0.0546875	2.6129
results/guided.bin	1090	30.8789	0.0200569	0.757812	0.21875	0.0234375	2.60412
results/guided.bin	1100	31.167	0.0203712	0.742188	0.226562	0.03125	2.60947
results/guided.bin	1110	31.457	0.020269	0.765625	0.226562	0.0078125	2.60408
results/guided.bin	1120	31.7469	0.0203132	0.742188	0.25	0.0078125	2.61052
results/guided.bin	1130	32.0373	0.0202897	0.648438	0.234375	0.117188	2.64277
results/guided.bin	1140	32.3265	0.0203066	0.742188	0.226562	0.03125	2.61421
results/guided.bin	1150	32.615	0.0202244	0.789062	0.203125	0.0078125	2.60099
results/guided.bin	1160	32.8571	0.0204702	0.789062	0.210938	0	2.58267
results/guided.bin	1170	33.0982	0.0202016	0.796875	0.203125	0	2.59657
results/guided.bin	1180	33.3396	0.0204337	0.796875	0.203125	0	2.60441
results/guided.bin	1190	33.5811	0.0202669	0.78125	0.21875	0	2.575
results/guided.bin	1200	33.8217	0.0206226	0.804688	0.195312	0	2.57864
results/guided.bin	1210	34.1116	0.0201697	0.757812	0.234375	0.0078125	2.57216
results/guided.bin	1220	34.4012	0.02059	0.765625	0.226562	0.0078125	2.57347
results/guided.bin	1230	34.6895	0.0203437	0.75	0.234375	0.015625	2.57396
results/guided.bin	1240	34.98	0.0203348	0.742188	0.242188	0.015625	2.57316
results/guided.bin	1250	35.2686	0.0203352	0.75	0.226562	0.0234375	2.58021
results/guided.bin	1260	35.5573	0.0201025	0.757812	0.21875	0.0234375	2.57886
results/guided.bin	1270	35.8464	0.0201331	0.773438	0.21875	0.0078125	2.58131
results/guided.bin	1280	36.1372	0.0206028	0.757812	0.21875	0.0234375	2.5768
results/guided.bin	1290	36.4257	0.020387	0.757812	0.226562	0.015625	2.58453
results/guided.bin	1300	36.7138	0.02003	0.765625	0.21875	0.015625	2.57143
results/guided.bin	1310	37.0044	0.0204797	0.773438	0.203125	0.0234375	2.59444
results/guided.bin	1320	37.2955	0.0205924	0.757812	0.234375	0.0078125	2.57938
results/guided.bin	1330	37.5668	0.0202039	0.789062	0.210938	0	2.57673
results/guided.bin	1340	37.8066	0.0203365	0.742188	0.257812	0	2.56526
results/guided.bin	1350	38.0487	0.0205337	0.765625	0.234375	0	2.56122
results/guided.bin	1360	38.2913	0.0204215	0.765625	0.234375	0	2.57551
results/guided.bin	1370	38.5326	0.0203134	0.75	0.25	0	2.58906
results/guided.bin	1380	38.8212	0.0204197	0.765625	0.226562	0.0078125	2.60051
results/guided.bin	1390	39.0946	0.0202794	0.78125	0.21875	0	2.6055
results/guided.bin	1400	39.3854	0.0203656	0.765625	0.226562	0.0078125	2.60969
results/guided.bin	1410	39.6529	0.0202666	0.773438	0.226562	0	2.6101
results/guided.bin	1420	39.9225	0.020305	0.734375	0.265625	0	2.65106
results/guided.bin	1430	40.1943	0.0202756	0.6875	0.3125	0	2.66704
results/guided.bin	1440	40.4664	0.0203172	0.75	0.25	0	2.62448
results/guided.bin	1450	40.7371	0.0204539	0.703125	0.296875	0	2.61166
results/guided.bin	1460	41.0238	0.0204249	0.703125	0.296875	0	2.63278
results/guided.bin	1470	41.2974	0.0202364	0.679688	0.320312	0	2.6523
results/guided.bin	1480	41.5845	0.0203927	0.671875	0.328125	0	2.66511
results/guided.bin	1490	41.8716	0.0202258	0.617188	0.382812	0	2.64937
results/guided.bin	1500	42.1599	0.0203526	0.601562	0.398438	0	2.65519
results/guided.bin	1510	42.449	0.0201426	0.585938	0.414062	0	2.66866
results/guided.bin	1520	42.7356	0.0203217	0.601562	0.398438	0	2.65844
results/guided.bin	1530	43.0247	0.0204332	0.554688	0.445312	0	2.67042
results/guided.bin	1540	43.3123	0.0202248	0.601562	0.398438	0	2.66363
results/guided.bin	1550	43.6031	0.0204137	0.515625	0.484375	0	2.67803
results/guided.bin	1560	43.8946	0.0201698	0.453125	0.539062	0.0078125	2.70172
results/guided.bin	1570	44.1849	0.0201925	0.515625	0.484375	0	2.71439
results/guided.bin	1580	44.4758	0.0204032	0.328125	0.671875	0	2.75
results/guided.bin	1590	44.7658	0.0201213	0.390625	0.609375	0	2.744
results/guided.bin	1600	45.0544	0.0202636	0.40625	0.59375	0	2.71923
results/guided.bin	1610	45.3413	0.0201257	0.320312	0.679688	0	2.74146
results/guided.bin	1620	45.632	0.0201179	0.335938	0.664062	0	2.71628
results/guided.bin	1630	45.9255	0.0201084	0.203125	0.78125	0.015625	2.75577
results/guided.bin	1640	46.2174	0.020221	0.125	0.875	0	2.77812
results/guided.bin	1650	46.5046	0.0202805	0.265625	0.734375	0	2.75147
results/guided.bin	1660	46.7914	0.0201701	0.148438	0.851562	0	2.78947
results/guided.bin	1670	47.0775	0.0200451	0.164062	0.835938	0	2.80476
results/guided.bin	1680	47.3605	0.0199651	0.125	0.875	0	2.81562
results/guided.bin	1690	47.6415	0.020505	0.132812	0.867188	0	2.81764
results/guided.bin	1700	47.9241	0.020078	0.109375	0.890625	0	2.85357
results/guided.bin	1710	48.2047	0.0201237	0.109375	0.890625	0	2.86785
results/guided.bin	1720	48.4825	0.0200872	0.015625	0.984375	0	3.075
results/guided.bin	1730	48.7589	0.0205704	0	1	0	1e+09
results/guided.bin	1740	49.0349	0.0204153	0	1	0	1e+09
results/guided.bin	1750	49.31	0.0202933	0	1	0	1e+09
results/guided.bin	1760	49.5667	0.0202891	0	1	0	1e+09
results/guided.bin	1770	49.8247	0.0203751	0	1	0	1e+09
results/guided.bin	1780	50.0824	0.0204971	0	1	0	1e+09
results/guided.bin	1790	50.3382	0.0205257	0	1	0	1e+09
results/guided.bin	1800	50.5913	0.0200912	0	1	0	1e+09
results/guided.bin	1810	50.8451	0.0204358	0	1	0	1e+09
results/guided.bin	1820	51.0994	0.0202033	0	1	0	1e+09
results/guided.bin	1830	51.3535	0.0204804	0	1	0	1e+09
results/guided.bin	1840	51.6082	0.0201625	0	1	0	1e+09
results/guided.bin	1850	51.8645	0.0201458	0	1	0	1e+09
results/guided.bin	1860	52.1182	0.0204564	0	1	0	1e+09
results/guided.bin	1870	52.3729	0.020369	0	1	0	1e+09
results/guided.bin	1880	52.6288	0.0199542	0.0078125	0.992188	0	2.75
results/guided.bin	1890	52.8834	0.0204866	0.0078125	0.992188	0	2.75
results/guided.bin	1900	53.138	0.0204565	0.0859375	0.914062	0	2.70909
results/guided.bin	1910	53.3928	0.0202916	0.0078125	0.992188	0	2.7
results/guided.bin	1920	53.6463	0.0205203	0.101562	0.898438	0	2.71538
results/guided.bin	1930	53.8991	0.0201308	0.1875	0.8125	0	2.72291
results/guided.bin	1940	54.1503	0.0202656	0.320312	0.679688	0	2.70731
results/guided.bin	1950	54.4041	0.0204868	0.53125	0.46875	0	2.63529
results/guided.bin	1960	54.6565	0.0202141	0.539062	0.460938	0	2.63406
results/guided.bin	1970	54.9113	0.020368	0.601562	0.398438	0	2.5961
results/guided.bin	1980	55.1674	0.0201472	0.640625	0.359375	0	2.58902
results/guided.bin	1990	55.4249	0.0202105	0.640625	0.359375	0	2.58902
results/guided.bin	2000	55.6836	0.0204483	0.65625	0.34375	0	2.59226
results/guided.bin	2010	55.9395	0.0203434	0.65625	0.34375	0	2.59166
results/guided.bin	2020	56.1965	0.0201849	0.625	0.375	0	2.595
results/guided.bin	2030	56.4529	0.020471	0.632812	0.367188	0	2.59876
results/guided.bin	2040	56.7118	0.0203993	0.664062	0.335938	0	2.58117
results/guided.bin	2050	56.9707	0.0201295	0.664062	0.335938	0	2.58059
results/guided.bin	2060	57.2276	0.0202524	0.632812	0.367188	0	2.58518
results/guided.bin	2070	57.4835	0.0203573	0.617188	0.382812	0	2.57342
results/guided.bin	2080	57.7422	0.0203909	0.65625	0.34375	0	2.57678
results/guided.bin	2090	58.0014	0.020225	0.679688	0.320312	0	2.58793
results/guided.bin	2100	58.2535	0.0200854	0.71875	0.28125	0	2.58424
results/guided.bin	2110	58.5115	0.0203239	0.671875	0.328125	0	2.59244
results/guided.bin	2120	58.7743	0.0202117	0.640625	0.359375	0	2.60975
results/guided.bin	2130	59.042	0.0202309	0.65625	0.34375	0	2.61012
results/guided.bin	2140	59.3076	0.0199776	0.65625	0.34375	0	2.6
results/guided.bin	2150	59.5764	0.0200304	0.632812	0.367188	0	2.59383
results/guided.bin	2160	59.8488	0.020235	0.679688	0.320312	0	2.62586
results/guided.bin	2170	60.1222	0.0202042	0.65625	0.34375	0	2.64881
results/guided.bin	2180	60.3973	0.0200915	0.671875	0.328125	0	2.62558
results/guided.bin	2190	60.6727	0.0202184	0.695312	0.304688	0	2.63876
results/guided.bin	2200	60.9457	0.0204538	0.710938	0.289062	0	2.65275
results/guided.bin	2210	61.2166	0.0202808	0.726562	0.273438	0	2.6172
results/guided.bin	2220	61.4845	0.0202793	0.742188	0.257812	0	2.61684
results/guided.bin	2230	61.7565	0.0200577	0.71875	0.28125	0	2.61195
results/guided.bin	2240	62.0363	0.0202185	0.671875	0.328125	0	2.63779
results/guided.bin	2250	62.3039	0.0205026	0.726562	0.273438	0	2.6258
results/guided.bin	2260	62.5823	0.020506	0.734375	0.265625	0	2.62393
results/guided.bin	2270	62.8611	0.0202406	0.734375	0.265625	0	2.60744
results/guided.bin	2280	63.1468	0.0201944	0.6875	0.3125	0	2.63693
results/guided.bin	2290	63.4356	0.0205609	0.632812	0.367188	0	2.67222
results/guided.bin	2300	63.7207	0.0202723	0.695312	0.304688	0	2.63539
results/guided.bin	2310	64.0063	0.0203184	0.71875	0.28125	0	2.65054
results/guided.bin	2320	64.2867	0.0204921	0.710938	0.289062	0	2.65329
results/guided.bin	2330	64.576	0.020269	0.703125	0.296875	0	2.62666
results/guided.bin	2340	64.8645	0.020209	0.703125	0.289062	0.0078125	2.62333
results/guided.bin	2350	65.1539	0.0204891	0.671875	0.320312	0.0078125	2.6
results/guided.bin	2360	65.4392	0.0201763	0.695312	0.304688	0	2.61404
results/guided.bin	2370	65.7205	0.0204876	0.679688	0.320312	0	2.59827
results/guided.bin	2380	66.0049	0.0199714	0.71875	0.28125	0	2.61358
results/guided.bin	2390	66.2943	0.0204631	0.710938	0.273438	0.015625	2.61593
results/guided.bin	2400	66.5767	0.0201291	0.71875	0.28125	0	2.61848
results/guided.bin	2410	66.858	0.0205339	0.679688	0.320312	0	2.59827
results/guided.bin	2420	67.1393	0.0200236	0.65625	0.34375	0	2.59583
results/guided.bin	2430	67.4277	0.0203927	0.648438	0.34375	0.0078125	2.58795
results/guided.bin	2440	67.708	0.0200603	0.65625	0.34375	0	2.58928
results/guided.bin	2450	67.9892	0.0204498	0.65625	0.34375	0	2.59345
results/guided.bin	2460	68.2771	0.0202021	0.65625	0.335938	0.0078125	2.59583
results/guided.bin	2470	68.5674	0.0205265	0.671875	0.320312	0.0078125	2.59302
results/guided.bin	2480	68.8563	0.0203708	0.632812	0.335938	0.03125	2.59383
results/guided.bin	2490	69.1468	0.0201121	0.53125	0.398438	0.0703125	2.59779
results/guided.bin	2500	69.4346	0.0202425	0.664062	0.320312	0.015625	2.61765
results/guided.bin	2510	69.7238	0.0203125	0.609375	0.359375	0.03125	2.62051
results/guided.bin	2520	70.0137	0.0201533	0.59375	0.382812	0.0234375	2.65066
results/guided.bin	2530	70.2928	0.0202315	0.664062	0.335938	0	2.63647
results/guided.bin	2540	70.5711	0.020003	0.695312	0.304688	0	2.66236
results/guided.bin	2550	70.8521	0.0204264	0.6875	0.3125	0	2.66761
results/guided.bin	2560	71.1358	0.0202973	0.671875	0.328125	0	2.6686
results/guided.bin	2570	71.4154	0.0204888	0.625	0.375	0	2.69125
results/guided.bin	2580	71.6945	0.0206104	0.59375	0.40625	0	2.68684
results/guided.bin	2590	71.9742	0.0202847	0.554688	0.445312	0	2.6831
results/guided.bin	2600	72.2466	0.0202829	0.59375	0.40625	0	2.68947
results/guided.bin	2610	72.5199	0.0204613	0.601562	0.398438	0	2.6948
results/guided.bin	2620	72.7847	0.0202255	0.507812	0.492188	0	2.72307
results/guided.bin	2630	73.0503	0.0200628	0.632812	0.367188	0	2.73457
results/guided.bin	2640	73.3129	0.0201891	0.664062	0.335938	0	2.7247
results/guided.bin	2650	73.5693	0.020265	0.648438	0.351562	0	2.74518
results/guided.bin	2660	73.8255	0.0202767	0.578125	0.421875	0	2.74662
results/guided.bin	2670	74.0854	0.0202147	0.671875	0.328125	0	2.70407
results/guided.bin	2680	74.3457	0.0202821	0.679688	0.320312	0	2.68735
results/guided.bin	2690	74.6057	0.0205545	0.703125	0.296875	0	2.67944
results/guided.bin	2700	74.8604	0.020407	0.726562	0.273438	0	2.6758
results/guided.bin	2710	75.1163	0.0202922	0.71875	0.28125	0	2.65489
results/guided.bin	2720	75.3719	0.0205953	0.75	0.25	0	2.66094
results/guided.bin	2730	75.6292	0.0203552	0.734375	0.265625	0	2.65638
results/guided.bin	2740	75.8938	0.0200251	0.742188	0.257812	0	2.67842
results/guided.bin	2750	76.1507	0.020173	0.703125	0.296875	0	2.67111
results/guided.bin	2760	76.4176	0.020231	0.703125	0.296875	0	2.655
results/guided.bin	2770	76.6839	0.0203868	0.710938	0.289062	0	2.65879
results/guided.bin	2780	76.9473	0.0203275	0.734375	0.265625	0	2.66436
results/guided.bin	2790	77.2113	0.0204988	0.742188	0.257812	0	2.67052
results/guided.bin	2800	77.4818	0.0199886	0.703125	0.296875	0	2.64944
results/guided.bin	2810	77.7513	0.0205018	0.679688	0.320312	0	2.66839
results/guided.bin	2820	78.0205	0.020377	0.703125	0.296875	0	2.65666
results/guided.bin	2830	78.2908	0.0205941	0.65625	0.34375	0	2.66964
results/guided.bin	2840	78.5575	0.020509	0.484375	0.515625	0	2.72903
results/guided.bin	2850	78.8253	0.0205071	0.460938	0.539062	0	2.71525
results/guided.bin	2860	79.0881	0.0203517	0.5	0.5	0	2.72265
results/guided.bin	2870	79.3543	0.0203772	0.484375	0.515625	0	2.73226
results/guided.bin	2880	79.6219	0.0204825	0.390625	0.609375	0	2.718
results/guided.bin	2890	79.8899	0.0204768	0.585938	0.414062	0	2.70733
results/guided.bin	2900	80.154	0.020427	0.554688	0.445312	0	2.7176
results/guided.bin	2910	80.4209	0.02035	0.601562	0.398438	0	2.70974
results/guided.bin	2920	80.6889	0.0204623	0.617188	0.382812	0	2.70126
results/guided.bin	2930	80.9546	0.0204429	0.632812	0.367188	0	2.69012
results/guided.bin	2940	81.22	0.0203353	0.679688	0.320312	0	2.67988
results/guided.bin	2950	81.4855	0.020246	0.664062	0.335938	0	2.67823
results/guided.bin	2960	81.7473	0.020426	0.710938	0.289062	0	2.72857
results/guided.bin	2970	82.0056	0.0205886	0.71875	0.28125	0	2.72554
results/guided.bin	2980	82.2674	0.0201707	0.65625	0.34375	0	2.68869
results/guided.bin	2990	82.5253	0.0200612	0.71875	0.28125	0	2.71902
results/guided.bin	3000	82.7834	0.0204971	0.6875	0.3125	0	2.72557
results/guided-table-memory.bin	10	0.381082	0.0283707	0.40625	0.289062	0.304688	3.30385
results/guided-table-memory.bin	20	0.758715	0.0285545	0.09375	0.335938	0.570312	2.71666
results/guided-table-memory.bin	30	1.13382	0.0284097	0.109375	0.3125	0.578125	2.68571
results/guided-table-memory.bin	40	1.50813	0.0286273	0.09375	0.328125	0.578125	2.69166
results/guided-table-memory.bin	50	1.8819	0.0284874	0.03125	0.375	0.59375	2.725
results/guided-table-memory.bin	60	2.25614	0.0287371	0.242188	0.304688	0.453125	2.83064
results/guided-table-memory.bin	70	2.6307	0.0286531	0.15625	0.320312	0.523438	2.86
results/guided-table-memory.bin	80	3.00178	0.0284883	0.265625	0.34375	0.390625	2.77059
results/guided-table-memory.bin	90	3.37477	0.0286947	0.367188	0.367188	0.265625	3.01383
results/guided-table-memory.bin	100	3.74376	0.0283353	0.414062	0.421875	0.164062	3.42359
results/guided-table-memory.bin	110	4.11624	0.028459	0.398438	0.4375	0.164062	3.40687
results/guided-table-memory.bin	120	4.48671	0.0286008	0.453125	0.351562	0.195312	3.16983
results/guided-table-memory.bin	130	4.85851	0.0284402	0.554688	0.296875	0.148438	3.36057
results/guided-table-memory.bin	140	5.23073	0.0286252	0.625	0.265625	0.109375	3.38751
results/guided-table-memory.bin	150	5.60344	0.0286471	0.703125	0.234375	0.0625	3.23
results/guided-table-memory.bin	160	5.97407	0.0286192	0.71875	0.1875	0.09375	2.91848
results/guided-table-memory.bin	170	6.34717	0.0285823	0.703125	0.210938	0.0859375	2.93389
results/guided-table-memory.bin	180	6.71848	0.0286138	0.695312	0.25	0.0546875	3.04663
results/guided-table-memory.bin	190	7.08843	0.028425	0.726562	0.210938	0.0625	3.16559
results/guided-table-memory.bin	200	7.46248	0.0286732	0.6875	0.234375	0.078125	3.30341
results/guided-table-memory.bin	210	7.83425	0.0286029	0.6875	0.25	0.0625	3.17102
results/guided-table-memory.bin	220	8.2048	0.0285703	0.671875	0.25	0.078125	3.2157
results/guided-table-memory.bin	230	8.57562	0.0285671	0.65625	0.234375	0.109375	3.4643
results/guided-table-memory.bin	240	8.94807	0.0282944	0.625	0.25	0.125	3.10625
results/guided-table-memory.bin	250	9.31801	0.0284705	0.632812	0.28125	0.0859375	3.08457
results/guided-table-memory.bin	260	9.68783	0.0285625	0.71875	0.234375	0.046875	3.23044
results/guided-table-memory.bin	270	10.0592	0.0285014	0.71875	0.203125	0.078125	3.16522
results/guided-table-memory.bin	280	10.4293	0.0284509	0.734375	0.25	0.015625	3.4165
results/guided-table-memory.bin	290	10.8002	0.0284872	0.742188	0.242188	0.015625	3.22685
results/guided-table-memory.bin	300	11.1726	0.0284709	0.78125	0.210938	0.0078125	3.45151
results/guided-table-memory.bin	310	11.544	0.028349	0.773438	0.210938	0.015625	3.49041
results/guided-table-memory.bin	320	11.9161	0.028539	0.8125	0.179688	0.0078125	3.42693
results/guided-table-memory.bin	330	12.2764	0.0284951	0.828125	0.171875	0	3.24623
results/guided-table-memory.bin	340	12.6339	0.0284746	0.828125	0.171875	0	3.32783
results/guided-table-memory.bin	350	12.9846	0.0286006	0.78125	0.21875	0	3.2265
results/guided-table-memory.bin	360	13.3303	0.0281597	0.734375	0.265625	0	3.2383
results/guided-table-memory.bin	370	13.6739	0.0285482	0.726562	0.273438	0	3.22688
results/guided-table-memory.bin	380	14.0166	0.0284515	0.679688	0.320312	0	3.26954
results/guided-table-memory.bin	390	14.3573	0.0283968	0.867188	0.132812	0	3.11126
results/guided-table-memory.bin	400	14.7042	0.0284233	0.851562	0.148438	0	3.14495
results/guided-table-memory.bin	410	15.0466	0.0286399	0.765625	0.234375	0	3.20357
results/guided-table-memory.bin	420	15.3887	0.0285834	0.8125	0.1875	0	3.17211
results/guided-table-memory.bin	430	15.7334	0.028449	0.75	0.25	0	3.31667
results/guided-table-memory.bin	440	16.0746	0.0285997	0.710938	0.289062	0	3.33297
results/guided-table-memory.bin	450	16.4162	0.0282389	0.71875	0.28125	0	3.32772
results/guided-table-memory.bin	460	16.7569	0.0283999	0.804688	0.195312	0	3.25485
results/guided-table-memory.bin	470	17.0965	0.0283217	0.882812	0.117188	0	3.16681
results/guided-table-memory.bin	480	17.4391	0.0285609	0.71875	0.28125	0	3.32609
results/guided-table-memory.bin	490	17.7749	0.0284004	0.867188	0.132812	0	3.11126
results/guided-table-memory.bin	500	18.1132	0.0284813	0.929688	0.0703125	0	3.05672
results/guided-table-memory.bin	510	18.4523	0.0287355	0.914062	0.0859375	0	3.09017
results/guided-table-memory.bin	520	18.7867	0.0285021	0.898438	0.101562	0	3.05913
results/guided-table-memory.bin	530	19.1213	0.0286054	0.882812	0.117188	0	3.1323
results/guided-table-memory.bin	540	19.4591	0.0284884	0.890625	0.109375	0	3.12061
results/guided-table-memory.bin	550	19.7918	0.0283374	0.898438	0.101562	0	3.13478
results/guided-table-memory.bin	560	20.1627	0.0284893	0.867188	0.125	0.0078125	3.17432
results/guided-table-memory.bin	570	20.4959	0.0283854	0.890625	0.109375	0	3.13421
results/guided-table-memory.bin	580	20.8295	0.0282492	0.867188	0.132812	0	3.1554
results/guided-table-memory.bin	590	21.1653	0.0286147	0.890625	0.109375	0	3.13903
results/guided-table-memory.bin	600	21.5034	0.028369	0.90625	0.09375	0	3.12715
results/guided-table-memory.bin	610	21.8401	0.0284972	0.882812	0.117188	0	3.14115
results/guided-table-memory.bin	620	22.1756	0.028598	0.867188	0.132812	0	3.14865
results/guided-table-memory.bin	630	22.5111	0.0285646	0.914062	0.0859375	0	3.08205
results/guided-table-memory.bin	640	22.8465	0.0286259	0.914062	0.0859375	0	3.08162
results/guided-table-memory.bin	650	23.1829	0.0285079	0.90625	0.09375	0	3.10776
results/guided-table-memory.bin	660	23.517	0.0285024	0.921875	0.078125	0	3.075
results/guided-table-memory.bin	670	23.8511	0.0285662	0.914062	0.0859375	0	3.08119
results/guided-table-memory.bin	680	24.1836	0.0285033	0.9375	0.0625	0	3.06
results/guided-table-memory.bin	690	24.5211	0.0285526	0.945312	0.0546875	0	3.06942
results/guided-table-memory.bin	700	24.8549	0.0284852	0.90625	0.09375	0	3.11379
results/guided-table-memory.bin	710	25.226	0.0283874	0.882812	0.109375	0.0078125	3.11725
results/guided-table-memory.bin	720	25.5972	0.0283119	0.859375	0.117188	0.0234375	3.16636
results/guided-table-memory.bin	730	25.9691	0.0286162	0.890625	0.09375	0.015625	3.18991
results/guided-table-memory.bin	740	26.3404	0.0284694	0.773438	0.1875	0.0390625	3.27778
results/guided-table-memory.bin	750	26.7108	0.0285497	0.8125	0.179688	0.0078125	3.24519
results/guided-table-memory.bin	760	27.0829	0.0286075	0.859375	0.132812	0.0078125	3.14591
results/guided-table-memory.bin	770	27.4531	0.0284505	0.882812	0.109375	0.0078125	3.10265
results/guided-table-memory.bin	780	27.8229	0.0284055	0.851562	0.132812	0.015625	3.16192
results/guided-table-memory.bin	790	28.1948	0.0285587	0.867188	0.109375	0.0234375	3.12522
results/guided-table-memory.bin	800	28.5644	0.0282238	0.835938	0.15625	0.0078125	3.16261
results/guided-table-memory.bin	810	28.9351	0.0285734	0.820312	0.164062	0.015625	3.16047
results/guided-table-memory.bin	820	29.2679	0.0285575	0.90625	0.09375	0	3.09612
results/guided-table-memory.bin	830	29.5989	0.0283477	0.8125	0.1875	0	3.24038
results/guided-table-memory.bin	840	29.9698	0.028562	0.84375	0.140625	0.015625	3.21944
results/guided-table-memory.bin	850	30.3419	0.0285689	0.835938	0.148438	0.015625	3.1486
results/guided-table-memory.bin	860	30.7111	0.0284403	0.867188	0.125	0.0078125	3.08829
results/guided-table-memory.bin	870	31.0817	0.0284535	0.820312	0.171875	0.0078125	3.10143
results/guided-table-memory.bin	880	31.4124	0.0285007	0.820312	0.179688	0	3.15619
results/guided-table-memory.bin	890	31.7418	0.028221	0.875	0.125	0	3.10134
results/guided-table-memory.bin	900	32.0716	0.0285151	0.867188	0.132812	0	3.13603
results/guided-table-memory.bin	910	32.4033	0.0285325	0.882812	0.117188	0	3.07699
results/guided-table-memory.bin	920	32.734	0.028278	0.835938	0.164062	0	3.14766
results/guided-table-memory.bin	930	33.0636	0.0286429	0.898438	0.101562	0	3.10348
results/guided-table-memory.bin	940	33.3943	0.0286268	0.851562	0.148438	0	2.99633
results/guided-table-memory.bin	950	33.7234	0.028154	0.890625	0.109375	0	2.95175
results/guided-table-memory.bin	960	34.0501	0.0284535	0.820312	0.179688	0	2.88905
results/guided-table-memory.bin	970	34.3805	0.028624	0.914062	0.0859375	0	2.99829
results/guided-table-memory.bin	980	34.7106	0.0286341	0.921875	0.078125	0	2.98305
results/guided-table-memory.bin	990	35.0383	0.0282124	0.875	0.125	0	2.96339
results/guided-table-memory.bin	1000	35.3679	0.0286349	0.875	0.125	0	3.01294
results/guided-table-memory.bin	1010	35.6995	0.0285441	0.890625	0.109375	0	2.94956
results/guided-table-memory.bin	1020	36.0285	0.0283597	0.898438	0.101562	0	2.96869
results/guided-table-memory.bin	1030	36.3584	0.0286018	0.90625	0.09375	0	2.94396
results/guided-table-memory.bin	1040	36.6888	0.0284673	0.882812	0.117188	0	2.97035
results/guided-table-memory.bin	1050	37.0175	0.028303	0.953125	0.046875	0	3.0541
results/guided-table-memory.bin	1060	37.348	0.0285223	0.953125	0.046875	0	3.0086
results/guided-table-memory.bin	1070	37.6809	0.0286259	0.960938	0.0390625	0	2.99553
results/guided-table-memory.bin	1080	38.0127	0.028444	0.96875	0.03125	0	3.00242
results/guided-table-memory.bin	1090	38.3435	0.0282999	0.976562	0.0234375	0	2.9752
results/guided-table-memory.bin	1100	38.6754	0.0283985	0.921875	0.078125	0	3.00085
results/guided-table-memory.bin	1110	39.0066	0.0283695	0.9375	0.0625	0	2.99125
results/guided-table-memory.bin	1120	39.3355	0.028407	0.960938	0.0390625	0	2.97561
results/guided-table-memory.bin	1130	39.6661	0.0285914	0.929688	0.0703125	0	2.94664
results/guided-table-memory.bin	1140	39.9976	0.0286329	0.960938	0.0390625	0	2.93414
results/guided-table-memory.bin	1150	40.3286	0.0287116	0.9375	0.0625	0	2.96666
results/guided-table-memory.bin	1160	40.6582	0.028361	0.945312	0.0546875	0	2.93264
results/guided-table-memory.bin	1170	40.9891	0.0284675	0.96875	0.03125	0	2.92258
results/guided-table-memory.bin	1180	41.319	0.0283693	0.929688	0.0703125	0	2.94412
results/guided-table-memory.bin	1190	41.6481	0.0284519	0.960938	0.0390625	0	2.97398
results/guided-table-memory.bin	1200	41.9789	0.028595	0.96875	0.03125	0	2.94314
results/guided-stress.bin	10	0.425659	0.0291245	0.867188	0.132812	0	3.08874
results/guided-stress.bin	20	0.846161	0.0286769	0.882812	0.117188	0	3.06195
results/guided-stress.bin	30	1.28403	0.0315585	0.929688	0.0703125	0	3.11092
results/guided-stress.bin	40	1.78606	0.0369891	0.898438	0.101562	0	3.03217
results/guided-stress.bin	50	2.34011	0.0342051	0.859375	0.140625	0	2.96182
results/guided-stress.bin	60	3.04722	0.0541629	0.875	0.125	0	2.96562
results/guided-stress.bin	70	3.59132	0.0288164	0.890625	0.101562	0.0078125	3.07676
results/guided-stress.bin	80	4.0286	0.031912	0.890625	0.109375	0	3.1193
results/guided-stress.bin	90	4.56105	0.0335499	0.875	0.109375	0.015625	3.14464
results/guided-stress.bin	100	5.04148	0.0323836	0.882812	0.0859375	0.03125	3.31195
results/guided-stress.bin	110	5.5519	0.0335979	0.890625	0.09375	0.015625	3.10965
results/guided-stress.bin	120	6.04294	0.0335665	0.875	0.109375	0.015625	3.03482
results/guided-stress.bin	130	6.50982	0.0329811	0.867188	0.132812	0	3.02297
results/guided-stress.bin	140	6.99439	0.0333373	0.875	0.109375	0.015625	2.9308
results/guided-stress.bin	150	7.54342	0.0364356	0.867188	0.125	0.0078125	2.99054
results/guided-stress.bin	160	7.99739	0.0321913	0.898438	0.101562	0	3.06435
results/guided-stress.bin	170	8.52098	0.0371941	0.890625	0.109375	0	3.11667
results/guided-stress.bin	180	8.99563	0.0325639	0.867188	0.132812	0	2.99414
results/guided-stress.bin	190	9.51371	0.0433781	0.890625	0.109375	0	3.04386
results/guided-stress.bin	200	9.98535	0.0320698	0.882812	0.117188	0	3.4739
results/guided-stress.bin	210	10.4726	0.0351854	0.875	0.125	0	3.22723
results/guided-stress.bin	220	11.0875	0.0404001	0.859375	0.132812	0.0078125	3.00909
results/guided-stress.bin	230	11.543	0.0335938	0.875	0.125	0	3.00446
results/guided-stress.bin	240	12.063	0.0401713	0.867188	0.132812	0	2.97297
results/guided-stress.bin	250	12.6445	0.0357816	0.84375	0.148438	0.0078125	2.98241
results/guided-stress.bin	260	13.3039	0.0440088	0.867188	0.132812	0	2.92117
results/guided-stress.bin	270	13.7986	0.0306819	0.820312	0.171875	0.0078125	2.89524
results/guided-stress.bin	280	14.3425	0.0336373	0.859375	0.132812	0.0078125	2.94182
results/guided-stress.bin	290	14.8104	0.0326783	0.867188	0.132812	0	2.98829
results/guided-stress.bin	300	15.2966	0.0336724	0.84375	0.140625	0.015625	2.9125
results/guided-stress.bin	310	15.8083	0.0351278	0.84375	0.148438	0.0078125	2.875
results/guided-stress.bin	320	16.4267	0.0366915	0.835938	0.15625	0.0078125	2.8542
results/guided-stress.bin	330	16.9106	0.0330512	0.867188	0.117188	0.015625	2.91261
results/guided-stress.bin	340	17.434	0.0379876	0.867188	0.125	0.0078125	3.12793
results/guided-stress.bin	350	17.908	0.0345659	0.84375	0.15625	0	2.96481
results/guided-stress.bin	360	18.3432	0.033704	0.851562	0.148438	0	2.89541
results/guided-stress.bin	370	18.8307	0.0366605	0.835938	0.164062	0	2.91355
results/guided-stress.bin	380	19.2936	0.0321708	0.828125	0.171875	0	2.81179
results/guided-stress.bin	390	19.7849	0.0376228	0.835938	0.164062	0	2.81682
results/guided-stress.bin	400	20.2772	0.0323431	0.835938	0.164062	0	2.89159
results/guided-stress.bin	410	20.7656	0.0328706	0.828125	0.15625	0.015625	2.91509
results/guided-stress.bin	420	21.2351	0.0326555	0.835938	0.164062	0	2.83785
results/guided-stress.bin	430	21.724	0.0319629	0.851562	0.140625	0.0078125	2.91101
results/guided-stress.bin	440	22.2438	0.0367103	0.820312	0.179688	0	2.88428
results/guided-stress.bin	450	22.6693	0.0304968	0.84375	0.15625	0	2.80741
results/guided-stress.bin	460	23.1476	0.0378489	0.828125	0.171875	0	2.81981
results/guided-stress.bin	470	23.6397	0.0321685	0.828125	0.164062	0.0078125	2.89858
results/guided-stress.bin	480	24.0878	0.0359613	0.84375	0.15625	0	2.99722
results/guided-stress.bin	490	24.5519	0.0334908	0.828125	0.171875	0	2.9283
results/guided-stress.bin	500	25.0002	0.0347079	0.84375	0.15625	0	2.95648
results/guided-stress.bin	510	25.4637	0.0327261	0.828125	0.171875	0	2.85519
results/guided-stress.bin	520	25.912	0.0328964	0.8125	0.1875	0	2.78894
results/guided-stress.bin	530	26.4039	0.0337324	0.835938	0.164062	0	2.78738
results/guided-stress.bin	540	26.8509	0.0316157	0.820312	0.179688	0	2.77905
results/guided-stress.bin	550	27.3189	0.0356453	0.828125	0.171875	0	2.87547
results/guided-stress.bin	560	27.7606	0.0328702	0.820312	0.179688	0	2.86619
results/guided-stress.bin	570	28.2291	0.0364523	0.789062	0.210938	0	2.88218
results/guided-stress.bin	580	28.687	0.0327527	0.828125	0.171875	0	2.94811
results/guided-stress.bin	590	29.1458	0.0340456	0.820312	0.179688	0	2.95428
results/guided-stress.bin	600	29.6121	0.0321042	0.867188	0.132812	0	2.85585
results/guided-stress.bin	610	30.0962	0.0342807	0.835938	0.164062	0	2.92663
results/guided-stress.bin	620	30.5558	0.0325453	0.828125	0.171875	0	2.90472
results/guided-stress.bin	630	31.008	0.0327209	0.835938	0.164062	0	2.94439
results/guided-stress.bin	640	31.5267	0.0364881	0.8125	0.171875	0.015625	3.03365
results/guided-stress.bin	650	32.0837	0.0429201	0.789062	0.164062	0.046875	3.11584
results/guided-stress.bin	660	32.5805	0.0334003	0.828125	0.164062	0.0078125	3.03773
results/guided-stress.bin	670	33.0749	0.0330876	0.828125	0.15625	0.015625	2.97877
results/guided-stress.bin	680	33.5788	0.0349923	0.828125	0.164062	0.0078125	2.87641
results/guided-stress.bin	690	34.0348	0.0321306	0.828125	0.171875	0	2.93255
results/guided-stress.bin	700	34.4996	0.0358174	0.820312	0.179688	0	2.85809
results/guided-stress.bin	710	35.0032	0.0362995	0.789062	0.210938	0	2.81039
results/guided-stress.bin	720	35.4209	0.0309427	0.820312	0.179688	0	2.83476
results/guided-stress.bin	730	35.9087	0.0362066	0.796875	0.203125	0	2.85049
results/guided-stress.bin	740	36.3439	0.0307079	0.796875	0.203125	0	2.81421
results/guided-stress.bin	750	36.8371	0.0361661	0.789062	0.210938	0	2.77475
results/guided-stress.bin	760	37.3088	0.0298874	0.804688	0.1875	0.0078125	2.78495
results/guided-stress.bin	770	37.8327	0.0383314	0.78125	0.210938	0.0078125	2.897
results/guided-stress.bin	780	38.3128	0.0301205	0.789062	0.195312	0.015625	2.93366
results/guided-stress.bin	790	38.8257	0.0370675	0.8125	0.179688	0.0078125	2.9024
results/guided-stress.bin	800	39.2685	0.0310391	0.796875	0.203125	0	2.8701
results/guided-stress.bin	810	39.7427	0.0364692	0.773438	0.226562	0	2.86616
results/guided-stress.bin	820	40.211	0.0319096	0.804688	0.195312	0	2.91796
results/guided-stress.bin	830	40.6977	0.0339022	0.789062	0.203125	0.0078125	2.81138
results/guided-stress.bin	840	41.1757	0.0345193	0.78125	0.21875	0	2.795
results/guided-stress.bin	850	41.6111	0.0305184	0.78125	0.21875	0	2.808
results/guided-stress.bin	860	42.1939	0.0403035	0.765625	0.234375	0	2.81122
results/guided-stress.bin	870	42.6391	0.0286085	0.773438	0.21875	0.0078125	2.79394
results/guided-stress.bin	880	43.1249	0.0373643	0.796875	0.203125	0	2.82745
results/guided-stress.bin	890	43.5554	0.0303686	0.796875	0.203125	0	2.81372
results/guided-stress.bin	900	44.0477	0.0379902	0.789062	0.210938	0	2.81138
results/guided-stress.bin	910	44.4823	0.0300625	0.78125	0.21875	0	2.771
results/guided-stress.bin	920	44.9659	0.039105	0.796875	0.203125	0	2.7848
results/guided-stress.bin	930	45.435	0.0320019	0.789062	0.210938	0	2.81435
results/guided-stress.bin	940	45.8742	0.0339351	0.789062	0.210938	0	2.82426
results/guided-stress.bin	950	46.3712	0.0334564	0.789062	0.210938	0	2.77327
results/guided-stress.bin	960	46.779	0.0308048	0.773438	0.226562	0	2.78232
results/guided-stress.bin	970	47.2742	0.036785	0.765625	0.234375	0	2.78418
results/guided-stress.bin	980	47.6923	0.0308491	0.765625	0.234375	0	2.77806
results/guided-stress.bin	990	48.1768	0.0378433	0.796875	0.203125	0	2.78382
results/guided-stress.bin	1000	48.6267	0.0313621	0.789062	0.210938	0	2.79752
results/guided-door-stress.bin	10	0.610416	0.0619329	0.921875	0.078125	0	2.83686
results/guided-door-stress.bin	20	1.32911	0.0479735	0.890625	0.078125	0.03125	2.80833
results/guided-door-stress.bin	30	1.73959	0.0274536	0.96875	0.03125	0	2.82218
results/guided-door-stress.bin	40	2.43801	0.0624112	0.960938	0.0390625	0	2.90163
results/guided-door-stress.bin	50	2.90825	0.0381965	0.96875	0.03125	0	2.87742
results/guided-door-stress.bin	60	3.43546	0.0396485	0.96875	0.03125	0	2.85645
results/guided-door-stress.bin	70	3.98933	0.0332796	0.929688	0.0625	0.0078125	2.87521
results/guided-door-stress.bin	80	4.64374	0.059127	0.96875	0.03125	0	3.07097
results/guided-door-stress.bin	90	5.94695	0.0936266	0.953125	0.046875	0	3.13689
results/guided-door-stress.bin	100	6.3868	0.0274939	0.984375	0.015625	0	2.81071
results/guided-door-stress.bin	110	7.22686	0.0357405	0.984375	0.015625	0	2.94643
results/guided-door-stress.bin	120	8.3581	0.0596088	0.976562	0.015625	0.0078125	2.7776
results/guided-door-stress.bin	130	9.00468	0.0356348	0.984375	0.015625	0	2.95278
results/guided-door-stress.bin	140	9.4521	0.0286703	0.859375	0.0390625	0.101562	3.70683
results/guided-door-stress.bin	150	9.97566	0.0332777	0.929688	0.0546875	0.015625	2.96092
results/guided-door-stress.bin	160	10.4579	0.0314289	0.867188	0.046875	0.0859375	3.01036
results/guided-door-stress.bin	170	10.9671	0.0359734	0.9375	0.03125	0.03125	2.84833
results/guided-door-stress.bin	180	11.4106	0.0286005	0.914062	0.046875	0.0390625	2.87436
results/guided-door-stress.bin	190	11.9359	0.040498	0.921875	0.046875	0.03125	2.88644
results/guided-door-stress.bin	200	12.4633	0.0326613	0.914062	0.0703125	0.015625	2.92393
results/guided-door-stress.bin	210	12.9504	0.033054	0.875	0.078125	0.046875	2.88437
results/guided-door-stress.bin	220	13.4901	0.037284	0.90625	0.078125	0.015625	2.91034
results/guided-door-stress.bin	230	14.0109	0.0354283	0.953125	0.0390625	0.0078125	2.7418
results/guided-door-stress.bin	240	14.5067	0.033307	0.898438	0.0625	0.0390625	3.01565
results/guided-door-stress.bin	250	15.0063	0.0352649	0.929688	0.0703125	0	2.91218
results/guided-door-stress.bin	260	15.472	0.0337365	0.976562	0.0234375	0	2.7512
results/guided-door-stress.bin	270	16.1133	0.0358607	0.976562	0.0234375	0	2.7088
results/guided-door-stress.bin	280	16.5864	0.0365267	1	0	0	2.725
results/guided-door-stress.bin	290	17.1419	0.035338	0.914062	0.0546875	0.03125	2.76709
results/guided-door-stress.bin	300	17.6515	0.031972	0.96875	0.015625	0.015625	2.77984
results/guided-door-stress.bin	310	18.1747	0.0379509	0.992188	0	0.0078125	2.79724
results/guided-door-stress.bin	320	18.7134	0.0349237	0.914062	0.0625	0.0234375	2.75128
results/guided-door-stress.bin	330	19.2418	0.0353637	0.953125	0.0234375	0.0234375	2.96721
results/guided-door-stress.bin	340	19.7583	0.0344596	0.9375	0.03125	0.03125	2.95083
results/guided-door-stress.bin	350	20.219	0.0307241	0.953125	0.0078125	0.0390625	2.93648
results/guided-door-stress.bin	360	20.7399	0.0349938	0.90625	0.0078125	0.0859375	2.74138
results/guided-door-stress.bin	370	21.4668	0.0467274	0.992188	0.0078125	0	2.8189
results/guided-door-stress.bin	380	22.1164	0.0450402	0.976562	0.0234375	0	2.842
results/guided-door-stress.bin	390	22.7186	0.0489761	0.992188	0.0078125	0	2.72244
results/guided-door-stress.bin	400	23.2644	0.0376939	0.984375	0.015625	0	2.71825
results/guided-door-stress.bin	410	23.8869	0.0482374	0.992188	0.0078125	0	2.72559
results/guided-door-stress.bin	420	24.4456	0.0433998	0.992188	0.0078125	0	2.75315
results/guided-door-stress.bin	430	24.8903	0.0304971	0.96875	0.03125	0	2.68145
results/guided-door-stress.bin	440	25.3027	0.0290046	0.992188	0.0078125	0	2.71457
results/guided-door-stress.bin	450	25.7387	0.0332308	1	0	0	2.72422
results/guided-door-stress.bin	460	26.1989	0.0311925	0.992188	0.0078125	0	2.71535
results/guided-door-stress.bin	470	26.6037	0.0313743	0.984375	0.015625	0	2.70873
results/guided-door-stress.bin	480	27.0583	0.032773	0.992188	0.0078125	0	2.69134
results/guided-door-stress.bin	490	27.4596	0.0293371	0.984375	0.015625	0	2.66825
results/guided-door-stress.bin	500	27.8852	0.0333591	0.976562	0.0234375	0	2.6604
results/guided-door-stress.bin	510	28.3066	0.0301054	0.992188	0.0078125	0	2.66811
results/guided-door-stress.bin	520	28.7716	0.0308523	0.976562	0.0234375	0	2.8024
results/guided-door-stress.bin	530	29.2389	0.0321725	0.992188	0.0078125	0	2.78031
results/guided-door-stress.bin	540	29.6859	0.0311537	0.976562	0.0234375	0	2.72
results/guided-door-stress.bin	550	30.1126	0.0327134	0.984375	0.015625	0	2.67024
results/guided-door-stress.bin	560	30.5153	0.0287004	0.992188	0.0078125	0	2.67205
results/guided-door-stress.bin	570	30.9962	0.0325702	0.984375	0.0078125	0.0078125	2.82183
results/guided-door-stress.bin	580	31.4606	0.0301874	0.960938	0.03125	0.0078125	2.84472
results/guided-door-stress.bin	590	31.9027	0.0304486	0.984375	0.015625	0	2.70357
results/guided-door-stress.bin	600	32.3866	0.0323404	0.96875	0.0234375	0.0078125	2.7754
results/guided-door-stress.bin	610	32.8515	0.0322504	0.992188	0.0078125	0	2.78819
results/guided-door-stress.bin	620	33.3455	0.0336247	0.992188	0.0078125	0	2.71811
results/guided-door-stress.bin	630	34.006	0.041964	0.960938	0.0234375	0.015625	2.71789
results/guided-door-stress.bin	640	34.6789	0.0399753	0.984375	0.015625	0	2.69484
results/guided-door-stress.bin	650	35.2279	0.0401252	0.976562	0.0234375	0	2.6612
results/guided-door-stress.bin	660	35.7612	0.0363976	0.976562	0.0234375	0	2.6616
results/guided-door-stress.bin	670	36.2978	0.0381258	0.992188	0.0078125	0	2.6622
results/guided-door-stress.bin	680	36.8129	0.0383989	0.992188	0.0078125	0	2.67086
results/guided-door-stress.bin	690	37.3001	0.0329822	0.992188	0.0078125	0	2.65512
results/guided-door-stress.bin	700	37.7379	0.0339803	1	0	0	2.67265
results/guided-door-stress.bin	710	38.2386	0.0358888	1	0	0	2.66523
results/guided-door-stress.bin	720	38.6507	0.0319582	0.984375	0.015625	0	2.65278
results/guided-door-stress.bin	730	39.1173	0.0364667	1	0	0	2.66484
results/guided-door-stress.bin	740	39.5557	0.032193	0.992188	0.0078125	0	2.67008
results/guided-door-stress.bin	750	40.3308	0.0602909	0.984375	0.015625	0	2.68095
results/guided-door-stress.bin	760	40.791	0.0350908	0.992188	0.0078125	0	2.67008
results/guided-door-stress.bin	770	41.3457	0.0409602	1	0	0	2.66211
results/guided-door-stress.bin	780	41.8074	0.0357185	1	0	0	2.67109
results/guided-door-stress.bin	790	42.33	0.0437869	0.976562	0.0234375	0	2.6664
results/guided-door-stress.bin	800	42.78	0.0319748	1	0	0	2.66601
results/guided-door-stress.bin	810	43.2475	0.0369269	1	0	0	2.66601
results/guided-door-stress.bin	820	43.7414	0.030452	0.992188	0	0.0078125	2.6685
results/guided-door-stress.bin	830	44.2247	0.0321821	1	0	0	2.82031
results/guided-door-stress.bin	840	44.8855	0.0496038	1	0	0	2.84062
results/guided-door-stress.bin	850	45.3885	0.0337896	1	0	0	2.68359
results/guided-door-stress.bin	860	45.846	0.0334016	0.992188	0.0078125	0	2.68819
results/guided-door-stress.bin	870	46.3615	0.0402146	0.992188	0.0078125	0	2.68031
results/guided-door-stress.bin	880	46.9395	0.0336138	0.984375	0.0078125	0.0078125	2.69166
results/guided-door-stress.bin	890	47.3721	0.0340324	0.992188	0.0078125	0	2.65708
results/guided-door-stress.bin	900	47.8544	0.0343605	0.992188	0.0078125	0	2.67834
results/guided-door-stress.bin	910	48.3658	0.0346196	0.976562	0.0234375	0	2.6968
results/guided-door-stress.bin	920	48.8875	0.035453	0.976562	0.015625	0.0078125	2.7216
results/guided-door-stress.bin	930	49.3542	0.0307156	0.992188	0.0078125	0	2.72008
results/guided-door-stress.bin	940	49.869	0.0351361	1	0	0	2.70703
results/guided-door-stress.bin	950	50.6175	0.0455837	0.984375	0.0078125	0.0078125	2.65635
results/guided-door-stress.bin	960	51.5993	0.0402249	0.960938	0.015625	0.0234375	2.63496
results/guided-door-stress.bin	970	52.2443	0.0437315	0.960938	0.0078125	0.03125	2.6504
results/guided-door-stress.bin	980	52.7071	0.0307999	0.992188	0.0078125	0	2.66417
results/guided-door-stress.bin	990	53.1792	0.0304167	0.96875	0.015625	0.015625	2.72822
results/guided-door-stress.bin	1000	53.6838	0.0338748	0.976562	0.0078125	0.015625	2.7104
results/guided-rehearsal.bin	10	0.636678	0.0440637	0.90625	0.0859375	0.0078125	3.09095
results/guided-rehearsal.bin	20	1.24964	0.043859	0.921875	0.078125	0	3.12373
results/guided-rehearsal.bin	30	1.76338	0.0348603	0.90625	0.09375	0	3.01509
results/guided-rehearsal.bin	40	2.57537	0.0528933	0.929688	0.0703125	0	3.0126
results/guided-rehearsal.bin	50	3.18269	0.0399401	0.945312	0.0546875	0	2.9843
results/guided-rehearsal.bin	60	3.61597	0.0298754	0.929688	0.0703125	0	2.95756
results/guided-rehearsal.bin	70	4.25486	0.0460046	0.875	0.109375	0.015625	3.1308
results/guided-rehearsal.bin	80	4.79359	0.0335107	0.914062	0.0859375	0	3.08675
results/guided-rehearsal.bin	90	5.50239	0.0467187	0.921875	0.0625	0.015625	2.95932
results/guided-rehearsal.bin	100	5.95392	0.0319681	0.929688	0.0703125	0	2.99622
results/guided-rehearsal.bin	110	6.50994	0.039255	0.914062	0.0859375	0	3.01752
results/guided-rehearsal.bin	120	7.01359	0.0357801	0.914062	0.0859375	0	3.04658
results/guided-rehearsal.bin	130	7.61976	0.0341889	0.921875	0.0703125	0.0078125	3.0072
results/guided-rehearsal.bin	140	8.0938	0.0323664	0.882812	0.109375	0.0078125	3.16239
results/guided-rehearsal.bin	150	8.83515	0.0427091	0.914062	0.0859375	0	3.1265
results/guided-rehearsal.bin	160	9.54263	0.0416709	0.914062	0.0859375	0	3.06496
results/guided-rehearsal.bin	170	10.0458	0.0327981	0.898438	0.101562	0	3.05913
results/guided-rehearsal.bin	180	10.5463	0.0340266	0.929688	0.0703125	0	2.99412
results/guided-rehearsal.bin	190	10.9888	0.0278342	0.914062	0.078125	0.0078125	3.21752
results/guided-rehearsal.bin	200	11.685	0.047036	0.890625	0.09375	0.015625	2.94517
results/guided-rehearsal.bin	210	12.2358	0.0314159	0.921875	0.0703125	0.0078125	2.90508
results/guided-rehearsal.bin	220	12.705	0.0316057	0.914062	0.0859375	0	2.95897
results/guided-rehearsal.bin	230	13.1617	0.0284007	0.914062	0.078125	0.0078125	2.86581
results/guided-rehearsal.bin	240	13.6615	0.0376646	0.882812	0.117188	0	2.87345
results/guided-rehearsal.bin	250	14.1016	0.0279175	0.890625	0.109375	0	2.93465
results/guided-rehearsal.bin	260	14.5512	0.0308704	0.890625	0.109375	0	2.91491
results/guided-rehearsal.bin	270	15.0284	0.0297966	0.914062	0.0859375	0	2.87051
results/guided-rehearsal.bin	280	15.4954	0.0355448	0.921875	0.078125	0	2.95381
results/guided-rehearsal.bin	290	16.006	0.0313938	0.914062	0.078125	0.0078125	3.18334
results/guided-rehearsal.bin	300	16.4416	0.0300867	0.90625	0.09375	0	2.93319
results/guided-rehearsal.bin	310	16.957	0.0384716	0.929688	0.0703125	0	2.84538
results/guided-rehearsal.bin	320	17.4271	0.0344806	0.914062	0.0859375	0	2.80641
results/guided-rehearsal.bin	330	17.984	0.0347199	0.945312	0.0546875	0	2.91529
results/guided-rehearsal.bin	340	18.4136	0.0282328	0.929688	0.0703125	0	2.86386
results/guided-rehearsal.bin	350	18.9411	0.0399674	0.929688	0.0625	0.0078125	2.91008
results/guided-rehearsal.bin	360	19.6369	0.0278566	0.921875	0.0703125	0.0078125	2.90042
results/guided-rehearsal.bin	370	20.6168	0.0442576	0.921875	0.078125	0	2.92627
results/guided-rehearsal.bin	380	21.4062	0.0439008	0.921875	0.0703125	0.0078125	2.88559
results/guided-rehearsal.bin	390	22.0956	0.0584587	0.914062	0.078125	0.0078125	2.96838
results/guided-rehearsal.bin	400	22.5833	0.030888	0.929688	0.0703125	0	2.91008
results/guided-rehearsal.bin	410	23.1841	0.0439847	0.890625	0.101562	0.0078125	2.81842
results/guided-rehearsal.bin	420	23.6576	0.0303583	0.804688	0.125	0.0703125	2.93544
results/guided-rehearsal.bin	430	24.2653	0.0450975	0.765625	0.132812	0.101562	3.01633
results/guided-rehearsal.bin	440	24.8274	0.0354367	0.867188	0.109375	0.0234375	2.81982
results/guided-rehearsal.bin	450	25.5202	0.0391565	0.890625	0.101562	0.0078125	2.87017
results/guided-rehearsal.bin	460	25.9211	0.030645	0.914062	0.0859375	0	2.82521
results/guided-rehearsal.bin	470	26.3918	0.0364057	0.914062	0.0859375	0	2.77607
results/guided-rehearsal.bin	480	26.8344	0.0338131	0.9375	0.0625	0	2.78166
results/guided-rehearsal.bin	490	27.3737	0.0389422	0.9375	0.0625	0	2.81083
results/guided-rehearsal.bin	500	27.817	0.0305801	0.929688	0.0703125	0	2.80756
results/guided-rehearsal.bin	510	28.5338	0.0821774	0.953125	0.046875	0	2.84098
results/guided-rehearsal.bin	520	28.9314	0.0278285	0.929688	0.0703125	0	2.83655
results/guided-rehearsal.bin	530	29.6348	0.0316369	0.929688	0.0703125	0	2.88319
results/guided-rehearsal.bin	540	30.2562	0.0370088	0.9375	0.0625	0	3.01333
results/guided-rehearsal.bin	550	30.8311	0.0338625	0.851562	0.0703125	0.078125	3.28074
results/guided-rehearsal.bin	560	31.4127	0.0436913	0.90625	0.0859375	0.0078125	2.88189
results/guided-rehearsal.bin	570	31.9161	0.0403043	0.90625	0.09375	0	2.825
results/guided-rehearsal.bin	580	32.4886	0.0393048	0.914062	0.0859375	0	2.91154
results/guided-rehearsal.bin	590	32.8927	0.0281194	0.914062	0.0859375	0	2.89872
results/guided-rehearsal.bin	600	33.3268	0.033992	0.921875	0.078125	0	2.86907
results/guided-rehearsal.bin	610	33.8164	0.0293723	0.867188	0.132812	0	2.93423
results/guided-rehearsal.bin	620	34.2396	0.0276624	0.914062	0.078125	0.0078125	3.11111
results/guided-rehearsal.bin	630	34.7387	0.0394066	0.921875	0.078125	0	2.96864
results/guided-rehearsal.bin	640	35.2397	0.0346036	0.914062	0.0859375	0	2.9329
results/guided-rehearsal.bin	650	35.7806	0.0347656	0.914062	0.078125	0.0078125	2.95983
results/guided-rehearsal.bin	660	36.1694	0.0290818	0.90625	0.09375	0	2.76939
results/guided-rehearsal.bin	670	36.7875	0.0553491	0.898438	0.101562	0	2.78174
results/guided-rehearsal.bin	680	37.2374	0.028199	0.921875	0.078125	0	2.79957
results/guided-rehearsal.bin	690	37.6875	0.0374157	0.898438	0.101562	0	2.78304
results/guided-rehearsal.bin	700	38.1446	0.0309678	0.914062	0.0859375	0	2.87393
results/guided-rehearsal.bin	710	38.6656	0.0370767	0.914062	0.078125	0.0078125	2.91111
results/guided-rehearsal.bin	720	39.1173	0.0327848	0.9375	0.0625	0	2.87666
results/guided-rehearsal.bin	730	39.6267	0.0347926	0.921875	0.078125	0	2.90635
results/guided-rehearsal.bin	740	40.0586	0.0301134	0.929688	0.0703125	0	2.84748
results/guided-rehearsal.bin	750	40.5514	0.0331396	0.921875	0.0703125	0.0078125	2.83263
results/guided-rehearsal.bin	760	41.081	0.0327308	0.9375	0.046875	0.015625	2.91458
results/guided-rehearsal.bin	770	41.7451	0.0529896	0.929688	0.0546875	0.015625	2.86639
results/guided-rehearsal.bin	780	42.2463	0.0300237	0.921875	0.0703125	0.0078125	2.8483
results/guided-rehearsal.bin	790	42.7934	0.042858	0.914062	0.0859375	0	2.93846
results/guided-rehearsal.bin	800	43.3049	0.0331951	0.929688	0.0625	0.0078125	2.92983
results/guided-rehearsal.bin	810	43.8778	0.054356	0.914062	0.0859375	0	2.82393
results/guided-rehearsal.bin	820	44.3838	0.0319047	0.921875	0.0546875	0.0234375	3.02034
results/guided-rehearsal.bin	830	44.9629	0.0458908	0.921875	0.078125	0	2.93517
results/guided-rehearsal.bin	840	45.4357	0.0356354	0.953125	0.046875	0	2.82951
results/guided-rehearsal.bin	850	45.8799	0.0321727	0.929688	0.0703125	0	2.86975
results/guided-rehearsal.bin	860	46.3042	0.0289878	0.921875	0.078125	0	2.84449
results/guided-rehearsal.bin	870	46.7722	0.0314538	0.929688	0.0703125	0	2.85504
results/guided-rehearsal.bin	880	47.2326	0.0307957	0.929688	0.0703125	0	2.79916
results/guided-rehearsal.bin	890	47.7276	0.034836	0.921875	0.046875	0.03125	2.83601
results/guided-rehearsal.bin	900	48.2035	0.0298587	0.90625	0.078125	0.015625	2.81077
results/guided-rehearsal.bin	910	48.6066	0.0286425	0.929688	0.0703125	0	2.84328
results/guided-rehearsal.bin	920	49.178	0.0405438	0.90625	0.09375	0	2.82586
results/guided-rehearsal.bin	930	49.6868	0.0338374	0.914062	0.078125	0.0078125	2.83162
results/guided-rehearsal.bin	940	50.2635	0.0364578	0.890625	0.0859375	0.0234375	2.93596
results/guided-rehearsal.bin	950	50.7337	0.0329354	0.90625	0.0703125	0.0234375	3.17586
results/guided-rehearsal.bin	960	51.2834	0.0349046	0.90625	0.078125	0.015625	3.03276
results/guided-rehearsal.bin	970	51.7269	0.0294501	0.921875	0.0703125	0.0078125	2.77415
results/guided-rehearsal.bin	980	52.2365	0.0386939	0.921875	0.078125	0	2.83305
results/guided-rehearsal.bin	990	52.7551	0.0318616	0.914062	0.078125	0.0078125	2.93119
results/guided-rehearsal.bin	1000	53.4503	0.0429753	0.914062	0.0859375	0	2.92393
results/guided-clean-stress.bin	25	1.42369	0.0284052	0.882812	0.117188	0	3.03252
results/guided-clean-stress.bin	50	2.84559	0.0284977	0.890625	0.109375	0	3.07815
results/guided-clean-stress.bin	75	4.27517	0.0283982	0.890625	0.109375	0	3.03187
results/guided-clean-stress.bin	100	5.71633	0.0281952	0.875	0.125	0	2.99641
results/guided-clean-stress.bin	125	7.26817	0.0328583	0.859375	0.125	0.0234375	3.05064
results/guided-clean-stress.bin	150	8.69819	0.0282975	0.875	0.117188	0.0078125	3.06998
results/guided-clean-stress.bin	175	10.1705	0.0282079	0.851562	0.132812	0.015625	3.0084
results/guided-clean-stress.bin	200	11.5778	0.0281649	0.835938	0.15625	0.0078125	2.97249
results/guided-clean-stress.bin	225	12.9661	0.0286415	0.859375	0.140625	0.0078125	2.91183
results/guided-clean-stress.bin	250	14.3875	0.0284828	0.890625	0.109375	0	2.9303
results/guided-clean-stress.bin	275	15.7523	0.0282518	0.882812	0.117188	0	2.91799
results/guided-clean-stress.bin	300	17.098	0.03028	0.898438	0.101562	0	2.92407
results/guided-clean-stress.bin	325	18.4996	0.0284685	0.890625	0.109375	0.0078125	2.92947
results/guided-clean-stress.bin	350	19.9442	0.0283327	0.898438	0.101562	0	2.98119
results/guided-clean-stress.bin	375	21.36	0.0282846	0.898438	0.09375	0.0078125	2.92018
results/guided-clean-stress.bin	400	22.7265	0.0302574	0.914062	0.0859375	0	2.9083
results/guided-clean-stress.bin	425	24.1843	0.0284535	0.890625	0.101562	0.0078125	2.98697
results/guided-clean-stress.bin	450	25.6738	0.0281348	0.875	0.125	0.015625	3.10797
results/guided-clean-stress.bin	475	27.0784	0.0304664	0.90625	0.09375	0.015625	2.97193
results/guided-clean-stress.bin	500	28.5427	0.0283154	0.890625	0.101562	0.046875	3.00997
results/guided-clean-stress.bin	525	30.0392	0.0281185	0.875	0.117188	0.0078125	2.96543
results/guided-clean-stress.bin	550	31.4746	0.0314526	0.875	0.117188	0.015625	2.90356
results/guided-clean-stress.bin	575	32.9869	0.0282975	0.882812	0.109375	0.0078125	2.90194
results/guided-clean-stress.bin	600	34.4445	0.0297415	0.828125	0.117188	0.0546875	2.93129
results/guided-clean-stress.bin	625	35.9099	0.0293375	0.8125	0.132812	0.0546875	3.00994
results/guided-clean-stress.bin	650	37.3964	0.0280814	0.851562	0.140625	0.0078125	2.97963
results/guided-clean-stress.bin	675	38.7979	0.0303272	0.851562	0.148438	0.0078125	2.87473
results/guided-clean-stress.bin	700	40.1884	0.0292297	0.890625	0.109375	0	2.91465
results/guided-clean-stress.bin	725	41.6645	0.0281215	0.875	0.117188	0.0078125	2.85703
results/guided-clean-stress.bin	750	43.0475	0.0281504	0.820312	0.171875	0.0078125	2.86643
results/guided-clean-stress.bin	775	44.4574	0.0314192	0.875	0.125	0.0078125	2.88404
results/guided-clean-stress.bin	800	45.8371	0.0283238	0.890625	0.109375	0	2.82927
results/guided-clean-stress.bin	825	47.3675	0.028052	0.859375	0.132812	0.015625	2.85397
results/guided-clean-stress.bin	850	48.7887	0.0310898	0.882812	0.109375	0.0078125	2.87249
results/guided-clean-stress.bin	875	50.221	0.028296	0.851562	0.101562	0.046875	2.9595
results/guided-clean-stress.bin	900	51.7121	0.0280564	0.875	0.101562	0.0234375	2.90514
results/guided-clean-stress.bin	925	53.1504	0.028894	0.84375	0.117188	0.0390625	3.05401
results/guided-clean-stress.bin	950	54.6337	0.0283379	0.859375	0.09375	0.046875	2.96003
results/guided-clean-stress.bin	975	56.0878	0.0282199	0.898438	0.101562	0.046875	3.0007
results/guided-clean-stress.bin	1000	57.6319	0.0313183	0.78125	0.125	0.09375	3.0526
results/guided-threat-joint.bin	25	2.2529	0.0307277	0.273438	0.726562	0	2.96796
results/guided-threat-joint.bin	50	4.50177	0.0423376	0.140625	0.859375	0.0390625	2.96472
results/guided-threat-joint.bin	75	6.85651	0.0306152	0.132812	0.867188	0.0625	3.58856
results/guided-threat-joint.bin	100	9.02898	0.0295961	0.078125	0.921875	0.0859375	3.49549
results/guided-threat-joint.bin	125	11.851	0.0316661	0.171875	0.828125	0.140625	4.48262
results/guided-threat-joint.bin	150	14.1581	0.0344031	0.171875	0.804688	0.046875	3.67149
results/guided-threat-joint.bin	175	17.5874	0.0483747	0.132812	0.695312	0.171875	4.37981
results/guided-threat-joint.bin	200	20.8962	0.0414816	0.132812	0.867188	0.03125	3.59658
results/guided-threat-joint.bin	225	23.9521	0.0390885	0.101562	0.898438	0.0625	3.4242
results/guided-threat-joint.bin	250	27.2045	0.0410892	0.0625	0.9375	0.0390625	3.10365
results/guided-threat-joint.bin	275	30.2994	0.036895	0.0625	0.9375	0.0625	3.35889
results/guided-threat-joint.bin	300	33.5416	0.0385763	0.078125	0.921875	0.101562	4.15826
results/guided-threat-joint.bin	325	36.3645	0.0462567	0.171875	0.828125	0.09375	4.57695
results/guided-threat-joint.bin	350	39.7273	0.053904	0.367188	0.515625	0.117188	4.75297
results/guided-threat-joint.bin	375	42.0947	0.0335048	0.109375	0.398438	0.492188	4.64558
results/guided-threat-joint.bin	400	44.459	0.0307081	0.585938	0.304688	0.125	3.90631
results/guided-threat-joint.bin	425	46.7458	0.043443	0.53125	0.46875	0.03125	3.33715
results/guided-threat-joint.bin	450	49.3332	0.0379938	0.09375	0.429688	0.90625	4.8455
results/guided-threat-joint.bin	475	51.771	0.032817	0.664062	0.296875	0.109375	3.8382
results/guided-threat-joint.bin	500	54.1733	0.0446199	0.65625	0.320312	0.078125	3.73674
results/guided-threat-joint.bin	525	57.0547	0.0292981	0.25	0.25	0.578125	4.33851
results/guided-threat-joint.bin	550	59.5671	0.0345793	0.484375	0.234375	0.351562	4.82046
results/guided-threat-joint.bin	575	61.9325	0.0332026	0.429688	0.234375	0.421875	4.20238
results/guided-threat-joint.bin	600	64.6133	0.0375742	0.289062	0.320312	0.617188	4.59757
results/guided-threat-joint.bin	625	67.2228	0.0335874	0.296875	0.476562	0.367188	4.39904
results/guided-threat-joint.bin	650	70.5038	0.028454	0.492188	0.242188	0.34375	4.99193
results/guided-threat-joint.bin	675	73.7631	0.0319963	0	0.28125	0.984375	1e+08
results/guided-threat-joint.bin	700	76.615	0.0521316	0.609375	0.359375	0.242188	4.16331
results/guided-threat-joint.bin	725	83.048	0.0353264	0.726562	0.203125	0.078125	3.46249
results/guided-threat-joint.bin	750	86.0192	0.0379302	0.609375	0.390625	0.109375	3.80352
results/guided-threat-joint.bin	775	89.7803	0.0381332	0.65625	0.34375	0.015625	3.40589
results/guided-threat-joint.bin	800	93.0598	0.0729949	0.75	0.25	0.046875	3.48568
results/guided-threat-joint.bin	825	96.1605	0.0351849	0.789062	0.210938	0.0078125	3.25653
results/guided-threat-joint.bin	850	99.1705	0.031392	0.671875	0.328125	0.0234375	3.45612
results/guided-threat-joint.bin	875	101.89	0.0447565	0.609375	0.390625	0.046875	3.56626
results/guided-threat-joint.bin	900	105.062	0.0777886	0.671875	0.328125	0.03125	3.43499
results/guided-threat-joint.bin	925	108.188	0.0381322	0.664062	0.335938	0.0078125	3.41889
results/guided-threat-joint.bin	950	112.927	0.0574602	0.640625	0.257812	0.117188	3.9762
results/guided-threat-joint.bin	975	120.923	0.110019	0.703125	0.296875	0	3.29626
results/guided-threat-joint.bin	1000	123.669	0.0627508	0.757812	0.242188	0	3.31422
results/guided-threat-joint.bin	1025	126.421	0.0348233	0.757812	0.242188	0.0078125	3.28475
results/guided-threat-joint.bin	1050	129.57	0.0377356	0.726562	0.273438	0.0078125	3.36414
results/guided-threat-joint.bin	1075	131.801	0.0306543	0.703125	0.296875	0.015625	3.41572
results/guided-threat-joint.bin	1100	134.075	0.0308119	0.75	0.25	0.0234375	3.40012
results/guided-threat-joint.bin	1125	136.238	0.0332229	0.789062	0.210938	0	3.25689
results/guided-threat-joint.bin	1150	138.45	0.0332127	0.773438	0.226562	0.0078125	3.27118
results/guided-threat-joint.bin	1175	140.417	0.0319245	0.765625	0.234375	0	3.15285
results/guided-threat-joint.bin	1200	142.406	0.0323782	0.789062	0.210938	0	3.1612
results/guided-threat-joint.bin	1225	144.384	0.034042	0.765625	0.234375	0	3.27602
results/guided-threat-joint.bin	1250	146.309	0.0356508	0.78125	0.21875	0	3.1887
results/guided-threat-joint.bin	1275	148.222	0.0317254	0.726562	0.273438	0	2.99977
results/guided-threat-joint.bin	1300	150.652	0.0360734	0.726562	0.273438	0	2.9914
results/guided-threat-joint.bin	1325	153.911	0.0527224	0.765625	0.234375	0	3.29653
results/guided-threat-joint.bin	1350	156.523	0.035553	0.789062	0.210938	0	3.11587
results/guided-threat-joint.bin	1375	159.332	0.0524903	0.804688	0.195312	0.0078125	3.24713
results/guided-threat-joint.bin	1400	161.701	0.037443	0.789062	0.210938	0.0078125	3.09781
results/guided-threat-joint.bin	1425	164.691	0.0428869	0.804688	0.195312	0	3.10252
results/guided-threat-joint.bin	1450	167.854	0.0448488	0.804688	0.195312	0.015625	3.30626
results/guided-threat-joint.bin	1475	171.246	0.0914281	0.796875	0.203125	0	3.10221
results/guided-threat-joint.bin	1500	174.108	0.038151	0.8125	0.1875	0	3.05659
results/guided-corner-control.bin	10	0.738681	0.0437732	0	1	0	1e+09
results/guided-corner-control.bin	20	1.30831	0.0296334	0	1	0	1e+09
results/guided-corner-control.bin	30	1.89243	0.0354784	0	1	0	1e+09
results/guided-corner-control.bin	40	2.42496	0.0308632	0	1	0	1e+09
results/guided-corner-control.bin	50	3.02581	0.0336664	0	1	0	1e+09
results/guided-corner-control.bin	60	3.55271	0.0279501	0	1	0	1e+09
results/guided-corner-control.bin	70	4.14425	0.0352515	0	1	0	1e+09
results/guided-corner-control.bin	80	4.69301	0.0292465	0	1	0	1e+09
results/guided-corner-control.bin	90	5.26997	0.0355035	0	1	0	1e+09
results/guided-corner-control.bin	100	5.77797	0.0304374	0	1	0	1e+09
results/guided-corner-control.bin	110	6.3345	0.0331248	0	1	0	1e+09
results/guided-corner-control.bin	120	6.83744	0.0312854	0	1	0	1e+09
results/guided-corner-control.bin	130	7.37096	0.0316408	0	1	0	1e+09
results/guided-corner-control.bin	140	7.86379	0.0305769	0	1	0	1e+09
results/guided-corner-control.bin	150	8.40096	0.0308577	0	1	0	1e+09
results/guided-corner-control.bin	160	8.89493	0.0297239	0	1	0	1e+09
results/guided-corner-control.bin	170	9.42614	0.0315003	0	1	0	1e+09
results/guided-corner-control.bin	180	9.99857	0.0316701	0	1	0	1e+09
results/guided-corner-control.bin	190	10.6246	0.043447	0	1	0	1e+09
results/guided-corner-control.bin	200	11.1603	0.0339699	0	1	0	1e+09
results/guided-corner-control.bin	210	11.6946	0.0306535	0	1	0	1e+09
results/guided-corner-control.bin	220	12.3461	0.0334992	0	1	0	1e+09
results/guided-corner-control.bin	230	12.8425	0.0301285	0	1	0	1e+09
results/guided-corner-control.bin	240	13.3938	0.0331745	0	1	0	1e+09
results/guided-corner-control.bin	250	13.8905	0.0291258	0	1	0	1e+09
results/guided-corner-control.bin	260	14.4223	0.0315546	0	1	0	1e+09
results/guided-corner-control.bin	270	14.9714	0.0308369	0	1	0	1e+09
results/guided-corner-control.bin	280	15.5404	0.0318428	0	1	0	1e+09
results/guided-corner-control.bin	290	16.2138	0.0500295	0	1	0	1e+09
results/guided-corner-control.bin	300	16.7691	0.0328471	0	1	0	1e+09
results/guided-corner-control.bin	310	17.3541	0.0332596	0	1	0	1e+09
results/guided-corner-control.bin	320	17.8991	0.0321931	0	1	0	1e+09
results/guided-corner-control.bin	330	18.5686	0.0338849	0	1	0	1e+09
results/guided-corner-control.bin	340	19.0481	0.0300443	0	1	0	1e+09
results/guided-corner-control.bin	350	19.5889	0.0330021	0	1	0	1e+09
results/guided-corner-control.bin	360	20.1056	0.0335085	0	1	0	1e+09
results/guided-corner-control.bin	370	20.6555	0.0331355	0	1	0	1e+09
results/guided-corner-control.bin	380	21.1792	0.0303283	0	1	0	1e+09
results/guided-corner-control.bin	390	21.9311	0.0538783	0	1	0	1e+09
results/guided-corner-control.bin	400	22.6406	0.0448203	0	1	0	1e+09
results/guided-corner-control.bin	410	23.1505	0.0298828	0	1	0	1e+09
results/guided-corner-control.bin	420	23.8479	0.0487561	0	1	0	1e+09
results/guided-corner-control.bin	430	24.4713	0.035091	0	1	0	1e+09
results/guided-corner-control.bin	440	25.0296	0.0332272	0	1	0	1e+09
results/guided-corner-control.bin	450	25.5378	0.0300987	0	1	0	1e+09
results/guided-corner-control.bin	460	26.0969	0.0353828	0	1	0	1e+09
results/guided-corner-control.bin	470	26.6322	0.0326904	0	1	0	1e+09
results/guided-corner-control.bin	480	27.2064	0.0357491	0	1	0	1e+09
results/guided-corner-control.bin	490	27.71	0.0299876	0	1	0	1e+09
results/guided-corner-control.bin	500	28.2899	0.0344627	0	1	0	1e+09
results/guided-corner-control.bin	510	28.8355	0.0319987	0	1	0	1e+09
results/guided-corner-control.bin	520	29.3977	0.032812	0	1	0	1e+09
results/guided-corner-control.bin	530	30.1153	0.0385828	0	1	0	1e+09
results/guided-corner-control.bin	540	30.6694	0.0301092	0	1	0	1e+09
results/guided-corner-control.bin	550	31.2433	0.0347374	0	1	0	1e+09
results/guided-corner-control.bin	560	31.7981	0.0319854	0	1	0	1e+09
results/guided-corner-control.bin	570	32.4909	0.0355843	0	1	0	1e+09
results/guided-corner-control.bin	580	33.2125	0.0427253	0	1	0	1e+09
results/guided-corner-control.bin	590	33.7806	0.0315825	0	1	0	1e+09
results/guided-corner-control.bin	600	34.393	0.03425	0	1	0	1e+09
results/guided-corner-control.bin	610	34.9922	0.0337601	0	1	0	1e+09
results/guided-corner-control.bin	620	35.6186	0.032031	0	1	0	1e+09
results/guided-corner-control.bin	630	36.231	0.0378982	0	1	0	1e+09
results/guided-corner-control.bin	640	36.808	0.0330883	0	1	0	1e+09
results/guided-corner-control.bin	650	37.4415	0.0369204	0	1	0	1e+09
results/guided-corner-control.bin	660	38.0607	0.034212	0	1	0	1e+09
results/guided-corner-control.bin	670	38.6419	0.0312637	0	1	0	1e+09
results/guided-corner-control.bin	680	39.2523	0.0370965	0	1	0	1e+09
results/guided-corner-control.bin	690	39.8987	0.0343921	0	1	0	1e+09
results/guided-corner-control.bin	700	40.52	0.0332278	0	1	0	1e+09
results/guided-corner-control.bin	710	41.1388	0.0343103	0	1	0	1e+09
results/guided-corner-control.bin	720	41.7425	0.0325297	0	1	0	1e+09
results/guided-corner-control.bin	730	42.4026	0.0345391	0	1	0	1e+09
results/guided-corner-control.bin	740	43.1008	0.0368968	0	1	0	1e+09
results/guided-corner-control.bin	750	43.8136	0.0352653	0	1	0	1e+09
results/guided-corner-control.bin	760	44.5272	0.0400497	0	1	0	1e+09
results/guided-corner-control.bin	770	45.1942	0.0387116	0	1	0	1e+09
results/guided-corner-control.bin	780	45.8352	0.0336279	0	1	0	1e+09
results/guided-corner-control.bin	790	46.6107	0.039519	0	1	0	1e+09
results/guided-corner-control.bin	800	47.3947	0.0408328	0	1	0	1e+09
results/guided-corner-control.bin	810	48.1415	0.0395833	0	1	0	1e+09
results/guided-corner-control.bin	820	48.9013	0.0350835	0	1	0	1e+09
results/guided-corner-control.bin	830	49.6195	0.0369791	0	1	0	1e+09
results/guided-corner-control.bin	840	50.3305	0.0349823	0	1	0	1e+09
results/guided-corner-control.bin	850	51.2216	0.0596159	0	1	0	1e+09
results/guided-corner-control.bin	860	51.9621	0.0445558	0	1	0	1e+09
results/guided-corner-control.bin	870	52.8742	0.0366786	0	1	0	1e+09
results/guided-corner-control.bin	880	53.8867	0.043686	0	1	0	1e+09
results/guided-corner-control.bin	890	54.5598	0.0360747	0	1	0	1e+09
results/guided-corner-control.bin	900	55.4812	0.048213	0	1	0	1e+09
results/guided-corner-control.bin	910	56.2328	0.0387057	0	1	0	1e+09
results/guided-corner-control.bin	920	56.8912	0.0354314	0	1	0	1e+09
results/guided-corner-control.bin	930	57.6678	0.0369448	0	1	0	1e+09
results/guided-corner-control.bin	940	58.6439	0.047543	0	1	0	1e+09
results/guided-corner-control.bin	950	59.4851	0.0488772	0	1	0	1e+09
results/guided-corner-control.bin	960	60.1213	0.0377628	0	1	0	1e+09
results/guided-corner-control.bin	970	60.7724	0.0346829	0	1	0	1e+09
results/guided-corner-control.bin	980	61.331	0.0370719	0	1	0	1e+09
results/guided-corner-control.bin	990	62.0378	0.0423482	0	1	0	1e+09
results/guided-corner-control.bin	1000	62.5982	0.0305164	0	1	0	1e+09
