run,rollout,successes,contacts,timeouts,flown_path_m,flown_path_speed_mps,reward_mean,policy_loss,value_loss,ratio,completed_episodes,mean_completed_episode_time_s,active_episode_min_clearance_m
candidate-fast,1,8.0000,0.0000,0.0000,1.2509,0.8516,0.047697,0.000995057,0.0862792,0.999518,8.0000,1.4688,0.2373
candidate-fast,2,68.0000,5.0000,0.0000,2.0851,0.8829,0.149408,-0.0029532,1.33594,1.00283,73.0000,2.3618,0.0020
candidate-fast,3,55.0000,24.0000,0.0000,2.3798,0.8796,0.081788,-0.00111534,3.00084,1.00099,79.0000,2.7056,0.0020
candidate-fast,4,43.0000,33.0000,0.0000,2.2425,0.8615,0.030554,-0.00065464,4.10985,1.00427,76.0000,2.6032,0.0020
candidate-fast,5,35.0000,22.0000,0.0000,2.4498,0.8912,0.033064,-0.00128814,3.23644,1.00029,57.0000,2.7489,0.0020
candidate-fast,6,50.0000,17.0000,0.0000,2.7018,0.8640,0.079621,-0.00235607,3.01833,0.999028,67.0000,3.1270,0.0045
candidate-fast,7,44.0000,16.0000,0.0000,2.5475,0.8237,0.064045,-0.000333986,2.49676,1.00033,60.0000,3.0927,0.0236
candidate-fast,8,54.0000,22.0000,0.0000,2.6038,0.8376,0.074825,-0.000624586,3.54387,0.998336,76.0000,3.1087,0.0119
candidate-fast,9,44.0000,15.0000,0.0000,2.6702,0.8595,0.070262,-0.000783536,2.47745,0.99907,59.0000,3.1066,0.0118
candidate-fast,10,56.0000,9.0000,0.0000,2.8033,0.8256,0.112608,-0.000593261,1.78908,1.00034,65.0000,3.3956,0.0054
candidate-fast,11,53.0000,26.0000,0.0000,2.2249,0.7714,0.065917,-0.000401152,3.24858,0.999919,79.0000,2.8842,0.0054
candidate-fast,12,50.0000,17.0000,0.0000,2.1051,0.7329,0.082546,-0.0019419,3.10979,1.00034,67.0000,2.8722,0.0054
candidate-fast,13,49.0000,22.0000,0.0000,2.5738,0.8655,0.070666,8.95162e-05,3.52543,1.00176,71.0000,2.9737,0.0054
candidate-fast,14,59.0000,16.0000,0.0000,2.2171,0.7525,0.107829,-0.000277976,3.09787,1.00062,75.0000,2.9463,0.0078
candidate-fast,15,60.0000,26.0000,0.0000,2.2214,0.8298,0.090101,-0.00156326,3.03096,0.998846,86.0000,2.6769,0.0039
candidate-fast,16,50.0000,20.0000,0.0000,2.1502,0.8291,0.076660,0.00124487,2.20502,0.998616,70.0000,2.5934,0.0007
candidate-fast,17,46.0000,21.0000,0.0000,2.2110,0.8306,0.066324,-0.00327849,2.96017,0.999482,67.0000,2.6618,0.0292
candidate-fast,18,48.0000,18.0000,0.0000,2.4939,0.8341,0.073851,0.00031182,3.01608,1.00133,66.0000,2.9899,0.0078
candidate-fast,19,53.0000,14.0000,0.0000,2.3483,0.8089,0.094730,-0.00194075,1.8191,0.999302,67.0000,2.9031,0.0098
candidate-fast,20,50.0000,23.0000,0.0000,2.1154,0.7735,0.065288,0.000208751,2.47736,0.999488,73.0000,2.7348,0.0098
candidate-fast,21,52.0000,20.0000,0.0000,2.5083,0.8124,0.075672,-0.00160187,2.78885,0.999915,72.0000,3.0874,0.0099
candidate-fast,22,51.0000,15.0000,0.0000,2.5042,0.8185,0.085337,-0.000299866,2.03088,1.0004,66.0000,3.0596,0.0008
candidate-fast,23,45.0000,17.0000,0.0000,2.5664,0.8012,0.064770,0.00066587,2.55658,1.00135,62.0000,3.2032,0.0199
candidate-fast,24,46.0000,16.0000,0.0000,2.3399,0.7745,0.067061,-0.00151319,2.25425,0.99913,62.0000,3.0211,0.0174
candidate-fast,25,44.0000,16.0000,0.0000,2.4218,0.7802,0.069000,-0.00215083,1.96493,1.00118,60.0000,3.1040,0.0174
candidate-fast,26,52.0000,24.0000,0.0000,2.4063,0.7561,0.066852,-0.000533105,2.86012,0.998848,76.0000,3.1825,0.0148
candidate-fast,27,49.0000,18.0000,0.0000,2.3259,0.7540,0.080131,-0.00124773,2.7972,0.997759,67.0000,3.0849,0.0255
candidate-fast,28,60.0000,13.0000,0.0000,2.2424,0.7807,0.114547,-0.00049196,2.54495,0.999821,73.0000,2.8722,0.0256
candidate-fast,29,44.0000,25.0000,0.0000,2.2583,0.8252,0.048863,-0.000654334,2.08712,0.999247,69.0000,2.7368,0.0054
candidate-fast,30,46.0000,24.0000,0.0000,2.3243,0.8326,0.054726,-0.00361659,2.61639,1.00189,70.0000,2.7916,0.0047
candidate-fast,31,45.0000,20.0000,0.0000,2.2018,0.6808,0.062621,-0.000797123,2.60343,0.999668,65.0000,3.2340,0.0118
candidate-fast,32,58.0000,20.0000,0.0000,2.2471,0.7415,0.093517,-0.00161542,2.33089,0.999381,78.0000,3.0305,0.0115
candidate-fast,33,48.0000,18.0000,0.0000,2.0492,0.7503,0.075835,-0.00100467,2.32461,0.99896,66.0000,2.7311,0.0012
candidate-fast,34,47.0000,18.0000,0.0000,2.2527,0.8161,0.068915,-0.000567507,2.03841,0.999907,65.0000,2.7602,0.0483
candidate-fast,35,54.0000,15.0000,0.0000,2.4878,0.7351,0.095980,-0.000331681,1.79757,0.998769,69.0000,3.3844,0.0023
candidate-fast,36,45.0000,21.0000,0.0000,2.1685,0.7187,0.063997,-0.000169397,2.10834,1.0003,66.0000,3.0173,0.0023
candidate-fast,37,62.0000,8.0000,0.0000,2.6093,0.8437,0.128093,0.000156591,1.78823,0.999766,70.0000,3.0929,0.0113
candidate-fast,38,52.0000,11.0000,0.0000,2.4592,0.8247,0.101420,-0.00368603,1.87675,1.0004,63.0000,2.9819,0.0031
candidate-fast,39,56.0000,19.0000,0.0000,2.2843,0.8252,0.091716,-0.00143019,2.29011,1.00105,75.0000,2.7683,0.0047
candidate-fast,40,44.0000,26.0000,0.0000,2.2419,0.7994,0.041892,-0.000959175,2.17705,0.999873,70.0000,2.8044,0.0014
candidate-fast,41,44.0000,19.0000,0.0000,2.0872,0.7723,0.057528,-0.00111906,2.41278,0.998028,63.0000,2.7025,0.0014
candidate-fast,42,47.0000,14.0000,0.0000,2.7805,0.8010,0.079460,-0.0023045,1.60335,0.999697,61.0000,3.4715,0.0017
candidate-fast,43,50.0000,19.0000,1.0000,2.4078,0.7388,0.073744,-0.00124707,2.18662,1.00061,70.0000,3.2591,0.0017
candidate-fast,44,52.0000,13.0000,0.0000,2.1808,0.7694,0.093404,-0.000734509,1.73888,1.00112,65.0000,2.8343,0.0017
candidate-fast,45,41.0000,22.0000,1.0000,2.1386,0.7116,0.039442,-0.0009008,2.50341,0.999687,64.0000,3.0053,0.0017
candidate-fast,46,48.0000,20.0000,0.0000,2.2662,0.7069,0.068114,-0.00210748,1.96742,1.00029,68.0000,3.2056,0.0017
candidate-fast,47,43.0000,13.0000,0.0000,2.4260,0.7507,0.069307,-0.00166221,1.54603,1.00162,56.0000,3.2318,0.0017
candidate-fast,48,48.0000,11.0000,0.0000,2.1001,0.7298,0.082129,-0.000652907,1.67446,1.0007,59.0000,2.8776,0.0017
candidate-fast,49,49.0000,13.0000,0.0000,2.6471,0.7863,0.085251,-0.00166221,1.78906,0.999164,62.0000,3.3666,0.0017
candidate-fast,50,42.0000,15.0000,0.0000,2.1797,0.7923,0.061682,0.00152326,1.62835,0.99988,57.0000,2.7509,0.0017
candidate-fast,51,51.0000,15.0000,2.0000,2.3673,0.6981,0.082680,-0.000156425,1.87001,0.999524,68.0000,3.3909,0.0025
candidate-fast,52,51.0000,15.0000,1.0000,2.4771,0.7101,0.082482,-0.00143795,1.57669,0.998463,67.0000,3.4882,0.0094
candidate-fast,53,45.0000,18.0000,1.0000,2.1203,0.6622,0.062688,-0.0016376,2.10144,0.999778,64.0000,3.2020,0.0121
candidate-fast,54,51.0000,20.0000,1.0000,2.2196,0.6692,0.072457,-2.89159e-05,2.04783,1.0002,72.0000,3.3170,0.0017
candidate-fast,55,34.0000,19.0000,1.0000,2.3714,0.6718,0.031237,-0.000340585,1.67046,1.00093,54.0000,3.5298,0.0200
candidate-fast,56,58.0000,16.0000,1.0000,2.2498,0.6766,0.102769,-0.00243693,1.71121,1.00107,75.0000,3.3253,0.0191
candidate-fast,57,54.0000,25.0000,0.0000,2.0456,0.7836,0.074587,-0.00239619,2.32586,1.00042,79.0000,2.6106,0.0008
candidate-fast,58,46.0000,17.0000,0.0000,2.1782,0.7296,0.072042,-0.000829145,1.8366,1.00006,63.0000,2.9854,0.0008
candidate-fast,59,56.0000,18.0000,2.0000,2.3796,0.6689,0.092027,-0.00168152,1.74664,1.00172,76.0000,3.5574,0.0147
candidate-fast,60,46.0000,22.0000,0.0000,2.0490,0.7669,0.063886,-0.00116427,1.95084,1.00056,68.0000,2.6718,0.0035
candidate-fast,61,49.0000,16.0000,0.0000,2.1216,0.7488,0.084318,-0.00117802,1.94271,1.00028,65.0000,2.8335,0.0002
candidate-fast,62,60.0000,10.0000,0.0000,2.3199,0.7285,0.125401,-0.00226841,1.50134,1.00053,70.0000,3.1846,0.0002
candidate-fast,63,60.0000,13.0000,0.0000,2.1563,0.7527,0.118447,-0.000689403,1.73034,0.999207,73.0000,2.8649,0.0025
candidate-fast,64,50.0000,16.0000,0.0000,2.3020,0.7798,0.083227,-0.00173916,1.586,0.998796,66.0000,2.9520,0.0025
candidate-fast,65,51.0000,21.0000,0.0000,2.0652,0.7414,0.074147,-0.000267199,2.06421,1.0004,72.0000,2.7856,0.0025
candidate-fast,66,54.0000,13.0000,0.0000,2.2221,0.7088,0.103293,-0.00240611,1.26453,0.998227,67.0000,3.1348,0.0006
candidate-fast,67,62.0000,24.0000,0.0000,2.2306,0.7706,0.096923,-0.000530133,2.02153,0.999776,86.0000,2.8947,0.0070
candidate-fast,68,36.0000,23.0000,0.0000,1.8707,0.7712,0.031156,-0.000340202,1.81417,0.999466,59.0000,2.4256,0.0070
candidate-fast,69,49.0000,16.0000,0.0000,2.2052,0.7107,0.079183,0.000783939,1.62427,1.00016,65.0000,3.1026,0.0154
candidate-fast,70,56.0000,16.0000,0.0000,2.1896,0.7112,0.097218,-0.00190109,1.65327,1.00141,72.0000,3.0788,0.0038
candidate-fast,71,47.0000,13.0000,0.0000,2.1568,0.7412,0.086049,-8.65295e-06,1.38063,1.00129,60.0000,2.9100,0.0078
candidate-fast,72,62.0000,18.0000,0.0000,2.1264,0.7551,0.109089,-0.00286774,1.65308,0.998257,80.0000,2.8160,0.0070
candidate-fast,73,57.0000,19.0000,0.0000,2.0807,0.7405,0.095243,-0.000595683,2.16031,1.00011,76.0000,2.8099,0.0036
candidate-fast,74,46.0000,22.0000,0.0000,2.0305,0.7645,0.063474,-0.000109286,1.78878,0.999825,68.0000,2.6562,0.0140
candidate-fast,75,50.0000,22.0000,1.0000,2.0491,0.6828,0.072513,0.000581278,2.02462,0.999609,73.0000,3.0008,0.0010
candidate-fast,76,53.0000,15.0000,0.0000,2.3251,0.7553,0.095624,-0.000432602,1.37118,1.00021,68.0000,3.0785,0.0047
candidate-fast,77,56.0000,21.0000,0.0000,2.1525,0.7212,0.086733,-0.00118912,2.21054,0.999506,77.0000,2.9847,0.0047
candidate-fast,78,53.0000,20.0000,0.0000,2.0003,0.7429,0.082787,-0.00277885,2.02606,1.00245,73.0000,2.6925,0.0103
candidate-fast,79,51.0000,15.0000,0.0000,2.0577,0.7207,0.088155,-0.000620665,1.57431,1.00041,66.0000,2.8552,0.0221
candidate-fast,80,49.0000,18.0000,1.0000,2.1600,0.7082,0.077705,-0.00217611,1.60906,0.995776,68.0000,3.0500,0.0280
candidate-fast,81,60.0000,24.0000,0.0000,2.2319,0.7271,0.091815,-0.00101258,2.33966,0.999559,84.0000,3.0697,0.0055
candidate-fast,82,42.0000,19.0000,0.0000,2.1450,0.7519,0.064192,-0.00174957,1.73241,1.00137,61.0000,2.8529,0.0080
candidate-fast,83,64.0000,11.0000,0.0000,2.1902,0.7368,0.130590,0.000267508,1.31,1.00013,75.0000,2.9727,0.0238
candidate-fast,84,57.0000,20.0000,0.0000,1.9941,0.7173,0.095100,-0.00170198,1.81039,0.998298,77.0000,2.7800,0.0135
candidate-fast,85,52.0000,21.0000,0.0000,2.1073,0.7728,0.082172,-0.00218596,1.89881,1.00101,73.0000,2.7269,0.0103
candidate-fast,86,50.0000,19.0000,0.0000,2.0222,0.7594,0.081648,-0.000842408,1.84911,1.00028,69.0000,2.6627,0.0103
candidate-fast,87,57.0000,15.0000,0.0000,2.1614,0.7699,0.105419,-0.000505639,1.66401,0.997628,72.0000,2.8072,0.0039
candidate-fast,88,53.0000,18.0000,0.0000,2.1513,0.7494,0.090710,-0.001165,1.46941,1.00164,71.0000,2.8707,0.0028
candidate-fast,89,55.0000,24.0000,0.0000,1.9821,0.7187,0.075075,-0.000926295,1.75274,0.999272,79.0000,2.7578,0.0028
candidate-fast,90,58.0000,16.0000,0.0000,2.0373,0.7641,0.103074,-0.00146315,1.61307,0.999221,74.0000,2.6663,0.0057
candidate-fast,91,45.0000,20.0000,0.0000,1.9198,0.7441,0.062701,-0.0016289,1.75365,1.00036,65.0000,2.5800,0.0213
candidate-fast,92,46.0000,19.0000,0.0000,2.1983,0.7037,0.070345,-0.00160924,1.40899,0.99965,65.0000,3.1237,0.0011
candidate-fast,93,54.0000,15.0000,0.0000,2.2044,0.7041,0.095645,-0.000206302,1.56811,0.998638,69.0000,3.1309,0.0011
candidate-fast,94,54.0000,17.0000,0.0000,2.3149,0.7398,0.086665,-0.00144316,1.54178,1.00014,71.0000,3.1289,0.0011
candidate-fast,95,55.0000,17.0000,0.0000,1.9608,0.6921,0.093537,-0.00102543,1.82706,1.00082,72.0000,2.8331,0.0011
candidate-fast,96,48.0000,14.0000,0.0000,2.0325,0.6540,0.084917,-0.00199101,1.37215,0.999954,62.0000,3.1081,0.0011
candidate-fast,97,49.0000,16.0000,0.0000,2.0886,0.7260,0.082882,-0.00163601,1.4816,0.998835,65.0000,2.8769,0.0011
candidate-fast,98,54.0000,17.0000,0.0000,2.2004,0.7311,0.094720,-0.0017014,1.55845,1.00065,71.0000,3.0097,0.0011
candidate-fast,99,46.0000,19.0000,0.0000,2.0843,0.7563,0.066770,-0.000247221,1.59832,1.00069,65.0000,2.7560,0.0011
candidate-fast,100,53.0000,27.0000,0.0000,2.1498,0.6912,0.066328,-0.00119212,2.27449,0.999305,80.0000,3.1101,0.0108
candidate-fast,101,56.0000,14.0000,0.0000,2.1945,0.7024,0.106177,0.000593098,1.30286,0.999357,70.0000,3.1243,0.0108
candidate-fast,102,55.0000,25.0000,0.0000,1.8787,0.7633,0.074494,-0.00082766,1.65806,0.99946,80.0000,2.4613,0.0108
candidate-fast,103,49.0000,21.0000,0.0000,2.2677,0.7492,0.070873,-0.00158081,1.58499,0.99899,70.0000,3.0269,0.0194
candidate-fast,104,54.0000,20.0000,0.0000,2.0362,0.7450,0.086044,0.00030076,1.78294,1.00043,74.0000,2.7331,0.0047
candidate-fast,105,53.0000,15.0000,0.0000,2.0173,0.7201,0.090554,-0.000824598,1.27966,0.999763,68.0000,2.8013,0.0026
candidate-fast,106,55.0000,16.0000,0.0000,2.0265,0.7114,0.096061,-3.1676e-05,1.35031,1.00028,71.0000,2.8486,0.0089
candidate-fast,107,49.0000,16.0000,0.0000,2.1753,0.7575,0.080434,-0.00149402,1.51789,1.00196,65.0000,2.8717,0.0122
candidate-fast,108,50.0000,18.0000,0.0000,2.2032,0.6993,0.078463,-0.00120091,1.41737,0.999252,68.0000,3.1507,0.0151
candidate-fast,109,46.0000,18.0000,0.0000,2.2045,0.7094,0.071712,0.000795254,1.55924,0.999215,64.0000,3.1073,0.0055
candidate-fast,110,44.0000,20.0000,0.0000,2.0317,0.6758,0.062232,0.000379861,1.33929,0.998587,64.0000,3.0063,0.0015
candidate-fast,111,51.0000,13.0000,0.0000,2.3905,0.7373,0.091885,-0.00236129,1.32315,0.99917,64.0000,3.2420,0.0326
candidate-fast,112,54.0000,20.0000,0.0000,2.0701,0.7004,0.081407,-0.00251617,1.39624,1.00239,74.0000,2.9555,0.0022
candidate-fast,113,51.0000,17.0000,0.0000,1.9119,0.7020,0.085391,-0.00150506,1.33465,0.999232,68.0000,2.7235,0.0147
candidate-fast,114,48.0000,16.0000,0.0000,2.2204,0.7330,0.077170,-0.000922994,1.35701,0.999885,64.0000,3.0292,0.0046
candidate-fast,115,56.0000,15.0000,0.0000,2.1178,0.7502,0.099848,-0.00279932,1.57466,0.999697,71.0000,2.8231,0.0046
candidate-fast,116,47.0000,19.0000,0.0000,2.1959,0.7259,0.067567,-0.00252545,1.5055,1.00078,66.0000,3.0248,0.0156
candidate-fast,117,51.0000,15.0000,0.0000,2.0689,0.7360,0.085323,-0.00282081,1.37016,1.00114,66.0000,2.8109,0.0106
candidate-fast,118,50.0000,15.0000,1.0000,2.2304,0.6354,0.084133,-0.000922976,1.30843,0.998366,66.0000,3.5103,0.0156
candidate-fast,119,48.0000,20.0000,0.0000,2.2060,0.7396,0.061766,-0.00138715,1.51063,0.998747,68.0000,2.9827,0.0129
candidate-fast,120,43.0000,9.0000,0.0000,2.2962,0.7173,0.078376,-0.000486792,0.983942,1.00056,52.0000,3.2014,0.0156
candidate-fast,121,41.0000,14.0000,1.0000,2.1744,0.5922,0.059894,-0.000884131,1.1644,1.00157,56.0000,3.6715,0.0065
candidate-fast,122,49.0000,17.0000,0.0000,2.4013,0.6932,0.074129,-0.00170714,1.26451,1.00062,66.0000,3.4642,0.0019
candidate-fast,123,56.0000,12.0000,0.0000,2.3552,0.6900,0.100749,0.000375512,1.18334,1.00029,68.0000,3.4131,0.0019
candidate-fast,124,40.0000,18.0000,0.0000,2.0863,0.7040,0.050634,-0.00238484,1.07667,0.998843,58.0000,2.9636,0.0019
candidate-fast,125,47.0000,15.0000,0.0000,2.2651,0.7149,0.070660,-0.00185585,1.22114,1.00036,62.0000,3.1686,0.0117
candidate-fast,126,39.0000,10.0000,0.0000,1.9767,0.7005,0.064206,0.000144545,0.826533,0.999318,49.0000,2.8220,0.0009
candidate-fast,127,44.0000,9.0000,1.0000,2.5761,0.6195,0.078184,-0.000213773,0.852681,0.999399,54.0000,4.1584,0.0009
candidate-fast,128,50.0000,14.0000,0.0000,2.4521,0.6859,0.080161,-0.000960476,1.27138,1.00012,64.0000,3.5749,0.0200
candidate-fast,129,46.0000,13.0000,0.0000,2.4151,0.6403,0.078632,0.000559913,1.17979,1.00029,59.0000,3.7715,0.0200
candidate-fast,130,48.0000,9.0000,0.0000,2.3131,0.6804,0.087618,0.000146383,0.994893,1.00098,57.0000,3.3997,0.0107
candidate-fast,131,41.0000,14.0000,0.0000,2.1914,0.7038,0.056648,-0.00129274,1.35078,1.00021,55.0000,3.1138,0.0016
candidate-fast,132,35.0000,16.0000,1.0000,2.3838,0.6534,0.041025,-0.000778851,1.15905,0.999578,52.0000,3.6481,0.0018
candidate-fast,133,51.0000,17.0000,1.0000,2.6418,0.6672,0.076552,-0.000288713,1.17069,1.00218,69.0000,3.9593,0.0117
candidate-fast,134,48.0000,20.0000,0.0000,1.9449,0.6594,0.063919,0.000184167,1.54468,1.00127,68.0000,2.9494,0.0060
candidate-fast,135,49.0000,13.0000,0.0000,2.2326,0.6617,0.084238,-0.00165129,1.22079,0.999246,62.0000,3.3742,0.0030
candidate-fast,136,47.0000,14.0000,0.0000,2.2812,0.6473,0.076330,-0.000422138,1.10521,1.00242,61.0000,3.5243,0.0038
candidate-fast,137,52.0000,18.0000,0.0000,2.0170,0.6645,0.078671,-0.00049838,1.29835,0.99988,70.0000,3.0351,0.0015
candidate-fast,138,46.0000,13.0000,0.0000,2.1557,0.6669,0.076387,0.000372765,1.13262,1.00013,59.0000,3.2322,0.0079
candidate-fast,139,46.0000,14.0000,1.0000,2.3652,0.6218,0.073855,-0.0008788,1.14351,1.00125,61.0000,3.8035,0.0118
candidate-fast,140,41.0000,10.0000,0.0000,2.1755,0.6356,0.069286,-0.00138922,0.950873,0.99935,51.0000,3.4226,0.0048
candidate-fast,141,57.0000,11.0000,0.0000,2.1521,0.6470,0.107974,0.000129545,1.03786,1.001,68.0000,3.3263,0.0028
candidate-fast,142,55.0000,21.0000,0.0000,2.0740,0.6438,0.083677,-0.000619957,1.68978,0.998986,76.0000,3.2214,0.0004
candidate-fast,143,48.0000,14.0000,0.0000,1.8816,0.7268,0.080662,-0.000344514,1.17647,0.999321,62.0000,2.5887,0.0028
candidate-fast,144,47.0000,18.0000,0.0000,2.3726,0.6720,0.068991,-0.00127406,1.46663,0.999616,65.0000,3.5309,0.0028
candidate-fast,145,50.0000,11.0000,0.0000,2.1664,0.6635,0.094423,-0.00118115,1.14007,0.999829,61.0000,3.2651,0.0079
candidate-fast,146,40.0000,19.0000,0.0000,2.0883,0.7419,0.042965,0.000860253,1.32894,1.0003,59.0000,2.8149,0.0010
candidate-fast,147,49.0000,14.0000,0.0000,2.2185,0.6568,0.079934,-0.00192607,1.17799,0.999417,63.0000,3.3778,0.0010
candidate-fast,148,43.0000,18.0000,0.0000,2.2435,0.6795,0.055107,-0.00167638,1.49846,0.998162,61.0000,3.3018,0.0190
candidate-fast,149,43.0000,19.0000,0.0000,2.1587,0.6891,0.053208,-0.00117203,1.22506,0.999145,62.0000,3.1328,0.0025
candidate-fast,150,45.0000,9.0000,1.0000,2.4266,0.6393,0.081837,-0.000579477,0.77462,0.999531,55.0000,3.7960,0.0025
candidate-fast,151,43.0000,14.0000,0.0000,2.1283,0.7262,0.063421,-0.00164091,1.19378,1.0002,57.0000,2.9309,0.0105
candidate-fast,152,41.0000,9.0000,0.0000,2.5260,0.6492,0.070370,-0.00075781,0.906484,1.0014,50.0000,3.8910,0.0007
candidate-fast,153,52.0000,16.0000,0.0000,2.2469,0.6424,0.083059,-0.000882905,1.27778,1.00087,68.0000,3.4979,0.0007
candidate-fast,154,43.0000,20.0000,0.0000,2.2575,0.6153,0.049064,-0.000809487,1.54835,1.00025,63.0000,3.6691,0.0007
candidate-fast,155,50.0000,12.0000,0.0000,1.9479,0.6195,0.085235,-0.000547903,1.04012,1.00025,62.0000,3.1444,0.0007
candidate-fast,156,46.0000,17.0000,0.0000,2.0526,0.6242,0.063141,-0.0010846,1.17473,0.997738,63.0000,3.2884,0.0007
candidate-fast,157,36.0000,13.0000,0.0000,2.1765,0.5975,0.050439,-0.00242075,1.12307,1.00199,49.0000,3.6427,0.0007
candidate-fast,158,56.0000,8.0000,0.0000,2.0857,0.6499,0.110653,-0.000307005,0.836929,1.00052,64.0000,3.2092,0.0005
candidate-fast,159,49.0000,17.0000,0.0000,2.0601,0.6307,0.076078,-0.00120113,1.35632,1.00107,66.0000,3.2665,0.0007
candidate-fast,160,44.0000,14.0000,0.0000,2.1275,0.6342,0.062833,-0.000586489,1.02964,0.999382,58.0000,3.3548,0.0004
candidate-fast,161,39.0000,11.0000,1.0000,2.3273,0.5907,0.061062,-0.000327291,0.962025,1.00155,51.0000,3.9400,0.0056
candidate-fast,162,48.0000,11.0000,0.0000,2.3739,0.6708,0.081603,-0.000523428,1.13225,1.0011,59.0000,3.5390,0.0002
candidate-fast,163,52.0000,16.0000,0.0000,1.9874,0.6050,0.082727,-0.0011989,1.33863,0.999095,68.0000,3.2852,0.0002
candidate-fast,164,41.0000,9.0000,1.0000,2.3268,0.6023,0.069903,2.75645e-05,0.850854,0.999397,51.0000,3.8636,0.0009
candidate-fast,165,44.0000,13.0000,0.0000,2.3030,0.6594,0.066479,-0.00136325,1.07436,0.998428,57.0000,3.4925,0.0130
candidate-fast,166,42.0000,18.0000,0.0000,2.1687,0.5896,0.049213,-0.0014035,1.33963,1.00084,60.0000,3.6784,0.0114
candidate-fast,167,36.0000,15.0000,0.0000,2.3115,0.6239,0.043818,0.000472671,1.30372,1.00048,51.0000,3.7051,0.0065
candidate-fast,168,36.0000,13.0000,0.0000,2.1074,0.6136,0.050193,-0.00196748,1.14113,0.999403,49.0000,3.4347,0.0130
candidate-fast,169,53.0000,7.0000,0.0000,2.4588,0.6437,0.107075,-0.00110689,0.819448,1.00053,60.0000,3.8199,0.0028
candidate-fast,170,50.0000,14.0000,0.0000,2.1570,0.6663,0.078085,8.4698e-05,1.20169,1.00045,64.0000,3.2374,0.0028
candidate-fast,171,39.0000,12.0000,0.0000,2.1416,0.6502,0.057634,-0.00154181,1.01423,0.999417,51.0000,3.2935,0.0001
candidate-fast,172,51.0000,19.0000,0.0000,2.0900,0.6069,0.067329,-0.00306308,1.50199,0.997674,70.0000,3.4436,0.0009
candidate-fast,173,44.0000,16.0000,0.0000,2.0553,0.6202,0.062325,-0.000195672,1.25312,1.00122,60.0000,3.3142,0.0009
candidate-fast,174,45.0000,8.0000,1.0000,2.2634,0.6380,0.080627,-0.00020026,0.940484,0.999188,54.0000,3.5476,0.0028
candidate-fast,175,31.0000,15.0000,0.0000,2.1063,0.5950,0.026857,-0.00278158,1.10982,1.00128,46.0000,3.5400,0.0028
candidate-fast,176,48.0000,7.0000,0.0000,2.2826,0.6128,0.085801,-5.60309e-05,0.800237,1.0016,55.0000,3.7251,0.0028
candidate-fast,177,42.0000,19.0000,1.0000,2.2031,0.5331,0.049624,-0.000494817,1.21977,0.999955,62.0000,4.1324,0.0027
candidate-fast,178,42.0000,14.0000,0.0000,2.0649,0.5971,0.061893,-0.00184397,1.09151,0.999768,56.0000,3.4584,0.0062
candidate-fast,179,35.0000,8.0000,1.0000,2.2735,0.5724,0.054203,-0.00131758,0.941287,0.999854,44.0000,3.9716,0.0062
candidate-fast,180,48.0000,3.0000,0.0000,2.4606,0.6214,0.097977,-0.000214602,0.518936,0.999619,51.0000,3.9596,0.0041
candidate-fast,181,37.0000,14.0000,0.0000,2.3641,0.6134,0.043613,-0.00136361,1.01033,0.999825,51.0000,3.8541,0.0041
candidate-fast,182,48.0000,13.0000,0.0000,2.2938,0.5395,0.076758,-0.0020997,1.04224,1.00066,61.0000,4.2515,0.0041
candidate-fast,183,36.0000,10.0000,0.0000,2.2661,0.5883,0.055425,-0.000188236,0.784271,0.999777,46.0000,3.8522,0.0046
candidate-fast,184,38.0000,9.0000,0.0000,2.2467,0.6488,0.057689,-0.00157915,0.738703,1.00116,47.0000,3.4628,0.0046
candidate-fast,185,54.0000,14.0000,0.0000,2.2707,0.5879,0.090826,0.000961675,1.1097,1.00004,68.0000,3.8624,0.0067
candidate-fast,186,44.0000,16.0000,0.0000,2.2971,0.6356,0.063886,-0.00273159,1.16163,1.00168,60.0000,3.6140,0.0067
candidate-fast,187,43.0000,13.0000,0.0000,2.1867,0.6781,0.064189,-0.000914509,1.22058,0.998642,56.0000,3.2250,0.0070
candidate-fast,188,46.0000,12.0000,0.0000,2.1254,0.6322,0.072922,-0.00119611,1.0254,1.00027,58.0000,3.3619,0.0048
candidate-fast,189,43.0000,17.0000,0.0000,2.2711,0.6576,0.053899,-0.00203947,1.18278,1.00025,60.0000,3.4533,0.0007
candidate-fast,190,34.0000,14.0000,0.0000,2.4938,0.6499,0.038610,-0.00165633,1.10335,1.00063,48.0000,3.8373,0.0070
candidate-fast,191,46.0000,10.0000,2.0000,2.4850,0.5864,0.071893,-0.00139477,0.982571,0.998395,58.0000,4.2376,0.0076
candidate-fast,192,39.0000,7.0000,0.0000,2.0745,0.6127,0.064361,-0.00224543,0.76954,0.999479,46.0000,3.3859,0.0073
candidate-fast,193,36.0000,11.0000,1.0000,2.3317,0.5649,0.045263,-0.00184116,0.894141,0.999061,48.0000,4.1279,0.0125
candidate-fast,194,35.0000,8.0000,1.0000,2.1376,0.5309,0.051389,0.000547328,0.829408,1.00041,44.0000,4.0262,0.0054
candidate-fast,195,41.0000,8.0000,1.0000,2.3520,0.5832,0.065747,-0.000908542,0.881338,0.999701,50.0000,4.0332,0.0141
candidate-fast,196,41.0000,11.0000,1.0000,2.4267,0.5498,0.063119,-0.00142085,0.886096,1.00043,53.0000,4.4136,0.0039
candidate-fast,197,45.0000,10.0000,0.0000,2.4081,0.5769,0.072346,-0.00049014,0.914179,1.00016,55.0000,4.1740,0.0011
candidate-fast,198,41.0000,13.0000,0.0000,2.2700,0.5723,0.060188,-0.000453818,0.932526,0.999766,54.0000,3.9663,0.0039
candidate-fast,199,36.0000,9.0000,1.0000,2.3674,0.6537,0.052667,0.000227921,0.840966,0.999479,46.0000,3.6215,0.0039
candidate-fast,200,42.0000,15.0000,0.0000,2.0548,0.5527,0.058347,-0.00120941,1.01952,1.00026,57.0000,3.7181,0.0039
candidate-fast,201,46.0000,6.0000,0.0000,2.3949,0.6051,0.088125,-0.00150873,0.723066,0.999989,52.0000,3.9577,0.0039
candidate-fast,202,45.0000,10.0000,1.0000,2.6252,0.5963,0.076919,-0.000327272,0.984091,0.997772,56.0000,4.4029,0.0009
candidate-fast,203,48.0000,10.0000,1.0000,2.3251,0.5933,0.084342,-0.00158015,0.958579,0.997881,59.0000,3.9190,0.0121
candidate-fast,204,41.0000,12.0000,0.0000,2.0143,0.6058,0.062526,-0.000867566,1.01467,0.999301,53.0000,3.3249,0.0089
candidate-fast,205,39.0000,14.0000,0.0000,2.2534,0.6489,0.049095,-0.00220925,1.05971,0.999752,53.0000,3.4725,0.0027
candidate-fast,206,34.0000,12.0000,0.0000,2.1409,0.6520,0.044349,-0.000285072,0.832791,0.999822,46.0000,3.2835,0.0068
candidate-fast,207,50.0000,10.0000,1.0000,2.5771,0.5734,0.086583,-0.00040345,1.01708,0.998993,61.0000,4.4948,0.0045
candidate-fast,208,39.0000,12.0000,0.0000,2.2073,0.5972,0.055302,-0.00122351,0.932791,1.00198,51.0000,3.6963,0.0345
candidate-fast,209,40.0000,12.0000,0.0000,2.1676,0.5881,0.055174,-0.000889926,1.0097,1.00232,52.0000,3.6860,0.0005
candidate-fast,210,43.0000,10.0000,1.0000,2.4251,0.5506,0.068719,0.00147753,0.978002,1.0006,54.0000,4.4048,0.0311
candidate-fast,211,38.0000,14.0000,0.0000,1.9745,0.6125,0.046263,-0.000800777,0.951966,1.00086,52.0000,3.2235,0.0058
candidate-fast,212,38.0000,12.0000,0.0000,2.2782,0.6226,0.051946,-0.00135573,0.980427,0.99913,50.0000,3.6590,0.0058
candidate-fast,213,45.0000,9.0000,1.0000,2.2540,0.5640,0.075230,0.00061423,0.846096,1.00095,55.0000,3.9964,0.0065
candidate-fast,214,49.0000,11.0000,3.0000,2.3640,0.5308,0.079960,-0.00173024,1.01152,1.00108,63.0000,4.4538,0.0202
candidate-fast,215,43.0000,15.0000,1.0000,1.9998,0.5742,0.057085,-0.000397404,1.03248,1.00058,59.0000,3.4827,0.0100
candidate-fast,216,33.0000,16.0000,0.0000,1.9501,0.6064,0.032542,-0.00253166,0.9536,1.00077,49.0000,3.2157,0.0075
candidate-fast,217,39.0000,9.0000,0.0000,2.4439,0.6023,0.059698,-0.000924676,0.897164,0.999664,48.0000,4.0573,0.0002
candidate-fast,218,40.0000,13.0000,0.0000,2.0718,0.6287,0.050014,-0.00210829,1.05714,0.999702,53.0000,3.2951,0.0100
candidate-fast,219,34.0000,11.0000,1.0000,2.3447,0.5277,0.046457,-0.00102374,0.845465,0.999506,46.0000,4.4435,0.0100
candidate-fast,220,48.0000,11.0000,0.0000,2.5590,0.6110,0.077788,-0.00015388,1.00205,1.00022,59.0000,4.1885,0.0018
candidate-fast,221,32.0000,13.0000,1.0000,2.3293,0.5570,0.034056,-0.00193637,0.888759,0.99874,46.0000,4.1818,0.0062
candidate-fast,222,41.0000,8.0000,0.0000,2.3035,0.6201,0.067547,0.000793317,0.794264,1.00032,49.0000,3.7147,0.0062
candidate-fast,223,41.0000,11.0000,0.0000,2.5268,0.5981,0.060049,-0.00166218,0.874286,1.00117,52.0000,4.2250,0.0062
candidate-fast,224,39.0000,9.0000,1.0000,2.3283,0.5681,0.061495,-0.000787853,0.861226,0.999601,49.0000,4.0982,0.0062
candidate-fast,225,33.0000,12.0000,0.0000,2.3796,0.5706,0.039168,-2.48062e-05,0.936457,0.998755,45.0000,4.1705,0.0039
candidate-fast,226,47.0000,16.0000,1.0000,2.4702,0.6001,0.069145,-0.000596841,0.954545,1.00201,64.0000,4.1163,0.0062
candidate-fast,227,50.0000,9.0000,0.0000,2.4712,0.6288,0.090623,-0.0004074,1.06119,0.999044,59.0000,3.9299,0.0151
candidate-fast,228,47.0000,10.0000,0.0000,2.4158,0.6651,0.078855,-0.000166567,0.909322,1.00048,57.0000,3.6323,0.0077
candidate-fast,229,36.0000,13.0000,0.0000,2.2519,0.6447,0.043071,-0.00252482,0.92033,1.0015,49.0000,3.4927,0.0007
candidate-fast,230,35.0000,10.0000,1.0000,1.9715,0.5332,0.048574,-0.00238737,0.725799,0.998403,46.0000,3.6974,0.0007
candidate-fast,231,47.0000,12.0000,0.0000,2.1482,0.6047,0.076439,-0.000318433,1.09145,0.997859,59.0000,3.5526,0.0207
candidate-fast,232,42.0000,12.0000,0.0000,2.2226,0.5949,0.058652,-0.000307204,1.14121,0.999109,54.0000,3.7361,0.0158
candidate-fast,233,44.0000,8.0000,1.0000,2.5149,0.6014,0.076292,-0.000186101,0.777661,0.99966,53.0000,4.1815,0.0040
candidate-fast,234,43.0000,10.0000,0.0000,2.2262,0.5854,0.071665,-0.00191804,0.771968,1.00109,53.0000,3.8028,0.0040
candidate-fast,235,42.0000,15.0000,1.0000,2.3293,0.6090,0.057109,-0.00200239,1.05317,1.00102,58.0000,3.8247,0.0032
candidate-fast,236,45.0000,5.0000,0.0000,2.1684,0.6156,0.083807,-0.00109162,0.654824,0.999354,50.0000,3.5226,0.0032
candidate-fast,237,26.0000,7.0000,0.0000,2.2376,0.6565,0.030054,-0.000733928,0.599912,0.999355,33.0000,3.4085,0.0079
candidate-fast,238,43.0000,7.0000,0.0000,2.4866,0.5836,0.072625,-0.00184406,0.70582,1.00102,50.0000,4.2608,0.0190
candidate-fast,239,35.0000,11.0000,0.0000,2.5479,0.6088,0.043788,-0.00129272,0.789408,1.00049,46.0000,4.1850,0.0047
candidate-fast,240,33.0000,6.0000,2.0000,2.5537,0.5151,0.050938,-0.00177718,0.482267,0.996872,41.0000,4.9576,0.0054
candidate-fast,241,48.0000,9.0000,1.0000,2.4971,0.6182,0.078964,-0.00182281,0.858467,1,58.0000,4.0395,0.0054
candidate-fast,242,38.0000,10.0000,1.0000,2.1336,0.5253,0.052688,0.000771859,0.79444,1.00176,49.0000,4.0615,0.0032
candidate-fast,243,35.0000,9.0000,0.0000,2.3019,0.5730,0.046371,-0.00196952,0.742409,1.00173,44.0000,4.0171,0.0054
candidate-fast,244,44.0000,11.0000,1.0000,2.1408,0.5021,0.066467,-0.000606562,0.814892,0.998383,56.0000,4.2638,0.0054
candidate-fast,245,30.0000,12.0000,1.0000,2.3847,0.6326,0.033030,-0.000283424,0.692404,0.99922,43.0000,3.7696,0.0054
candidate-fast,246,41.0000,7.0000,2.0000,2.3927,0.5402,0.070449,0.000389104,0.647811,1.00141,50.0000,4.4292,0.0029
candidate-fast,247,49.0000,5.0000,2.0000,2.6555,0.5740,0.096445,-0.000178131,0.790375,0.99942,56.0000,4.6261,0.0054
candidate-fast,248,36.0000,15.0000,2.0000,2.2494,0.5766,0.040995,0.000600393,0.965167,1.00155,53.0000,3.9010,0.0028
candidate-fast,249,43.0000,11.0000,0.0000,2.1015,0.6167,0.067009,-0.00188267,0.914852,1.00013,54.0000,3.4076,0.0037
candidate-fast,250,39.0000,12.0000,3.0000,2.4901,0.5042,0.059108,-0.000866351,0.87802,0.998712,54.0000,4.9386,0.0038
candidate-fast,251,45.0000,11.0000,1.0000,2.3142,0.6171,0.072040,-0.0022581,0.774804,1.001,57.0000,3.7500,0.0089
candidate-fast,252,41.0000,15.0000,1.0000,2.1586,0.5580,0.051574,-0.0032136,0.841713,1.00008,57.0000,3.8683,0.0049
candidate-fast,253,41.0000,7.0000,1.0000,2.3000,0.5977,0.071133,-0.00030088,0.681842,0.999926,49.0000,3.8482,0.0148
candidate-fast,254,35.0000,12.0000,0.0000,2.3177,0.6065,0.042420,0.000415573,0.960098,0.998519,47.0000,3.8217,0.0041
candidate-fast,255,50.0000,9.0000,2.0000,2.3322,0.5632,0.085784,-0.00135526,0.830078,0.999982,61.0000,4.1412,0.0019
candidate-fast,256,26.0000,7.0000,0.0000,2.0734,0.5512,0.032438,-0.00187042,0.607036,0.997896,33.0000,3.7618,0.0068
candidate-fast,257,39.0000,14.0000,0.0000,2.2814,0.5539,0.049647,-0.00123777,0.85593,0.999469,53.0000,4.1191,0.0086
candidate-fast,258,41.0000,6.0000,1.0000,2.4964,0.5595,0.072062,-0.000761595,0.819582,0.999529,48.0000,4.4619,0.0092
candidate-fast,259,38.0000,9.0000,0.0000,2.3252,0.5200,0.054090,0.000206824,0.602457,0.998781,47.0000,4.4719,0.0161
candidate-fast,260,46.0000,10.0000,1.0000,2.4234,0.5481,0.073499,-0.000613073,0.906821,1.00125,57.0000,4.4216,0.0088
candidate-fast,261,43.0000,11.0000,0.0000,2.1938,0.5778,0.067568,-0.00174173,0.873007,1.00001,54.0000,3.7969,0.0018
candidate-fast,262,43.0000,8.0000,1.0000,2.0266,0.5527,0.071693,-0.00128994,0.808877,0.999968,52.0000,3.6669,0.0172
candidate-fast,263,33.0000,8.0000,0.0000,2.3066,0.6366,0.047914,-3.80135e-05,0.726813,0.998632,41.0000,3.6232,0.0021
candidate-fast,264,34.0000,10.0000,0.0000,2.3698,0.5897,0.046293,-0.00128918,0.677583,1.00131,44.0000,4.0189,0.0134
candidate-fast,265,42.0000,10.0000,1.0000,2.2906,0.5499,0.064217,-0.00311752,0.841107,1.00103,53.0000,4.1657,0.0031
candidate-fast,266,42.0000,17.0000,0.0000,2.2514,0.6252,0.046110,-0.00107983,1.09075,0.99917,59.0000,3.6014,0.0109
candidate-fast,267,26.0000,9.0000,0.0000,2.1686,0.5315,0.029286,-0.000807135,0.69325,1.00082,35.0000,4.0800,0.0206
candidate-fast,268,51.0000,11.0000,1.0000,2.3356,0.5823,0.079421,-0.000752626,0.943551,0.999527,63.0000,4.0107,0.0016
candidate-fast,269,32.0000,9.0000,2.0000,2.3047,0.5354,0.041068,-0.00235814,0.715334,0.998348,43.0000,4.3049,0.0013
candidate-fast,270,41.0000,14.0000,2.0000,2.2409,0.5537,0.047291,-0.000599662,0.975011,1.00047,57.0000,4.0470,0.0031
candidate-fast,271,25.0000,8.0000,1.0000,2.2658,0.5266,0.024309,-0.00356827,0.697868,1.00034,34.0000,4.3027,0.0214
candidate-fast,272,40.0000,7.0000,2.0000,2.3658,0.5261,0.061633,-0.00216608,0.742175,0.999672,49.0000,4.4970,0.0038
candidate-fast,273,37.0000,9.0000,0.0000,2.1862,0.5405,0.048671,-0.000501378,0.798075,0.999604,46.0000,4.0448,0.0003
candidate-fast,274,27.0000,4.0000,2.0000,2.6854,0.4998,0.036275,-0.00118279,0.572932,1.00067,33.0000,5.3734,0.0003
candidate-fast,275,42.0000,7.0000,0.0000,2.1300,0.5207,0.069782,0.000648735,0.767241,0.999802,49.0000,4.0906,0.0146
candidate-fast,276,37.0000,9.0000,1.0000,2.3894,0.5533,0.049667,-0.00172669,0.818943,1.0007,47.0000,4.3185,0.0110
candidate-fast,277,43.0000,10.0000,2.0000,2.5102,0.4721,0.067158,-0.001018,1.03034,1.00081,55.0000,5.3175,0.0051
candidate-fast,278,43.0000,13.0000,2.0000,2.0526,0.5229,0.061558,3.47977e-05,0.902169,0.999829,58.0000,3.9250,0.0146
candidate-fast,279,35.0000,18.0000,1.0000,2.2533,0.5411,0.031293,-0.000796016,0.978218,1.00054,54.0000,4.1643,0.0146
candidate-fast,280,43.0000,6.0000,0.0000,2.5259,0.5870,0.079690,-0.000311522,0.881984,0.997406,49.0000,4.3033,0.0013
candidate-fast,281,31.0000,12.0000,1.0000,2.3583,0.5572,0.035416,-0.00187423,0.793758,1.00224,44.0000,4.2325,0.0005
candidate-fast,282,44.0000,8.0000,1.0000,2.2360,0.5644,0.076541,-0.00135205,0.831673,0.997303,53.0000,3.9619,0.0125
candidate-fast,283,46.0000,11.0000,0.0000,2.4610,0.5754,0.071377,-0.000556716,0.973667,0.999019,57.0000,4.2767,0.0125
candidate-fast,284,33.0000,11.0000,0.0000,2.1287,0.5775,0.041789,-0.00171283,0.775596,0.999598,44.0000,3.6862,0.0118
candidate-fast,285,36.0000,11.0000,1.0000,2.2490,0.5464,0.049236,-0.00205107,0.824323,0.999631,48.0000,4.1156,0.0118
candidate-fast,286,40.0000,8.0000,0.0000,2.1433,0.5986,0.063797,-0.00053044,0.779211,1.00152,48.0000,3.5804,0.0111
candidate-fast,287,50.0000,9.0000,1.0000,2.3517,0.5707,0.086942,-0.00157961,0.959242,0.999764,60.0000,4.1210,0.0070
candidate-fast,288,39.0000,14.0000,0.0000,2.3079,0.6042,0.050759,-0.00280219,0.957725,0.997896,53.0000,3.8200,0.0068
candidate-fast,289,38.0000,12.0000,0.0000,2.1102,0.5476,0.051813,-0.00161313,0.759672,1.0017,50.0000,3.8532,0.0000
candidate-fast,290,44.0000,8.0000,1.0000,2.4395,0.5435,0.075760,-0.000117985,0.84297,0.999684,53.0000,4.4887,0.0103
candidate-fast,291,47.0000,10.0000,1.0000,2.3971,0.5616,0.077051,-0.000953914,0.951317,1.00124,58.0000,4.2685,0.0041
candidate-fast,292,31.0000,17.0000,0.0000,2.0668,0.5368,0.020635,-0.000313139,0.889923,0.99915,48.0000,3.8498,0.0005
candidate-fast,293,39.0000,11.0000,1.0000,2.1799,0.5224,0.055323,-0.000620766,0.868122,0.998963,51.0000,4.1730,0.0005
candidate-fast,294,51.0000,8.0000,0.0000,2.3039,0.5812,0.092801,-0.000500977,0.970226,1.00051,59.0000,3.9639,0.0003
candidate-fast,295,35.0000,12.0000,0.0000,2.0456,0.5737,0.047427,0.00030955,0.752378,1.00167,47.0000,3.5653,0.0022
candidate-fast,296,39.0000,16.0000,0.0000,2.3282,0.6002,0.045307,-0.00131018,0.902149,0.999984,55.0000,3.8787,0.0085
candidate-fast,297,38.0000,11.0000,0.0000,2.1339,0.5663,0.054584,-0.00273682,0.875926,0.998642,49.0000,3.7682,0.0028
candidate-fast,298,37.0000,10.0000,0.0000,2.2394,0.5709,0.054207,-0.000497758,0.691315,1.00075,47.0000,3.9226,0.0028
candidate-fast,299,51.0000,12.0000,0.0000,2.3007,0.5819,0.085655,0.000269254,0.927691,0.999271,63.0000,3.9538,0.0028
candidate-fast,300,39.0000,15.0000,0.0000,2.0687,0.5995,0.047707,-0.000904664,0.946581,0.999989,54.0000,3.4504,0.0017
candidate-fast,301,32.0000,9.0000,0.0000,2.2252,0.5139,0.046991,-0.000315255,0.824641,1.00073,41.0000,4.3300,0.0064
candidate-fast,302,46.0000,8.0000,0.0000,2.3192,0.5744,0.086783,-0.000283398,0.751787,1.00007,54.0000,4.0376,0.0007
candidate-fast,303,50.0000,13.0000,0.0000,2.2980,0.5596,0.080743,4.32376e-05,0.84961,1.00058,63.0000,4.1064,0.0073
candidate-fast,304,47.0000,6.0000,0.0000,2.1761,0.6193,0.088133,-0.00177229,0.756686,0.997968,53.0000,3.5136,0.0024
candidate-fast,305,45.0000,13.0000,0.0000,2.3380,0.5476,0.070043,-0.000805281,0.934715,1.00177,58.0000,4.2695,0.0024
candidate-fast,306,41.0000,11.0000,0.0000,2.0536,0.5810,0.062515,0.000441667,0.895941,0.998424,52.0000,3.5346,0.0088
candidate-fast,307,46.0000,10.0000,0.0000,2.1172,0.6161,0.077868,0.000370055,0.803921,1.00025,56.0000,3.4364,0.0088
candidate-fast,308,43.0000,15.0000,0.0000,2.3407,0.6160,0.061114,-0.000999506,0.889754,0.999905,58.0000,3.7998,0.0021
candidate-fast,309,45.0000,10.0000,0.0000,2.1182,0.6017,0.074266,-0.00214768,0.715407,0.999259,55.0000,3.5204,0.0023
candidate-fast,310,47.0000,12.0000,1.0000,1.9961,0.5612,0.074604,-0.00124404,0.79623,1.00122,60.0000,3.5570,0.0172
candidate-fast,311,39.0000,10.0000,0.0000,2.1837,0.5851,0.058058,-0.0019143,0.763627,0.997526,49.0000,3.7321,0.0077
candidate-fast,312,37.0000,16.0000,0.0000,2.0028,0.5483,0.038418,-5.60499e-05,0.931859,0.99633,53.0000,3.6526,0.0072
candidate-fast,313,38.0000,14.0000,0.0000,1.9749,0.5491,0.047320,-0.00136861,0.84916,1.00103,52.0000,3.5966,0.0025
candidate-fast,314,41.0000,14.0000,0.0000,2.4526,0.5311,0.058001,-4.25588e-05,0.944857,1.00031,55.0000,4.6180,0.0088
candidate-fast,315,47.0000,18.0000,0.0000,1.9932,0.5857,0.065204,-0.00225521,1.23819,1.00047,65.0000,3.4034,0.0339
candidate-fast,316,39.0000,15.0000,0.0000,2.3102,0.5710,0.052502,-0.000361503,0.728026,0.999854,54.0000,4.0458,0.0124
candidate-fast,317,51.0000,10.0000,0.0000,2.2454,0.6376,0.091439,8.66495e-05,1.05652,1.00103,61.0000,3.5220,0.0237
candidate-fast,318,44.0000,10.0000,0.0000,2.2816,0.6326,0.079895,-0.00165334,0.842183,0.99881,54.0000,3.6067,0.0229
candidate-fast,319,45.0000,9.0000,0.0000,2.1398,0.6428,0.082719,-0.0010496,0.894082,0.99916,54.0000,3.3289,0.0223
candidate-fast,320,47.0000,10.0000,0.0000,2.3666,0.6613,0.082210,-0.00123529,0.928885,0.999612,57.0000,3.5786,0.0192
candidate-fast,321,49.0000,12.0000,0.0000,2.2316,0.5983,0.082827,-0.00124446,0.896483,1.00072,61.0000,3.7297,0.0020
candidate-fast,322,45.0000,9.0000,0.0000,2.1284,0.6378,0.078331,-0.000525867,0.658978,0.999293,54.0000,3.3369,0.0011
candidate-fast,323,41.0000,14.0000,0.0000,1.9239,0.6063,0.056945,-0.000827845,0.894417,1.00102,55.0000,3.1733,0.0020
candidate-fast,324,49.0000,12.0000,0.0000,2.0863,0.5943,0.083690,0.000343994,0.912046,1.0008,61.0000,3.5103,0.0001
candidate-fast,325,44.0000,18.0000,1.0000,2.1744,0.5611,0.057642,-0.00168924,1.03377,0.999905,63.0000,3.8750,0.0039
candidate-fast,326,47.0000,12.0000,0.0000,1.9231,0.6593,0.078257,0.00076359,0.786633,1.00129,59.0000,2.9170,0.0311
candidate-fast,327,42.0000,10.0000,0.0000,2.1924,0.5730,0.069998,0.000206941,0.683472,1.00055,52.0000,3.8264,0.0247
candidate-fast,328,48.0000,8.0000,0.0000,2.3382,0.6429,0.089593,-0.000841989,0.569187,1.00005,56.0000,3.6370,0.0254
candidate-fast,329,42.0000,12.0000,0.0000,2.2645,0.5899,0.068299,-0.000276372,0.800299,0.99973,54.0000,3.8387,0.0111
candidate-fast,330,45.0000,15.0000,0.0000,2.0585,0.5741,0.071433,-0.00182191,0.821832,1.00122,60.0000,3.5859,0.0033
candidate-fast,331,53.0000,16.0000,0.0000,2.1917,0.6175,0.082406,-0.00384605,0.956672,0.999681,69.0000,3.5493,0.0085
candidate-fast,332,41.0000,18.0000,0.0000,2.0473,0.6498,0.050133,-0.002801,1.05456,0.998761,59.0000,3.1509,0.0037
candidate-fast,333,46.0000,20.0000,0.0000,2.0492,0.6257,0.060498,-0.0024074,1.10615,1.00041,66.0000,3.2749,0.0037
candidate-fast,334,49.0000,8.0000,0.0000,2.2986,0.6249,0.098676,-0.000566267,0.77875,1.00093,57.0000,3.6781,0.0100
candidate-fast,335,46.0000,10.0000,0.0000,2.0082,0.6188,0.078589,-0.000580842,0.734621,1.00028,56.0000,3.2454,0.0005
candidate-fast,336,49.0000,10.0000,0.0000,2.1644,0.6529,0.089980,-0.00167844,0.742647,1.00234,59.0000,3.3149,0.0005
candidate-fast,337,48.0000,16.0000,0.0000,2.2637,0.6360,0.070377,-0.00112294,0.957565,1.00196,64.0000,3.5592,0.0127
candidate-fast,338,45.0000,9.0000,0.0000,2.3183,0.6272,0.083599,-0.000464635,0.844107,0.999323,54.0000,3.6965,0.0020
candidate-fast,339,47.0000,11.0000,0.0000,2.0030,0.6404,0.079891,-0.00217344,0.753137,0.999298,58.0000,3.1279,0.0004
candidate-fast,340,46.0000,15.0000,0.0000,2.2603,0.6327,0.066535,-0.000599343,0.842495,0.99847,61.0000,3.5728,0.0025
candidate-fast,341,33.0000,14.0000,0.0000,1.9724,0.5454,0.038599,-0.000813658,0.90948,1.00111,47.0000,3.6164,0.0015
candidate-fast,342,43.0000,16.0000,0.0000,1.8475,0.5455,0.057443,-0.000374869,0.835699,0.999954,59.0000,3.3871,0.0114
candidate-fast,343,53.0000,16.0000,0.0000,2.3558,0.6547,0.085639,-0.00181442,0.88787,0.999207,69.0000,3.5983,0.0044
candidate-fast,344,45.0000,14.0000,0.0000,2.1581,0.6582,0.070369,-0.00247662,0.858697,1.0012,59.0000,3.2786,0.0114
candidate-fast,345,45.0000,12.0000,0.0000,2.1823,0.6112,0.074132,-0.00119098,0.780976,0.999606,57.0000,3.5707,0.0114
candidate-fast,346,39.0000,17.0000,0.0000,2.2776,0.6044,0.048573,-0.00100267,0.894327,1.00121,56.0000,3.7686,0.0027
candidate-fast,347,53.0000,13.0000,0.0000,2.0617,0.6422,0.093129,-0.0020268,0.863757,1.00023,66.0000,3.2105,0.0098
candidate-fast,348,42.0000,13.0000,0.0000,2.3031,0.6337,0.067661,-0.000496562,1.01697,0.999362,55.0000,3.6344,0.0130
candidate-fast,349,44.0000,10.0000,0.0000,2.1130,0.6285,0.070150,-0.00177033,0.701928,0.998864,54.0000,3.3622,0.0029
candidate-fast,350,44.0000,14.0000,0.0000,1.9835,0.6418,0.063040,-0.000487507,0.885322,1.00104,58.0000,3.0905,0.0022
candidate-fast,351,43.0000,10.0000,0.0000,2.2959,0.5838,0.070304,0.00125987,0.691181,0.99989,53.0000,3.9325,0.0016
candidate-fast,352,34.0000,12.0000,1.0000,2.1338,0.5659,0.043635,-0.000976006,0.761687,0.999435,47.0000,3.7709,0.0022
candidate-fast,353,52.0000,13.0000,0.0000,2.1639,0.5425,0.084153,-8.47857e-05,0.898182,0.999045,65.0000,3.9891,0.0022
candidate-fast,354,47.0000,7.0000,0.0000,2.1486,0.5889,0.087433,-0.000863164,0.651999,1.00006,54.0000,3.6485,0.0022
candidate-fast,355,39.0000,12.0000,0.0000,2.1845,0.6143,0.057592,-0.00222626,0.88949,1.00213,51.0000,3.5561,0.0002
candidate-fast,356,43.0000,11.0000,0.0000,2.2900,0.6885,0.070675,-9.40247e-05,0.733469,0.999134,54.0000,3.3261,0.0002
candidate-fast,357,43.0000,14.0000,0.0000,1.9960,0.5970,0.062221,-0.00222596,0.792442,1.00059,57.0000,3.3432,0.0002
candidate-fast,358,37.0000,8.0000,0.0000,2.2912,0.5634,0.055172,-0.00242221,0.437311,0.997834,45.0000,4.0669,0.0002
candidate-fast,359,39.0000,7.0000,1.0000,2.4562,0.5846,0.065074,-0.00110286,0.615564,0.997849,47.0000,4.2015,0.0022
candidate-fast,360,46.0000,9.0000,1.0000,2.2950,0.5492,0.077945,-0.00142718,0.724012,0.999357,56.0000,4.1790,0.0043
candidate-fast,361,35.0000,10.0000,1.0000,2.3625,0.5577,0.049321,-0.000339903,0.749016,1.00045,46.0000,4.2363,0.0040
candidate-fast,362,45.0000,13.0000,0.0000,2.1215,0.5670,0.069933,-0.00139315,0.737486,1.00025,58.0000,3.7419,0.0040
candidate-fast,363,45.0000,12.0000,0.0000,2.3838,0.6113,0.068203,-0.00206147,0.739815,1.00041,57.0000,3.8997,0.0003
candidate-fast,364,38.0000,13.0000,1.0000,2.2261,0.5948,0.045328,-0.00176091,0.677725,1.00047,52.0000,3.7425,0.0029
candidate-fast,365,34.0000,10.0000,0.0000,2.0753,0.6188,0.042816,-0.00163352,0.694095,1.00013,44.0000,3.3536,0.0018
candidate-fast,366,38.0000,10.0000,1.0000,2.4735,0.5600,0.049299,0.0006003,0.658763,0.998727,49.0000,4.4170,0.0071
candidate-fast,367,39.0000,8.0000,0.0000,2.3580,0.5842,0.058792,-0.000974667,0.92713,0.999993,47.0000,4.0364,0.0071
candidate-fast,368,38.0000,4.0000,1.0000,2.1616,0.5102,0.069908,-0.00209827,0.507026,0.997749,43.0000,4.2368,0.0070
candidate-fast,369,42.0000,9.0000,0.0000,2.5069,0.6106,0.065803,-0.00106992,0.915779,1.00044,51.0000,4.1055,0.0316
candidate-fast,370,38.0000,6.0000,2.0000,2.4396,0.5224,0.067388,-0.000961283,0.58383,1.00167,46.0000,4.6696,0.0103
candidate-fast,371,44.0000,6.0000,0.0000,2.2055,0.5944,0.081388,-0.00052787,0.582098,0.997659,50.0000,3.7104,0.0053
candidate-fast,372,41.0000,13.0000,2.0000,2.4397,0.5384,0.058200,-0.00173267,0.730832,1.00126,56.0000,4.5313,0.0042
candidate-fast,373,41.0000,14.0000,3.0000,2.4174,0.5665,0.056743,-0.00188238,0.798947,1.00044,58.0000,4.2673,0.0156
candidate-fast,374,39.0000,10.0000,0.0000,2.2823,0.5846,0.062142,-0.00203982,0.648909,0.998986,49.0000,3.9039,0.0030
candidate-fast,375,51.0000,20.0000,1.0000,2.1410,0.5403,0.070179,-0.00102753,1.24256,1.00069,72.0000,3.9625,0.0080
candidate-fast,376,48.0000,12.0000,0.0000,2.0354,0.6401,0.080123,-0.000500185,0.619397,1.00101,60.0000,3.1798,0.0080
candidate-fast,377,39.0000,9.0000,0.0000,2.2984,0.6306,0.063458,-0.00291074,0.61396,0.998926,48.0000,3.6448,0.0007
candidate-fast,378,35.0000,9.0000,0.0000,1.8979,0.5888,0.051377,8.50587e-05,0.598332,0.999832,44.0000,3.2232,0.0048
candidate-fast,379,48.0000,9.0000,2.0000,2.3716,0.5061,0.083891,-0.000975637,0.801032,1.00145,59.0000,4.6860,0.0048
candidate-fast,380,37.0000,14.0000,0.0000,2.1450,0.5829,0.045846,-0.00182981,0.851482,0.998384,51.0000,3.6796,0.0048
candidate-fast,381,45.0000,14.0000,0.0000,2.3348,0.6211,0.068549,-0.000787046,0.852972,0.999705,59.0000,3.7592,0.0110
candidate-fast,382,45.0000,12.0000,1.0000,2.1186,0.5879,0.070059,-0.00149409,0.789566,0.999398,58.0000,3.6036,0.0110
candidate-fast,383,49.0000,7.0000,0.0000,2.1963,0.6006,0.091492,-0.00118246,0.70847,0.999042,56.0000,3.6570,0.0115
candidate-fast,384,38.0000,8.0000,0.0000,2.1747,0.6718,0.063869,-0.000200625,0.575849,1.00044,46.0000,3.2372,0.0098
candidate-fast,385,42.0000,11.0000,0.0000,2.0949,0.5993,0.063196,0.000606075,0.689062,0.999243,53.0000,3.4955,0.0057
candidate-fast,386,42.0000,9.0000,2.0000,2.2121,0.5328,0.067474,-0.00235581,0.683213,0.9997,53.0000,4.1515,0.0018
candidate-fast,387,40.0000,11.0000,0.0000,2.3800,0.5883,0.060588,-0.00184184,0.816951,1.00038,51.0000,4.0453,0.0018
candidate-fast,388,37.0000,11.0000,0.0000,2.2622,0.5436,0.051979,-0.00162743,0.697434,1.00102,48.0000,4.1613,0.0011
candidate-fast,389,45.0000,8.0000,0.0000,2.2848,0.6300,0.076552,-0.000916423,0.728617,1.00063,53.0000,3.6266,0.0018
candidate-fast,390,33.0000,9.0000,1.0000,2.4699,0.5886,0.042253,-0.00130896,0.74893,1.00139,43.0000,4.1963,0.0018
candidate-fast,391,35.0000,6.0000,0.0000,2.2281,0.5974,0.052930,-0.000304308,0.680401,1.00088,41.0000,3.7295,0.0018
candidate-fast,392,47.0000,7.0000,1.0000,2.4169,0.5517,0.079550,-0.0013023,0.837352,1.0005,55.0000,4.3811,0.0018
candidate-fast,393,31.0000,3.0000,1.0000,2.5312,0.6039,0.046622,0.000199604,0.499853,0.999324,35.0000,4.1912,0.0014
candidate-fast,394,32.0000,6.0000,2.0000,2.2367,0.5145,0.041477,6.40624e-05,0.387092,0.999814,40.0000,4.3473,0.0014
candidate-fast,395,31.0000,5.0000,0.0000,2.2414,0.5689,0.039302,-0.00207442,0.490161,0.99897,36.0000,3.9397,0.0014
candidate-fast,396,35.0000,11.0000,0.0000,2.1543,0.4956,0.037430,-0.00100217,0.77257,0.999562,46.0000,4.3465,0.0014
candidate-fast,397,34.0000,5.0000,2.0000,2.5147,0.4762,0.053896,-0.00162179,0.620233,1.00085,41.0000,5.2805,0.0014
candidate-fast,398,33.0000,10.0000,1.0000,2.5582,0.5103,0.038751,-0.00265561,0.729589,1.00023,44.0000,5.0128,0.0014
candidate-fast,399,38.0000,10.0000,4.0000,2.3198,0.4777,0.049903,-0.00114324,0.87199,1.00026,52.0000,4.8564,0.0014
candidate-fast,400,37.0000,10.0000,2.0000,2.5035,0.5232,0.052661,-0.00132088,0.848477,0.99882,49.0000,4.7845,0.0014
candidate-fast,401,36.0000,13.0000,4.0000,2.2878,0.5291,0.041370,-0.000709202,0.787209,0.999088,53.0000,4.3242,0.0014
candidate-fast,402,42.0000,12.0000,1.0000,2.2053,0.5249,0.059807,-0.0011921,0.758575,0.998741,55.0000,4.2017,0.0084
candidate-fast,403,43.0000,7.0000,3.0000,2.4660,0.5323,0.076128,-0.0021016,0.831018,0.997936,53.0000,4.6329,0.0057
candidate-fast,404,35.0000,12.0000,1.0000,2.3999,0.6065,0.043392,-0.00145911,0.683994,1.00083,48.0000,3.9567,0.0144
candidate-fast,405,40.0000,8.0000,1.0000,2.3833,0.5654,0.062427,-0.000338652,0.774753,1.00003,49.0000,4.2151,0.0327
candidate-fast,406,37.0000,9.0000,2.0000,2.3313,0.5261,0.053649,-0.00119977,0.66478,0.997792,48.0000,4.4313,0.0021
candidate-fast,407,40.0000,15.0000,1.0000,2.0731,0.5285,0.048088,-0.00122529,0.874969,1.00214,56.0000,3.9227,0.0311
candidate-fast,408,38.0000,10.0000,2.0000,2.3868,0.5662,0.056755,-0.000728566,0.713339,0.998645,50.0000,4.2156,0.0036
candidate-fast,409,38.0000,14.0000,0.0000,1.9356,0.5688,0.046466,-0.000983105,0.876735,0.999489,52.0000,3.4031,0.0008
candidate-fast,410,42.0000,6.0000,1.0000,2.2712,0.5586,0.073759,-0.00130697,0.657138,1.00182,49.0000,4.0659,0.0129
candidate-fast,411,42.0000,12.0000,0.0000,2.1300,0.6033,0.062261,-0.000921048,0.695901,1.00099,54.0000,3.5306,0.0010
candidate-fast,412,40.0000,10.0000,1.0000,2.2085,0.5943,0.058127,-0.000965534,0.853901,1.00082,51.0000,3.7159,0.0067
candidate-fast,413,37.0000,6.0000,1.0000,2.5236,0.5517,0.059186,0.000547184,0.626428,1.00087,44.0000,4.5739,0.0076
candidate-fast,414,40.0000,15.0000,0.0000,2.2429,0.5672,0.047433,-0.00219892,0.940748,0.99915,55.0000,3.9544,0.0319
candidate-fast,415,31.0000,13.0000,2.0000,2.2562,0.5070,0.029803,-8.68156e-05,0.852689,1.00009,46.0000,4.4498,0.0240
candidate-fast,416,34.0000,9.0000,4.0000,2.6315,0.4985,0.048905,0.000209056,0.679069,1.00046,47.0000,5.2786,0.0087
candidate-fast,417,37.0000,7.0000,0.0000,2.4897,0.5542,0.063163,-0.00160171,0.87848,1.00008,44.0000,4.4923,0.0087
candidate-fast,418,48.0000,8.0000,0.0000,2.3509,0.6030,0.081697,-0.000579363,0.793217,0.999663,56.0000,3.8984,0.0011
candidate-fast,419,43.0000,13.0000,2.0000,2.2516,0.4954,0.059679,0.00023428,0.902064,1.00045,58.0000,4.5450,0.0032
candidate-fast,420,34.0000,13.0000,0.0000,1.9137,0.5743,0.038228,-0.0013662,0.797469,1.00065,47.0000,3.3323,0.0032
candidate-fast,421,41.0000,10.0000,0.0000,2.2116,0.6114,0.060728,-0.000193839,0.79308,0.998143,51.0000,3.6173,0.0032
candidate-fast,422,32.0000,17.0000,0.0000,2.0748,0.6064,0.019135,-0.00011462,0.702679,1.00025,49.0000,3.4212,0.0034
candidate-fast,423,28.0000,8.0000,1.0000,2.2782,0.5295,0.030239,-0.000348041,0.524102,0.999517,37.0000,4.3025,0.0034
candidate-fast,424,34.0000,5.0000,0.0000,2.3052,0.5321,0.050754,-0.000733391,0.64231,1.00055,39.0000,4.3321,0.0012
candidate-fast,425,44.0000,8.0000,1.0000,2.4705,0.5654,0.070431,-0.00189975,0.790493,1.00062,53.0000,4.3697,0.0034
candidate-fast,426,39.0000,9.0000,2.0000,2.3656,0.4762,0.059203,-0.00103444,0.724698,1.00085,50.0000,4.9680,0.0016
candidate-fast,427,41.0000,11.0000,1.0000,2.2011,0.5655,0.057634,-0.00109174,0.834591,1.00097,53.0000,3.8925,0.0062
candidate-fast,428,34.0000,6.0000,2.0000,2.3611,0.4661,0.051970,-0.000848958,0.74948,1.00108,42.0000,5.0655,0.0062
candidate-fast,429,34.0000,11.0000,1.0000,2.0489,0.5773,0.037692,0.000246671,0.759154,1.00102,46.0000,3.5491,0.0062
candidate-fast,430,34.0000,13.0000,1.0000,2.1987,0.5120,0.033996,-0.00105255,0.8212,1.0008,48.0000,4.2946,0.0083
candidate-fast,431,32.0000,10.0000,0.0000,2.3187,0.5679,0.037738,-0.000635204,0.843046,0.999553,42.0000,4.0831,0.0083
candidate-fast,432,46.0000,7.0000,1.0000,2.3104,0.5877,0.079520,-0.00140918,0.80981,0.999849,54.0000,3.9311,0.0162
candidate-fast,433,32.0000,11.0000,1.0000,2.2835,0.4939,0.038622,-0.00170347,0.727984,0.999944,44.0000,4.6239,0.0254
candidate-fast,434,40.0000,8.0000,3.0000,2.5880,0.5098,0.063904,-0.00020652,0.779517,0.999576,51.0000,5.0767,0.0155
candidate-fast,435,37.0000,12.0000,1.0000,2.2822,0.5461,0.048378,-0.000813234,0.837313,1.00074,50.0000,4.1792,0.0263
candidate-fast,436,39.0000,6.0000,0.0000,2.2468,0.5941,0.062897,0.000120553,0.708646,0.999348,45.0000,3.7818,0.0095
candidate-fast,437,40.0000,16.0000,3.0000,2.3512,0.5273,0.042390,-0.00195122,1.03936,1.00008,59.0000,4.4588,0.0155
candidate-fast,438,28.0000,12.0000,0.0000,2.2480,0.5917,0.021531,-0.00128115,0.775006,0.999353,40.0000,3.7990,0.0018
candidate-fast,439,36.0000,13.0000,2.0000,2.4089,0.5020,0.039453,0.000195207,1.04754,0.999253,51.0000,4.7987,0.0018
candidate-fast,440,31.0000,10.0000,2.0000,2.2853,0.5426,0.038434,-0.000365121,0.650462,0.998288,43.0000,4.2116,0.0250
candidate-fast,441,42.0000,8.0000,1.0000,2.4323,0.5726,0.064770,-0.000339603,0.68443,1.00005,51.0000,4.2481,0.0263
candidate-fast,442,39.0000,8.0000,1.0000,2.1606,0.5001,0.059883,-0.000525377,0.90667,1.00104,48.0000,4.3204,0.0194
candidate-fast,443,34.0000,7.0000,2.0000,2.3526,0.5178,0.048926,-0.00164467,0.655779,1.00181,43.0000,4.5433,0.0091
candidate-fast,444,37.0000,7.0000,0.0000,2.2037,0.5415,0.054668,-0.00187678,0.75593,0.998922,44.0000,4.0700,0.0091
candidate-fast,445,37.0000,7.0000,0.0000,2.2173,0.4929,0.058757,-3.35721e-05,0.692963,1.00171,44.0000,4.4982,0.0082
candidate-fast,446,49.0000,13.0000,1.0000,2.4469,0.5882,0.073260,-0.000539904,1.0059,0.999102,63.0000,4.1599,0.0091
candidate-fast,447,30.0000,9.0000,2.0000,2.2109,0.5293,0.038570,-0.000465342,0.737808,1.00045,41.0000,4.1769,0.0037
candidate-fast,448,43.0000,17.0000,1.0000,2.2701,0.5370,0.052396,-0.00254656,1.01165,1.00014,61.0000,4.2277,0.0012
candidate-fast,449,35.0000,7.0000,1.0000,2.2616,0.5641,0.052935,-0.000952506,0.636789,1.00122,43.0000,4.0088,0.0012
candidate-fast,450,45.0000,9.0000,1.0000,2.1459,0.5433,0.079212,0.00124678,0.694862,0.998921,55.0000,3.9495,0.0012
candidate-fast,451,38.0000,10.0000,1.0000,2.1523,0.5552,0.053240,-0.00157707,0.75219,0.999478,49.0000,3.8765,0.0012
candidate-fast,452,38.0000,9.0000,3.0000,2.6046,0.4999,0.057562,-0.00135166,0.759632,0.999677,50.0000,5.2104,0.0012
candidate-fast,453,40.0000,16.0000,2.0000,2.1474,0.5538,0.045011,-0.00317055,0.943261,0.999256,58.0000,3.8773,0.0030
candidate-fast,454,31.0000,13.0000,1.0000,2.1703,0.5376,0.032966,-0.00153164,0.785235,0.999515,45.0000,4.0367,0.0043
candidate-fast,455,48.0000,10.0000,0.0000,2.4043,0.5916,0.077071,-0.000139487,0.860512,0.999886,58.0000,4.0641,0.0072
candidate-fast,456,35.0000,8.0000,0.0000,2.2058,0.5644,0.052592,0.000865728,0.698649,0.998852,43.0000,3.9082,0.0109
candidate-fast,457,47.0000,12.0000,0.0000,2.1476,0.5741,0.072919,-1.16173e-05,0.907362,0.9992,59.0000,3.7409,0.0159
candidate-fast,458,33.0000,11.0000,0.0000,1.9941,0.5406,0.037543,-0.00110321,0.779379,1.00097,44.0000,3.6886,0.0091
candidate-fast,459,40.0000,6.0000,0.0000,2.2410,0.6343,0.062682,-0.00121764,0.643507,1.00112,46.0000,3.5333,0.0062
candidate-fast,460,36.0000,5.0000,1.0000,2.4812,0.5598,0.055137,-0.000301438,0.643808,1.00115,42.0000,4.4326,0.0062
candidate-fast,461,38.0000,9.0000,0.0000,2.2720,0.5502,0.049820,-0.00140942,0.686962,1.00048,47.0000,4.1296,0.0062
candidate-fast,462,26.0000,10.0000,1.0000,2.2417,0.5072,0.017152,-0.000920399,0.694105,0.998494,37.0000,4.4200,0.0091
candidate-fast,463,22.0000,11.0000,2.0000,2.6320,0.5002,0.004514,-0.000196734,0.71228,1.00177,35.0000,5.2621,0.0022
candidate-fast,464,38.0000,6.0000,1.0000,2.6829,0.4924,0.057489,-0.000538516,0.837081,0.997714,45.0000,5.4492,0.0088
candidate-fast,465,29.0000,4.0000,1.0000,2.7743,0.4985,0.038768,0.000393344,0.657864,0.998616,34.0000,5.5656,0.0219
candidate-fast,466,29.0000,12.0000,0.0000,2.4749,0.5796,0.016899,-0.00257728,0.783947,0.998698,41.0000,4.2700,0.0181
candidate-fast,467,25.0000,8.0000,0.0000,2.2548,0.5065,0.020690,-0.00219698,0.636647,0.998739,33.0000,4.4515,0.0124
candidate-fast,468,31.0000,7.0000,1.0000,2.7351,0.5485,0.037544,-0.00187392,0.633014,1.00091,39.0000,4.9862,0.0070
candidate-fast,469,33.0000,11.0000,2.0000,2.8380,0.4843,0.031553,-0.000500868,0.886966,0.99952,46.0000,5.8598,0.0142
candidate-fast,470,31.0000,5.0000,2.0000,2.9494,0.4869,0.044486,-0.00103193,0.60953,1.00061,38.0000,6.0569,0.0167
candidate-fast,471,29.0000,6.0000,4.0000,2.8701,0.4727,0.032292,6.50459e-06,0.714635,0.999107,39.0000,6.0713,0.0166
candidate-fast,472,34.0000,7.0000,1.0000,2.5656,0.5651,0.043014,0.000235155,0.726142,1.00013,42.0000,4.5400,0.0041
candidate-fast,473,34.0000,5.0000,1.0000,2.5353,0.5243,0.050235,-0.00262192,0.792055,0.999397,40.0000,4.8353,0.0041
candidate-fast,474,33.0000,3.0000,0.0000,2.6821,0.5166,0.051202,-0.000371468,0.633413,0.999434,36.0000,5.1914,0.0025
candidate-fast,475,32.0000,9.0000,1.0000,2.4144,0.4906,0.034297,-0.00172066,0.748632,0.998969,42.0000,4.9212,0.0025
candidate-fast,476,26.0000,12.0000,1.0000,2.5131,0.4741,0.016691,-0.00133195,0.794011,0.998143,39.0000,5.3006,0.0028
candidate-fast,477,35.0000,6.0000,3.0000,2.4844,0.4879,0.049210,-0.00103985,0.868564,1.00003,44.0000,5.0921,0.0028
candidate-fast,478,40.0000,6.0000,2.0000,2.6540,0.5207,0.061894,-0.00376067,0.768751,0.999283,48.0000,5.0965,0.0017
candidate-fast,479,34.0000,6.0000,0.0000,2.7087,0.6008,0.050078,-0.000685503,0.682875,0.99945,40.0000,4.5085,0.0017
candidate-fast,480,33.0000,12.0000,2.0000,2.3549,0.4941,0.030496,1.91812e-05,0.832808,1.00071,47.0000,4.7660,0.0028
candidate-fast,481,29.0000,14.0000,0.0000,2.2217,0.5051,0.020640,-0.00288275,0.754623,1.00084,43.0000,4.3989,0.0000
candidate-fast,482,36.0000,9.0000,1.0000,2.6298,0.5472,0.049240,-0.00140231,0.848046,1.00003,46.0000,4.8063,0.0000
candidate-fast,483,44.0000,11.0000,1.0000,2.4395,0.5151,0.063604,-0.00031616,1.08942,1.00128,56.0000,4.7361,0.0046
candidate-fast,484,40.0000,13.0000,1.0000,2.2948,0.4953,0.054176,-0.00171544,1.02696,0.99926,54.0000,4.6335,0.0061
candidate-fast,485,41.0000,10.0000,0.0000,2.1597,0.6018,0.064157,-0.00140873,0.744489,1.00068,51.0000,3.5886,0.0168
candidate-fast,486,38.0000,13.0000,1.0000,2.2713,0.6478,0.046770,-0.00134768,0.998377,0.999435,52.0000,3.5063,0.0032
candidate-fast,487,38.0000,7.0000,0.0000,2.3074,0.5546,0.063327,0.00016232,0.781057,1.001,45.0000,4.1602,0.0089
candidate-fast,488,33.0000,9.0000,0.0000,2.4262,0.6465,0.041866,-0.00126206,0.761228,0.999043,42.0000,3.7526,0.0012
candidate-fast,489,43.0000,17.0000,3.0000,2.3768,0.5088,0.051802,-0.00138273,0.934929,1.00133,63.0000,4.6715,0.0168
candidate-fast,490,38.0000,10.0000,1.0000,2.4343,0.5663,0.057021,-0.00118638,0.805421,1.00091,49.0000,4.2986,0.0084
candidate-fast,491,42.0000,8.0000,0.0000,2.2936,0.6031,0.070074,-0.00132031,0.911159,1.00094,50.0000,3.8032,0.0011
candidate-fast,492,36.0000,7.0000,2.0000,2.6867,0.5636,0.056914,0.000697838,0.731914,0.999526,45.0000,4.7674,0.0140
candidate-fast,493,41.0000,9.0000,0.0000,2.1208,0.5662,0.066622,0.000441294,0.671791,0.999545,50.0000,3.7456,0.0186
candidate-fast,494,44.0000,13.0000,1.0000,2.2802,0.6051,0.064296,-0.000213379,0.825524,0.999693,58.0000,3.7685,0.0193
candidate-fast,495,41.0000,5.0000,0.0000,2.1564,0.5694,0.073342,-0.00194243,0.542056,1.00043,46.0000,3.7874,0.0102
candidate-fast,496,45.0000,7.0000,0.0000,2.1154,0.5806,0.079620,-0.00165551,0.839115,1.00006,52.0000,3.6433,0.0155
candidate-fast,497,43.0000,10.0000,1.0000,2.2308,0.5703,0.070792,-0.000420944,1.01919,0.998313,54.0000,3.9113,0.0155
candidate-fast,498,40.0000,9.0000,1.0000,2.1886,0.5748,0.064237,-0.00094284,0.641098,1.00038,50.0000,3.8074,0.0113
candidate-fast,499,42.0000,15.0000,1.0000,2.4125,0.5795,0.059514,-0.000530672,0.888896,0.999607,58.0000,4.1633,0.0028
candidate-fast,500,44.0000,5.0000,0.0000,2.2965,0.6444,0.084815,-0.00153587,0.648883,0.999345,49.0000,3.5639,0.0155
candidate-fast,501,43.0000,10.0000,3.0000,2.4080,0.5049,0.070066,-0.00248119,0.710866,0.998645,56.0000,4.7695,0.0002
candidate-fast,502,44.0000,11.0000,1.0000,2.3902,0.5619,0.072591,-0.00208719,0.921451,0.999734,56.0000,4.2541,0.0155
candidate-fast,503,45.0000,12.0000,0.0000,2.1495,0.6521,0.074561,-0.0013638,0.930455,1.0013,57.0000,3.2963,0.0091
candidate-fast,504,56.0000,11.0000,2.0000,2.3561,0.5743,0.104585,-0.0022506,0.852994,0.999716,69.0000,4.1028,0.0101
candidate-fast,505,39.0000,12.0000,0.0000,2.1704,0.6726,0.059122,-0.000361107,0.787107,1.00214,51.0000,3.2269,0.0020
candidate-fast,506,41.0000,17.0000,0.0000,1.9448,0.6297,0.050574,0.00162639,0.779373,0.999646,58.0000,3.0886,0.0132
candidate-fast,507,45.0000,13.0000,2.0000,2.2672,0.5951,0.071546,-0.000149141,0.845323,0.9995,60.0000,3.8097,0.0009
candidate-fast,508,48.0000,13.0000,0.0000,2.1269,0.6133,0.079780,-0.00268794,0.978868,0.998523,61.0000,3.4682,0.0009
candidate-fast,509,45.0000,10.0000,0.0000,2.0861,0.6374,0.078640,-0.00112833,0.821545,0.998773,55.0000,3.2731,0.0009
candidate-fast,510,54.0000,14.0000,1.0000,2.1915,0.5893,0.090685,0.000211294,0.989134,0.999155,69.0000,3.7184,0.0204
candidate-fast,511,33.0000,6.0000,0.0000,2.3879,0.6579,0.059721,0.000267555,0.613202,0.999543,39.0000,3.6295,0.0145
candidate-fast,512,48.0000,12.0000,0.0000,2.1059,0.6300,0.082425,-0.00110424,0.826336,0.998745,60.0000,3.3425,0.0204
candidate-fast,513,54.0000,7.0000,0.0000,2.3879,0.5909,0.106994,-0.00136242,0.78683,0.999321,61.0000,4.0410,0.0083
candidate-fast,514,48.0000,18.0000,0.0000,2.0420,0.6251,0.066085,-0.000115998,0.854836,0.999571,66.0000,3.2665,0.0083
candidate-fast,515,40.0000,12.0000,0.0000,2.2874,0.6480,0.060479,-0.00238582,0.931588,0.999166,52.0000,3.5300,0.0204
candidate-fast,516,33.0000,10.0000,1.0000,2.2599,0.6240,0.043193,-0.00145922,0.652797,0.999945,44.0000,3.6218,0.0035
candidate-fast,517,48.0000,11.0000,0.0000,2.1562,0.5678,0.078394,-0.000419362,0.959911,1.00058,59.0000,3.7975,0.0010
candidate-fast,518,39.0000,12.0000,0.0000,2.3398,0.5976,0.054406,-0.00315702,0.812686,0.997842,51.0000,3.9151,0.0013
candidate-fast,519,41.0000,14.0000,0.0000,2.1583,0.6409,0.053272,-0.00161794,0.808657,0.998256,55.0000,3.3678,0.0120
candidate-fast,520,42.0000,14.0000,0.0000,2.1430,0.6134,0.058553,-0.00105884,0.7849,0.999722,56.0000,3.4938,0.0173
candidate-fast,521,46.0000,13.0000,0.0000,2.1408,0.5474,0.069427,0.000105842,0.752761,1.00018,59.0000,3.9107,0.0072
candidate-fast,522,43.0000,11.0000,1.0000,2.0959,0.6271,0.068357,-0.000541463,0.85352,0.999548,55.0000,3.3422,0.0024
candidate-fast,523,39.0000,7.0000,0.0000,2.2751,0.5569,0.066540,0.000115379,0.602245,0.99839,46.0000,4.0852,0.0046
candidate-fast,524,40.0000,12.0000,1.0000,2.3457,0.6193,0.058090,-0.00057004,0.840378,0.998755,53.0000,3.7877,0.0046
candidate-fast,525,42.0000,8.0000,0.0000,2.1805,0.6012,0.066307,-0.000652893,0.644461,0.998935,50.0000,3.6270,0.0013
candidate-fast,526,36.0000,9.0000,1.0000,2.4311,0.6152,0.052615,-0.000516289,0.801232,0.999856,46.0000,3.9515,0.0013
candidate-fast,527,33.0000,8.0000,0.0000,2.2353,0.6027,0.047603,-0.00267806,0.601279,1.00253,41.0000,3.7085,0.0283
candidate-fast,528,49.0000,6.0000,1.0000,2.5073,0.5628,0.093847,-0.000230494,0.818695,1.00035,56.0000,4.4548,0.0098
candidate-fast,529,45.0000,12.0000,3.0000,2.4888,0.5287,0.069248,-0.00138388,0.817049,1.00036,60.0000,4.7074,0.0233
candidate-fast,530,34.0000,14.0000,0.0000,2.0406,0.6269,0.038941,-0.000510686,0.767896,0.999668,48.0000,3.2552,0.0069
candidate-fast,531,43.0000,13.0000,0.0000,2.2458,0.5290,0.064643,-0.00217185,0.895317,1.00059,56.0000,4.2452,0.0035
candidate-fast,532,44.0000,11.0000,1.0000,2.3093,0.5921,0.073619,-0.000789376,1.06065,1.00044,56.0000,3.9000,0.0035
candidate-fast,533,48.0000,13.0000,2.0000,2.3197,0.5490,0.079721,-0.0004393,0.973804,0.996596,63.0000,4.2253,0.0035
candidate-fast,534,40.0000,10.0000,0.0000,2.1993,0.6313,0.064091,-0.00161233,0.663472,1.00116,50.0000,3.4836,0.0035
candidate-fast,535,43.0000,15.0000,0.0000,2.0083,0.6610,0.059667,-0.000679102,0.799874,1.00147,58.0000,3.0383,0.0012
candidate-fast,536,49.0000,11.0000,1.0000,2.2888,0.5821,0.084871,9.11239e-05,0.846854,1.0009,61.0000,3.9317,0.0013
candidate-fast,537,43.0000,13.0000,0.0000,2.1772,0.6261,0.062762,-0.00106635,1.06094,1.00087,56.0000,3.4775,0.0028
candidate-fast,538,38.0000,15.0000,1.0000,2.2189,0.5529,0.046608,-0.00194221,0.801885,1.00343,54.0000,4.0128,0.0035
candidate-fast,539,43.0000,12.0000,1.0000,2.3329,0.6014,0.064735,-0.000689725,0.871799,0.999872,56.0000,3.8793,0.0011
candidate-fast,540,40.0000,6.0000,0.0000,2.2637,0.6020,0.071427,-0.00042767,0.623427,1.00086,46.0000,3.7602,0.0045
candidate-fast,541,45.0000,12.0000,0.0000,2.1490,0.5775,0.070163,-0.00118989,0.745241,1.00055,57.0000,3.7214,0.0045
candidate-fast,542,41.0000,11.0000,0.0000,2.1106,0.6315,0.061333,0.000783785,0.721351,0.999658,52.0000,3.3419,0.0200
candidate-fast,543,49.0000,10.0000,0.0000,2.2588,0.6451,0.084647,4.28795e-05,0.853846,1.00084,59.0000,3.5014,0.0042
candidate-fast,544,41.0000,8.0000,0.0000,2.4076,0.6357,0.072470,-0.000611122,0.718487,1.00088,49.0000,3.7876,0.0042
candidate-fast,545,43.0000,16.0000,0.0000,2.3718,0.6094,0.054095,-0.00068771,0.941631,1.00076,59.0000,3.8921,0.0107
candidate-fast,546,36.0000,14.0000,0.0000,2.3750,0.6446,0.044061,-0.0004626,0.858346,1.00062,50.0000,3.6844,0.0093
candidate-fast,547,49.0000,12.0000,0.0000,2.2439,0.5695,0.082206,-0.00216742,0.86648,1.00108,61.0000,3.9399,0.0059
candidate-fast,548,44.0000,7.0000,1.0000,2.2078,0.6361,0.079152,0.000208844,0.656353,1.00116,52.0000,3.4706,0.0059
candidate-fast,549,35.0000,17.0000,0.0000,2.2780,0.5737,0.036260,-0.00254654,0.78331,1.00042,52.0000,3.9708,0.0059
candidate-fast,550,48.0000,8.0000,1.0000,2.1468,0.5988,0.084683,-0.00119999,0.962685,1.00098,57.0000,3.5853,0.0020
candidate-fast,551,32.0000,13.0000,1.0000,2.1072,0.5496,0.033309,-0.000410111,0.70297,1.0004,46.0000,3.8337,0.0044
candidate-fast,552,45.0000,11.0000,1.0000,2.0780,0.5462,0.070742,-0.000597865,0.840673,1.00035,57.0000,3.8042,0.0044
candidate-fast,553,45.0000,13.0000,0.0000,2.4937,0.5611,0.069198,-0.00181669,0.838069,0.998733,58.0000,4.4442,0.0091
candidate-fast,554,37.0000,16.0000,0.0000,1.9837,0.6511,0.034563,-0.00104262,0.906736,1.00016,53.0000,3.0466,0.0091
candidate-fast,555,31.0000,13.0000,1.0000,2.2019,0.5870,0.023598,-0.000559148,0.736999,1.00089,45.0000,3.7509,0.0037
candidate-fast,556,21.0000,9.0000,1.0000,2.1960,0.5829,0.005614,-0.00108108,0.536439,1.00069,31.0000,3.7671,0.0037
candidate-fast,557,26.0000,5.0000,1.0000,2.2612,0.5204,0.023584,-0.00143249,0.547361,1.00056,32.0000,4.3447,0.0027
candidate-fast,558,31.0000,8.0000,0.0000,2.4725,0.6060,0.029926,-0.00325763,0.762964,1.00019,39.0000,4.0798,0.0037
candidate-fast,559,21.0000,9.0000,0.0000,2.5607,0.5611,0.001381,-0.000766265,0.704849,1.00102,30.0000,4.5634,0.0037
candidate-fast,560,27.0000,5.0000,1.0000,2.7886,0.5328,0.029115,-0.00145706,0.73333,1.00177,33.0000,5.2337,0.0037
candidate-fast,561,38.0000,5.0000,1.0000,3.2824,0.5046,0.058503,0.000936808,0.744952,0.999437,44.0000,6.5046,0.0091
candidate-fast,562,36.0000,5.0000,1.0000,2.7339,0.5483,0.056721,-0.00128357,0.708677,1.00051,42.0000,4.9860,0.0091
candidate-fast,563,28.0000,11.0000,3.0000,2.7356,0.4767,0.024994,-0.00204493,0.673761,1.00007,42.0000,5.7384,0.0111
candidate-fast,564,27.0000,10.0000,2.0000,2.6300,0.5115,0.020037,-0.00315869,0.768444,0.998801,39.0000,5.1421,0.0035
candidate-fast,565,30.0000,15.0000,3.0000,2.8390,0.4923,0.019871,-0.00114111,0.889976,1.00062,48.0000,5.7667,0.0009
candidate-fast,566,38.0000,9.0000,3.0000,2.7446,0.5810,0.050353,-0.00134896,0.942692,0.998989,50.0000,4.7236,0.0009
candidate-fast,567,34.0000,12.0000,1.0000,2.4521,0.5239,0.037635,-0.000750523,0.93556,0.998256,47.0000,4.6803,0.0009
candidate-fast,568,42.0000,7.0000,0.0000,2.3332,0.6200,0.063941,-0.000200759,0.992065,1.00019,49.0000,3.7633,0.0009
candidate-fast,569,19.0000,15.0000,2.0000,2.3472,0.5220,-0.006327,-0.00133729,0.723779,1.00004,36.0000,4.4970,0.0009
candidate-fast,570,40.0000,8.0000,2.0000,2.7300,0.5535,0.061728,-0.000708512,0.93825,1.00041,50.0000,4.9318,0.0009
candidate-fast,571,40.0000,9.0000,1.0000,2.7607,0.4937,0.062358,-0.000273871,0.885153,1.00005,50.0000,5.5918,0.0009
candidate-fast,572,45.0000,8.0000,1.0000,2.3866,0.5481,0.077743,0.000365667,0.839096,1.00071,54.0000,4.3539,0.0009
candidate-fast,573,43.0000,10.0000,0.0000,2.5480,0.6007,0.067268,-0.00245247,0.921661,1.00053,53.0000,4.2419,0.0009
candidate-fast,574,32.0000,10.0000,0.0000,2.1657,0.5988,0.041805,-0.0023178,0.717414,0.99744,42.0000,3.6169,0.0009
candidate-fast,575,49.0000,17.0000,1.0000,2.2894,0.5999,0.068928,0.00010439,0.997383,0.999913,67.0000,3.8163,0.0235
candidate-fast,576,38.0000,7.0000,0.0000,1.9785,0.5910,0.070032,-0.00245609,0.688916,0.999617,45.0000,3.3476,0.0130
candidate-fast,577,45.0000,12.0000,0.0000,2.2041,0.5758,0.066820,0.000638687,0.972511,1.00035,57.0000,3.8277,0.0044
candidate-fast,578,39.0000,9.0000,1.0000,2.2474,0.5795,0.062487,-0.00101938,0.770218,0.99995,49.0000,3.8782,0.0050
candidate-fast,579,39.0000,14.0000,0.0000,2.5121,0.6173,0.054122,-0.000582706,0.896053,1.00014,53.0000,4.0698,0.0050
candidate-fast,580,41.0000,11.0000,2.0000,2.4074,0.6048,0.064341,-0.0018446,0.929775,0.999386,54.0000,3.9806,0.0037
candidate-fast,581,49.0000,9.0000,1.0000,2.3447,0.6214,0.085998,-0.000172308,0.733062,1.00112,59.0000,3.7734,0.0050
candidate-fast,582,37.0000,10.0000,0.0000,2.1139,0.6109,0.054458,-0.000363325,0.679852,0.997523,47.0000,3.4602,0.0050
candidate-fast,583,44.0000,10.0000,1.0000,2.2689,0.5536,0.072006,-0.000574091,0.813885,0.999704,55.0000,4.0987,0.0050
candidate-fast,584,35.0000,12.0000,2.0000,2.3076,0.5703,0.041647,-0.00165525,0.897538,0.999292,49.0000,4.0460,0.0050
candidate-fast,585,41.0000,10.0000,1.0000,2.3200,0.5606,0.056839,-0.000205248,0.750768,0.998577,52.0000,4.1381,0.0050
candidate-fast,586,23.0000,13.0000,1.0000,1.8790,0.4944,0.004533,-0.00121251,0.682358,1.00022,37.0000,3.8003,0.0101
candidate-fast,587,36.0000,12.0000,0.0000,2.7126,0.6572,0.040414,-0.000826061,0.863358,0.999244,48.0000,4.1277,0.0092
candidate-fast,588,38.0000,11.0000,0.0000,2.0510,0.5088,0.050552,-0.000237243,0.833071,1.00029,49.0000,4.0315,0.0101
candidate-fast,589,38.0000,8.0000,0.0000,2.5029,0.5501,0.059074,-0.00046783,0.816449,1.00042,46.0000,4.5503,0.0101
candidate-fast,590,43.0000,9.0000,1.0000,2.5683,0.5514,0.067984,-0.000997666,0.987483,0.999981,53.0000,4.6578,0.0101
candidate-fast,591,36.0000,10.0000,1.0000,2.5165,0.6028,0.048233,0.000233462,0.866797,0.999058,47.0000,4.1747,0.0065
candidate-fast,592,37.0000,16.0000,2.0000,2.5935,0.5572,0.042348,-4.18706e-05,1.0115,0.999999,55.0000,4.6544,0.0142
candidate-fast,593,49.0000,15.0000,0.0000,2.2377,0.5642,0.073194,0.00078664,0.895752,0.999448,64.0000,3.9663,0.0142
candidate-fast,594,40.0000,14.0000,0.0000,2.3734,0.5952,0.055269,-0.00189009,0.958971,0.999112,54.0000,3.9874,0.0225
candidate-fast,595,42.0000,10.0000,0.0000,2.3293,0.6526,0.068489,-0.00126851,0.734712,1.00069,52.0000,3.5692,0.0000
candidate-fast,596,40.0000,13.0000,0.0000,2.2726,0.6086,0.054290,0.000530834,0.839563,0.999949,53.0000,3.7340,0.0021
candidate-fast,597,46.0000,12.0000,0.0000,2.4078,0.6307,0.071643,-0.00137596,1.17019,0.998166,58.0000,3.8174,0.0258
candidate-fast,598,31.0000,12.0000,0.0000,2.1172,0.5790,0.038618,-0.000203144,0.783588,1.00027,43.0000,3.6565,0.0258
candidate-fast,599,51.0000,5.0000,0.0000,2.4968,0.6068,0.101082,0.000475341,0.864739,0.999598,56.0000,4.1150,0.0083
candidate-fast,600,44.0000,12.0000,0.0000,2.1542,0.6057,0.066911,-0.0022687,0.895145,1.00078,56.0000,3.5564,0.0099
candidate-fast,601,38.0000,12.0000,1.0000,2.3599,0.5670,0.052426,-0.000450016,0.80447,1.00079,51.0000,4.1620,0.0326
candidate-fast,602,43.0000,11.0000,0.0000,2.3157,0.6047,0.068233,0.000412606,0.814664,0.999966,54.0000,3.8296,0.0026
candidate-fast,603,48.0000,14.0000,0.0000,2.2820,0.5657,0.076527,-0.000984976,0.931103,1.00149,62.0000,4.0339,0.0116
candidate-fast,604,44.0000,12.0000,1.0000,2.0253,0.6364,0.069071,-0.000408585,0.824588,0.998707,57.0000,3.1825,0.0058
candidate-fast,605,42.0000,11.0000,0.0000,2.0312,0.6295,0.065012,-0.00100776,0.81787,0.999078,53.0000,3.2268,0.0044
candidate-fast,606,42.0000,11.0000,0.0000,2.4432,0.6647,0.066003,-0.00182174,0.838271,1.00094,53.0000,3.6755,0.0226
candidate-fast,607,41.0000,8.0000,0.0000,2.2747,0.5997,0.072938,-0.00111952,0.759192,1.00085,49.0000,3.7929,0.0066
candidate-fast,608,43.0000,12.0000,1.0000,2.3019,0.5785,0.064170,-0.000683666,0.798074,0.998826,56.0000,3.9791,0.0089
candidate-fast,609,44.0000,11.0000,1.0000,2.4661,0.6492,0.071289,-0.000942317,0.904365,0.999754,56.0000,3.7990,0.0032
candidate-fast,610,50.0000,12.0000,0.0000,2.1511,0.6669,0.083855,-0.00150305,0.913492,1.00016,62.0000,3.2255,0.0007
candidate-fast,611,43.0000,13.0000,0.0000,2.4460,0.6282,0.066518,-0.000545986,0.737728,1.00125,56.0000,3.8934,0.0032
candidate-fast,612,52.0000,16.0000,0.0000,1.9315,0.6530,0.078739,-0.00231154,1.06927,0.998503,68.0000,2.9579,0.0032
candidate-fast,613,38.0000,10.0000,1.0000,2.2044,0.6552,0.059508,-0.00179318,0.782804,0.999463,49.0000,3.3645,0.0032
candidate-fast,614,41.0000,20.0000,1.0000,2.1637,0.6011,0.041270,-0.00053783,0.922634,1.00153,62.0000,3.5997,0.0032
candidate-fast,615,44.0000,6.0000,2.0000,2.5274,0.6042,0.079726,-0.00109355,0.78124,1.0011,52.0000,4.1831,0.0042
candidate-fast,616,43.0000,3.0000,0.0000,2.1340,0.6310,0.086588,-0.000541554,0.556277,0.997895,46.0000,3.3820,0.0042
candidate-fast,617,39.0000,13.0000,1.0000,2.2926,0.5725,0.048223,-0.00186655,0.903767,0.999866,53.0000,4.0046,0.0042
candidate-fast,618,48.0000,7.0000,0.0000,2.2476,0.5422,0.089181,-0.00161315,0.640049,0.9988,55.0000,4.1453,0.0092
candidate-fast,619,30.0000,13.0000,1.0000,2.0367,0.6220,0.026933,-0.00219449,0.626853,0.999129,44.0000,3.2743,0.0159
candidate-fast,620,38.0000,5.0000,0.0000,2.0841,0.6041,0.060391,-0.00129405,0.571463,0.999566,43.0000,3.4502,0.0076
candidate-fast,621,33.0000,15.0000,1.0000,2.0441,0.5949,0.025157,0.000689902,0.921957,1.00079,49.0000,3.4364,0.0085
candidate-fast,622,29.0000,14.0000,2.0000,2.3095,0.6061,0.017858,-0.000698313,0.890936,1.00024,45.0000,3.8107,0.0081
candidate-fast,623,30.0000,7.0000,2.0000,2.5679,0.5304,0.034218,0.000106306,0.647751,0.999879,39.0000,4.8416,0.0085
candidate-fast,624,33.0000,8.0000,1.0000,2.2324,0.5791,0.036431,-0.00102299,0.689726,1.00067,42.0000,3.8550,0.0085
candidate-fast,625,22.0000,6.0000,1.0000,2.2824,0.5165,0.013805,-0.000198243,0.529086,1.00005,29.0000,4.4190,0.0154
candidate-fast,626,25.0000,8.0000,2.0000,2.4914,0.5241,0.015521,-0.000187908,0.653893,1.00039,35.0000,4.7541,0.0154
candidate-fast,627,43.0000,7.0000,3.0000,2.7569,0.5145,0.067558,9.50674e-05,1.02458,1.00023,53.0000,5.3585,0.0121
candidate-fast,628,32.0000,11.0000,5.0000,2.6660,0.4999,0.034805,0.000468663,0.948634,1.00024,48.0000,5.3328,0.0312
candidate-fast,629,34.0000,11.0000,6.0000,3.1244,0.5073,0.042905,-0.00117488,0.959104,1.00063,51.0000,6.1587,0.0010
candidate-fast,630,31.0000,12.0000,2.0000,2.5806,0.5494,0.033552,0.000739284,0.818712,1.0009,45.0000,4.6971,0.0010
candidate-fast,631,29.0000,15.0000,1.0000,2.4052,0.6019,0.017622,0.000812578,0.890718,1.00072,45.0000,3.9962,0.0011
candidate-fast,632,37.0000,9.0000,0.0000,2.3468,0.6966,0.045977,-0.00143193,0.947161,0.999607,46.0000,3.3691,0.0011
candidate-fast,633,34.0000,8.0000,1.0000,2.7104,0.5439,0.042443,0.00049778,0.875034,1.00151,43.0000,4.9828,0.0126
candidate-fast,634,35.0000,6.0000,3.0000,2.9522,0.5149,0.048800,-0.00057709,0.78569,1.00048,44.0000,5.7339,0.0152
candidate-fast,635,30.0000,3.0000,4.0000,2.6687,0.5229,0.045131,0.00180962,0.573122,0.999827,37.0000,5.1038,0.0152
candidate-fast,636,39.0000,8.0000,1.0000,2.5317,0.5732,0.053885,-0.00123553,0.883245,1.00017,48.0000,4.4169,0.0081
candidate-fast,637,35.0000,8.0000,1.0000,2.2914,0.5587,0.046121,-0.00193014,0.932073,1.00104,44.0000,4.1012,0.0182
candidate-fast,638,33.0000,4.0000,1.0000,2.5116,0.5701,0.052587,1.24161e-05,0.703191,0.998092,38.0000,4.4053,0.0135
candidate-fast,639,33.0000,16.0000,2.0000,2.5599,0.5603,0.019443,-0.000535442,0.922594,0.999816,51.0000,4.5693,0.0115
candidate-fast,640,29.0000,6.0000,1.0000,2.4959,0.5161,0.034761,0.000494218,0.779129,1.00025,36.0000,4.8364,0.0115
candidate-fast,641,30.0000,8.0000,2.0000,2.6678,0.5335,0.030187,-0.000637428,0.75715,1.00259,40.0000,5.0005,0.0182
candidate-fast,642,28.0000,10.0000,3.0000,2.6168,0.5080,0.019196,-0.000239252,0.749003,0.9999,41.0000,5.1518,0.0317
candidate-fast,643,37.0000,8.0000,2.0000,2.3619,0.5298,0.046180,-0.00075562,1.02619,0.9996,47.0000,4.4581,0.0054
candidate-fast,644,21.0000,9.0000,3.0000,2.4870,0.5711,0.003134,0.000779227,0.582175,1.00086,33.0000,4.3549,0.0066
candidate-fast,645,26.0000,6.0000,3.0000,2.7359,0.4864,0.020286,-0.00186304,0.790179,1.00127,35.0000,5.6246,0.0066
candidate-fast,646,24.0000,8.0000,1.0000,2.1992,0.5125,0.010909,-0.000852836,0.722449,0.9998,33.0000,4.2915,0.0066
candidate-fast,647,23.0000,10.0000,1.0000,2.3706,0.5078,0.001846,-0.000529579,0.705154,0.999467,34.0000,4.6683,0.0025
candidate-fast,648,25.0000,8.0000,5.0000,2.7128,0.4642,0.010047,-0.000630404,0.702322,0.997929,38.0000,5.8445,0.0023
candidate-fast,649,27.0000,10.0000,2.0000,2.3875,0.5298,0.014430,-0.00112673,0.792832,1.00054,39.0000,4.5067,0.0023
candidate-fast,650,28.0000,10.0000,2.0000,2.4525,0.5515,0.014936,-0.000856877,0.816088,1.0002,40.0000,4.4470,0.0176
candidate-fast,651,18.0000,12.0000,3.0000,2.7182,0.4993,-0.012144,-0.00102036,0.68809,0.999009,33.0000,5.4446,0.0038
candidate-fast,652,23.0000,8.0000,9.0000,3.8087,0.4844,0.013735,-0.00212491,0.93354,1.00017,40.0000,7.8626,0.0068
candidate-fast,653,37.0000,7.0000,6.0000,2.7986,0.5628,0.049203,-0.000508991,1.13578,0.99881,50.0000,4.9725,0.0068
candidate-fast,654,18.0000,11.0000,3.0000,2.8665,0.4700,-0.010041,-0.000285324,0.634146,1.00051,32.0000,6.0995,0.0100
candidate-fast,655,30.0000,10.0000,3.0000,2.5382,0.5505,0.023830,-0.00150979,0.793735,1.00025,43.0000,4.6110,0.0035
candidate-fast,656,29.0000,12.0000,4.0000,2.9237,0.5592,0.017514,-2.64867e-05,0.869209,1.00105,45.0000,5.2283,0.0057
candidate-fast,657,27.0000,7.0000,1.0000,2.2855,0.5496,0.026331,-0.000424741,0.846865,0.998818,35.0000,4.1586,0.0100
candidate-fast,658,35.0000,9.0000,4.0000,2.4333,0.4890,0.039956,-0.00150065,0.896974,1.0025,48.0000,4.9761,0.0040
candidate-fast,659,20.0000,10.0000,5.0000,3.1128,0.5233,0.000218,-0.000476096,0.834333,0.999009,35.0000,5.9486,0.0040
candidate-fast,660,30.0000,10.0000,4.0000,2.6650,0.5286,0.029447,-0.000200366,0.972361,1.00038,44.0000,5.0416,0.0094
candidate-fast,661,33.0000,8.0000,1.0000,2.6547,0.5583,0.037129,-0.00141696,1.23815,1.00001,42.0000,4.7548,0.0225
candidate-fast,662,27.0000,8.0000,3.0000,2.7695,0.5277,0.026245,-0.00116034,0.921783,1.00167,38.0000,5.2482,0.0069
candidate-fast,663,25.0000,2.0000,4.0000,3.1592,0.5442,0.034100,-0.000272057,0.682185,0.998361,31.0000,5.8049,0.0069
candidate-fast,664,37.0000,7.0000,4.0000,3.0604,0.5721,0.050737,-0.00134463,1.02721,0.998836,48.0000,5.3496,0.0017
candidate-fast,665,30.0000,7.0000,3.0000,2.5257,0.5249,0.033134,-0.00114728,0.939988,0.997688,40.0000,4.8123,0.0014
candidate-fast,666,28.0000,7.0000,3.0000,2.8698,0.5237,0.026747,0.000672768,0.770754,1.00165,38.0000,5.4795,0.0017
candidate-fast,667,35.0000,8.0000,4.0000,2.8174,0.5315,0.043424,1.77952e-06,1.00032,0.999478,47.0000,5.3005,0.0017
candidate-fast,668,28.0000,5.0000,1.0000,2.3704,0.5710,0.030055,-0.00125579,0.921332,0.999767,34.0000,4.1515,0.0017
candidate-fast,669,36.0000,5.0000,1.0000,2.3471,0.5712,0.050355,-0.000653907,0.912018,0.999887,42.0000,4.1091,0.0017
candidate-fast,670,31.0000,6.0000,8.0000,3.2411,0.4450,0.039894,-0.000173884,0.894726,0.999349,45.0000,7.2834,0.0095
candidate-fast,671,40.0000,12.0000,2.0000,2.5570,0.5939,0.052788,0.00120009,1.18716,1.00248,54.0000,4.3058,0.0096
candidate-fast,672,32.0000,11.0000,0.0000,2.0605,0.6557,0.035775,0.000590192,0.969629,1.00135,43.0000,3.1423,0.0096
candidate-fast,673,41.0000,8.0000,2.0000,2.9265,0.5528,0.062913,-0.000152915,1.51735,0.998612,51.0000,5.2938,0.0031
candidate-fast,674,40.0000,9.0000,2.0000,2.1262,0.5467,0.063578,-0.0017125,0.757407,1.00169,51.0000,3.8894,0.0111
candidate-fast,675,32.0000,15.0000,5.0000,2.9924,0.5357,0.029237,-0.00118158,1.17398,1.00263,52.0000,5.5862,0.0082
candidate-fast,676,39.0000,7.0000,0.0000,2.5191,0.5992,0.062929,-0.00348477,0.908609,0.999932,46.0000,4.2039,0.0039
candidate-fast,677,32.0000,11.0000,2.0000,2.3476,0.5355,0.038505,-0.000412055,0.72696,1.00012,45.0000,4.3838,0.0039
candidate-fast,678,46.0000,9.0000,2.0000,2.5617,0.5756,0.079905,0.000926682,1.0453,0.999059,57.0000,4.4506,0.0047
candidate-fast,679,37.0000,6.0000,0.0000,2.3335,0.6349,0.061726,0.000531812,0.836777,0.999669,43.0000,3.6756,0.0047
candidate-fast,680,36.0000,10.0000,3.0000,2.6350,0.5667,0.050906,-0.00166974,0.823717,0.997485,49.0000,4.6498,0.0011
candidate-fast,681,36.0000,13.0000,0.0000,2.3030,0.6209,0.045179,-5.97373e-05,0.945796,1.00011,49.0000,3.7092,0.0181
candidate-fast,682,46.0000,5.0000,2.0000,2.3704,0.5797,0.085402,-0.000920932,0.903384,1.00024,53.0000,4.0891,0.0181
candidate-fast,683,42.0000,11.0000,3.0000,2.3909,0.5348,0.063017,-0.00360998,0.95812,1.00143,56.0000,4.4706,0.0011
candidate-fast,684,46.0000,14.0000,0.0000,1.9509,0.6734,0.063383,-0.00160755,1.13004,1.00071,60.0000,2.8970,0.0088
candidate-fast,685,29.0000,10.0000,1.0000,2.1395,0.6334,0.030765,-0.000929667,0.657644,0.998839,40.0000,3.3775,0.0021
candidate-fast,686,37.0000,6.0000,1.0000,2.3939,0.6080,0.060110,-0.0014654,0.734112,1.00024,44.0000,3.9371,0.0021
candidate-fast,687,36.0000,9.0000,1.0000,2.8603,0.5740,0.048639,0.000933231,0.796006,1.0009,46.0000,4.9833,0.0021
candidate-fast,688,43.0000,10.0000,1.0000,2.1858,0.6117,0.063083,-0.0012928,0.933329,1.00239,54.0000,3.5734,0.0021
candidate-fast,689,32.0000,11.0000,2.0000,2.4870,0.5465,0.033313,0.000457857,0.869434,0.999895,45.0000,4.5511,0.0021
candidate-fast,690,37.0000,11.0000,4.0000,2.4127,0.4644,0.045246,-0.00122562,0.797981,1.0014,52.0000,5.1954,0.0021
candidate-fast,691,27.0000,10.0000,1.0000,2.1739,0.5436,0.024879,-0.00374386,0.731416,0.997332,38.0000,3.9992,0.0097
candidate-fast,692,33.0000,7.0000,2.0000,2.6478,0.5368,0.046983,-0.00134762,0.802235,1.00006,42.0000,4.9322,0.0097
candidate-fast,693,40.0000,5.0000,1.0000,2.7084,0.5858,0.071721,-0.00276876,0.866151,0.999166,46.0000,4.6235,0.0097
candidate-fast,694,39.0000,7.0000,0.0000,2.6407,0.5511,0.056246,-0.00138629,0.88884,1.00051,46.0000,4.7916,0.0158
candidate-fast,695,31.0000,9.0000,2.0000,2.7103,0.5733,0.034481,0.000855725,0.845045,0.999224,42.0000,4.7272,0.0001
candidate-fast,696,39.0000,16.0000,0.0000,2.2480,0.5475,0.042291,-0.000121486,1.07521,1.00068,55.0000,4.1059,0.0004
candidate-fast,697,32.0000,13.0000,3.0000,2.3238,0.5551,0.035703,-0.00205013,0.662966,1.00075,48.0000,4.1861,0.0072
candidate-fast,698,42.0000,2.0000,1.0000,2.6290,0.6301,0.083996,0.00094478,0.742447,0.999813,45.0000,4.1720,0.0068
candidate-fast,699,47.0000,4.0000,0.0000,2.4525,0.5810,0.094048,-0.00196409,0.849413,1.00046,51.0000,4.2210,0.0068
candidate-fast,700,46.0000,9.0000,2.0000,2.5491,0.5751,0.080189,0.000295523,1.08373,1.00102,57.0000,4.4321,0.0054
candidate-fast,701,40.0000,13.0000,1.0000,2.5162,0.5918,0.061411,0.000323371,1.0532,1.00043,54.0000,4.2517,0.0016
candidate-fast,702,49.0000,15.0000,0.0000,2.1486,0.6449,0.076052,-0.00144037,1.08339,0.998872,64.0000,3.3317,0.0016
candidate-fast,703,56.0000,5.0000,3.0000,2.6455,0.5294,0.124386,0.00030381,0.748553,0.999285,64.0000,4.9971,0.0026
candidate-fast,704,50.0000,12.0000,1.0000,2.4335,0.6711,0.087507,-0.000278021,1.017,1.00168,63.0000,3.6262,0.0038
candidate-fast,705,50.0000,9.0000,0.0000,2.1115,0.6863,0.095263,-0.000984099,0.74514,0.999091,59.0000,3.0766,0.0027
candidate-fast,706,53.0000,12.0000,1.0000,2.1576,0.6326,0.094840,0.000255923,1.01688,0.998869,66.0000,3.4109,0.0027
candidate-fast,707,37.0000,13.0000,0.0000,2.0492,0.6863,0.052991,-0.00208332,0.888945,0.999681,50.0000,2.9860,0.0027
candidate-fast,708,44.0000,11.0000,0.0000,2.0844,0.6706,0.072727,0.000640784,0.867944,0.999938,55.0000,3.1084,0.0027
candidate-fast,709,38.0000,15.0000,1.0000,2.1383,0.6023,0.044654,-6.42719e-05,0.788961,0.998557,54.0000,3.5502,0.0027
candidate-fast,710,46.0000,13.0000,0.0000,2.2896,0.6120,0.071870,-0.000516712,0.841426,1.00019,59.0000,3.7414,0.0027
candidate-fast,711,41.0000,14.0000,1.0000,2.1314,0.5920,0.056884,-0.000740993,0.777655,1.00001,56.0000,3.6004,0.0101
candidate-fast,712,48.0000,13.0000,0.0000,2.4048,0.5729,0.077120,-0.00122649,0.982978,1.00075,61.0000,4.1972,0.0101
candidate-fast,713,45.0000,6.0000,0.0000,2.4323,0.6435,0.087222,-0.00120433,0.632193,1.00168,51.0000,3.7798,0.0012
candidate-fast,714,44.0000,10.0000,0.0000,2.0855,0.5839,0.074690,0.000549022,0.635282,0.999499,54.0000,3.5719,0.0040
candidate-fast,715,32.0000,10.0000,0.0000,2.1685,0.6488,0.042530,-0.000622334,0.72481,0.999743,42.0000,3.3424,0.0040
candidate-fast,716,50.0000,6.0000,2.0000,2.5960,0.5779,0.095335,-0.00167627,0.839423,0.999088,58.0000,4.4924,0.0040
candidate-fast,717,47.0000,14.0000,0.0000,2.2322,0.6026,0.074880,-0.00132898,0.893578,1.0002,61.0000,3.7041,0.0040
candidate-fast,718,47.0000,10.0000,0.0000,2.2870,0.6053,0.084315,-0.00128222,0.839409,0.999159,57.0000,3.7781,0.0041
candidate-fast,719,45.0000,14.0000,0.0000,2.2771,0.6080,0.066325,-0.000793511,0.843246,0.999645,59.0000,3.7454,0.0118
candidate-fast,720,47.0000,11.0000,0.0000,2.0942,0.6745,0.081811,-0.00218375,0.790565,0.999719,58.0000,3.1048,0.0118
candidate-fast,721,45.0000,8.0000,0.0000,2.1174,0.7116,0.078837,-0.000562777,0.723858,1.00038,53.0000,2.9755,0.0118
candidate-fast,722,42.0000,6.0000,0.0000,2.2965,0.6475,0.077032,-0.000161217,0.723599,0.99917,48.0000,3.5467,0.0118
candidate-fast,723,40.0000,13.0000,1.0000,2.3229,0.6089,0.055381,0.000499171,0.927667,0.999922,54.0000,3.8146,0.0012
candidate-fast,724,44.0000,17.0000,1.0000,2.3224,0.5721,0.058286,-0.00180878,0.960856,0.998174,62.0000,4.0594,0.0118
candidate-fast,725,40.0000,9.0000,1.0000,2.3311,0.6224,0.066906,-0.000192282,0.662171,1.00108,50.0000,3.7454,0.0028
candidate-fast,726,41.0000,11.0000,1.0000,2.2604,0.6464,0.059465,-0.00369212,0.851184,1.00009,53.0000,3.4966,0.0028
candidate-fast,727,45.0000,12.0000,0.0000,2.2465,0.6187,0.073753,-0.00180196,0.759521,1.0004,57.0000,3.6311,0.0028
candidate-fast,728,49.0000,7.0000,0.0000,2.4280,0.5627,0.097272,-0.00162103,0.772593,0.999699,56.0000,4.3147,0.0028
candidate-fast,729,49.0000,9.0000,1.0000,2.3286,0.6422,0.086647,0.000696039,0.758137,0.9992,59.0000,3.6263,0.0028
candidate-fast,730,39.0000,8.0000,1.0000,2.3573,0.5285,0.071003,0.000726335,0.682623,0.999955,48.0000,4.4604,0.0028
candidate-fast,731,49.0000,12.0000,0.0000,2.0525,0.6043,0.082296,-0.00106261,0.819351,0.999364,61.0000,3.3966,0.0028
candidate-fast,732,44.0000,12.0000,0.0000,2.4377,0.6353,0.073769,-8.94379e-05,0.831749,1.00043,56.0000,3.8370,0.0316
candidate-fast,733,55.0000,10.0000,0.0000,2.2202,0.6925,0.104788,-0.00123466,0.866145,0.998222,65.0000,3.2062,0.0134
candidate-fast,734,48.0000,9.0000,0.0000,2.3325,0.6114,0.088032,-0.00232157,0.765701,1.00011,57.0000,3.8151,0.0031
candidate-fast,735,45.0000,18.0000,1.0000,2.0571,0.5993,0.062689,-0.00221032,0.743233,0.999744,64.0000,3.4328,0.0060
candidate-fast,736,51.0000,14.0000,1.0000,2.1355,0.6423,0.087538,-8.72833e-05,0.849481,1.00007,66.0000,3.3249,0.0008
candidate-fast,737,47.0000,13.0000,0.0000,2.1504,0.6806,0.080975,-0.000253621,0.855579,0.999569,60.0000,3.1593,0.0045
candidate-fast,738,57.0000,17.0000,1.0000,2.0069,0.6279,0.095015,-0.000568682,0.903802,1.00158,75.0000,3.1960,0.0015
candidate-fast,739,45.0000,18.0000,0.0000,1.9383,0.6635,0.063857,-0.000402373,0.850798,0.99947,63.0000,2.9211,0.0015
candidate-fast,740,47.0000,15.0000,0.0000,2.1707,0.6980,0.075059,0.000400385,0.824584,0.999742,62.0000,3.1098,0.0015
candidate-fast,741,42.0000,8.0000,0.0000,2.0404,0.7054,0.078352,-0.000711265,0.589313,1.00101,50.0000,2.8926,0.0002
candidate-fast,742,53.0000,11.0000,0.0000,2.2591,0.6350,0.095402,-0.000501067,0.832967,0.999287,64.0000,3.5578,0.0111
candidate-fast,743,50.0000,16.0000,0.0000,2.0857,0.6346,0.079554,-0.000935927,0.919145,1.00029,66.0000,3.2864,0.0152
candidate-fast,744,47.0000,7.0000,2.0000,2.2355,0.5905,0.094921,-0.00133694,0.616175,0.99936,56.0000,3.7859,0.0152
candidate-fast,745,43.0000,10.0000,1.0000,2.1537,0.6438,0.081241,0.000897337,0.633368,1.00035,54.0000,3.3454,0.0109
candidate-fast,746,56.0000,16.0000,0.0000,2.2593,0.6525,0.096455,-0.00117373,0.900474,1.00062,72.0000,3.4628,0.0018
candidate-fast,747,45.0000,6.0000,1.0000,2.5205,0.6481,0.090951,-0.000747676,0.660749,0.998875,52.0000,3.8889,0.0018
candidate-fast,748,56.0000,14.0000,0.0000,2.1215,0.6925,0.097432,-0.00245781,0.918814,0.999941,70.0000,3.0634,0.0018
candidate-fast,749,50.0000,15.0000,1.0000,2.1236,0.6195,0.084753,-0.00093826,0.951523,0.998872,66.0000,3.4277,0.0039
candidate-fast,750,54.0000,18.0000,0.0000,1.9461,0.7414,0.088281,0.00070893,0.8528,0.999853,72.0000,2.6249,0.0320
candidate-fast,751,49.0000,13.0000,0.0000,2.1833,0.7429,0.089279,-0.000897734,0.805732,1.00015,62.0000,2.9389,0.0003
candidate-fast,752,55.0000,14.0000,0.0000,1.9714,0.6768,0.100621,-0.000668384,0.745299,1.00012,69.0000,2.9131,0.0071
candidate-fast,753,53.0000,16.0000,1.0000,2.1356,0.6130,0.089053,-0.000654268,0.974344,0.998895,70.0000,3.4842,0.0043
candidate-fast,754,58.0000,22.0000,0.0000,2.0197,0.6542,0.091583,-0.00153258,0.917658,1.00022,80.0000,3.0873,0.0043
candidate-fast,755,46.0000,12.0000,1.0000,2.0147,0.6638,0.086916,-0.000968969,0.800513,1.00137,59.0000,3.0351,0.0057
candidate-fast,756,53.0000,14.0000,0.0000,2.1614,0.7297,0.095667,-0.000972168,0.764807,0.998335,67.0000,2.9621,0.0159
candidate-fast,757,65.0000,9.0000,0.0000,2.1024,0.6597,0.134439,-0.000686404,0.816002,1.00087,74.0000,3.1868,0.0143
candidate-fast,758,45.0000,18.0000,0.0000,1.9795,0.7003,0.066054,-0.0010397,0.884089,0.998695,63.0000,2.8268,0.0114
candidate-fast,759,56.0000,14.0000,0.0000,2.0135,0.6842,0.106681,-4.60405e-05,0.872283,0.999435,70.0000,2.9430,0.0091
candidate-fast,760,52.0000,9.0000,0.0000,2.2248,0.7158,0.107502,-0.000396591,0.686255,1.00051,61.0000,3.1080,0.0079
candidate-fast,761,41.0000,14.0000,0.0000,2.2206,0.6493,0.063802,-0.00247695,0.816057,1.00013,55.0000,3.4202,0.0012
candidate-fast,762,58.0000,10.0000,0.0000,2.1648,0.6804,0.116259,0.0011062,0.76618,0.999403,68.0000,3.1818,0.0012
candidate-fast,763,57.0000,11.0000,0.0000,2.3443,0.7040,0.113315,0.000699669,0.792857,1.00083,68.0000,3.3300,0.0132
candidate-fast,764,52.0000,18.0000,0.0000,2.1528,0.6892,0.081013,-0.00152689,0.929533,1.00259,70.0000,3.1236,0.0181
candidate-fast,765,45.0000,17.0000,0.0000,1.9403,0.7124,0.065241,-0.000731007,0.915312,1.00112,62.0000,2.7235,0.0193
candidate-fast,766,49.0000,14.0000,0.0000,1.9312,0.6598,0.080591,-0.00141587,0.758433,0.997497,63.0000,2.9268,0.0001
candidate-fast,767,51.0000,9.0000,0.0000,2.1066,0.6546,0.097048,0.00112212,0.567856,0.999921,60.0000,3.2180,0.0025
candidate-fast,768,46.0000,9.0000,0.0000,2.0814,0.6585,0.085621,0.000869013,0.641387,1.00091,55.0000,3.1609,0.0019
candidate-fast,769,45.0000,10.0000,0.0000,2.3983,0.6228,0.081510,0.00141506,0.791726,0.999149,55.0000,3.8509,0.0423
candidate-fast,770,48.0000,16.0000,0.0000,2.0300,0.6645,0.071656,-0.00158097,0.839997,0.998809,64.0000,3.0547,0.0395
candidate-fast,771,50.0000,12.0000,0.0000,2.0789,0.5954,0.088668,-0.000737151,0.840503,1.00089,62.0000,3.4913,0.0069
candidate-fast,772,55.0000,16.0000,1.0000,2.0383,0.5994,0.094406,-0.00173182,0.844721,1.00059,72.0000,3.4006,0.0069
candidate-fast,773,46.0000,12.0000,1.0000,2.2578,0.6454,0.081017,-0.00113822,0.714968,1.0011,59.0000,3.4980,0.0084
candidate-fast,774,37.0000,15.0000,0.0000,2.1002,0.7037,0.048731,-0.000435026,0.616719,1.00031,52.0000,2.9844,0.0126
candidate-fast,775,54.0000,6.0000,0.0000,2.2464,0.6646,0.108468,-0.00108955,0.471399,0.999157,60.0000,3.3800,0.0126
candidate-fast,776,44.0000,12.0000,0.0000,2.0898,0.6354,0.070436,-0.00159122,0.587819,0.999829,56.0000,3.2891,0.0020
candidate-fast,777,40.0000,21.0000,0.0000,2.0205,0.6522,0.037732,-0.00151583,0.965697,1.00007,61.0000,3.0980,0.0029
candidate-fast,778,43.0000,10.0000,0.0000,2.1350,0.6219,0.069707,-0.00112155,0.764097,0.999695,53.0000,3.4329,0.0029
candidate-fast,779,47.0000,8.0000,1.0000,2.2108,0.5796,0.085507,-0.000199695,0.637347,0.998773,56.0000,3.8143,0.0029
candidate-fast,780,37.0000,9.0000,0.0000,2.0495,0.6556,0.057649,-0.000877944,0.588735,0.99936,46.0000,3.1263,0.0025
candidate-fast,781,47.0000,5.0000,1.0000,2.5965,0.6196,0.088406,-2.27199e-05,0.65529,1.00105,53.0000,4.1906,0.0029
candidate-fast,782,37.0000,8.0000,1.0000,2.2251,0.5582,0.057130,-0.000650417,0.67502,1.00018,46.0000,3.9863,0.0029
candidate-fast,783,34.0000,12.0000,0.0000,2.4074,0.6498,0.037140,-0.00068533,0.748281,1.00006,46.0000,3.7050,0.0018
candidate-fast,784,34.0000,6.0000,2.0000,2.6614,0.5370,0.051257,-0.00127179,0.603882,1.00132,42.0000,4.9562,0.0018
candidate-fast,785,39.0000,8.0000,0.0000,2.5361,0.5342,0.058798,-0.00258181,0.662127,0.997398,47.0000,4.7475,0.0007
candidate-fast,786,32.0000,8.0000,1.0000,2.4251,0.5461,0.040228,-0.0016452,0.595551,1.00154,41.0000,4.4408,0.0014
candidate-fast,787,39.0000,8.0000,0.0000,2.4933,0.5571,0.056594,-0.00190105,0.719279,0.998261,47.0000,4.4756,0.0014
candidate-fast,788,31.0000,10.0000,1.0000,2.1246,0.5583,0.030521,-0.000549291,0.684747,0.998934,42.0000,3.8053,0.0014
candidate-fast,789,28.0000,4.0000,2.0000,2.9037,0.4814,0.036365,-0.000747433,0.543284,1.00098,34.0000,6.0318,0.0014
candidate-fast,790,32.0000,11.0000,1.0000,2.5288,0.5570,0.033634,-0.00298856,0.764144,0.998218,44.0000,4.5396,0.0014
candidate-fast,791,41.0000,10.0000,1.0000,2.7890,0.5800,0.060617,-8.10666e-05,0.815266,1.00186,52.0000,4.8087,0.0014
candidate-fast,792,33.0000,10.0000,0.0000,2.1178,0.6973,0.042451,-0.00237577,0.794497,0.998937,43.0000,3.0372,0.0014
candidate-fast,793,31.0000,10.0000,0.0000,2.9490,0.5042,0.032749,-0.00119592,0.779174,0.998139,41.0000,5.8484,0.0080
candidate-fast,794,38.0000,6.0000,1.0000,2.7835,0.5128,0.059175,-0.00116511,0.776761,1.00093,45.0000,5.4276,0.0080
candidate-fast,795,43.0000,8.0000,0.0000,2.3629,0.5470,0.068315,-0.000975124,0.697412,1.00066,51.0000,4.3194,0.0005
candidate-fast,796,38.0000,12.0000,0.0000,2.1907,0.5959,0.047044,-0.00118228,0.762698,0.998721,50.0000,3.6762,0.0110
candidate-fast,797,41.0000,7.0000,1.0000,2.5764,0.5577,0.069295,-7.81759e-05,0.877049,0.999804,49.0000,4.6196,0.0110
candidate-fast,798,41.0000,11.0000,1.0000,2.4352,0.6405,0.060925,-0.000386977,0.788177,0.99942,53.0000,3.8019,0.0110
candidate-fast,799,34.0000,13.0000,1.0000,2.4834,0.5593,0.036257,-0.002252,0.816355,0.998156,48.0000,4.4400,0.0110
candidate-fast,800,37.0000,10.0000,0.0000,2.2622,0.6553,0.048427,-0.000729516,0.864225,0.999845,47.0000,3.4519,0.0110
candidate-fast,801,31.0000,6.0000,0.0000,2.8706,0.5372,0.039289,-0.00138075,0.616481,1.00129,37.0000,5.3438,0.0110
candidate-fast,802,37.0000,8.0000,1.0000,2.5009,0.5152,0.055215,-0.00181509,0.684955,1.0008,46.0000,4.8546,0.0110
candidate-fast,803,44.0000,9.0000,0.0000,2.5196,0.5726,0.073260,-0.00159171,1.01362,0.999164,53.0000,4.4004,0.0110
candidate-fast,804,32.0000,8.0000,3.0000,2.5945,0.5197,0.047167,-0.00143785,0.6647,1.00013,43.0000,4.9926,0.0175
candidate-fast,805,46.0000,11.0000,0.0000,2.3312,0.5718,0.073387,-0.000667272,0.787968,0.999273,57.0000,4.0772,0.0021
candidate-fast,806,44.0000,11.0000,1.0000,2.3846,0.5257,0.066260,0.000458576,0.977552,0.998395,56.0000,4.5358,0.0021
candidate-fast,807,42.0000,11.0000,0.0000,2.0587,0.5803,0.066034,-0.000597397,0.87321,0.999091,53.0000,3.5474,0.0032
candidate-fast,808,45.0000,12.0000,1.0000,2.3884,0.6258,0.069959,0.000776133,0.952795,0.999319,58.0000,3.8167,0.0056
candidate-fast,809,46.0000,8.0000,0.0000,2.3486,0.5995,0.087008,-0.000486629,0.884557,0.999749,54.0000,3.9178,0.0080
candidate-fast,810,38.0000,14.0000,0.0000,2.1985,0.6429,0.051226,-0.00200977,0.764708,1.00039,52.0000,3.4196,0.0030
candidate-fast,811,46.0000,13.0000,0.0000,2.1674,0.5778,0.071055,-9.83279e-05,0.729258,0.999887,59.0000,3.7514,0.0038
candidate-fast,812,36.0000,11.0000,1.0000,2.5263,0.6257,0.053415,-0.000389119,0.643391,0.999995,48.0000,4.0373,0.0127
candidate-fast,813,51.0000,13.0000,1.0000,2.1695,0.5883,0.086712,-0.000106674,0.821342,1.00234,65.0000,3.6879,0.0284
candidate-fast,814,52.0000,10.0000,0.0000,2.2999,0.6469,0.097192,3.68393e-05,0.869874,0.999721,62.0000,3.5555,0.0181
candidate-fast,815,48.0000,7.0000,2.0000,2.4730,0.6112,0.096495,-0.000935257,0.7902,0.999035,57.0000,4.0458,0.0106
candidate-fast,816,58.0000,13.0000,0.0000,1.9882,0.6257,0.108031,8.27912e-05,0.912731,1.00101,71.0000,3.1778,0.0106
candidate-fast,817,46.0000,23.0000,0.0000,1.9921,0.7285,0.051130,-0.00187564,0.993136,0.998761,69.0000,2.7344,0.0349
candidate-fast,818,31.0000,16.0000,0.0000,2.2037,0.6712,0.031441,-0.00092796,0.883145,0.999243,47.0000,3.2832,0.0277
candidate-fast,819,54.0000,13.0000,0.0000,2.0750,0.6276,0.090337,-0.00103921,0.806883,1.00031,67.0000,3.3064,0.0349
candidate-fast,820,57.0000,13.0000,0.0000,1.9489,0.6363,0.098697,-0.000920517,0.810187,0.998887,70.0000,3.0627,0.0023
candidate-fast,821,33.0000,9.0000,1.0000,2.1012,0.6037,0.052921,0.00139533,0.551569,0.997939,43.0000,3.4805,0.0218
candidate-fast,822,47.0000,9.0000,1.0000,2.1491,0.5998,0.088653,-9.75474e-05,0.637755,0.999608,57.0000,3.5832,0.0035
candidate-fast,823,53.0000,10.0000,1.0000,2.2965,0.5971,0.097307,-0.0006159,0.80034,1.00043,64.0000,3.8463,0.0047
candidate-fast,824,41.0000,10.0000,0.0000,2.2104,0.6553,0.069579,-0.000963621,0.705534,0.998576,51.0000,3.3731,0.0047
candidate-fast,825,52.0000,15.0000,1.0000,2.1364,0.6175,0.082581,1.54137e-05,0.940213,1.0011,68.0000,3.4596,0.0047
candidate-fast,826,44.0000,16.0000,1.0000,2.1692,0.6091,0.065693,-0.00103294,0.851376,1.00013,61.0000,3.5610,0.0028
candidate-fast,827,50.0000,12.0000,0.0000,2.0236,0.6513,0.090123,0.000388633,0.826257,1.00097,62.0000,3.1068,0.0047
candidate-fast,828,44.0000,12.0000,1.0000,2.0564,0.6153,0.074860,-0.00104003,0.731978,1.00189,57.0000,3.3421,0.0042
candidate-fast,829,50.0000,12.0000,2.0000,2.1856,0.5737,0.089440,-0.00151864,0.694649,1.00321,64.0000,3.8094,0.0047
candidate-fast,830,51.0000,20.0000,1.0000,2.1019,0.6530,0.072463,0.000219097,1.01169,1.00055,72.0000,3.2188,0.0036
candidate-fast,831,53.0000,24.0000,1.0000,2.0508,0.6789,0.068585,-0.000613645,0.916349,1.0009,78.0000,3.0210,0.0039
candidate-fast,832,33.0000,14.0000,0.0000,1.7297,0.7088,0.038671,1.20643e-05,0.686315,1.00098,47.0000,2.4404,0.0039
candidate-fast,833,45.0000,12.0000,0.0000,2.1303,0.6234,0.073403,-0.000923155,0.689164,0.99833,57.0000,3.4172,0.0028
candidate-fast,834,42.0000,12.0000,1.0000,2.2578,0.5909,0.066916,-0.000471015,0.818661,0.999955,55.0000,3.8213,0.0028
candidate-fast,835,50.0000,11.0000,0.0000,2.2505,0.6481,0.091455,0.000758243,0.856591,0.999938,61.0000,3.4723,0.0029
candidate-fast,836,61.0000,10.0000,0.0000,2.1367,0.6318,0.121205,-3.654e-05,0.779671,1.0008,71.0000,3.3820,0.0029
candidate-fast,837,41.0000,13.0000,0.0000,2.1044,0.6786,0.066066,-0.00253761,0.725876,1.00099,54.0000,3.1011,0.0162
candidate-fast,838,49.0000,12.0000,0.0000,2.1565,0.6717,0.080095,-0.000578775,0.833114,1.00011,61.0000,3.2103,0.0002
candidate-fast,839,44.0000,15.0000,0.0000,1.8001,0.6431,0.063558,0.000414903,0.834588,1.00172,59.0000,2.7990,0.0002
candidate-fast,840,49.0000,12.0000,1.0000,2.1632,0.6050,0.081082,-0.0002793,0.76225,1.00145,62.0000,3.5756,0.0047
candidate-fast,841,40.0000,8.0000,2.0000,2.3617,0.6153,0.068810,-0.00106735,0.603313,0.998069,50.0000,3.8382,0.0097
candidate-fast,842,46.0000,13.0000,1.0000,2.2449,0.5589,0.071285,-0.000408119,0.773841,0.9993,60.0000,4.0169,0.0104
candidate-fast,843,39.0000,13.0000,0.0000,2.0658,0.5929,0.054597,-0.000992888,0.843481,1.00013,52.0000,3.4844,0.0051
candidate-fast,844,47.0000,15.0000,0.0000,2.0652,0.6233,0.068722,-0.00110988,1.01362,0.999761,62.0000,3.3136,0.0122
candidate-fast,845,35.0000,15.0000,0.0000,2.1295,0.6648,0.039927,-0.000147205,0.745532,0.999937,50.0000,3.2034,0.0122
candidate-fast,846,47.0000,8.0000,0.0000,2.2419,0.5758,0.085187,0.00208833,0.812449,1.00197,55.0000,3.8935,0.0121
candidate-fast,847,37.0000,13.0000,1.0000,2.1751,0.6350,0.050630,-0.000302286,0.617466,0.999148,51.0000,3.4255,0.0116
candidate-fast,848,58.0000,12.0000,1.0000,2.3705,0.5733,0.108088,-0.000918437,0.738086,1.0009,71.0000,4.1349,0.0163
candidate-fast,849,48.0000,10.0000,0.0000,2.1602,0.6736,0.089637,-0.001059,0.723638,1.00003,58.0000,3.2067,0.0007
candidate-fast,850,48.0000,18.0000,0.0000,2.0683,0.6141,0.066409,-0.00126693,0.762766,0.999128,66.0000,3.3678,0.0069
candidate-fast,851,44.0000,17.0000,1.0000,2.3281,0.6069,0.063730,-0.00153406,1.01362,1.00026,62.0000,3.8360,0.0003
candidate-fast,852,50.0000,11.0000,0.0000,2.2200,0.7249,0.092222,-0.000596526,0.801001,1.00086,61.0000,3.0626,0.0097
candidate-fast,853,55.0000,19.0000,0.0000,1.9892,0.6581,0.087878,-0.00218523,0.993194,0.998672,74.0000,3.0228,0.0168
candidate-fast,854,43.0000,10.0000,1.0000,2.1027,0.6571,0.075406,0.00015455,0.6098,0.999613,54.0000,3.1998,0.0168
candidate-fast,855,61.0000,14.0000,0.0000,1.9670,0.6408,0.113122,-0.00187985,0.872264,0.999581,75.0000,3.0697,0.0049
candidate-fast,856,39.0000,18.0000,1.0000,2.1087,0.6482,0.046765,-0.000537739,0.76724,1.00104,58.0000,3.2531,0.0011
candidate-fast,857,40.0000,11.0000,1.0000,2.1673,0.6777,0.064917,-0.00240077,0.798928,0.999508,52.0000,3.1981,0.0011
candidate-fast,858,56.0000,16.0000,0.0000,2.0074,0.6189,0.092846,0.000273231,1.01041,0.999966,72.0000,3.2438,0.0173
candidate-fast,859,52.0000,7.0000,0.0000,2.1181,0.6712,0.102924,-0.000762281,0.629461,1.00099,59.0000,3.1558,0.0183
candidate-fast,860,42.0000,9.0000,2.0000,2.3763,0.5660,0.073323,-0.001224,0.674928,1.00093,53.0000,4.1981,0.0078
candidate-fast,861,48.0000,19.0000,0.0000,1.9865,0.6439,0.066079,-0.00233864,0.834379,1.00027,67.0000,3.0852,0.0070
candidate-fast,862,51.0000,9.0000,0.0000,2.1692,0.6318,0.099771,-0.000317823,0.903049,0.999154,60.0000,3.4332,0.0055
candidate-fast,863,41.0000,11.0000,0.0000,2.3308,0.7782,0.070749,-0.00112372,0.726546,1.00027,52.0000,2.9950,0.0055
candidate-fast,864,52.0000,19.0000,2.0000,2.2517,0.6228,0.076770,-0.000151004,0.867905,1.00059,73.0000,3.6152,0.0062
candidate-fast,865,45.0000,14.0000,1.0000,2.1004,0.6285,0.072111,-0.000646895,0.662952,1.00034,60.0000,3.3422,0.0031
candidate-fast,866,52.0000,8.0000,0.0000,2.1011,0.6812,0.098535,-0.00113896,0.638871,1.00031,60.0000,3.0845,0.0024
candidate-fast,867,43.0000,19.0000,1.0000,2.0250,0.6327,0.052531,-0.00124743,0.949391,1.00162,63.0000,3.2005,0.0024
candidate-fast,868,49.0000,7.0000,0.0000,2.0756,0.6370,0.099723,-0.000691745,0.733939,0.998612,56.0000,3.2586,0.0228
candidate-fast,869,47.0000,13.0000,0.0000,2.2146,0.6932,0.080351,-0.00080461,0.758903,0.999836,60.0000,3.1947,0.0093
candidate-fast,870,51.0000,13.0000,2.0000,2.2333,0.6058,0.084809,0.000101699,0.625734,0.999617,66.0000,3.6867,0.0093
candidate-fast,871,41.0000,11.0000,1.0000,2.0579,0.5596,0.063736,-0.000938765,0.74589,1,53.0000,3.6776,0.0068
candidate-fast,872,44.0000,10.0000,1.0000,2.2976,0.6301,0.076537,-0.0011187,0.720863,0.999857,55.0000,3.6466,0.0084
candidate-fast,873,44.0000,12.0000,1.0000,2.2052,0.6800,0.067419,-0.000633284,0.699654,1.00051,57.0000,3.2428,0.0036
candidate-fast,874,47.0000,10.0000,0.0000,1.9499,0.5743,0.086945,-0.00146529,0.850217,0.998764,57.0000,3.3953,0.0036
candidate-fast,875,51.0000,17.0000,0.0000,2.4141,0.6309,0.079232,-0.000700884,0.863547,0.999909,68.0000,3.8266,0.0115
candidate-fast,876,50.0000,9.0000,1.0000,2.1025,0.6592,0.096838,-0.00230752,0.774581,1.00038,60.0000,3.1897,0.0030
candidate-fast,877,47.0000,17.0000,0.0000,2.1229,0.6699,0.067424,-0.00129854,0.840939,1.00011,64.0000,3.1689,0.0115
candidate-fast,878,44.0000,12.0000,2.0000,2.2732,0.6085,0.072108,0.000543386,0.763781,1.00019,58.0000,3.7355,0.0029
candidate-fast,879,37.0000,16.0000,0.0000,2.1578,0.7109,0.045401,0.000120572,0.803024,0.999781,53.0000,3.0353,0.0066
candidate-fast,880,58.0000,8.0000,1.0000,2.2053,0.5853,0.114967,-0.00169434,0.772616,0.998596,67.0000,3.7676,0.0031
candidate-fast,881,41.0000,14.0000,2.0000,2.2925,0.5994,0.062402,-0.000298409,0.810097,0.999149,57.0000,3.8249,0.0031
candidate-fast,882,57.0000,12.0000,0.0000,2.2067,0.6565,0.104927,-0.000563769,0.80237,0.999149,69.0000,3.3616,0.0031
candidate-fast,883,46.0000,16.0000,0.0000,1.9495,0.6576,0.071039,0.00163523,0.798928,0.999565,62.0000,2.9644,0.0031
candidate-fast,884,46.0000,14.0000,1.0000,1.9847,0.6599,0.075747,-0.000514281,0.72025,0.999549,61.0000,3.0077,0.0045
candidate-fast,885,48.0000,13.0000,0.0000,2.1798,0.6229,0.082073,-0.00225516,0.875343,1.00128,61.0000,3.4992,0.0045
candidate-fast,886,47.0000,12.0000,0.0000,2.2127,0.6637,0.077737,-0.00297535,0.668094,0.999541,59.0000,3.3338,0.0013
candidate-fast,887,42.0000,16.0000,2.0000,2.1068,0.5825,0.059517,0.000312452,0.771101,0.997996,60.0000,3.6169,0.0197
candidate-fast,888,57.0000,12.0000,0.0000,2.0743,0.6500,0.105531,0.000152347,0.840581,1.00051,69.0000,3.1910,0.0297
candidate-fast,889,49.0000,16.0000,0.0000,1.8097,0.6342,0.077843,-0.00211337,0.941234,1.00114,65.0000,2.8537,0.0149
candidate-fast,890,52.0000,8.0000,0.0000,2.1198,0.6312,0.104124,-0.000454346,0.71281,1.00038,60.0000,3.3587,0.0046
candidate-fast,891,44.0000,11.0000,0.0000,2.3563,0.7229,0.076717,2.81707e-05,0.708958,1.00009,55.0000,3.2595,0.0028
candidate-fast,892,49.0000,13.0000,1.0000,2.1989,0.6670,0.082560,0.000605621,0.864084,0.999229,63.0000,3.2968,0.0149
candidate-fast,893,48.0000,9.0000,3.0000,2.2352,0.5681,0.089525,0.000280137,0.645208,1.00188,60.0000,3.9347,0.0149
candidate-fast,894,39.0000,12.0000,0.0000,2.0659,0.6872,0.057966,-0.00207281,0.628777,1.00085,51.0000,3.0061,0.0149
candidate-fast,895,50.0000,10.0000,1.0000,2.4735,0.6346,0.090392,0.000562,0.752173,0.999977,61.0000,3.8977,0.0096
candidate-fast,896,45.0000,17.0000,0.0000,2.2230,0.6738,0.063208,-0.00107908,0.879472,1.00112,62.0000,3.2994,0.0156
candidate-fast,897,54.0000,10.0000,0.0000,2.1585,0.6525,0.100919,-0.000726214,0.675953,0.999003,64.0000,3.3080,0.0071
candidate-fast,898,47.0000,16.0000,1.0000,2.0408,0.6074,0.073923,0.00157888,0.841596,0.999359,64.0000,3.3599,0.0090
candidate-fast,899,36.0000,18.0000,0.0000,1.9256,0.6532,0.038152,-0.000680385,0.629583,1.00129,54.0000,2.9482,0.0026
candidate-fast,900,53.0000,8.0000,0.0000,2.3087,0.6504,0.105921,-0.000225891,0.675906,0.999963,61.0000,3.5499,0.0131
candidate-fast,901,57.0000,9.0000,1.0000,2.2311,0.5905,0.111664,-0.000228712,0.724828,1.00083,67.0000,3.7781,0.0086
candidate-fast,902,46.0000,16.0000,1.0000,2.1133,0.5940,0.071121,-0.0013154,0.874321,1.00099,63.0000,3.5575,0.0139
candidate-fast,903,48.0000,16.0000,0.0000,2.0526,0.6887,0.078418,-0.00260448,0.901248,0.999674,64.0000,2.9806,0.0052
candidate-fast,904,55.0000,8.0000,0.0000,2.1556,0.6745,0.114285,-0.00119073,0.644261,0.999085,63.0000,3.1960,0.0052
candidate-fast,905,46.0000,9.0000,0.0000,2.1215,0.6902,0.085706,-0.00147473,0.614515,0.999903,55.0000,3.0740,0.0025
candidate-fast,906,48.0000,11.0000,0.0000,2.2294,0.7134,0.088187,0.000970085,0.744746,0.999592,59.0000,3.1249,0.0025
candidate-fast,907,58.0000,13.0000,1.0000,2.2166,0.6503,0.108488,-0.000734384,0.944411,0.999527,72.0000,3.4086,0.0025
candidate-fast,908,47.0000,13.0000,1.0000,2.1360,0.6509,0.078542,-0.000278139,0.855741,0.999932,61.0000,3.2817,0.0025
candidate-fast,909,47.0000,12.0000,0.0000,2.1844,0.7586,0.080968,-0.000478406,0.627331,1.00054,59.0000,2.8797,0.0025
candidate-fast,910,42.0000,21.0000,1.0000,1.9375,0.6393,0.050493,-0.000641476,0.821967,0.999261,64.0000,3.0308,0.0025
candidate-fast,911,55.0000,11.0000,1.0000,2.1860,0.6420,0.107336,-0.00377161,0.951288,1.00268,67.0000,3.4049,0.0025
candidate-fast,912,58.0000,9.0000,0.0000,2.1935,0.7441,0.117360,-0.00169707,0.780129,0.999188,67.0000,2.9481,0.0025
candidate-fast,913,43.0000,11.0000,0.0000,2.1654,0.7189,0.070087,-0.000542554,0.914985,0.999796,54.0000,3.0120,0.0025
candidate-fast,914,51.0000,16.0000,1.0000,2.0792,0.5605,0.082613,-0.00158088,0.787041,1.0015,68.0000,3.7094,0.0025
candidate-fast,915,53.0000,14.0000,3.0000,2.1398,0.6081,0.094079,-0.00247367,0.784983,1.00011,70.0000,3.5192,0.0014
candidate-fast,916,41.0000,16.0000,2.0000,2.2080,0.6282,0.059935,-0.000104356,0.781957,0.99921,59.0000,3.5146,0.0132
candidate-fast,917,54.0000,12.0000,0.0000,2.1968,0.7425,0.100956,-0.00048432,0.688839,1.00194,66.0000,2.9585,0.0132
candidate-fast,918,56.0000,11.0000,1.0000,2.0961,0.6084,0.108397,-0.000874954,0.800144,1.00092,68.0000,3.4455,0.0013
candidate-fast,919,51.0000,13.0000,0.0000,1.9588,0.7121,0.091649,-0.00105667,0.644168,1.00065,64.0000,2.7506,0.0011
candidate-fast,920,47.0000,10.0000,0.0000,2.3043,0.7237,0.090805,-0.00044405,0.923703,0.999296,57.0000,3.1839,0.0064
candidate-fast,921,58.0000,11.0000,1.0000,2.3539,0.6757,0.113842,-0.000399835,0.803703,1.00101,70.0000,3.4839,0.0173
candidate-fast,922,49.0000,19.0000,1.0000,2.1736,0.7074,0.073629,-0.000113543,0.801636,1.00122,69.0000,3.0725,0.0122
candidate-fast,923,47.0000,9.0000,0.0000,2.1647,0.7144,0.089230,-0.00136392,0.667491,1.00061,56.0000,3.0302,0.0111
candidate-fast,924,55.0000,15.0000,1.0000,2.2318,0.6486,0.091525,0.00143527,0.855804,1.00047,71.0000,3.4409,0.0369
candidate-fast,925,43.0000,12.0000,0.0000,1.9358,0.6472,0.074003,0.00118298,0.708425,1.00051,55.0000,2.9911,0.0192
candidate-fast,926,50.0000,15.0000,1.0000,2.1727,0.6610,0.083716,0.00057112,0.909234,0.999611,66.0000,3.2870,0.0024
candidate-fast,927,51.0000,17.0000,1.0000,2.1635,0.6404,0.083681,-0.000714881,0.94804,0.998079,69.0000,3.3781,0.0001
candidate-fast,928,49.0000,14.0000,0.0000,2.1444,0.7701,0.085029,-0.000111502,0.759819,1.00006,63.0000,2.7845,0.0018
candidate-fast,929,49.0000,20.0000,0.0000,2.2991,0.7011,0.068077,0.000697493,0.737498,0.999043,69.0000,3.2791,0.0002
candidate-fast,930,45.0000,13.0000,0.0000,2.1039,0.7100,0.078340,-0.000434829,0.692575,0.999626,58.0000,2.9631,0.0069
candidate-fast,931,58.0000,15.0000,0.0000,2.1864,0.7023,0.106394,-0.00105714,0.91459,1.00002,73.0000,3.1134,0.0092
candidate-fast,932,49.0000,10.0000,0.0000,2.2492,0.6857,0.093168,0.000100236,0.660398,0.99976,59.0000,3.2803,0.0146
candidate-fast,933,46.0000,9.0000,1.0000,2.3950,0.6322,0.088167,-0.00225652,0.839652,0.998167,56.0000,3.7881,0.0145
candidate-fast,934,52.0000,14.0000,2.0000,2.2569,0.6421,0.093262,0.000795313,0.810486,1.00254,68.0000,3.5150,0.0012
candidate-fast,935,59.0000,15.0000,0.0000,2.1057,0.6931,0.108702,-0.000795444,0.813205,0.999044,74.0000,3.0383,0.0079
candidate-fast,936,54.0000,14.0000,0.0000,2.0215,0.7028,0.097909,-0.00207505,0.868907,1.00093,68.0000,2.8763,0.0062
candidate-fast,937,50.0000,19.0000,0.0000,1.9824,0.7326,0.077661,-0.000532121,0.933756,1.00124,69.0000,2.7058,0.0097
candidate-fast,938,52.0000,20.0000,0.0000,2.0846,0.7498,0.080483,-0.00210912,0.907302,0.999654,72.0000,2.7803,0.0071
candidate-fast,939,52.0000,12.0000,0.0000,2.1764,0.6688,0.099876,0.000211887,0.732617,0.999986,64.0000,3.2541,0.0017
candidate-fast,940,59.0000,14.0000,0.0000,2.0834,0.7550,0.108460,-0.000790297,0.737759,1.00059,73.0000,2.7596,0.0017
candidate-fast,941,53.0000,17.0000,0.0000,2.1295,0.6893,0.087175,-0.000317445,0.948027,1.00105,70.0000,3.0893,0.0143
candidate-fast,942,50.0000,16.0000,0.0000,2.0217,0.7092,0.081453,-0.000586923,0.879901,0.999616,66.0000,2.8509,0.0082
candidate-fast,943,46.0000,14.0000,1.0000,2.1347,0.6999,0.077379,-0.00143178,0.657296,1.00011,61.0000,3.0502,0.0342
candidate-fast,944,51.0000,14.0000,1.0000,2.1069,0.6639,0.084965,-0.00151973,0.755796,0.999769,66.0000,3.1733,0.0024
candidate-fast,945,49.0000,15.0000,0.0000,2.0134,0.6821,0.080198,-0.00256758,0.744336,0.998223,64.0000,2.9517,0.0020
candidate-fast,946,46.0000,12.0000,0.0000,2.3164,0.6821,0.076500,-0.000254676,0.729036,0.999775,58.0000,3.3961,0.0020
candidate-fast,947,43.0000,12.0000,1.0000,2.1619,0.6697,0.069726,-0.000681431,0.546096,1.0005,56.0000,3.2282,0.0024
candidate-fast,948,47.0000,11.0000,0.0000,2.2594,0.6724,0.084530,-0.000619839,0.649216,1.00041,58.0000,3.3604,0.0024
candidate-fast,949,52.0000,9.0000,0.0000,2.3514,0.6491,0.103340,-0.00067484,0.711525,0.997702,61.0000,3.6226,0.0024
candidate-fast,950,57.0000,15.0000,0.0000,2.0568,0.7140,0.099910,-0.00116289,0.883349,0.999283,72.0000,2.8806,0.0019
candidate-fast,951,52.0000,12.0000,1.0000,2.1942,0.6684,0.102596,-0.00193634,0.809225,0.996869,65.0000,3.2826,0.0019
candidate-fast,952,49.0000,13.0000,0.0000,2.2073,0.7504,0.088502,-0.00259176,0.707852,0.998774,62.0000,2.9416,0.0024
candidate-fast,953,44.0000,8.0000,0.0000,2.3238,0.7022,0.085484,-0.000708858,0.678093,1.00071,52.0000,3.3094,0.0024
candidate-fast,954,60.0000,10.0000,1.0000,2.3883,0.6563,0.121449,0.000221179,0.783105,0.999013,71.0000,3.6389,0.0098
candidate-fast,955,57.0000,18.0000,0.0000,2.2286,0.6839,0.092384,-0.000551515,0.845729,1.00019,75.0000,3.2588,0.0034
candidate-fast,956,44.0000,14.0000,2.0000,2.0023,0.5957,0.072030,-0.00226543,0.790121,1.00055,60.0000,3.3610,0.0057
candidate-fast,957,49.0000,20.0000,2.0000,2.0564,0.6798,0.070904,-0.000775352,0.813524,1.00036,71.0000,3.0249,0.0007
candidate-fast,958,57.0000,17.0000,0.0000,2.2613,0.7050,0.103890,-0.000306375,0.970567,0.999979,74.0000,3.2076,0.0039
candidate-fast,959,59.0000,10.0000,0.0000,2.0696,0.7503,0.117230,-0.0011194,0.642052,1.00045,69.0000,2.7584,0.0095
candidate-fast,960,46.0000,11.0000,0.0000,2.0648,0.7113,0.082319,-0.00089547,0.622013,0.998805,57.0000,2.9030,0.0010
candidate-fast,961,47.0000,10.0000,1.0000,2.2332,0.6274,0.090311,-0.00342789,0.652984,1.0001,58.0000,3.5597,0.0051
candidate-fast,962,55.0000,15.0000,0.0000,2.1334,0.7196,0.092785,0.00109213,0.759729,0.999647,70.0000,2.9649,0.0051
candidate-fast,963,43.0000,11.0000,0.0000,2.2641,0.6975,0.075460,-0.0010324,0.76294,1.00059,54.0000,3.2459,0.0051
candidate-fast,964,45.0000,17.0000,0.0000,2.2642,0.6934,0.067366,-0.000675259,0.942599,1.00089,62.0000,3.2653,0.0009
candidate-fast,965,59.0000,10.0000,0.0000,2.4659,0.7197,0.117577,-0.000356696,0.774187,1.00002,69.0000,3.4264,0.0017
candidate-fast,966,50.0000,9.0000,0.0000,2.1612,0.6782,0.096949,-0.000558957,0.701315,0.999462,59.0000,3.1866,0.0051
candidate-fast,967,50.0000,15.0000,0.0000,2.2176,0.6630,0.080549,-0.00120885,0.83212,1.00127,65.0000,3.3446,0.0051
candidate-fast,968,46.0000,10.0000,0.0000,2.0962,0.6523,0.084391,-0.000378146,0.590467,0.998518,56.0000,3.2138,0.0051
candidate-fast,969,49.0000,13.0000,0.0000,2.1296,0.6661,0.085378,-0.000966163,0.780167,0.999888,62.0000,3.1971,0.0051
candidate-fast,970,49.0000,13.0000,3.0000,2.3273,0.6427,0.083567,0.000551514,0.768724,0.999163,65.0000,3.6211,0.0051
candidate-fast,971,51.0000,16.0000,0.0000,2.2231,0.6630,0.082742,-6.99593e-05,0.866972,0.999499,67.0000,3.3530,0.0051
candidate-fast,972,43.0000,15.0000,0.0000,2.0617,0.6700,0.067308,-0.0027009,0.871342,0.99966,58.0000,3.0772,0.0051
candidate-fast,973,53.0000,17.0000,1.0000,2.3157,0.7094,0.086972,-0.000284001,0.879026,1.00055,71.0000,3.2643,0.0340
candidate-fast,974,43.0000,11.0000,0.0000,2.1146,0.6679,0.075057,-0.00277236,0.717672,1.00057,54.0000,3.1659,0.0108
candidate-fast,975,62.0000,17.0000,0.0000,2.2132,0.6853,0.113159,0.000202858,0.807111,1.00016,79.0000,3.2295,0.0099
candidate-fast,976,53.0000,13.0000,0.0000,2.2700,0.7350,0.097208,-0.000799499,0.95782,0.999876,66.0000,3.0885,0.0125
candidate-fast,977,51.0000,12.0000,0.0000,2.2022,0.7135,0.096861,-0.000598519,0.725807,0.999939,63.0000,3.0862,0.0056
candidate-fast,978,47.0000,15.0000,0.0000,2.0247,0.7613,0.075455,0.000111156,0.645543,1.00103,62.0000,2.6594,0.0056
candidate-fast,979,51.0000,20.0000,1.0000,2.2283,0.6440,0.075412,-0.000458545,1.01466,0.998728,72.0000,3.4600,0.0056
candidate-fast,980,45.0000,16.0000,0.0000,1.9292,0.6759,0.070603,-0.000484929,0.802114,1.001,61.0000,2.8544,0.0056
candidate-fast,981,56.0000,10.0000,0.0000,2.2143,0.7396,0.109413,-0.000513678,0.67236,1.00152,66.0000,2.9939,0.0061
candidate-fast,982,46.0000,9.0000,0.0000,2.3054,0.6885,0.080954,0.000294628,0.712384,0.999028,55.0000,3.3486,0.0005
candidate-fast,983,39.0000,12.0000,0.0000,2.2796,0.6581,0.058636,-0.00236217,0.751851,1.00011,51.0000,3.4639,0.0112
candidate-fast,984,46.0000,11.0000,0.0000,2.4190,0.6955,0.076556,0.000676552,0.746819,1.00067,57.0000,3.4781,0.0114
candidate-fast,985,44.0000,15.0000,0.0000,2.0742,0.6432,0.061826,-0.000244642,0.758947,1.00022,59.0000,3.2249,0.0126
candidate-fast,986,46.0000,14.0000,0.0000,2.2825,0.6494,0.070043,-0.000499543,0.757769,1.00048,60.0000,3.5147,0.0187
candidate-fast,987,45.0000,13.0000,0.0000,2.2076,0.6881,0.070558,-0.00292939,0.815137,1.0012,58.0000,3.2083,0.0037
candidate-fast,988,43.0000,11.0000,1.0000,2.3657,0.5924,0.074673,-0.000963278,0.783216,0.998881,55.0000,3.9933,0.0220
candidate-fast,989,52.0000,12.0000,1.0000,2.2787,0.6332,0.096438,-0.00222255,0.770248,1.00041,65.0000,3.5985,0.0270
candidate-fast,990,48.0000,17.0000,0.0000,2.2439,0.6845,0.071357,-0.000584078,1.05196,0.999753,65.0000,3.2780,0.0055
candidate-fast,991,47.0000,12.0000,0.0000,2.2114,0.7139,0.081247,-0.00124726,0.852967,0.998579,59.0000,3.0976,0.0085
candidate-fast,992,51.0000,12.0000,0.0000,2.3023,0.7356,0.093121,0.000944642,0.778766,1.00011,63.0000,3.1298,0.0053
candidate-fast,993,47.0000,10.0000,1.0000,2.2709,0.6558,0.083709,0.00191428,0.750307,0.999846,58.0000,3.4626,0.0053
candidate-fast,994,39.0000,16.0000,1.0000,2.0763,0.6395,0.047422,0.000155167,0.735048,1.00104,56.0000,3.2470,0.0036
candidate-fast,995,49.0000,15.0000,1.0000,2.2245,0.6610,0.075686,-0.000517659,0.826055,1.00103,65.0000,3.3652,0.0036
candidate-fast,996,43.0000,13.0000,1.0000,2.1656,0.5577,0.069169,-0.00191658,0.76708,0.998617,57.0000,3.8834,0.0053
candidate-fast,997,49.0000,12.0000,0.0000,2.3610,0.6735,0.085106,0.00193202,0.950418,1.00103,61.0000,3.5054,0.0078
candidate-fast,998,48.0000,12.0000,1.0000,2.4141,0.6330,0.080962,-0.000708596,0.807238,1.00039,61.0000,3.8140,0.0016
candidate-fast,999,45.0000,21.0000,0.0000,2.2515,0.6781,0.058251,-0.00123906,0.950204,1.003,66.0000,3.3202,0.0016
candidate-fast,1000,50.0000,16.0000,0.0000,2.3153,0.6744,0.083989,-0.00109613,0.899592,0.999864,66.0000,3.4332,0.0249
candidate-fast,1001,53.0000,15.0000,0.0000,2.0514,0.7059,0.093277,-0.00063769,0.854606,0.998945,68.0000,2.9060,0.0220
candidate-fast,1002,52.0000,20.0000,0.0000,2.1183,0.7195,0.078175,0.000281206,0.92235,0.998714,72.0000,2.9443,0.0039
candidate-fast,1003,44.0000,10.0000,1.0000,2.1618,0.6029,0.083199,-0.000257924,0.719957,1.00024,55.0000,3.5855,0.0039
candidate-fast,1004,55.0000,8.0000,0.0000,2.3365,0.6839,0.110464,-0.000815405,0.51102,0.998793,63.0000,3.4164,0.0039
candidate-fast,1005,45.0000,7.0000,0.0000,2.2384,0.6832,0.088586,-0.00114016,0.562214,0.999344,52.0000,3.2763,0.0039
candidate-fast,1006,53.0000,15.0000,0.0000,2.2378,0.7290,0.086641,-0.000425917,0.821286,0.999666,68.0000,3.0697,0.0039
candidate-fast,1007,45.0000,11.0000,0.0000,2.1169,0.6550,0.077731,-0.000765805,0.738623,1.00017,56.0000,3.2318,0.0039
candidate-fast,1008,49.0000,17.0000,0.0000,2.1012,0.6640,0.076502,-0.000591142,0.77015,0.999353,66.0000,3.1644,0.0039
candidate-fast,1009,43.0000,13.0000,0.0000,2.0583,0.6946,0.070389,0.000379825,0.853655,0.999388,56.0000,2.9634,0.0010
candidate-fast,1010,49.0000,9.0000,0.0000,2.3314,0.6680,0.090957,-0.00188799,0.628777,1.0001,58.0000,3.4904,0.0039
candidate-fast,1011,53.0000,11.0000,1.0000,2.2880,0.6665,0.095108,4.9606e-05,0.786,0.999663,65.0000,3.4331,0.0039
candidate-fast,1012,43.0000,13.0000,0.0000,2.1737,0.6350,0.064322,-0.0018396,0.804886,0.999436,56.0000,3.4230,0.0023
candidate-fast,1013,44.0000,8.0000,0.0000,2.2570,0.6793,0.080525,-0.00266,0.570544,1.0007,52.0000,3.3225,0.0139
candidate-fast,1014,49.0000,9.0000,1.0000,2.3211,0.6249,0.089962,-0.000343623,0.694024,0.999886,59.0000,3.7146,0.0006
candidate-fast,1015,41.0000,14.0000,2.0000,2.4145,0.6977,0.065113,-0.000691259,0.789516,0.99963,57.0000,3.4605,0.0029
candidate-fast,1016,54.0000,16.0000,0.0000,2.3148,0.7138,0.088550,-0.000693298,0.875784,1.0014,70.0000,3.2431,0.0127
candidate-fast,1017,44.0000,17.0000,1.0000,2.3524,0.6101,0.063412,-0.0013726,0.886945,1.00018,62.0000,3.8555,0.0068
candidate-fast,1018,49.0000,16.0000,0.0000,2.0994,0.6783,0.075110,-0.000316406,0.810411,1.00168,65.0000,3.0951,0.0063
candidate-fast,1019,45.0000,13.0000,1.0000,2.1396,0.6143,0.075008,0.000473784,0.868537,0.999691,59.0000,3.4831,0.0035
candidate-fast,1020,56.0000,8.0000,0.0000,2.2857,0.6411,0.114273,-0.00180268,0.671867,1.00089,64.0000,3.5653,0.0035
candidate-fast,1021,49.0000,19.0000,1.0000,2.1010,0.6559,0.071927,-0.00253539,0.901453,1.0011,69.0000,3.2032,0.0011
candidate-fast,1022,43.0000,18.0000,0.0000,1.9191,0.6536,0.060701,-0.000663871,0.776886,0.999636,61.0000,2.9362,0.0011
candidate-fast,1023,58.0000,14.0000,0.0000,2.2493,0.6743,0.107211,0.000326686,0.814015,1.00011,72.0000,3.3357,0.0011
candidate-fast,1024,47.0000,13.0000,0.0000,2.1099,0.7751,0.082034,-0.000151071,0.734779,1.0001,60.0000,2.7222,0.0011
candidate-fast,1025,58.0000,14.0000,1.0000,2.0625,0.6755,0.102855,-6.24331e-05,0.78928,1.00022,73.0000,3.0532,0.0011
candidate-fast,1026,51.0000,13.0000,0.0000,1.9662,0.6757,0.087467,-0.00119053,0.627556,0.999339,64.0000,2.9098,0.0011
candidate-fast,1027,37.0000,16.0000,0.0000,2.0370,0.6903,0.050057,-0.00215203,0.825584,0.999955,53.0000,2.9511,0.0004
candidate-fast,1028,53.0000,14.0000,1.0000,2.4528,0.6454,0.095852,0.000100578,0.851747,0.999071,68.0000,3.8003,0.0004
candidate-fast,1029,48.0000,12.0000,1.0000,2.2936,0.6623,0.087793,-0.00182856,0.753971,0.999316,61.0000,3.4628,0.0004
candidate-fast,1030,49.0000,10.0000,0.0000,2.2904,0.7566,0.087600,-0.00120687,0.86146,0.999421,59.0000,3.0271,0.0011
candidate-fast,1031,46.0000,13.0000,0.0000,2.3210,0.6679,0.075600,-0.00111832,0.754586,0.999748,59.0000,3.4753,0.0111
candidate-fast,1032,50.0000,8.0000,1.0000,2.3251,0.6311,0.100213,-0.000926888,0.655367,0.99997,59.0000,3.6841,0.0039
candidate-fast,1033,47.0000,13.0000,0.0000,2.2383,0.6938,0.079569,-0.0016233,0.679542,1.00011,60.0000,3.2262,0.0020
candidate-fast,1034,54.0000,13.0000,0.0000,2.3055,0.6513,0.094532,-0.000240957,0.788279,0.998972,67.0000,3.5396,0.0020
candidate-fast,1035,40.0000,12.0000,0.0000,2.1992,0.6203,0.063676,-0.00103862,0.734687,0.999397,52.0000,3.5452,0.0001
candidate-fast,1036,46.0000,19.0000,0.0000,1.9917,0.6016,0.057715,-0.00115478,0.785818,1.00029,65.0000,3.3108,0.0009
candidate-fast,1037,51.0000,14.0000,0.0000,2.1498,0.6431,0.087893,-0.000955436,0.77956,1.00098,65.0000,3.3431,0.0265
candidate-fast,1038,54.0000,13.0000,0.0000,2.1514,0.6779,0.099023,-0.00172034,0.896878,0.999629,67.0000,3.1734,0.0046
candidate-fast,1039,41.0000,22.0000,0.0000,2.0558,0.6869,0.044138,-0.00120591,0.843431,1.00047,63.0000,2.9930,0.0075
candidate-fast,1040,52.0000,13.0000,0.0000,2.4292,0.7036,0.093242,0.000415111,0.844384,0.998361,65.0000,3.4523,0.0109
candidate-fast,1041,40.0000,8.0000,0.0000,2.2225,0.6670,0.074317,0.000137826,0.699086,0.99978,48.0000,3.3319,0.0048
candidate-fast,1042,52.0000,11.0000,0.0000,2.2808,0.6861,0.097781,-0.00187233,0.811401,0.999902,63.0000,3.3243,0.0048
candidate-fast,1043,52.0000,11.0000,0.0000,2.3234,0.6536,0.095680,-0.000935483,0.74594,0.999506,63.0000,3.5548,0.0048
candidate-fast,1044,49.0000,15.0000,1.0000,2.2959,0.7157,0.080689,0.000318289,0.743158,1.00148,65.0000,3.2077,0.0204
candidate-fast,1045,48.0000,7.0000,0.0000,2.0265,0.7084,0.095150,-0.00116218,0.615279,1.0007,55.0000,2.8609,0.0004
candidate-fast,1046,53.0000,11.0000,0.0000,2.2288,0.6732,0.098376,0.00111142,0.721111,0.999679,64.0000,3.3106,0.0049
candidate-fast,1047,42.0000,11.0000,0.0000,2.3918,0.6946,0.070404,0.000208312,0.59842,0.999755,53.0000,3.4436,0.0049
candidate-fast,1048,54.0000,13.0000,0.0000,2.1358,0.6011,0.094304,0.000925352,0.818343,0.999252,67.0000,3.5531,0.0055
candidate-fast,1049,46.0000,10.0000,1.0000,2.2237,0.6540,0.082445,-0.000727829,0.63426,1.00089,57.0000,3.3998,0.0055
candidate-fast,1050,53.0000,16.0000,0.0000,2.1170,0.6330,0.082990,-0.00062702,0.930585,1.00023,69.0000,3.3442,0.0055
candidate-fast,1051,40.0000,17.0000,0.0000,1.9712,0.6868,0.053276,-0.000963887,0.978043,1.0016,57.0000,2.8702,0.0055
candidate-fast,1052,44.0000,12.0000,0.0000,2.0427,0.6626,0.073928,-0.000201209,0.677831,0.999345,56.0000,3.0827,0.0055
candidate-fast,1053,55.0000,12.0000,0.0000,2.2002,0.6901,0.099119,0.00010267,0.817258,1.00038,67.0000,3.1882,0.0018
candidate-fast,1054,44.0000,11.0000,1.0000,2.2489,0.5580,0.071986,-0.00268859,0.718939,1.00108,56.0000,4.0300,0.0008
candidate-fast,1055,40.0000,16.0000,1.0000,2.0692,0.6069,0.050617,-0.00244463,0.849732,1.00076,57.0000,3.4095,0.0111
candidate-fast,1056,33.0000,13.0000,0.0000,2.2226,0.6266,0.038418,-0.000201345,0.789686,1.001,46.0000,3.5468,0.0111
candidate-fast,1057,45.0000,10.0000,0.0000,2.3265,0.6366,0.075711,-0.000831389,0.821126,1.00187,55.0000,3.6545,0.0083
candidate-fast,1058,50.0000,22.0000,0.0000,2.3784,0.6842,0.067623,-0.00211941,0.947902,1.00063,72.0000,3.4760,0.0000
candidate-fast,1059,42.0000,14.0000,2.0000,2.5635,0.5991,0.064839,-0.000463318,0.778566,0.999535,58.0000,4.2787,0.0118
candidate-fast,1060,46.0000,10.0000,0.0000,2.3531,0.7210,0.082805,-0.00123447,0.763215,1.00064,56.0000,3.2636,0.0118
candidate-fast,1061,52.0000,13.0000,0.0000,2.1661,0.6451,0.091978,-0.00100731,0.878226,0.999966,65.0000,3.3579,0.0234
candidate-fast,1062,44.0000,18.0000,1.0000,1.8738,0.6618,0.060645,0.000835103,0.856812,1.00005,63.0000,2.8314,0.0070
candidate-fast,1063,43.0000,15.0000,0.0000,1.9879,0.6617,0.061112,-0.000337094,0.91259,0.997699,58.0000,3.0043,0.0024
candidate-fast,1064,45.0000,10.0000,2.0000,2.3927,0.6074,0.078858,9.26564e-05,0.675802,1.00105,57.0000,3.9390,0.0024
candidate-fast,1065,47.0000,12.0000,1.0000,2.2084,0.6064,0.078124,0.000263795,0.816858,1.00052,60.0000,3.6420,0.0001
candidate-fast,1066,40.0000,10.0000,0.0000,1.9269,0.6475,0.065276,-0.00133946,0.619487,1.00017,50.0000,2.9760,0.0004
candidate-fast,1067,56.0000,11.0000,0.0000,2.3603,0.6022,0.104494,-0.000221461,0.781963,0.999088,67.0000,3.9197,0.0110
candidate-fast,1068,51.0000,14.0000,0.0000,2.1003,0.6902,0.081756,-0.000475146,0.77864,1.00103,65.0000,3.0432,0.0094
candidate-fast,1069,38.0000,11.0000,0.0000,2.0361,0.7112,0.057452,-0.00119737,0.643387,1.00157,49.0000,2.8629,0.0036
candidate-fast,1070,49.0000,13.0000,0.0000,2.2750,0.6436,0.079766,-0.00204025,0.832662,0.999283,62.0000,3.5350,0.0072
candidate-fast,1071,31.0000,14.0000,1.0000,2.0414,0.6026,0.029086,-0.00131239,0.580593,0.99938,46.0000,3.3878,0.0110
candidate-fast,1072,45.0000,12.0000,1.0000,2.5175,0.6144,0.066355,-0.00214669,0.881198,0.998989,58.0000,4.0973,0.0028
candidate-fast,1073,34.0000,11.0000,1.0000,2.0199,0.5915,0.043955,-0.000209252,0.63243,1.00061,46.0000,3.4150,0.0036
candidate-fast,1074,42.0000,10.0000,1.0000,2.3994,0.6002,0.067221,-0.00247948,0.764314,0.997115,53.0000,3.9976,0.0099
candidate-fast,1075,34.0000,14.0000,1.0000,2.4502,0.6493,0.038520,-0.000740897,0.810867,1.00081,49.0000,3.7739,0.0099
candidate-fast,1076,45.0000,9.0000,1.0000,2.4022,0.5916,0.073023,-0.000920185,0.809267,1.00046,55.0000,4.0604,0.0099
candidate-fast,1077,28.0000,17.0000,0.0000,2.0766,0.7054,0.014432,0.000245298,0.834797,1.00093,45.0000,2.9438,0.0099
candidate-fast,1078,43.0000,10.0000,2.0000,2.6707,0.5608,0.067883,0.000164608,0.836096,0.999543,55.0000,4.7622,0.0078
candidate-fast,1079,42.0000,9.0000,0.0000,2.2072,0.6594,0.067363,0.00214798,0.896421,0.999667,51.0000,3.3473,0.0078
candidate-fast,1080,41.0000,11.0000,3.0000,2.5437,0.5420,0.055989,7.10422e-05,0.792876,1.00162,55.0000,4.6935,0.0078
candidate-fast,1081,39.0000,10.0000,0.0000,2.0508,0.5966,0.062197,-0.000554996,0.843416,0.998646,49.0000,3.4376,0.0099
candidate-fast,1082,38.0000,17.0000,3.0000,2.2568,0.6034,0.035972,-0.00130161,0.803464,1.00082,58.0000,3.7400,0.0052
candidate-fast,1083,40.0000,11.0000,3.0000,2.5703,0.5740,0.057951,-0.00108889,0.864895,1.00039,54.0000,4.4778,0.0073
candidate-fast,1084,30.0000,14.0000,2.0000,2.2003,0.6201,0.026707,-0.00111913,0.836785,1.00149,46.0000,3.5483,0.0051
candidate-fast,1085,37.0000,12.0000,1.0000,2.4006,0.6198,0.047238,-0.00161619,0.856314,1.00003,50.0000,3.8730,0.0303
candidate-fast,1086,43.0000,8.0000,2.0000,2.5053,0.6042,0.072651,0.000155364,0.765845,0.99914,53.0000,4.1463,0.0036
candidate-fast,1087,35.0000,11.0000,0.0000,2.2260,0.6188,0.043290,0.000180067,0.635272,1.00025,46.0000,3.5972,0.0153
candidate-fast,1088,34.0000,18.0000,2.0000,2.3460,0.5789,0.025125,-0.0014132,0.801506,0.998951,54.0000,4.0523,0.0005
candidate-fast,1089,40.0000,10.0000,2.0000,2.3030,0.5591,0.057196,-0.00119212,0.814082,1.00078,52.0000,4.1187,0.0162
candidate-fast,1090,42.0000,8.0000,0.0000,2.2196,0.6371,0.071845,0.000152413,0.771648,0.999311,50.0000,3.4840,0.0199
candidate-fast,1091,41.0000,6.0000,2.0000,2.4189,0.5587,0.070272,-0.000860129,0.719426,1.00161,49.0000,4.3294,0.0011
candidate-fast,1092,31.0000,12.0000,3.0000,2.4807,0.5042,0.035685,-0.00211272,0.699425,0.99843,46.0000,4.9196,0.0199
candidate-fast,1093,37.0000,22.0000,2.0000,2.4064,0.5342,0.024557,-0.00204081,1.12489,0.998626,61.0000,4.5043,0.0028
candidate-fast,1094,43.0000,8.0000,0.0000,2.3782,0.6715,0.069731,-0.000781406,0.867798,0.995805,51.0000,3.5414,0.0028
candidate-fast,1095,32.0000,10.0000,1.0000,2.3424,0.5658,0.038014,0.00104133,0.769116,1.0002,43.0000,4.1398,0.0051
candidate-fast,1096,38.0000,13.0000,2.0000,2.2774,0.6043,0.044962,-3.66546e-05,0.858827,0.99998,53.0000,3.7683,0.0065
candidate-fast,1097,39.0000,14.0000,2.0000,2.4055,0.5736,0.050968,-0.0017871,0.974378,1.00004,55.0000,4.1933,0.0065
candidate-fast,1098,44.0000,11.0000,1.0000,2.1545,0.6437,0.069984,-0.000485603,0.741948,0.998721,56.0000,3.3473,0.0065
candidate-fast,1099,46.0000,12.0000,1.0000,2.3133,0.6394,0.075039,-0.0012445,0.93218,0.997438,59.0000,3.6182,0.0065
candidate-fast,1100,34.0000,9.0000,0.0000,2.1976,0.7091,0.051697,-0.00271339,0.625566,0.998984,43.0000,3.0991,0.0062
candidate-fast,1101,47.0000,16.0000,2.0000,2.4583,0.5566,0.064655,-0.000868647,1.00144,0.999893,65.0000,4.4169,0.0065
candidate-fast,1102,44.0000,13.0000,2.0000,2.5151,0.6033,0.066026,0.000578093,0.985917,0.998813,59.0000,4.1688,0.0065
candidate-fast,1103,38.0000,10.0000,1.0000,1.9057,0.6463,0.055721,-0.000357855,0.718842,1.0008,49.0000,2.9486,0.0081
candidate-fast,1104,33.0000,9.0000,1.0000,2.5507,0.5878,0.044581,0.000812563,0.846608,0.999102,43.0000,4.3391,0.0072
candidate-fast,1105,39.0000,7.0000,3.0000,2.7915,0.5754,0.061946,-0.000419187,0.764184,1.00146,49.0000,4.8513,0.0066
candidate-fast,1106,44.0000,11.0000,0.0000,2.5966,0.6127,0.073927,-6.26626e-05,0.851229,0.999565,55.0000,4.2382,0.0058
candidate-fast,1107,38.0000,12.0000,2.0000,2.5970,0.5988,0.053178,-0.00126799,0.94569,0.997932,52.0000,4.3373,0.0058
candidate-fast,1108,42.0000,12.0000,1.0000,2.3078,0.6405,0.064606,-0.000835579,0.715942,1.0007,55.0000,3.6031,0.0033
candidate-fast,1109,50.0000,12.0000,0.0000,2.2460,0.6462,0.082010,-0.000845324,0.900611,0.999382,62.0000,3.4756,0.0058
candidate-fast,1110,34.0000,12.0000,1.0000,2.1154,0.5978,0.046468,0.000665684,0.74717,0.997721,47.0000,3.5387,0.0058
candidate-fast,1111,43.0000,7.0000,1.0000,2.3696,0.5860,0.073145,-0.00216107,0.821378,0.998836,51.0000,4.0434,0.0014
candidate-fast,1112,41.0000,8.0000,0.0000,2.2620,0.6301,0.065963,-0.00303693,0.67686,0.999817,49.0000,3.5898,0.0014
candidate-fast,1113,38.0000,12.0000,2.0000,2.2201,0.5791,0.048869,-0.00159342,0.693696,1.00065,52.0000,3.8341,0.0014
candidate-fast,1114,43.0000,16.0000,2.0000,2.3582,0.5188,0.053105,-0.0015322,0.873727,1.00078,61.0000,4.5451,0.0014
candidate-fast,1115,45.0000,10.0000,1.0000,2.3578,0.6258,0.077343,-0.000583272,0.987684,1.00139,56.0000,3.7675,0.0014
candidate-fast,1116,31.0000,6.0000,1.0000,2.2995,0.6165,0.049178,0.000440254,0.467465,0.99965,38.0000,3.7298,0.0014
candidate-fast,1117,52.0000,14.0000,0.0000,2.4213,0.5705,0.080215,-0.00102101,0.939122,1.00069,66.0000,4.2440,0.0033
candidate-fast,1118,45.0000,20.0000,1.0000,2.4914,0.6042,0.058396,-0.00233257,1.04866,0.999067,66.0000,4.1235,0.0202
candidate-fast,1119,49.0000,9.0000,0.0000,2.0212,0.7059,0.090214,0.000268674,0.685781,1.001,58.0000,2.8631,0.0202
candidate-fast,1120,40.0000,12.0000,0.0000,2.1800,0.7509,0.062489,-0.000190124,0.683031,0.999561,52.0000,2.9031,0.0041
candidate-fast,1121,40.0000,8.0000,0.0000,2.2489,0.6063,0.064823,-2.80332e-05,0.747811,0.999305,48.0000,3.7094,0.0020
candidate-fast,1122,45.0000,15.0000,1.0000,2.2817,0.6321,0.064528,-0.00443233,0.823681,0.997276,61.0000,3.6100,0.0067
candidate-fast,1123,39.0000,14.0000,0.0000,2.4799,0.6021,0.055434,-0.00298542,1.00448,1.0006,53.0000,4.1185,0.0131
candidate-fast,1124,43.0000,17.0000,0.0000,2.4197,0.6422,0.054759,-0.00152962,0.805654,1.00018,60.0000,3.7680,0.0011
candidate-fast,1125,46.0000,10.0000,1.0000,2.2688,0.5931,0.080528,-0.000571019,0.800948,0.999817,57.0000,3.8253,0.0118
candidate-fast,1126,47.0000,13.0000,0.0000,2.3544,0.6321,0.081243,-0.0008797,1.0048,0.997935,60.0000,3.7250,0.0012
candidate-fast,1127,48.0000,19.0000,1.0000,2.3850,0.6875,0.067935,-0.0007825,1.03229,1.00132,68.0000,3.4691,0.0012
candidate-fast,1128,53.0000,11.0000,0.0000,2.1396,0.6592,0.097270,-0.00233714,0.639726,0.999113,64.0000,3.2456,0.0012
candidate-fast,1129,42.0000,9.0000,0.0000,2.1120,0.6502,0.076076,-0.0023895,0.74583,0.998868,51.0000,3.2481,0.0022
candidate-fast,1130,53.0000,18.0000,1.0000,2.2939,0.5866,0.084083,-0.0013455,0.937464,1.00067,72.0000,3.9107,0.0088
candidate-fast,1131,55.0000,9.0000,0.0000,2.0878,0.6783,0.109008,-0.000666614,0.632845,0.999777,64.0000,3.0780,0.0088
candidate-fast,1132,53.0000,13.0000,0.0000,2.1409,0.7421,0.093676,-0.000314681,0.710488,1.0004,66.0000,2.8850,0.0088
candidate-fast,1133,48.0000,8.0000,0.0000,2.0076,0.6698,0.093579,-0.000474823,0.525392,1.00021,56.0000,2.9975,0.0017
candidate-fast,1134,53.0000,14.0000,0.0000,2.0983,0.6746,0.087459,-0.00130536,0.915886,0.998497,67.0000,3.1105,0.0093
candidate-fast,1135,45.0000,18.0000,1.0000,1.9951,0.6791,0.065796,-0.000596636,0.715146,1.00114,64.0000,2.9380,0.0044
candidate-fast,1136,42.0000,17.0000,1.0000,2.2663,0.6122,0.056378,-0.000747285,0.658178,1.00003,60.0000,3.7018,0.0095
candidate-fast,1137,55.0000,16.0000,0.0000,2.0614,0.6956,0.094348,-0.00100128,0.685284,0.997028,71.0000,2.9635,0.0006
candidate-fast,1138,53.0000,11.0000,1.0000,2.1093,0.6400,0.100880,0.000248822,0.771144,1.00078,65.0000,3.2960,0.0006
candidate-fast,1139,48.0000,15.0000,0.0000,2.1303,0.6539,0.081635,-0.00192715,0.999803,1.00182,63.0000,3.2576,0.0173
candidate-fast,1140,43.0000,10.0000,1.0000,2.4747,0.6621,0.078771,-0.00221297,0.843933,1.00077,54.0000,3.7374,0.0004
candidate-fast,1141,52.0000,12.0000,1.0000,2.3757,0.6416,0.096670,-0.00256656,0.787929,1.00102,65.0000,3.7029,0.0058
candidate-fast,1142,51.0000,15.0000,0.0000,2.2688,0.7544,0.086651,-0.00201258,0.711481,1.00048,66.0000,3.0076,0.0032
candidate-fast,1143,49.0000,18.0000,0.0000,2.1014,0.6917,0.074795,-0.000705698,0.827081,1.00031,67.0000,3.0381,0.0238
candidate-fast,1144,48.0000,16.0000,0.0000,2.0333,0.7155,0.077483,-0.0015376,0.775308,0.999517,64.0000,2.8419,0.0070
candidate-fast,1145,55.0000,14.0000,1.0000,2.3484,0.6983,0.098295,0.000665191,0.964719,1.00064,70.0000,3.3633,0.0513
candidate-fast,1146,48.0000,9.0000,0.0000,2.1517,0.7659,0.091375,-0.000783706,0.593877,0.999799,57.0000,2.8095,0.0148
candidate-fast,1147,51.0000,16.0000,0.0000,1.9020,0.6859,0.082575,0.00113435,0.677572,1.00032,67.0000,2.7728,0.0036
candidate-fast,1148,40.0000,10.0000,1.0000,2.4080,0.6717,0.067041,-0.00216805,0.700155,1.00184,51.0000,3.5847,0.0025
candidate-fast,1149,59.0000,15.0000,1.0000,2.3298,0.6427,0.101301,-0.00101162,0.715423,0.999191,75.0000,3.6248,0.0026
candidate-fast,1150,47.0000,13.0000,1.0000,2.1868,0.6638,0.079441,-0.000345557,0.727284,1.00082,61.0000,3.2944,0.0026
candidate-fast,1151,51.0000,19.0000,0.0000,1.9801,0.6563,0.078256,-0.00150709,0.880368,0.999689,70.0000,3.0171,0.0065
candidate-fast,1152,49.0000,14.0000,1.0000,2.2554,0.6437,0.087146,-0.00205556,0.706779,0.99994,64.0000,3.5036,0.0042
candidate-fast,1153,58.0000,14.0000,1.0000,2.2162,0.7372,0.110637,-0.00254172,0.794931,0.998695,73.0000,3.0063,0.0042
candidate-fast,1154,49.0000,9.0000,0.0000,2.0355,0.7242,0.095949,-0.00155339,0.608645,1,58.0000,2.8107,0.0042
candidate-fast,1155,49.0000,13.0000,0.0000,2.2169,0.6917,0.085868,-5.65873e-05,0.705655,0.998685,62.0000,3.2050,0.0042
candidate-fast,1156,44.0000,11.0000,0.0000,2.2816,0.6891,0.077563,0.00113753,0.706667,0.999931,55.0000,3.3111,0.0042
candidate-fast,1157,46.0000,13.0000,0.0000,2.2638,0.7102,0.077059,-0.000234472,0.717481,0.999712,59.0000,3.1873,0.0041
candidate-fast,1158,43.0000,14.0000,1.0000,2.3340,0.6196,0.066908,-0.0017519,0.601424,0.999721,58.0000,3.7667,0.0053
candidate-fast,1159,55.0000,10.0000,0.0000,2.1846,0.6872,0.106080,-0.000943171,0.678877,1.00207,65.0000,3.1789,0.0053
candidate-fast,1160,53.0000,13.0000,0.0000,2.4052,0.7253,0.097824,-0.000901762,0.941144,0.999359,66.0000,3.3159,0.0053
candidate-fast,1161,51.0000,12.0000,0.0000,2.0140,0.6981,0.091864,-0.00135633,0.758298,0.999111,63.0000,2.8851,0.0053
candidate-fast,1162,47.0000,17.0000,1.0000,2.0334,0.6497,0.070394,-5.53625e-05,0.739432,1.00117,65.0000,3.1296,0.0060
candidate-fast,1163,58.0000,14.0000,0.0000,2.2235,0.6748,0.106815,-0.00115746,0.724756,1.00059,72.0000,3.2953,0.0056
candidate-fast,1164,49.0000,10.0000,1.0000,2.3472,0.7069,0.091359,-0.000661134,0.628284,1.00091,60.0000,3.3203,0.0025
candidate-fast,1165,47.0000,11.0000,0.0000,2.1117,0.6599,0.085753,0.000841973,0.586167,1.00101,58.0000,3.2000,0.0096
candidate-fast,1166,45.0000,12.0000,2.0000,2.2738,0.6490,0.075844,-0.000409531,0.719301,0.99753,59.0000,3.5034,0.0076
candidate-fast,1167,51.0000,13.0000,0.0000,2.1557,0.6762,0.091345,0.00044328,0.667175,0.999786,64.0000,3.1881,0.0025
candidate-fast,1168,52.0000,21.0000,1.0000,2.1623,0.6577,0.078028,-0.00165965,0.984883,1.00058,74.0000,3.2875,0.0003
candidate-fast,1169,55.0000,12.0000,0.0000,2.1966,0.7496,0.107142,-0.00227419,0.689782,0.999295,67.0000,2.9303,0.0003
candidate-fast,1170,49.0000,16.0000,1.0000,2.2867,0.6960,0.085542,-0.000716023,0.750957,1.00188,66.0000,3.2856,0.0003
candidate-fast,1171,50.0000,10.0000,0.0000,2.2830,0.7987,0.096643,-0.000917432,0.767545,1.00052,60.0000,2.8583,0.0069
candidate-fast,1172,59.0000,18.0000,0.0000,2.1483,0.6860,0.104463,-0.000842593,0.804703,0.999804,77.0000,3.1317,0.0141
candidate-fast,1173,49.0000,14.0000,2.0000,2.2964,0.7098,0.085573,-0.00268266,0.748463,1.0009,65.0000,3.2354,0.0075
candidate-fast,1174,58.0000,12.0000,1.0000,2.1821,0.7249,0.114406,0.000346609,0.766403,1.0014,71.0000,3.0103,0.0183
candidate-fast,1175,54.0000,15.0000,0.0000,2.1658,0.7319,0.096800,-0.000475936,0.842644,0.999576,69.0000,2.9593,0.0237
candidate-fast,1176,62.0000,16.0000,1.0000,2.0636,0.7148,0.118043,-0.00326997,0.79164,0.999609,79.0000,2.8871,0.0237
candidate-fast,1177,54.0000,17.0000,0.0000,2.0092,0.7274,0.095008,-0.0014173,0.803494,1.00058,71.0000,2.7623,0.0154
candidate-fast,1178,56.0000,12.0000,0.0000,2.1444,0.7652,0.110710,0.00216784,0.513072,1.00053,68.0000,2.8022,0.0239
candidate-fast,1179,54.0000,12.0000,0.0000,2.0878,0.7536,0.099524,-0.00067466,0.644347,1.0004,66.0000,2.7705,0.0062
candidate-fast,1180,46.0000,16.0000,0.0000,2.1574,0.7047,0.074069,-0.00178976,0.79155,1.00146,62.0000,3.0616,0.0041
candidate-fast,1181,47.0000,12.0000,0.0000,2.0345,0.7593,0.081244,-0.00237098,0.7568,1.00071,59.0000,2.6795,0.0134
candidate-fast,1182,54.0000,14.0000,1.0000,2.2794,0.6412,0.099278,0.000305263,0.74586,0.999458,69.0000,3.5548,0.0116
candidate-fast,1183,47.0000,11.0000,0.0000,2.0036,0.6609,0.088907,-0.00308582,0.625207,0.999905,58.0000,3.0314,0.0093
candidate-fast,1184,65.0000,6.0000,1.0000,2.3734,0.6857,0.146142,-0.00106621,0.709971,0.999158,72.0000,3.4611,0.0386
candidate-fast,1185,50.0000,15.0000,0.0000,2.0648,0.7517,0.084891,-0.00179253,0.668285,1.00063,65.0000,2.7468,0.0012
candidate-fast,1186,48.0000,20.0000,0.0000,2.1259,0.7500,0.068871,-0.00314734,0.735887,0.998976,68.0000,2.8347,0.0130
candidate-fast,1187,55.0000,12.0000,0.0000,2.0131,0.7002,0.106155,-0.00127742,0.807456,0.999503,67.0000,2.8751,0.0317
candidate-fast,1188,58.0000,10.0000,0.0000,2.2527,0.7104,0.116982,-0.00116769,0.709573,0.999675,68.0000,3.1710,0.0092
candidate-fast,1189,48.0000,13.0000,3.0000,2.1926,0.6323,0.085581,7.70122e-05,0.679728,1.00145,64.0000,3.4677,0.0012
candidate-fast,1190,59.0000,10.0000,0.0000,2.1506,0.7523,0.118886,-0.00220414,0.705942,1.00133,69.0000,2.8587,0.0012
candidate-fast,1191,50.0000,15.0000,3.0000,2.0816,0.6144,0.084879,-0.00051136,0.756894,0.99933,68.0000,3.3881,0.0012
candidate-fast,1192,45.0000,16.0000,0.0000,2.0793,0.7476,0.072857,-0.00131509,0.701758,1.00044,61.0000,2.7813,0.0012
candidate-fast,1193,55.0000,14.0000,0.0000,2.3917,0.7669,0.097367,-0.000791871,0.652535,1.00056,69.0000,3.1184,0.0012
candidate-fast,1194,50.0000,14.0000,1.0000,1.9868,0.6985,0.087790,0.00196097,0.697059,1.00004,65.0000,2.8443,0.0155
candidate-fast,1195,51.0000,13.0000,0.0000,2.0179,0.6943,0.090232,0.000167206,0.593887,1.00192,64.0000,2.9064,0.0086
candidate-fast,1196,45.0000,9.0000,1.0000,2.1697,0.6233,0.084166,-0.00161546,0.574751,0.99821,55.0000,3.4809,0.0000
candidate-fast,1197,54.0000,12.0000,0.0000,2.2000,0.7062,0.098295,-0.000376316,0.787095,1.0014,66.0000,3.1153,0.0045
candidate-fast,1198,53.0000,20.0000,0.0000,2.2405,0.7522,0.083021,1.89631e-05,0.957815,0.999146,73.0000,2.9785,0.0045
candidate-fast,1199,51.0000,10.0000,1.0000,2.1194,0.7125,0.099934,-0.00157983,0.564428,0.997877,62.0000,2.9745,0.0045
candidate-fast,1200,47.0000,7.0000,3.0000,2.3515,0.6258,0.093854,-0.000831337,0.492806,0.999154,57.0000,3.7574,0.0092
candidate-fast,1201,47.0000,4.0000,1.0000,2.3350,0.6977,0.096545,-4.07336e-05,0.422944,1.00079,52.0000,3.3467,0.0036
candidate-fast,1202,51.0000,18.0000,1.0000,2.1700,0.6556,0.076562,-0.00123887,0.772782,0.999337,70.0000,3.3102,0.0036
candidate-fast,1203,48.0000,13.0000,3.0000,2.4598,0.5782,0.083961,-0.00049364,1.10048,0.998988,64.0000,4.2541,0.0110
candidate-fast,1204,48.0000,7.0000,0.0000,2.2563,0.7560,0.103186,6.20345e-05,0.484049,0.999941,55.0000,2.9847,0.0082
candidate-fast,1205,50.0000,15.0000,0.0000,2.1909,0.7062,0.084266,-0.00144748,0.8036,0.996803,65.0000,3.1026,0.0073
candidate-fast,1206,58.0000,12.0000,0.0000,2.1619,0.6837,0.110730,-0.0018501,0.640348,1.0001,70.0000,3.1620,0.0017
candidate-fast,1207,45.0000,18.0000,0.0000,1.9337,0.6895,0.063715,-0.00170479,0.871532,1.00026,63.0000,2.8046,0.0075
candidate-fast,1208,44.0000,15.0000,2.0000,2.1876,0.6635,0.065647,-0.00134786,0.721782,0.99787,61.0000,3.2972,0.0014
candidate-fast,1209,59.0000,15.0000,2.0000,2.1569,0.6884,0.108398,-0.00179075,0.759902,0.999241,76.0000,3.1330,0.0014
candidate-fast,1210,49.0000,12.0000,1.0000,2.2337,0.7101,0.088819,0.00100731,0.705563,1.00031,62.0000,3.1457,0.0082
candidate-fast,1211,50.0000,8.0000,1.0000,2.0423,0.7008,0.096438,4.5097e-05,0.519848,1.00209,59.0000,2.9143,0.0009
candidate-fast,1212,52.0000,20.0000,1.0000,1.9321,0.6409,0.073723,-0.000285699,0.712945,1.00018,73.0000,3.0147,0.0019
candidate-fast,1213,50.0000,22.0000,0.0000,1.9187,0.7328,0.070589,0.00295843,0.90252,0.999654,72.0000,2.6182,0.0112
candidate-fast,1214,44.0000,14.0000,2.0000,2.3293,0.6737,0.071172,6.99388e-05,0.706746,0.999755,60.0000,3.4577,0.0221
candidate-fast,1215,49.0000,12.0000,1.0000,2.1903,0.7093,0.086857,0.00011794,0.706193,0.998649,62.0000,3.0879,0.0061
candidate-fast,1216,53.0000,10.0000,1.0000,2.2291,0.6839,0.104486,-0.00128086,0.602394,0.999993,64.0000,3.2592,0.0017
candidate-fast,1217,45.0000,10.0000,1.0000,2.2150,0.7153,0.085167,-0.00341148,0.571066,0.999679,56.0000,3.0968,0.0017
candidate-fast,1218,52.0000,10.0000,2.0000,2.2495,0.6561,0.099879,-0.000421361,0.663698,1.0011,64.0000,3.4285,0.0017
candidate-fast,1219,45.0000,13.0000,3.0000,2.4706,0.6120,0.078919,-0.00110624,0.87348,1.0015,61.0000,4.0369,0.0017
candidate-fast,1220,47.0000,16.0000,0.0000,2.0789,0.7131,0.072973,-0.000563521,0.809777,1.00078,63.0000,2.9154,0.0017
candidate-fast,1221,56.0000,15.0000,1.0000,2.2183,0.7196,0.097790,-0.00030859,0.853694,1.00075,72.0000,3.0828,0.0017
candidate-fast,1222,45.0000,16.0000,1.0000,2.2733,0.7158,0.070624,0.000865783,0.688833,1.00028,62.0000,3.1757,0.0041
candidate-fast,1223,64.0000,5.0000,1.0000,2.2691,0.7370,0.144438,9.57013e-05,0.698881,1.00141,70.0000,3.0787,0.0041
candidate-fast,1224,61.0000,13.0000,3.0000,2.1308,0.5937,0.116779,-0.000176636,0.616627,0.999204,77.0000,3.5887,0.0104
candidate-fast,1225,44.0000,16.0000,1.0000,1.9733,0.7039,0.073182,0.000260895,0.82391,1.00046,61.0000,2.8036,0.0022
candidate-fast,1226,65.0000,16.0000,1.0000,2.1438,0.6975,0.122860,-0.00302339,0.817414,0.997974,82.0000,3.0737,0.0032
candidate-fast,1227,41.0000,11.0000,1.0000,2.2586,0.7226,0.076978,-0.00320865,0.72492,0.999296,53.0000,3.1259,0.0040
candidate-fast,1228,61.0000,18.0000,0.0000,2.3420,0.8332,0.109515,-0.00186721,0.946847,0.99907,79.0000,2.8108,0.0138
candidate-fast,1229,45.0000,20.0000,1.0000,2.0497,0.7256,0.063525,-0.00150028,0.779637,0.999258,66.0000,2.8249,0.0032
candidate-fast,1230,62.0000,14.0000,0.0000,2.0905,0.7447,0.119011,0.000796339,0.729604,0.999994,76.0000,2.8071,0.0101
candidate-fast,1231,50.0000,20.0000,0.0000,1.9266,0.7657,0.076066,-0.000856429,0.738522,0.998861,70.0000,2.5162,0.0032
candidate-fast,1232,57.0000,14.0000,1.0000,2.2412,0.6735,0.109375,-0.00281869,0.678236,1.00207,72.0000,3.3275,0.0138
candidate-fast,1233,48.0000,17.0000,1.0000,2.0704,0.7203,0.076792,-0.000192936,0.628837,0.999484,66.0000,2.8742,0.0072
candidate-fast,1234,53.0000,14.0000,0.0000,2.0767,0.8015,0.093821,0.00104767,0.644384,0.999743,67.0000,2.5909,0.0121
candidate-fast,1235,50.0000,14.0000,1.0000,2.2083,0.6725,0.085806,-0.00103128,0.69875,0.999401,65.0000,3.2837,0.0003
candidate-fast,1236,48.0000,8.0000,0.0000,2.0958,0.7034,0.096440,-0.00216962,0.58515,0.999563,56.0000,2.9796,0.0003
candidate-fast,1237,64.0000,9.0000,0.0000,2.2295,0.6548,0.135851,-0.00150373,0.711728,1.00093,73.0000,3.4048,0.0033
candidate-fast,1238,48.0000,14.0000,2.0000,2.3546,0.6618,0.085319,-0.00037562,0.610784,0.999912,64.0000,3.5578,0.0121
candidate-fast,1239,54.0000,18.0000,0.0000,2.2119,0.7066,0.087827,-0.00133703,1.04029,1.00223,72.0000,3.1301,0.0072
candidate-fast,1240,53.0000,15.0000,0.0000,2.1450,0.7401,0.093326,-0.00177948,0.591778,0.998064,68.0000,2.8981,0.0007
candidate-fast,1241,49.0000,14.0000,0.0000,2.0449,0.7757,0.088713,-0.00116285,0.89166,0.998764,63.0000,2.6364,0.0009
candidate-fast,1242,55.0000,16.0000,1.0000,2.2002,0.7461,0.093369,-0.00161129,0.753895,1.00288,72.0000,2.9490,0.0009
candidate-fast,1243,46.0000,19.0000,0.0000,2.1322,0.6917,0.067292,-0.000136596,0.779339,0.998582,65.0000,3.0825,0.0064
candidate-fast,1244,58.0000,13.0000,0.0000,2.2556,0.7173,0.109874,-0.00134225,0.783324,1.00029,71.0000,3.1445,0.0001
candidate-fast,1245,49.0000,15.0000,0.0000,2.0001,0.7610,0.083571,-0.000301383,0.771777,0.998333,64.0000,2.6281,0.0164
candidate-fast,1246,51.0000,14.0000,1.0000,2.1426,0.6546,0.088156,6.17281e-06,0.671863,0.999706,66.0000,3.2729,0.0224
candidate-fast,1247,55.0000,12.0000,0.0000,2.3176,0.6452,0.107397,-0.000869186,0.783343,1.0011,67.0000,3.5920,0.0073
candidate-fast,1248,47.0000,20.0000,0.0000,2.0243,0.7220,0.069000,-0.000946286,0.775267,0.99837,67.0000,2.8037,0.0105
candidate-fast,1249,55.0000,11.0000,1.0000,2.2669,0.7385,0.107180,-0.0021663,0.719447,1.00024,67.0000,3.0696,0.0112
candidate-fast,1250,54.0000,16.0000,1.0000,2.0979,0.6341,0.097445,-0.000512169,0.685467,0.999602,71.0000,3.3086,0.0040
candidate-fast,1251,54.0000,10.0000,0.0000,2.0911,0.7870,0.106091,-0.000841664,0.676355,0.999912,64.0000,2.6570,0.0040
candidate-fast,1252,43.0000,11.0000,0.0000,2.3562,0.7394,0.076981,-0.00152623,0.55755,1.00032,54.0000,3.1869,0.0062
candidate-fast,1253,45.0000,16.0000,0.0000,2.3314,0.8063,0.068007,-0.000919422,0.761826,1.00063,61.0000,2.8915,0.0028
candidate-fast,1254,53.0000,16.0000,0.0000,2.3758,0.7573,0.090081,-0.000173189,0.805943,0.999515,69.0000,3.1370,0.0028
candidate-fast,1255,54.0000,9.0000,1.0000,2.5018,0.7004,0.111037,-0.00107357,0.764517,0.999686,64.0000,3.5719,0.0140
candidate-fast,1256,49.0000,18.0000,2.0000,2.3766,0.6122,0.073795,-0.00225275,0.841023,0.998939,69.0000,3.8822,0.0160
candidate-fast,1257,54.0000,10.0000,0.0000,2.3611,0.6985,0.106459,0.000155655,0.54276,1.00133,64.0000,3.3803,0.0076
candidate-fast,1258,55.0000,12.0000,0.0000,2.0204,0.7199,0.105276,-0.00242899,0.655166,1.00083,67.0000,2.8067,0.0076
candidate-fast,1259,49.0000,15.0000,0.0000,2.0229,0.7632,0.079800,-0.00209688,0.699805,0.999871,64.0000,2.6503,0.0076
candidate-fast,1260,43.0000,19.0000,0.0000,2.0647,0.7404,0.055349,-0.00125651,1.06408,0.999502,62.0000,2.7886,0.0012
candidate-fast,1261,53.0000,19.0000,1.0000,2.2532,0.6102,0.081358,0.00121736,1.01322,1.00024,73.0000,3.6928,0.0061
candidate-fast,1262,46.0000,11.0000,0.0000,1.9826,0.7648,0.081202,-0.0014387,0.578234,1.00057,57.0000,2.5925,0.0012
candidate-fast,1263,57.0000,10.0000,0.0000,2.2975,0.7093,0.112882,-0.00141692,0.730201,0.998533,67.0000,3.2390,0.0068
candidate-fast,1264,51.0000,8.0000,0.0000,2.2035,0.7097,0.099521,-0.00107998,0.630679,0.999974,59.0000,3.1049,0.0159
candidate-fast,1265,48.0000,9.0000,1.0000,2.4893,0.6458,0.089452,-0.000275185,0.74944,1.00015,58.0000,3.8547,0.0125
candidate-fast,1266,45.0000,10.0000,0.0000,2.1575,0.7229,0.078400,0.000680226,0.804196,1.00002,55.0000,2.9846,0.0113
candidate-fast,1267,37.0000,25.0000,0.0000,2.0063,0.6916,0.024956,-0.00161395,1.04578,1.00087,62.0000,2.9008,0.0113
candidate-fast,1268,50.0000,13.0000,0.0000,2.1444,0.7158,0.086674,-0.00131079,0.720276,1.00157,63.0000,2.9957,0.0110
candidate-fast,1269,38.0000,10.0000,0.0000,2.3746,0.6899,0.057794,-0.00257808,0.608815,0.999331,48.0000,3.4419,0.0172
candidate-fast,1270,38.0000,9.0000,0.0000,2.5248,0.5661,0.057892,-0.00159127,0.618026,0.99848,47.0000,4.4600,0.0038
candidate-fast,1271,48.0000,14.0000,2.0000,2.5355,0.6811,0.073574,-0.00078212,0.803229,0.999861,64.0000,3.7227,0.0314
candidate-fast,1272,45.0000,12.0000,0.0000,2.1064,0.6434,0.069537,0.000854997,0.811371,1.00126,57.0000,3.2737,0.0091
candidate-fast,1273,33.0000,10.0000,1.0000,2.2967,0.6026,0.043167,-0.00133167,0.955294,1.00052,44.0000,3.8112,0.0091
candidate-fast,1274,39.0000,9.0000,0.0000,2.7393,0.6864,0.062239,0.000189812,0.705443,0.999969,48.0000,3.9909,0.0158
candidate-fast,1275,41.0000,14.0000,2.0000,2.4321,0.5946,0.056587,-0.00128575,0.920666,0.999966,57.0000,4.0904,0.0054
candidate-fast,1276,40.0000,11.0000,0.0000,2.0979,0.5796,0.060523,-0.00172789,0.746612,0.997744,51.0000,3.6194,0.0158
candidate-fast,1277,39.0000,11.0000,1.0000,2.4504,0.6339,0.056805,-0.000330093,0.77397,1.00054,51.0000,3.8655,0.0047
candidate-fast,1278,42.0000,10.0000,1.0000,2.3947,0.6498,0.068648,-0.00153847,0.881603,1.00209,53.0000,3.6851,0.0143
candidate-fast,1279,41.0000,13.0000,0.0000,2.1250,0.6965,0.053982,-6.67677e-05,0.6944,0.998627,54.0000,3.0507,0.0143
candidate-fast,1280,38.0000,14.0000,3.0000,2.5185,0.6136,0.047832,0.000189262,0.74608,0.999972,55.0000,4.1048,0.0077
candidate-fast,1281,36.0000,11.0000,3.0000,2.5785,0.6186,0.047184,-0.000705237,0.955724,0.999883,50.0000,4.1682,0.0077
candidate-fast,1282,36.0000,11.0000,0.0000,2.3739,0.6476,0.042167,0.000150518,0.758102,0.999357,47.0000,3.6658,0.0019
candidate-fast,1283,38.0000,4.0000,0.0000,2.2673,0.5915,0.064160,-0.000548696,0.656096,1.00018,42.0000,3.8331,0.0019
candidate-fast,1284,37.0000,7.0000,4.0000,2.8361,0.5514,0.051599,0.000726322,0.664261,0.998999,48.0000,5.1430,0.0015
candidate-fast,1285,33.0000,12.0000,1.0000,2.4731,0.6424,0.036099,-0.000707289,0.691795,0.999189,46.0000,3.8498,0.0015
candidate-fast,1286,34.0000,10.0000,3.0000,2.7222,0.5853,0.041132,0.000271145,0.751125,1.00188,47.0000,4.6513,0.0015
candidate-fast,1287,37.0000,6.0000,1.0000,2.4784,0.6731,0.055267,-0.000878507,0.634651,1.00013,44.0000,3.6823,0.0053
candidate-fast,1288,34.0000,7.0000,1.0000,2.3492,0.6025,0.042363,-0.000335674,0.660639,0.999948,42.0000,3.8993,0.0053
candidate-fast,1289,33.0000,3.0000,0.0000,2.2779,0.6358,0.050004,-0.000567339,0.56706,1.00141,36.0000,3.5828,0.0008
candidate-fast,1290,31.0000,13.0000,0.0000,2.4499,0.5921,0.026246,-0.000807881,0.813622,0.999508,44.0000,4.1375,0.0053
candidate-fast,1291,31.0000,9.0000,4.0000,2.8133,0.5109,0.036234,-0.00071214,0.792817,1.00078,44.0000,5.5066,0.0151
candidate-fast,1292,34.0000,6.0000,7.0000,3.1251,0.5095,0.049929,-0.000856781,0.727378,0.999752,47.0000,6.1330,0.0186
candidate-fast,1293,33.0000,5.0000,2.0000,2.4046,0.6053,0.049931,-0.00239217,0.545025,1.00046,40.0000,3.9723,0.0164
candidate-fast,1294,35.0000,5.0000,3.0000,2.6553,0.5736,0.052386,0.000750801,0.708641,1.00049,43.0000,4.6291,0.0152
candidate-fast,1295,33.0000,8.0000,5.0000,2.8882,0.5398,0.040624,0.0011723,0.66107,1.00023,46.0000,5.3505,0.0147
candidate-fast,1296,36.0000,11.0000,2.0000,2.3116,0.5275,0.040329,-0.00111851,0.79116,0.997466,49.0000,4.3819,0.0161
candidate-fast,1297,32.0000,9.0000,3.0000,2.5565,0.5956,0.036802,-0.000466065,0.797544,0.99873,44.0000,4.2921,0.0022
candidate-fast,1298,33.0000,11.0000,5.0000,2.8170,0.5186,0.033659,-0.00035712,0.839611,0.998949,49.0000,5.4315,0.0022
candidate-fast,1299,27.0000,4.0000,1.0000,2.2485,0.6099,0.036899,-0.00149073,0.65325,1.00279,32.0000,3.6869,0.0022
candidate-fast,1300,37.0000,16.0000,4.0000,2.6327,0.5220,0.034078,-0.00103436,0.864679,1.0002,57.0000,5.0432,0.0164
candidate-fast,1301,31.0000,16.0000,2.0000,2.2166,0.5806,0.021829,-2.05305e-05,0.822177,0.999046,49.0000,3.8180,0.0067
candidate-fast,1302,39.0000,15.0000,3.0000,2.6777,0.5726,0.045512,0.000721156,1.03198,1.00066,57.0000,4.6762,0.0007
candidate-fast,1303,31.0000,17.0000,1.0000,2.3586,0.6274,0.024693,-0.000949766,0.883557,0.999725,49.0000,3.7590,0.0043
candidate-fast,1304,46.0000,10.0000,3.0000,2.7228,0.5823,0.074966,9.75663e-05,1.17026,0.999478,59.0000,4.6758,0.0254
candidate-fast,1305,29.0000,11.0000,2.0000,2.5980,0.5837,0.031120,-4.63325e-05,0.805939,0.998621,42.0000,4.4507,0.0013
candidate-fast,1306,35.0000,13.0000,2.0000,2.5276,0.6073,0.038378,-3.84108e-05,0.922352,1.00014,50.0000,4.1620,0.0216
candidate-fast,1307,46.0000,7.0000,1.0000,2.3077,0.6404,0.086072,-0.000191052,0.863225,1.00071,54.0000,3.6033,0.0078
candidate-fast,1308,43.0000,9.0000,2.0000,2.4883,0.5990,0.072443,-0.00114038,0.764807,1.00041,54.0000,4.1543,0.0033
candidate-fast,1309,40.0000,9.0000,1.0000,2.8185,0.5793,0.067211,-0.00213215,0.926791,0.997666,50.0000,4.8656,0.0033
candidate-fast,1310,46.0000,8.0000,0.0000,2.3136,0.6355,0.083622,-0.00174261,0.762801,1.00061,54.0000,3.6406,0.0108
candidate-fast,1311,44.0000,12.0000,0.0000,2.3489,0.6245,0.068889,-0.0015534,0.855897,0.998567,56.0000,3.7611,0.0022
candidate-fast,1312,46.0000,11.0000,1.0000,2.4715,0.6311,0.077000,-0.000152169,0.83208,0.998884,58.0000,3.9162,0.0110
candidate-fast,1313,50.0000,15.0000,2.0000,2.3957,0.6418,0.078180,0.000315952,0.820159,0.999281,67.0000,3.7327,0.0164
candidate-fast,1314,43.0000,15.0000,1.0000,2.2083,0.6591,0.064464,-0.00212373,0.914408,1.00084,59.0000,3.3502,0.0000
candidate-fast,1315,55.0000,14.0000,0.0000,2.1095,0.6653,0.092455,0.0011127,0.931465,0.999952,69.0000,3.1707,0.0000
candidate-fast,1316,43.0000,17.0000,0.0000,2.0264,0.6794,0.062024,-0.00113761,0.772535,1.00211,60.0000,2.9827,0.0000
candidate-fast,1317,42.0000,15.0000,1.0000,2.1489,0.6233,0.066886,-0.00101744,0.757605,1.0009,58.0000,3.4476,0.0066
candidate-fast,1318,58.0000,12.0000,2.0000,2.5940,0.6929,0.109778,-0.000400253,0.792079,0.9997,72.0000,3.7435,0.0066
candidate-fast,1319,49.0000,7.0000,0.0000,2.3731,0.7040,0.098337,-0.000689515,0.743348,1.00079,56.0000,3.3707,0.0023
candidate-fast,1320,48.0000,9.0000,0.0000,2.0867,0.7076,0.089744,-0.000157411,0.67628,1.00089,57.0000,2.9491,0.0023
candidate-fast,1321,42.0000,11.0000,1.0000,2.0539,0.6118,0.070205,-0.00145507,0.615205,0.999533,54.0000,3.3574,0.0004
candidate-fast,1322,49.0000,15.0000,1.0000,2.3893,0.6256,0.080107,-0.000736684,0.938919,1.0003,65.0000,3.8191,0.0004
candidate-fast,1323,57.0000,12.0000,1.0000,2.3317,0.6696,0.112299,0.000143503,0.859459,1.00027,70.0000,3.4820,0.0023
candidate-fast,1324,45.0000,17.0000,1.0000,2.3254,0.6795,0.068929,0.00045931,0.870618,0.999961,63.0000,3.4222,0.0023
candidate-fast,1325,47.0000,22.0000,0.0000,2.1717,0.7220,0.064862,0.000296987,0.827268,1.00018,69.0000,3.0080,0.0035
candidate-fast,1326,61.0000,11.0000,1.0000,2.3036,0.7156,0.119068,-0.00062548,0.839539,1.00015,73.0000,3.2189,0.0178
candidate-fast,1327,49.0000,13.0000,0.0000,2.1091,0.7375,0.088953,0.0009879,0.620574,0.998761,62.0000,2.8598,0.0107
candidate-fast,1328,68.0000,12.0000,0.0000,2.0103,0.7269,0.136007,0.000292086,0.772325,1.00088,80.0000,2.7656,0.0164
candidate-fast,1329,44.0000,16.0000,0.0000,2.1111,0.7245,0.067017,-0.00181406,0.697101,0.999374,60.0000,2.9140,0.0037
candidate-fast,1330,62.0000,17.0000,2.0000,2.3302,0.6925,0.109184,-0.00171481,0.814557,1.00041,81.0000,3.3648,0.0090
candidate-fast,1331,45.0000,15.0000,0.0000,1.8865,0.7093,0.077778,-0.00200363,0.769172,0.999172,60.0000,2.6597,0.0032
candidate-fast,1332,48.0000,14.0000,0.0000,2.3005,0.7631,0.081892,-0.00175561,0.750612,0.998523,62.0000,3.0145,0.0075
candidate-fast,1333,39.0000,14.0000,0.0000,2.3582,0.7601,0.061027,0.000644099,0.645405,0.999372,53.0000,3.1026,0.0075
candidate-fast,1334,60.0000,11.0000,2.0000,2.3610,0.6477,0.118993,-0.00162468,0.713464,1.00052,73.0000,3.6454,0.0013
candidate-fast,1335,48.0000,20.0000,1.0000,2.1187,0.6488,0.074207,-0.00105329,0.889759,1.00093,69.0000,3.2657,0.0087
candidate-fast,1336,55.0000,21.0000,0.0000,2.0291,0.7745,0.086675,-0.00054482,1.07252,1.00036,76.0000,2.6200,0.0230
candidate-fast,1337,63.0000,12.0000,0.0000,2.2598,0.7562,0.124400,-0.00116031,0.707856,0.999928,75.0000,2.9886,0.0071
candidate-fast,1338,37.0000,14.0000,0.0000,1.9885,0.7123,0.052924,-0.00167429,0.6139,1.00281,51.0000,2.7918,0.0071
candidate-fast,1339,57.0000,17.0000,0.0000,2.0179,0.7020,0.092687,-0.000645767,0.735419,1.00034,74.0000,2.8746,0.0010
candidate-fast,1340,56.0000,7.0000,0.0000,2.0674,0.7251,0.116576,-0.000809438,0.487536,1.00054,63.0000,2.8510,0.0010
candidate-fast,1341,44.0000,8.0000,1.0000,2.0210,0.6909,0.081790,-0.000804145,0.5581,0.999851,53.0000,2.9253,0.0010
candidate-fast,1342,51.0000,8.0000,0.0000,2.3718,0.6517,0.096421,-0.00177998,0.715557,1.00215,59.0000,3.6395,0.0007
candidate-fast,1343,50.0000,15.0000,1.0000,2.1272,0.6384,0.082585,-0.00215364,0.822366,0.998413,66.0000,3.3323,0.0003
candidate-fast,1344,44.0000,16.0000,0.0000,2.3430,0.7101,0.068573,-0.000566243,0.758266,0.999966,60.0000,3.2994,0.0010
candidate-fast,1345,47.0000,11.0000,0.0000,2.4334,0.7569,0.084551,-0.00103672,0.631348,0.999173,58.0000,3.2150,0.0008
candidate-fast,1346,47.0000,21.0000,0.0000,2.3273,0.6622,0.062305,0.00071975,0.901155,1.00076,68.0000,3.5147,0.0002
candidate-fast,1347,48.0000,17.0000,1.0000,2.3118,0.6637,0.078868,-0.000734183,0.818929,0.99801,66.0000,3.4831,0.0013
candidate-fast,1348,44.0000,14.0000,0.0000,2.2414,0.7807,0.072238,-0.00245202,0.866648,1.00111,58.0000,2.8710,0.0013
candidate-fast,1349,63.0000,20.0000,1.0000,2.3051,0.6980,0.104367,-0.00172192,0.859964,1.00131,84.0000,3.3023,0.0013
candidate-fast,1350,43.0000,24.0000,1.0000,1.8471,0.6810,0.051330,-0.00143309,1.05886,1.00128,68.0000,2.7124,0.0013
candidate-fast,1351,54.0000,11.0000,1.0000,2.2835,0.6977,0.106836,-0.00174535,0.690033,1.00005,66.0000,3.2729,0.0017
candidate-fast,1352,57.0000,7.0000,0.0000,2.2491,0.7422,0.125101,-6.27419e-05,0.579244,1.00005,64.0000,3.0303,0.0036
candidate-fast,1353,56.0000,6.0000,0.0000,2.0982,0.7166,0.119125,-0.00181001,0.474285,0.999563,62.0000,2.9279,0.0004
candidate-fast,1354,57.0000,17.0000,1.0000,2.1260,0.6905,0.095731,-0.00228469,0.679673,1.00099,75.0000,3.0788,0.0083
candidate-fast,1355,45.0000,17.0000,0.0000,1.9408,0.6417,0.064666,-0.00195757,0.875433,1.00031,62.0000,3.0245,0.0038
candidate-fast,1356,51.0000,20.0000,0.0000,2.3492,0.7875,0.075537,-0.000585831,0.699913,0.998643,71.0000,2.9832,0.0038
candidate-fast,1357,52.0000,14.0000,1.0000,2.1751,0.6816,0.097632,-0.0011577,0.803544,1.00047,67.0000,3.1911,0.0045
candidate-fast,1358,53.0000,13.0000,1.0000,2.2942,0.7456,0.095086,-0.00123434,0.623879,1.00045,67.0000,3.0770,0.0055
candidate-fast,1359,50.0000,14.0000,0.0000,2.2116,0.7045,0.085514,-0.00105272,0.692829,1.00196,64.0000,3.1392,0.0055
candidate-fast,1360,53.0000,12.0000,0.0000,2.1254,0.7247,0.099860,-0.000117365,0.685337,1.00012,65.0000,2.9329,0.0028
candidate-fast,1361,38.0000,9.0000,0.0000,1.9883,0.7071,0.068167,-0.000236772,0.623738,1.00138,47.0000,2.8119,0.0003
candidate-fast,1362,50.0000,7.0000,0.0000,2.4613,0.7263,0.097984,0.00102934,0.782135,0.998126,57.0000,3.3888,0.0028
candidate-fast,1363,52.0000,16.0000,2.0000,2.4920,0.5987,0.082789,-0.00133354,0.831146,0.99947,70.0000,4.1626,0.0017
candidate-fast,1364,48.0000,15.0000,2.0000,2.1242,0.6604,0.078606,0.000496537,0.758959,1.00155,65.0000,3.2165,0.0017
candidate-fast,1365,46.0000,13.0000,1.0000,2.2326,0.6799,0.078170,-0.00101046,0.686935,1.00047,60.0000,3.2838,0.0128
candidate-fast,1366,54.0000,12.0000,0.0000,2.0819,0.7781,0.101906,0.000177336,0.674898,0.999972,66.0000,2.6756,0.0005
candidate-fast,1367,58.0000,16.0000,0.0000,2.2502,0.6925,0.100349,-0.000149071,0.966183,1.00041,74.0000,3.2493,0.0005
candidate-fast,1368,45.0000,12.0000,0.0000,1.9653,0.7678,0.076623,-0.000254991,0.557693,0.998529,57.0000,2.5598,0.0005
candidate-fast,1369,48.0000,14.0000,0.0000,2.0829,0.7107,0.085995,0.00103939,0.608338,1.00034,62.0000,2.9307,0.0005
candidate-fast,1370,59.0000,13.0000,0.0000,2.2334,0.6758,0.109136,-0.000602299,0.666528,1.00072,72.0000,3.3050,0.0005
candidate-fast,1371,41.0000,19.0000,1.0000,2.2048,0.6984,0.053283,-0.00102117,0.745138,1.00128,61.0000,3.1569,0.0034
candidate-fast,1372,58.0000,15.0000,1.0000,2.1379,0.6952,0.100114,-0.00109369,0.631255,1.00108,74.0000,3.0751,0.0034
candidate-fast,1373,46.0000,9.0000,3.0000,2.4138,0.5879,0.092167,-0.000655303,0.588677,0.999856,58.0000,4.1055,0.0130
candidate-fast,1374,56.0000,14.0000,0.0000,2.2637,0.7754,0.107311,0.000492983,0.849884,0.999602,70.0000,2.9194,0.0092
candidate-fast,1375,44.0000,15.0000,1.0000,2.3517,0.7038,0.072234,-0.00120953,0.709782,1.0011,60.0000,3.3413,0.0149
candidate-fast,1376,56.0000,16.0000,1.0000,2.2069,0.7306,0.097236,-0.00160867,0.703649,1.0005,73.0000,3.0207,0.0004
candidate-fast,1377,50.0000,13.0000,2.0000,2.2245,0.6525,0.090257,-0.00185319,0.81649,0.999243,65.0000,3.4094,0.0050
candidate-fast,1378,55.0000,14.0000,0.0000,2.1095,0.7576,0.104241,-0.00123437,0.797381,1.00048,69.0000,2.7843,0.0024
candidate-fast,1379,46.0000,12.0000,0.0000,2.1865,0.7343,0.085269,-0.00044969,0.563158,1.00066,58.0000,2.9778,0.0002
candidate-fast,1380,64.0000,11.0000,0.0000,2.0355,0.7200,0.123056,9.79004e-05,0.605036,0.999328,75.0000,2.8272,0.0002
candidate-fast,1381,55.0000,12.0000,0.0000,2.1565,0.7273,0.107529,-0.000509419,0.715074,0.999366,67.0000,2.9651,0.0002
candidate-fast,1382,53.0000,16.0000,0.0000,2.0703,0.7575,0.091159,3.53252e-05,0.784842,1.00193,69.0000,2.7331,0.0002
candidate-fast,1383,54.0000,13.0000,1.0000,2.1936,0.6931,0.103602,-0.000258819,0.711559,1.00058,68.0000,3.1647,0.0002
candidate-fast,1384,53.0000,12.0000,1.0000,2.2600,0.6709,0.105993,-0.00125805,0.745438,1.00032,66.0000,3.3683,0.0043
candidate-fast,1385,65.0000,17.0000,1.0000,2.2058,0.7185,0.117829,-0.00166801,0.877411,1.00076,83.0000,3.0699,0.0069
candidate-fast,1386,42.0000,15.0000,0.0000,2.0421,0.7548,0.070346,-0.0021946,0.737193,0.999177,57.0000,2.7054,0.0010
candidate-fast,1387,53.0000,13.0000,1.0000,2.2361,0.6540,0.094621,-1.48138e-06,0.628879,0.999858,67.0000,3.4188,0.0010
candidate-fast,1388,46.0000,16.0000,0.0000,2.2334,0.6968,0.074123,-0.000600923,0.752796,1.0033,62.0000,3.2052,0.0047
candidate-fast,1389,49.0000,9.0000,0.0000,2.2944,0.7868,0.095651,0.000608668,0.638347,1.00063,58.0000,2.9160,0.0006
candidate-fast,1390,50.0000,13.0000,0.0000,2.3007,0.7149,0.086091,0.00198119,0.797046,1.00073,63.0000,3.2180,0.0078
candidate-fast,1391,52.0000,15.0000,0.0000,2.0599,0.7662,0.089376,0.000555434,0.65528,1.00013,67.0000,2.6884,0.0013
candidate-fast,1392,55.0000,11.0000,0.0000,2.2321,0.6674,0.104737,-0.00150391,0.585224,0.999121,66.0000,3.3444,0.0030
candidate-fast,1393,47.0000,8.0000,0.0000,2.2046,0.7257,0.095845,0.000162103,0.652891,1.00144,55.0000,3.0380,0.0030
candidate-fast,1394,54.0000,15.0000,0.0000,2.2542,0.7282,0.092977,-0.0014521,0.791933,1.00002,69.0000,3.0954,0.0030
candidate-fast,1395,58.0000,15.0000,2.0000,2.3304,0.6662,0.102497,-0.00136674,0.70925,0.999694,75.0000,3.4983,0.0056
candidate-fast,1396,37.0000,11.0000,1.0000,2.1545,0.7255,0.060230,-0.00140145,0.624184,0.999387,49.0000,2.9696,0.0056
candidate-fast,1397,52.0000,11.0000,0.0000,2.2035,0.7156,0.095187,-0.000768618,0.716248,1.00071,63.0000,3.0794,0.0040
candidate-fast,1398,42.0000,19.0000,2.0000,2.2437,0.6431,0.054303,-0.0006918,0.927859,1.00041,63.0000,3.4889,0.0040
candidate-fast,1399,56.0000,10.0000,2.0000,2.2868,0.6205,0.109482,-0.00122314,0.659778,1.00075,68.0000,3.6856,0.0040
candidate-fast,1400,50.0000,11.0000,0.0000,2.1294,0.7732,0.095321,-0.00037048,0.634365,0.998978,61.0000,2.7539,0.0040
candidate-fast,1401,49.0000,13.0000,2.0000,2.2747,0.6587,0.088107,-0.000133326,0.681794,0.998567,64.0000,3.4534,0.0057
candidate-fast,1402,50.0000,17.0000,0.0000,2.0780,0.7204,0.077450,-0.000883385,0.719039,0.999363,67.0000,2.8845,0.0009
candidate-fast,1403,50.0000,17.0000,0.0000,2.2612,0.7246,0.077318,-0.000561397,0.879062,0.999057,67.0000,3.1206,0.0040
candidate-fast,1404,45.0000,12.0000,0.0000,2.1881,0.7062,0.076030,0.00107831,0.69596,0.998029,57.0000,3.0983,0.0018
candidate-fast,1405,46.0000,8.0000,0.0000,2.2344,0.7981,0.083562,-0.000912978,0.586208,1.00068,54.0000,2.7994,0.0028
candidate-fast,1406,49.0000,10.0000,2.0000,2.3102,0.6076,0.092117,0.000700851,0.803741,1.0006,61.0000,3.8022,0.0028
candidate-fast,1407,48.0000,13.0000,1.0000,2.3524,0.6553,0.080067,-0.000115167,0.656192,0.998858,62.0000,3.5897,0.0028
candidate-fast,1408,50.0000,9.0000,1.0000,2.3802,0.6640,0.097516,0.000772138,0.648766,0.999976,60.0000,3.5845,0.0011
candidate-fast,1409,46.0000,19.0000,1.0000,2.3181,0.6656,0.062848,0.000526913,0.867767,0.998235,66.0000,3.4827,0.0028
candidate-fast,1410,57.0000,15.0000,0.0000,2.2158,0.7210,0.100801,0.00158275,0.875618,0.999503,72.0000,3.0731,0.0028
candidate-fast,1411,43.0000,9.0000,1.0000,2.3114,0.6689,0.085895,-0.0014095,0.695879,0.998869,53.0000,3.4553,0.0028
candidate-fast,1412,55.0000,17.0000,1.0000,2.1778,0.7149,0.090127,-0.000779349,0.826395,1.00164,73.0000,3.0464,0.0028
candidate-fast,1413,53.0000,12.0000,1.0000,2.3856,0.7428,0.101842,-0.000222964,0.652502,1.00081,66.0000,3.2118,0.0005
candidate-fast,1414,50.0000,12.0000,1.0000,2.2207,0.6606,0.093474,-0.00261026,0.691285,1.0002,63.0000,3.3616,0.0005
candidate-fast,1415,61.0000,15.0000,2.0000,2.1799,0.6806,0.113676,-0.00141697,0.673976,1.00011,78.0000,3.2027,0.0305
candidate-fast,1416,51.0000,13.0000,0.0000,2.1653,0.7199,0.095741,3.58871e-05,0.720798,1.00025,64.0000,3.0075,0.0080
candidate-fast,1417,42.0000,14.0000,1.0000,2.0862,0.7181,0.068093,-0.00198252,0.575989,1.00198,57.0000,2.9053,0.0155
candidate-fast,1418,56.0000,16.0000,0.0000,2.1915,0.7574,0.098614,0.000677412,0.770379,0.999457,72.0000,2.8936,0.0013
candidate-fast,1419,55.0000,14.0000,0.0000,2.1224,0.7685,0.100708,8.29735e-05,0.758886,0.999451,69.0000,2.7617,0.0025
candidate-fast,1420,52.0000,20.0000,1.0000,2.4214,0.7477,0.074052,-0.000761644,0.870693,0.998648,73.0000,3.2382,0.0025
candidate-fast,1421,45.0000,13.0000,0.0000,2.1117,0.8204,0.078169,0.000344786,0.679,0.999706,58.0000,2.5740,0.0033
candidate-fast,1422,45.0000,14.0000,0.0000,2.2035,0.7028,0.071582,-0.000269743,0.811363,1.00023,59.0000,3.1351,0.0027
candidate-fast,1423,50.0000,13.0000,0.0000,2.2066,0.7520,0.088358,-8.69312e-05,0.79418,0.998749,63.0000,2.9345,0.0002
candidate-fast,1424,49.0000,10.0000,1.0000,2.3831,0.7274,0.094147,-0.000774752,0.781236,0.999496,60.0000,3.2762,0.0002
candidate-fast,1425,54.0000,9.0000,4.0000,2.6484,0.5840,0.106004,-0.0010467,0.614037,1.00243,67.0000,4.5347,0.0031
candidate-fast,1426,50.0000,12.0000,0.0000,2.1648,0.7556,0.090392,0.00111576,0.667998,0.998014,62.0000,2.8652,0.0242
candidate-fast,1427,57.0000,13.0000,1.0000,2.1353,0.6705,0.103878,-0.00114423,0.627293,0.999154,71.0000,3.1845,0.0207
candidate-fast,1428,49.0000,18.0000,1.0000,2.0932,0.7021,0.073361,-0.000378742,0.670448,1.00008,68.0000,2.9812,0.0193
candidate-fast,1429,49.0000,14.0000,0.0000,1.9921,0.7317,0.082644,-0.000458675,0.604429,1.00021,63.0000,2.7227,0.0193
candidate-fast,1430,48.0000,14.0000,1.0000,2.1215,0.6424,0.080052,0.0010637,0.735925,1.00023,63.0000,3.3022,0.0174
candidate-fast,1431,49.0000,23.0000,0.0000,2.0587,0.7282,0.064657,-0.00128065,0.866387,1.00013,72.0000,2.8270,0.0058
candidate-fast,1432,45.0000,10.0000,0.0000,2.1441,0.7725,0.085141,-0.00103361,0.624082,0.99987,55.0000,2.7755,0.0058
candidate-fast,1433,55.0000,17.0000,2.0000,2.2705,0.7191,0.088701,-0.000844095,0.698058,0.9994,74.0000,3.1573,0.0058
candidate-fast,1434,52.0000,14.0000,0.0000,2.0901,0.7116,0.090815,-0.00179226,0.846151,0.999273,66.0000,2.9371,0.0005
candidate-fast,1435,40.0000,6.0000,0.0000,2.2109,0.8225,0.077991,0.000521778,0.482481,0.998156,46.0000,2.6880,0.0005
candidate-fast,1436,50.0000,13.0000,1.0000,2.3521,0.6786,0.085423,-0.00181149,0.707771,1.00079,64.0000,3.4664,0.0005
candidate-fast,1437,46.0000,8.0000,2.0000,2.4175,0.6263,0.086961,0.000525894,0.756728,1.00042,56.0000,3.8602,0.0046
candidate-fast,1438,47.0000,15.0000,2.0000,2.3202,0.6507,0.071345,0.00131428,0.702385,1.00088,64.0000,3.5656,0.0048
candidate-fast,1439,45.0000,13.0000,3.0000,2.3865,0.6223,0.072641,-0.00200422,0.764236,0.999917,61.0000,3.8351,0.0020
candidate-fast,1440,50.0000,10.0000,0.0000,2.3744,0.6807,0.095752,0.000817723,0.823301,1.00083,60.0000,3.4882,0.0101
candidate-fast,1441,52.0000,9.0000,1.0000,2.4710,0.7363,0.102709,3.19866e-05,0.548869,0.999343,62.0000,3.3561,0.0020
candidate-fast,1442,47.0000,22.0000,2.0000,2.0654,0.6475,0.058962,0.000959518,0.773461,0.998149,71.0000,3.1897,0.0101
candidate-fast,1443,52.0000,18.0000,1.0000,2.1150,0.7193,0.081187,0.000699304,0.588115,0.999948,71.0000,2.9403,0.0101
candidate-fast,1444,48.0000,9.0000,0.0000,2.1772,0.7975,0.091990,-0.0007561,0.68928,1.00125,57.0000,2.7302,0.0101
candidate-fast,1445,43.0000,12.0000,2.0000,2.4948,0.6785,0.069175,-0.00127163,0.698671,1.00109,57.0000,3.6767,0.0002
candidate-fast,1446,48.0000,12.0000,1.0000,2.2422,0.7103,0.081593,-0.00221958,0.660179,0.997237,61.0000,3.1569,0.0101
candidate-fast,1447,54.0000,11.0000,1.0000,2.3185,0.6583,0.101593,-0.000650385,0.786667,0.999372,66.0000,3.5218,0.0062
candidate-fast,1448,43.0000,16.0000,0.0000,1.9697,0.8051,0.066947,-0.000295179,0.751133,0.998643,59.0000,2.4465,0.0062
candidate-fast,1449,58.0000,10.0000,2.0000,2.3245,0.6519,0.112552,3.49551e-05,0.670453,0.999424,70.0000,3.5659,0.0062
candidate-fast,1450,47.0000,13.0000,1.0000,2.1688,0.6495,0.081111,-0.000899126,0.760116,1.00024,61.0000,3.3394,0.0032
candidate-fast,1451,49.0000,12.0000,1.0000,2.2882,0.7269,0.084485,-0.000952186,0.591422,1.00027,62.0000,3.1479,0.0012
candidate-fast,1452,53.0000,12.0000,1.0000,2.1634,0.7135,0.096820,-0.000674169,0.573006,0.999394,66.0000,3.0323,0.0012
candidate-fast,1453,46.0000,21.0000,2.0000,2.3806,0.6097,0.062752,-0.000678018,0.998568,0.999584,69.0000,3.9042,0.0200
candidate-fast,1454,51.0000,16.0000,0.0000,2.1358,0.7771,0.086685,-0.000105463,0.69125,1.0004,67.0000,2.7482,0.0023
candidate-fast,1455,47.0000,21.0000,1.0000,2.2355,0.6480,0.066323,-0.00258304,0.865525,1.00029,69.0000,3.4500,0.0023
candidate-fast,1456,54.0000,7.0000,0.0000,2.0680,0.7633,0.115916,-0.00144087,0.752203,0.999848,61.0000,2.7092,0.0030
candidate-fast,1457,60.0000,15.0000,0.0000,2.2259,0.7377,0.112151,-0.00116209,0.679718,0.999567,75.0000,3.0175,0.0154
candidate-fast,1458,46.0000,16.0000,1.0000,2.2562,0.7593,0.076559,-0.000789352,0.764933,1.0009,63.0000,2.9714,0.0017
candidate-fast,1459,56.0000,8.0000,1.0000,2.4191,0.7595,0.114328,-0.000221206,0.641295,1.0008,65.0000,3.1851,0.0222
candidate-fast,1460,47.0000,24.0000,0.0000,2.0351,0.7055,0.054663,-0.00083405,0.866177,1.00076,71.0000,2.8845,0.0259
candidate-fast,1461,44.0000,15.0000,1.0000,2.2055,0.7122,0.067853,-0.000208007,0.797892,1.00178,60.0000,3.0967,0.0259
candidate-fast,1462,54.0000,7.0000,1.0000,2.3393,0.6692,0.107551,-0.000787345,0.586234,1.00169,62.0000,3.4958,0.0018
candidate-fast,1463,44.0000,15.0000,0.0000,2.0053,0.7255,0.066559,-0.001342,0.656688,0.998432,59.0000,2.7641,0.0079
candidate-fast,1464,46.0000,16.0000,0.0000,2.0195,0.7823,0.069529,-0.00213859,0.717303,1.00207,62.0000,2.5814,0.0077
candidate-fast,1465,46.0000,10.0000,2.0000,2.4558,0.5741,0.087652,-0.000848827,0.703159,1.00039,58.0000,4.2774,0.0077
candidate-fast,1466,49.0000,13.0000,0.0000,2.2692,0.6942,0.083393,0.000465885,0.654906,0.998597,62.0000,3.2685,0.0039
candidate-fast,1467,59.0000,15.0000,1.0000,2.3107,0.7103,0.107851,-0.00154083,0.749871,0.999541,75.0000,3.2531,0.0128
candidate-fast,1468,49.0000,9.0000,2.0000,2.1667,0.6600,0.095580,0.000242265,0.646432,1.00103,60.0000,3.2828,0.0128
candidate-fast,1469,52.0000,11.0000,1.0000,2.2290,0.7221,0.101413,-0.000786836,0.586735,0.999408,64.0000,3.0869,0.0005
candidate-fast,1470,44.0000,17.0000,2.0000,2.3449,0.6330,0.072429,0.000222733,0.697818,0.999585,63.0000,3.7043,0.0005
candidate-fast,1471,63.0000,11.0000,1.0000,2.4073,0.7226,0.130099,-0.00191603,0.710072,0.999938,75.0000,3.3315,0.0005
candidate-fast,1472,56.0000,17.0000,2.0000,2.1373,0.6858,0.099446,-0.000534542,0.733869,1.00017,75.0000,3.1165,0.0005
candidate-fast,1473,51.0000,13.0000,0.0000,2.2421,0.7902,0.096778,0.000173487,0.688893,1.00026,64.0000,2.8375,0.0040
candidate-fast,1474,62.0000,18.0000,0.0000,2.2750,0.7538,0.110843,-0.00157284,0.731408,1.00043,80.0000,3.0183,0.0017
candidate-fast,1475,54.0000,14.0000,1.0000,2.1591,0.7185,0.100847,-0.00296544,0.677733,1.00138,69.0000,3.0048,0.0004
candidate-fast,1476,55.0000,21.0000,0.0000,2.0993,0.7853,0.090580,0.00116674,0.711232,1.00104,76.0000,2.6734,0.0007
candidate-fast,1477,65.0000,15.0000,0.0000,2.1781,0.8597,0.124405,-0.00179029,0.882352,0.998491,80.0000,2.5335,0.0007
candidate-fast,1478,52.0000,17.0000,0.0000,2.1232,0.6919,0.090944,3.92125e-05,0.850077,1.00187,69.0000,3.0687,0.0106
candidate-fast,1479,57.0000,23.0000,0.0000,1.9549,0.6885,0.092288,-0.00155141,0.748485,0.997983,80.0000,2.8395,0.0105
candidate-fast,1480,59.0000,15.0000,0.0000,2.2152,0.7686,0.116107,-0.000632368,0.72988,0.998409,74.0000,2.8823,0.0108
candidate-fast,1481,52.0000,20.0000,0.0000,2.1207,0.8140,0.085736,0.000436555,0.670104,1.0006,72.0000,2.6053,0.0077
candidate-fast,1482,59.0000,15.0000,0.0000,1.9754,0.7834,0.113646,0.000137658,0.74463,1.00013,74.0000,2.5215,0.0031
candidate-fast,1483,57.0000,12.0000,0.0000,2.2597,0.7836,0.117065,0.000225361,0.644914,1.00082,69.0000,2.8838,0.0127
candidate-fast,1484,47.0000,14.0000,0.0000,2.3083,0.7983,0.088387,-0.00119392,0.735454,1.00105,61.0000,2.8916,0.0002
candidate-fast,1485,60.0000,14.0000,0.0000,2.3828,0.7656,0.110319,-0.000780451,0.665648,1.00063,74.0000,3.1123,0.0104
candidate-fast,1486,52.0000,21.0000,0.0000,2.0504,0.8365,0.080115,-0.00270183,0.944,1.00047,73.0000,2.4511,0.0108
candidate-fast,1487,53.0000,14.0000,0.0000,2.0447,0.7890,0.097262,0.00110692,0.558106,1.00168,67.0000,2.5917,0.0181
candidate-fast,1488,55.0000,15.0000,0.0000,2.0672,0.7218,0.098002,-0.000520735,0.629497,1.00105,70.0000,2.8639,0.0168
candidate-fast,1489,50.0000,8.0000,0.0000,2.2735,0.8020,0.101023,-0.00177388,0.572831,1.0008,58.0000,2.8347,0.0010
candidate-fast,1490,54.0000,14.0000,0.0000,1.9854,0.7177,0.097273,-0.000516201,0.703491,0.998993,68.0000,2.7665,0.0010
candidate-fast,1491,45.0000,10.0000,1.0000,2.4142,0.7255,0.082702,-0.00194119,0.714796,1.0002,56.0000,3.3275,0.0172
candidate-fast,1492,50.0000,11.0000,2.0000,2.1915,0.6472,0.089543,-0.00290003,0.68617,1.0003,63.0000,3.3862,0.0087
candidate-fast,1493,51.0000,8.0000,2.0000,2.3218,0.6452,0.103585,-0.00057087,0.52499,1.00115,61.0000,3.5987,0.0030
candidate-fast,1494,44.0000,10.0000,0.0000,2.3610,0.7094,0.080397,-0.0028782,0.637074,1.00166,54.0000,3.3280,0.0030
candidate-fast,1495,56.0000,19.0000,1.0000,2.4920,0.6473,0.092014,-0.000918876,0.756056,0.999552,76.0000,3.8496,0.0111
candidate-fast,1496,51.0000,18.0000,0.0000,2.1218,0.7267,0.083022,0.000151236,0.771594,1.00029,69.0000,2.9199,0.0018
candidate-fast,1497,62.0000,11.0000,0.0000,2.2183,0.6794,0.127957,-0.0021205,0.769955,1.00018,73.0000,3.2654,0.0018
candidate-fast,1498,57.0000,24.0000,1.0000,2.1986,0.7221,0.082930,0.000205151,0.942632,1.00043,82.0000,3.0449,0.0020
candidate-fast,1499,45.0000,19.0000,0.0000,2.1353,0.7663,0.068024,-0.00139609,0.83594,1.00079,64.0000,2.7864,0.0006
candidate-fast,1500,60.0000,12.0000,0.0000,2.1427,0.7847,0.116965,-0.00130574,0.78831,1.00166,72.0000,2.7306,0.0020
candidate-fast,1501,52.0000,17.0000,0.0000,2.0537,0.7737,0.088543,-0.00175654,0.816633,1.00046,69.0000,2.6545,0.0020
candidate-fast,1502,55.0000,10.0000,0.0000,2.1737,0.7201,0.112611,-0.00151072,0.787663,0.999121,65.0000,3.0188,0.0020
candidate-fast,1503,60.0000,10.0000,0.0000,2.2976,0.7679,0.124938,-0.00158047,0.612369,1.00008,70.0000,2.9920,0.0097
candidate-fast,1504,47.0000,9.0000,0.0000,2.2622,0.8085,0.094079,-0.000672397,0.62049,1.00068,56.0000,2.7980,0.0106
candidate-fast,1505,54.0000,14.0000,1.0000,2.2834,0.6666,0.100545,9.79857e-05,0.675858,1.00033,69.0000,3.4254,0.0117
candidate-fast,1506,53.0000,16.0000,0.0000,2.1803,0.7766,0.089699,-0.00122224,0.74341,0.999661,69.0000,2.8075,0.0082
candidate-fast,1507,56.0000,22.0000,0.0000,2.1833,0.7425,0.084487,-0.00341918,0.655377,0.998194,78.0000,2.9407,0.0125
candidate-fast,1508,41.0000,20.0000,0.0000,1.9416,0.7178,0.053624,-0.00118537,0.625829,1.001,61.0000,2.7051,0.0125
candidate-fast,1509,55.0000,8.0000,0.0000,2.3415,0.7750,0.114530,7.55211e-05,0.703001,0.999214,63.0000,3.0211,0.0006
candidate-fast,1510,49.0000,10.0000,1.0000,2.3710,0.7088,0.091947,-0.000798978,0.690108,0.998696,60.0000,3.3450,0.0006
candidate-fast,1511,49.0000,14.0000,0.0000,2.3030,0.6475,0.083045,0.000980403,0.771362,0.999236,63.0000,3.5565,0.0006
candidate-fast,1512,52.0000,12.0000,0.0000,2.4309,0.6921,0.095247,-0.00144725,0.749971,1.00143,64.0000,3.5125,0.0006
candidate-fast,1513,52.0000,18.0000,0.0000,2.1608,0.7657,0.084444,-0.00139175,0.743236,1.00104,70.0000,2.8220,0.0006
candidate-fast,1514,51.0000,16.0000,1.0000,2.2654,0.7606,0.085765,-0.000463585,0.817796,0.999816,68.0000,2.9785,0.0006
candidate-fast,1515,48.0000,15.0000,0.0000,2.1400,0.7260,0.081410,-0.0021366,0.786643,1.00061,63.0000,2.9475,0.0006
candidate-fast,1516,50.0000,15.0000,1.0000,2.2338,0.6019,0.084679,-0.00197874,0.668582,1.00119,66.0000,3.7112,0.0023
candidate-fast,1517,55.0000,11.0000,0.0000,2.5054,0.8084,0.110504,-0.00215536,0.725278,1.00132,66.0000,3.0994,0.0048
candidate-fast,1518,57.0000,14.0000,0.0000,2.2541,0.7842,0.106339,0.00172105,0.785817,0.999853,71.0000,2.8744,0.0048
candidate-fast,1519,55.0000,11.0000,1.0000,2.4449,0.7380,0.109916,-0.000646929,0.847594,1.00045,67.0000,3.3131,0.0048
candidate-fast,1520,61.0000,24.0000,1.0000,2.1554,0.6709,0.100410,-0.00128649,0.900978,1.00017,86.0000,3.2128,0.0076
candidate-fast,1521,51.0000,15.0000,0.0000,2.0416,0.7901,0.093217,-0.00105425,0.600186,1.00029,66.0000,2.5840,0.0046
candidate-fast,1522,61.0000,17.0000,0.0000,2.2648,0.7481,0.115552,-0.0010477,0.751919,1.00184,78.0000,3.0272,0.0043
candidate-fast,1523,60.0000,18.0000,0.0000,2.0976,0.8261,0.112282,-0.000445051,0.646127,1.00217,78.0000,2.5391,0.0278
candidate-fast,1524,64.0000,17.0000,0.0000,2.0385,0.7955,0.117932,-0.0028883,0.768817,0.998842,81.0000,2.5625,0.0140
candidate-fast,1525,52.0000,19.0000,0.0000,1.9862,0.7838,0.088673,0.000213032,0.835852,0.999899,71.0000,2.5339,0.0335
candidate-fast,1526,52.0000,19.0000,0.0000,2.1088,0.8069,0.085439,-0.000813776,0.798443,0.999386,71.0000,2.6132,0.0115
candidate-fast,1527,55.0000,23.0000,0.0000,2.1182,0.7982,0.085724,-0.00176861,0.993385,1.00026,78.0000,2.6536,0.0115
candidate-fast,1528,56.0000,17.0000,0.0000,2.1796,0.7703,0.100597,-0.00325398,0.732423,0.998246,73.0000,2.8296,0.0164
candidate-fast,1529,52.0000,8.0000,0.0000,2.2673,0.7582,0.107513,-0.00189693,0.688491,1.00182,60.0000,2.9902,0.0178
candidate-fast,1530,56.0000,16.0000,0.0000,1.9825,0.7356,0.101131,-0.000202498,0.765102,1.0004,72.0000,2.6950,0.0088
candidate-fast,1531,55.0000,10.0000,0.0000,2.3265,0.7582,0.109530,-0.000812077,0.74946,1.00049,65.0000,3.0683,0.0088
candidate-fast,1532,47.0000,17.0000,0.0000,2.0645,0.7325,0.073602,-0.00212525,0.556896,0.998809,64.0000,2.8184,0.0073
candidate-fast,1533,52.0000,12.0000,0.0000,2.1493,0.7606,0.096916,-0.000618049,0.714005,1.00124,64.0000,2.8258,0.0067
candidate-fast,1534,48.0000,10.0000,0.0000,2.2608,0.7311,0.092049,-0.000219951,0.56156,1.00009,58.0000,3.0922,0.0029
candidate-fast,1535,43.0000,12.0000,0.0000,2.2568,0.7005,0.073013,-0.00126758,0.722878,1.001,55.0000,3.2216,0.0029
candidate-fast,1536,59.0000,18.0000,1.0000,2.3323,0.6862,0.099027,-0.000819077,0.843767,1.00004,78.0000,3.3991,0.0029
candidate-fast,1537,44.0000,26.0000,0.0000,2.4616,0.7345,0.047276,-0.000625454,0.92079,0.999561,70.0000,3.3514,0.0049
candidate-fast,1538,56.0000,16.0000,0.0000,2.0407,0.7787,0.097420,-0.000547704,0.711294,0.999225,72.0000,2.6206,0.0031
candidate-fast,1539,58.0000,14.0000,1.0000,2.2776,0.6646,0.105501,-0.00146735,0.695063,1.00055,73.0000,3.4270,0.0049
candidate-fast,1540,51.0000,16.0000,0.0000,2.2454,0.7591,0.091035,-0.00031631,0.622347,1.00068,67.0000,2.9579,0.0024
candidate-fast,1541,55.0000,12.0000,1.0000,2.2733,0.7226,0.105412,-0.000394935,0.922498,1.00088,68.0000,3.1460,0.0043
candidate-fast,1542,46.0000,7.0000,1.0000,2.2326,0.7153,0.093312,-0.000117561,0.66625,1.00086,54.0000,3.1211,0.0090
candidate-fast,1543,51.0000,13.0000,0.0000,2.3029,0.7088,0.088587,-0.0018987,0.85836,1.00137,64.0000,3.2489,0.0041
candidate-fast,1544,51.0000,13.0000,0.0000,2.1930,0.7404,0.094797,-0.00105524,0.731868,1.0002,64.0000,2.9619,0.0097
candidate-fast,1545,50.0000,12.0000,0.0000,2.1342,0.7755,0.090939,-0.00054897,0.6609,0.999133,62.0000,2.7519,0.0097
candidate-fast,1546,56.0000,19.0000,1.0000,2.2318,0.7047,0.090450,-0.000425593,0.754072,1.00015,76.0000,3.1668,0.0094
candidate-fast,1547,37.0000,20.0000,0.0000,2.0700,0.7699,0.040138,-0.000136275,0.721654,0.99973,57.0000,2.6888,0.0098
candidate-fast,1548,46.0000,10.0000,0.0000,2.2404,0.7185,0.084844,7.13451e-07,0.749076,0.999835,56.0000,3.1182,0.0118
candidate-fast,1549,53.0000,16.0000,0.0000,2.4050,0.7597,0.086031,0.000306541,0.830637,0.997797,69.0000,3.1658,0.0166
candidate-fast,1550,34.0000,13.0000,1.0000,2.4468,0.7365,0.047378,-0.00191009,0.824927,0.99821,48.0000,3.3223,0.0156
candidate-fast,1551,50.0000,16.0000,0.0000,2.2511,0.7634,0.075868,0.000222521,0.665309,0.999485,66.0000,2.9486,0.0002
candidate-fast,1552,41.0000,15.0000,1.0000,2.2570,0.6843,0.056189,-0.000753653,0.916477,0.999931,57.0000,3.2984,0.0002
candidate-fast,1553,45.0000,9.0000,2.0000,2.3968,0.6521,0.077922,-0.000957732,0.809628,1.00051,56.0000,3.6754,0.0002
candidate-fast,1554,45.0000,13.0000,2.0000,2.4251,0.6563,0.072215,0.000747777,0.782754,0.999485,60.0000,3.6948,0.0166
candidate-fast,1555,47.0000,8.0000,0.0000,1.9379,0.7087,0.084196,-0.000294572,0.754266,1.00106,55.0000,2.7346,0.0003
candidate-fast,1556,44.0000,10.0000,2.0000,2.3942,0.6814,0.071941,0.00109273,0.669414,1.00039,56.0000,3.5136,0.0164
candidate-fast,1557,44.0000,22.0000,2.0000,2.1379,0.7385,0.047211,-0.00023549,0.645879,0.997579,68.0000,2.8949,0.0142
candidate-fast,1558,36.0000,9.0000,3.0000,2.5139,0.6524,0.057226,-0.00195143,0.697002,0.999939,48.0000,3.8531,0.0142
candidate-fast,1559,49.0000,14.0000,3.0000,2.4095,0.6527,0.073861,-0.00247863,0.83944,1.00134,66.0000,3.6915,0.0066
candidate-fast,1560,36.0000,20.0000,2.0000,1.9521,0.6702,0.034128,-0.000724973,0.626472,0.998599,58.0000,2.9129,0.0207
candidate-fast,1561,48.0000,10.0000,2.0000,2.2041,0.7072,0.084670,-0.000809313,0.515017,1.00135,60.0000,3.1165,0.0199
candidate-fast,1562,40.0000,13.0000,4.0000,2.4353,0.6343,0.055791,-0.000748139,0.646846,1.00072,57.0000,3.8395,0.0081
candidate-fast,1563,40.0000,7.0000,3.0000,2.4924,0.6426,0.072062,-0.00252346,0.667975,1.00087,50.0000,3.8786,0.0117
candidate-fast,1564,40.0000,10.0000,1.0000,2.3549,0.7173,0.060260,-0.000116794,0.679553,0.998676,51.0000,3.2830,0.0125
candidate-fast,1565,46.0000,3.0000,4.0000,2.6532,0.5967,0.089682,-0.00313164,0.796217,1.00091,53.0000,4.4466,0.0125
candidate-fast,1566,34.0000,12.0000,3.0000,2.3033,0.6227,0.043807,-0.00104916,0.657285,1.0003,49.0000,3.6990,0.0093
candidate-fast,1567,39.0000,22.0000,4.0000,2.5055,0.5899,0.030481,0.000103287,1.01394,1.00123,65.0000,4.2473,0.0093
candidate-fast,1568,38.0000,13.0000,1.0000,2.2344,0.7155,0.052488,-0.00117102,0.764353,1.00118,52.0000,3.1229,0.0161
candidate-fast,1569,39.0000,17.0000,3.0000,2.1932,0.6324,0.041580,-0.000517319,0.711234,1.00029,59.0000,3.4680,0.0187
candidate-fast,1570,41.0000,13.0000,3.0000,2.5311,0.6945,0.054267,0.00012091,0.903838,1.00178,57.0000,3.6448,0.0187
candidate-fast,1571,32.0000,10.0000,1.0000,2.1335,0.6706,0.037285,0.000168168,0.549929,0.998133,43.0000,3.1814,0.0049
candidate-fast,1572,40.0000,15.0000,2.0000,2.4821,0.7183,0.046270,0.000293472,0.726867,1.00051,57.0000,3.4558,0.0026
candidate-fast,1573,35.0000,12.0000,1.0000,1.9461,0.6866,0.046054,0.000303831,0.591227,1.00022,48.0000,2.8344,0.0026
candidate-fast,1574,41.0000,6.0000,6.0000,3.0141,0.5694,0.070015,-0.000911428,0.763485,1.0032,53.0000,5.2936,0.0012
candidate-fast,1575,34.0000,9.0000,4.0000,2.7618,0.6270,0.045444,-0.000773493,0.803093,0.998768,47.0000,4.4047,0.0012
candidate-fast,1576,38.0000,7.0000,4.0000,2.8697,0.5874,0.063559,-0.00112774,0.58335,0.999968,49.0000,4.8853,0.0020
candidate-fast,1577,31.0000,19.0000,3.0000,2.4455,0.5956,0.015625,-0.000914532,0.698484,1.00081,53.0000,4.1061,0.0061
candidate-fast,1578,42.0000,11.0000,2.0000,2.3077,0.6578,0.060999,-0.00184542,0.672574,1.00078,55.0000,3.5082,0.0061
candidate-fast,1579,39.0000,9.0000,3.0000,2.5199,0.6352,0.059640,-0.00124043,0.669363,1.00018,51.0000,3.9669,0.0061
candidate-fast,1580,41.0000,10.0000,5.0000,2.4641,0.6051,0.060771,-0.000834203,0.706794,0.999928,56.0000,4.0720,0.0061
candidate-fast,1581,33.0000,9.0000,1.0000,2.0487,0.6834,0.047099,-0.000400269,0.493075,1.00247,43.0000,2.9979,0.0061
candidate-fast,1582,48.0000,10.0000,3.0000,2.4688,0.6349,0.081785,-0.00206555,0.817856,1.00092,61.0000,3.8885,0.0061
candidate-fast,1583,51.0000,10.0000,1.0000,2.4713,0.6522,0.092658,-0.00200014,1.10042,0.998618,62.0000,3.7892,0.0052
candidate-fast,1584,52.0000,18.0000,4.0000,2.2961,0.6221,0.078494,-0.00278788,0.98889,1.00139,74.0000,3.6908,0.0077
candidate-fast,1585,43.0000,15.0000,3.0000,2.2986,0.6971,0.063750,-4.28552e-05,0.64917,1.00013,61.0000,3.2972,0.0077
candidate-fast,1586,37.0000,14.0000,4.0000,2.7259,0.5846,0.052026,-0.00250335,0.752847,1.0001,55.0000,4.6628,0.0076
candidate-fast,1587,42.0000,12.0000,2.0000,2.5093,0.6807,0.073544,-0.00107914,0.711139,1.00005,56.0000,3.6866,0.0076
candidate-fast,1588,48.0000,9.0000,1.0000,2.5612,0.7037,0.088657,-0.000246016,1.00361,0.99955,58.0000,3.6397,0.0001
candidate-fast,1589,45.0000,14.0000,2.0000,2.3892,0.6894,0.066888,-0.0012066,0.627166,1.00002,61.0000,3.4655,0.0033
candidate-fast,1590,39.0000,12.0000,3.0000,2.3113,0.6196,0.059429,-0.00035967,0.621722,0.999725,54.0000,3.7300,0.0033
candidate-fast,1591,44.0000,13.0000,1.0000,2.3092,0.7019,0.073860,-0.00231799,0.950132,0.999884,58.0000,3.2897,0.0016
candidate-fast,1592,51.0000,12.0000,2.0000,2.6060,0.6501,0.089150,-0.00156678,0.945191,1.00104,65.0000,4.0089,0.0078
candidate-fast,1593,46.0000,8.0000,0.0000,2.2607,0.7258,0.086240,-0.000413894,0.72883,0.999586,54.0000,3.1146,0.0009
candidate-fast,1594,44.0000,17.0000,1.0000,2.1667,0.7036,0.058162,-0.00220389,0.724076,0.998716,62.0000,3.0794,0.0009
candidate-fast,1595,39.0000,20.0000,1.0000,2.1399,0.6974,0.040999,-0.000278937,0.783311,0.999724,60.0000,3.0685,0.0009
candidate-fast,1596,48.0000,9.0000,0.0000,2.1989,0.7663,0.085462,0.000380955,0.862067,1.00069,57.0000,2.8695,0.0009
candidate-fast,1597,48.0000,10.0000,2.0000,2.3438,0.6552,0.083184,-0.000153324,0.670743,0.999384,60.0000,3.5775,0.0009
candidate-fast,1598,40.0000,11.0000,0.0000,2.0756,0.7658,0.062461,0.000159188,0.720188,0.999016,51.0000,2.7104,0.0009
candidate-fast,1599,41.0000,14.0000,4.0000,2.5682,0.6317,0.058055,-0.00211282,0.95371,0.999549,59.0000,4.0653,0.0009
candidate-fast,1600,39.0000,16.0000,0.0000,2.3110,0.6921,0.048714,0.000203787,0.887692,0.999895,55.0000,3.3391,0.0128
candidate-fast,1601,42.0000,12.0000,4.0000,2.6835,0.6055,0.064550,0.00184248,0.726193,1.00034,58.0000,4.4319,0.0121
candidate-fast,1602,45.0000,14.0000,3.0000,2.4293,0.6781,0.068537,-0.00394668,0.721892,0.998676,62.0000,3.5828,0.0016
candidate-fast,1603,47.0000,14.0000,3.0000,2.4091,0.6554,0.075825,9.07887e-05,0.772995,0.999009,64.0000,3.6760,0.0066
candidate-fast,1604,49.0000,14.0000,3.0000,2.4436,0.6292,0.084412,-0.00123277,0.902239,0.998467,66.0000,3.8835,0.0066
candidate-fast,1605,52.0000,10.0000,0.0000,2.2920,0.6724,0.098818,-0.000303756,0.936519,1.00061,62.0000,3.4089,0.0028
candidate-fast,1606,47.0000,10.0000,1.0000,2.4204,0.6641,0.091942,-0.000218178,0.68212,1.00128,58.0000,3.6447,0.0066
candidate-fast,1607,53.0000,23.0000,2.0000,2.1153,0.6887,0.077249,-0.000458581,0.893161,0.999987,78.0000,3.0714,0.0066
candidate-fast,1608,57.0000,11.0000,0.0000,2.4529,0.7582,0.114375,-0.00113902,0.955751,1.00061,68.0000,3.2353,0.0066
candidate-fast,1609,61.0000,17.0000,2.0000,2.4950,0.6777,0.112259,-0.000126935,1.19293,1.001,80.0000,3.6818,0.0171
candidate-fast,1610,48.0000,20.0000,0.0000,1.9188,0.7557,0.074350,-0.00105968,0.755952,1.00079,68.0000,2.5391,0.0171
candidate-fast,1611,65.0000,8.0000,0.0000,2.4575,0.8268,0.144014,-0.00240519,0.861053,1.00071,73.0000,2.9723,0.0001
candidate-fast,1612,45.0000,15.0000,0.0000,2.0492,0.8146,0.077125,0.00114016,0.699717,1.00094,60.0000,2.5155,0.0091
candidate-fast,1613,65.0000,15.0000,0.0000,2.3061,0.7766,0.126430,-0.00126922,0.887668,1.00151,80.0000,2.9694,0.0091
candidate-fast,1614,49.0000,20.0000,1.0000,2.2627,0.7634,0.074428,-0.00231041,0.987501,0.998268,70.0000,2.9639,0.0123
candidate-fast,1615,55.0000,18.0000,0.0000,1.9568,0.7252,0.095090,-0.00112506,0.670327,1.00028,73.0000,2.6982,0.0021
candidate-fast,1616,51.0000,16.0000,0.0000,2.0693,0.7931,0.093725,-0.0023346,0.905485,1.00155,67.0000,2.6093,0.0021
candidate-fast,1617,60.0000,20.0000,1.0000,2.0812,0.7650,0.102714,0.000171683,0.79244,0.999507,81.0000,2.7204,0.0021
candidate-fast,1618,57.0000,21.0000,0.0000,2.0418,0.7599,0.093048,-0.00172365,0.840259,1.00016,78.0000,2.6868,0.0021
candidate-fast,1619,57.0000,20.0000,0.0000,2.0060,0.8536,0.098243,-0.00181239,0.97143,1.00044,77.0000,2.3501,0.0021
candidate-fast,1620,55.0000,15.0000,2.0000,2.2119,0.6675,0.103568,-0.0017691,0.826839,1.00031,72.0000,3.3138,0.0021
candidate-fast,1621,51.0000,18.0000,0.0000,2.1049,0.7883,0.087018,-0.00323063,0.734035,0.999669,69.0000,2.6702,0.0021
candidate-fast,1622,68.0000,17.0000,1.0000,2.2109,0.7512,0.130381,0.00111112,0.718701,1.00083,86.0000,2.9433,0.0104
candidate-fast,1623,47.0000,20.0000,0.0000,2.0004,0.7837,0.071666,-0.000965231,0.853605,1.00133,67.0000,2.5525,0.0104
candidate-fast,1624,52.0000,14.0000,1.0000,2.2729,0.7973,0.095123,0.000298632,0.660401,0.999786,67.0000,2.8509,0.0021
candidate-fast,1625,58.0000,19.0000,0.0000,2.4112,0.7679,0.101182,-0.000908793,0.875381,0.999024,77.0000,3.1401,0.0036
candidate-fast,1626,53.0000,12.0000,0.0000,2.2588,0.8097,0.102034,-0.0031686,0.642569,0.999064,65.0000,2.7897,0.0061
candidate-fast,1627,58.0000,18.0000,0.0000,2.0364,0.7687,0.101709,-0.00147778,0.541791,0.999252,76.0000,2.6491,0.0061
candidate-fast,1628,52.0000,15.0000,1.0000,2.1864,0.7039,0.093945,-0.00146165,1.05912,1.00058,68.0000,3.1060,0.0061
candidate-fast,1629,59.0000,14.0000,0.0000,2.2319,0.7655,0.113777,0.000190883,0.681767,0.998268,73.0000,2.9155,0.0061
candidate-fast,1630,50.0000,11.0000,0.0000,2.2741,0.7439,0.095857,-0.00133906,0.655838,0.999193,61.0000,3.0572,0.0008
candidate-fast,1631,51.0000,16.0000,1.0000,2.1398,0.7338,0.085503,-0.000997816,0.602347,1.00002,68.0000,2.9159,0.0033
candidate-fast,1632,59.0000,20.0000,0.0000,1.9804,0.7313,0.100559,0.00122672,0.672918,1.00085,79.0000,2.7080,0.0033
candidate-fast,1633,59.0000,13.0000,0.0000,2.2357,0.8174,0.116958,-0.000295673,0.692118,0.999353,72.0000,2.7350,0.0033
candidate-fast,1634,54.0000,20.0000,0.0000,2.1386,0.8140,0.086373,-0.000302588,0.621559,1.00249,74.0000,2.6272,0.0033
candidate-fast,1635,44.0000,20.0000,0.0000,1.9790,0.7869,0.063620,-1.57163e-05,0.681648,1.00023,64.0000,2.5148,0.0033
candidate-fast,1636,63.0000,8.0000,1.0000,2.2603,0.6822,0.135307,-0.000232668,0.558694,0.998309,72.0000,3.3131,0.0033
candidate-fast,1637,45.0000,13.0000,0.0000,2.3029,0.7846,0.081249,-0.00272947,0.753646,0.999621,58.0000,2.9350,0.0033
candidate-fast,1638,53.0000,15.0000,0.0000,2.2378,0.7785,0.092344,-0.00191637,0.703753,0.998988,68.0000,2.8743,0.0015
candidate-fast,1639,60.0000,14.0000,0.0000,2.1629,0.7363,0.114823,-0.000368493,0.561929,1.00124,74.0000,2.9377,0.0015
candidate-fast,1640,46.0000,10.0000,3.0000,2.2764,0.6272,0.091342,0.00135548,0.576289,0.99911,59.0000,3.6297,0.0011
candidate-fast,1641,60.0000,16.0000,0.0000,2.2745,0.7732,0.108202,-0.000308204,0.63745,0.999858,76.0000,2.9419,0.0079
candidate-fast,1642,53.0000,14.0000,2.0000,2.2819,0.7255,0.097648,-0.0010655,0.695607,1.00045,69.0000,3.1451,0.0109
candidate-fast,1643,51.0000,23.0000,0.0000,2.0976,0.7632,0.071179,-0.000850988,0.689038,0.999844,74.0000,2.7485,0.0012
candidate-fast,1644,63.0000,12.0000,0.0000,2.1774,0.7319,0.129960,0.000369942,0.817894,0.999808,75.0000,2.9749,0.0012
candidate-fast,1645,45.0000,15.0000,0.0000,2.2327,0.8641,0.071494,-0.00100335,0.899005,0.999479,60.0000,2.5838,0.0010
candidate-fast,1646,53.0000,14.0000,0.0000,2.1455,0.7679,0.094895,-8.31275e-05,0.679017,1.00025,67.0000,2.7940,0.0109
candidate-fast,1647,57.0000,17.0000,2.0000,2.0588,0.6438,0.098983,-0.0013907,0.626959,0.999873,76.0000,3.1978,0.0008
candidate-fast,1648,55.0000,11.0000,1.0000,2.2534,0.7530,0.107065,-0.001193,0.651668,1.00045,67.0000,2.9924,0.0008
candidate-fast,1649,52.0000,20.0000,1.0000,2.1770,0.7232,0.080020,-0.000322364,0.513221,1.00119,73.0000,3.0100,0.0008
candidate-fast,1650,46.0000,10.0000,1.0000,2.1540,0.7503,0.088729,-0.0040882,0.628196,0.997395,57.0000,2.8709,0.0008
candidate-fast,1651,48.0000,15.0000,0.0000,2.3075,0.7639,0.080728,-0.00106806,0.738033,0.999441,63.0000,3.0206,0.0008
candidate-fast,1652,50.0000,13.0000,0.0000,2.3212,0.7482,0.090651,-0.000245658,0.680879,0.999997,63.0000,3.1025,0.0008
candidate-fast,1653,47.0000,13.0000,1.0000,2.3460,0.6665,0.083504,-0.00125735,0.653414,0.998986,61.0000,3.5200,0.0071
candidate-fast,1654,59.0000,7.0000,0.0000,2.4548,0.7692,0.127897,-0.000406942,0.515863,1.00144,66.0000,3.1912,0.0213
candidate-fast,1655,64.0000,9.0000,1.0000,2.3072,0.7008,0.137464,-0.00146217,0.670845,0.999801,74.0000,3.2920,0.0116
candidate-fast,1656,49.0000,20.0000,1.0000,1.9715,0.7071,0.077466,-0.000417588,0.594389,1.00005,70.0000,2.7880,0.0093
candidate-fast,1657,49.0000,9.0000,0.0000,2.2573,0.7864,0.101119,-0.00101353,0.585388,1.00089,58.0000,2.8703,0.0025
candidate-fast,1658,56.0000,11.0000,1.0000,2.3607,0.7476,0.109839,0.000332544,0.543726,0.999141,68.0000,3.1576,0.0025
candidate-fast,1659,56.0000,11.0000,0.0000,2.0976,0.7585,0.115267,-0.00191685,0.774356,1.00065,67.0000,2.7655,0.0025
candidate-fast,1660,63.0000,16.0000,0.0000,2.1394,0.7646,0.113929,0.00065532,0.740215,0.998808,79.0000,2.7980,0.0079
candidate-fast,1661,48.0000,13.0000,1.0000,2.3490,0.6975,0.085578,-0.00101628,0.638379,0.999187,62.0000,3.3676,0.0093
candidate-fast,1662,53.0000,17.0000,1.0000,2.1825,0.7236,0.092495,-0.000379962,0.790741,1.00005,71.0000,3.0161,0.0056
candidate-fast,1663,56.0000,11.0000,3.0000,2.5409,0.6889,0.116074,-0.00137877,0.667788,1.0016,70.0000,3.6883,0.0022
candidate-fast,1664,66.0000,14.0000,0.0000,2.2574,0.8427,0.127697,0.000198132,0.69446,0.999544,80.0000,2.6789,0.0022
candidate-fast,1665,42.0000,21.0000,1.0000,2.1364,0.8149,0.059045,-0.00243424,0.933305,1.00072,64.0000,2.6217,0.0022
candidate-fast,1666,52.0000,12.0000,1.0000,2.4147,0.7557,0.101192,-0.00179554,0.463234,0.999788,65.0000,3.1953,0.0056
candidate-fast,1667,67.0000,10.0000,0.0000,2.2431,0.8217,0.143375,-0.00092244,0.626261,1.00017,77.0000,2.7299,0.0014
candidate-fast,1668,49.0000,23.0000,1.0000,2.0198,0.7175,0.070859,-0.0018088,0.841433,1.00051,73.0000,2.8151,0.0056
candidate-fast,1669,65.0000,18.0000,0.0000,2.1611,0.7636,0.123357,-0.000378158,0.80312,1.00024,83.0000,2.8300,0.0056
candidate-fast,1670,55.0000,15.0000,0.0000,2.1820,0.8150,0.105199,-6.85353e-05,0.719338,1.00041,70.0000,2.6773,0.0056
candidate-fast,1671,59.0000,15.0000,2.0000,2.3506,0.7425,0.111260,-0.00012916,0.643533,1.00031,76.0000,3.1657,0.0191
candidate-fast,1672,55.0000,13.0000,0.0000,2.1944,0.7986,0.112013,-0.00127168,0.773944,0.998785,68.0000,2.7478,0.0075
candidate-fast,1673,60.0000,15.0000,0.0000,2.0133,0.8384,0.113883,0.00085751,0.619861,1.00124,75.0000,2.4013,0.0081
candidate-fast,1674,58.0000,14.0000,1.0000,2.2681,0.7247,0.111582,-0.00216879,0.578874,1.00176,73.0000,3.1299,0.0090
candidate-fast,1675,51.0000,15.0000,0.0000,2.0455,0.8327,0.093100,-0.000758934,0.609893,0.999526,66.0000,2.4564,0.0013
candidate-fast,1676,60.0000,15.0000,0.0000,2.2661,0.7581,0.115551,0.000272333,0.59419,1.00058,75.0000,2.9893,0.0006
candidate-fast,1677,56.0000,13.0000,1.0000,2.2718,0.7870,0.111338,-0.000211145,0.497071,1.00085,70.0000,2.8868,0.0006
candidate-fast,1678,62.0000,16.0000,0.0000,2.3327,0.7938,0.117291,-0.000394848,0.750655,1.00092,78.0000,2.9386,0.0191
candidate-fast,1679,45.0000,10.0000,0.0000,2.4026,0.7775,0.090291,-0.00378513,0.747062,1.00132,55.0000,3.0900,0.0191
candidate-fast,1680,63.0000,11.0000,0.0000,2.2896,0.7501,0.130660,-0.00240489,0.730681,1.00127,74.0000,3.0524,0.0068
candidate-fast,1681,61.0000,11.0000,0.0000,2.3084,0.8211,0.127348,-0.00067666,0.649512,1.00127,72.0000,2.8115,0.0115
candidate-fast,1682,55.0000,15.0000,1.0000,2.2716,0.7068,0.102706,-0.00118204,0.693322,0.99991,71.0000,3.2140,0.0164
candidate-fast,1683,69.0000,17.0000,0.0000,2.0509,0.7420,0.127573,-0.00161853,0.794658,0.997953,86.0000,2.7642,0.0134
candidate-fast,1684,40.0000,21.0000,0.0000,1.8244,0.7564,0.051939,-0.000142314,0.712124,1.00027,61.0000,2.4118,0.0134
candidate-fast,1685,56.0000,14.0000,0.0000,2.1646,0.8014,0.104341,0.000320899,0.740702,1.00047,70.0000,2.7010,0.0041
candidate-fast,1686,54.0000,13.0000,0.0000,2.3977,0.7526,0.102735,-0.000547431,0.510287,1.00067,67.0000,3.1858,0.0034
candidate-fast,1687,57.0000,10.0000,0.0000,2.0802,0.7670,0.116520,0.00018993,0.602205,1.001,67.0000,2.7121,0.0026
candidate-fast,1688,53.0000,18.0000,0.0000,2.2795,0.7736,0.092641,-0.00126411,0.67944,1.00053,71.0000,2.9466,0.0026
candidate-fast,1689,56.0000,12.0000,0.0000,2.2831,0.7587,0.109821,-0.00155156,0.604208,0.99908,68.0000,3.0091,0.0025
candidate-fast,1690,65.0000,16.0000,0.0000,2.2142,0.8458,0.123197,0.00128166,0.856574,1.00017,81.0000,2.6180,0.0026
candidate-fast,1691,45.0000,15.0000,1.0000,2.1522,0.7873,0.078966,0.000319389,0.788747,1.00027,61.0000,2.7336,0.0026
candidate-fast,1692,46.0000,10.0000,0.0000,2.0910,0.8410,0.089718,-0.00155886,0.487218,1.0005,56.0000,2.4864,0.0026
candidate-fast,1693,59.0000,17.0000,0.0000,2.3998,0.8011,0.102841,-0.000303133,0.552538,1.00058,76.0000,2.9955,0.0026
candidate-fast,1694,48.0000,10.0000,2.0000,2.3677,0.6763,0.092986,-0.00219802,0.516841,0.99774,60.0000,3.5010,0.0035
candidate-fast,1695,62.0000,10.0000,1.0000,2.2608,0.7584,0.127699,0.000370894,0.559181,0.997558,73.0000,2.9810,0.0034
candidate-fast,1696,54.0000,13.0000,2.0000,2.3245,0.6909,0.099260,-0.00198663,0.640221,0.999019,69.0000,3.3647,0.0034
candidate-fast,1697,50.0000,13.0000,3.0000,2.2690,0.6341,0.088449,-0.00015459,0.705768,0.999501,66.0000,3.5782,0.0030
candidate-fast,1698,52.0000,14.0000,0.0000,2.1662,0.7139,0.091424,2.59092e-05,0.970143,1.00143,66.0000,3.0344,0.0030
candidate-fast,1699,53.0000,13.0000,0.0000,2.2213,0.7397,0.100377,-0.00181361,0.630093,1.00162,66.0000,3.0029,0.0089
candidate-fast,1700,54.0000,7.0000,1.0000,2.3959,0.7012,0.115096,-1.75601e-05,0.467858,1.00025,62.0000,3.4171,0.0016
candidate-fast,1701,58.0000,20.0000,0.0000,2.2698,0.7990,0.094177,0.00116157,0.927293,1.00132,78.0000,2.8409,0.0168
candidate-fast,1702,51.0000,17.0000,0.0000,2.2052,0.7594,0.091405,-0.00276222,0.820898,0.998892,68.0000,2.9040,0.0150
candidate-fast,1703,52.0000,15.0000,1.0000,2.2659,0.7233,0.093028,-0.000680303,0.563274,1.00086,68.0000,3.1328,0.0056
candidate-fast,1704,52.0000,17.0000,0.0000,2.2752,0.8100,0.088917,0.000106791,0.716904,0.999232,69.0000,2.8087,0.0169
candidate-fast,1705,50.0000,13.0000,0.0000,2.3462,0.7833,0.090784,-0.00230605,0.773542,1.00112,63.0000,2.9954,0.0169
candidate-fast,1706,57.0000,10.0000,1.0000,2.2163,0.7364,0.120396,-0.00150586,0.60509,1.00039,68.0000,3.0097,0.0028
candidate-fast,1707,50.0000,14.0000,0.0000,2.2566,0.7844,0.090488,-0.00209716,0.819378,1.00167,64.0000,2.8767,0.0021
candidate-fast,1708,58.0000,14.0000,0.0000,2.4611,0.7396,0.109752,0.000442378,0.646842,0.99885,72.0000,3.3275,0.0032
candidate-fast,1709,56.0000,13.0000,1.0000,2.3344,0.7610,0.105698,-0.00185233,0.834672,1.00054,70.0000,3.0677,0.0032
candidate-fast,1710,54.0000,14.0000,0.0000,2.1485,0.7795,0.100455,-0.00189865,0.637017,1.00065,68.0000,2.7563,0.0032
candidate-fast,1711,55.0000,18.0000,1.0000,2.1269,0.7409,0.092431,-0.000615875,0.815908,0.999342,74.0000,2.8708,0.0052
candidate-fast,1712,53.0000,15.0000,0.0000,2.0358,0.7688,0.096013,-0.00163155,0.770449,1.00066,68.0000,2.6481,0.0003
candidate-fast,1713,59.0000,12.0000,1.0000,2.0713,0.7119,0.118410,-0.00143325,0.700629,1.00059,72.0000,2.9093,0.0003
candidate-fast,1714,51.0000,10.0000,0.0000,2.4840,0.7777,0.099770,-0.00083879,0.549622,0.998452,61.0000,3.1941,0.0003
candidate-fast,1715,55.0000,21.0000,1.0000,2.2517,0.7630,0.083201,-8.20865e-05,1.06021,0.99991,77.0000,2.9510,0.0003
candidate-fast,1716,45.0000,14.0000,0.0000,2.0027,0.7625,0.075995,-0.00284012,0.638003,1.00114,59.0000,2.6264,0.0003
candidate-fast,1717,53.0000,16.0000,1.0000,2.3090,0.7021,0.090164,0.00057653,0.850751,0.999737,70.0000,3.2886,0.0040
candidate-fast,1718,54.0000,10.0000,1.0000,2.3424,0.7074,0.110386,-0.00258146,0.696303,0.997726,65.0000,3.3114,0.0040
candidate-fast,1719,52.0000,12.0000,1.0000,2.4580,0.7096,0.100981,-0.00312742,0.71265,0.998474,65.0000,3.4637,0.0019
candidate-fast,1720,63.0000,11.0000,0.0000,2.2405,0.7839,0.130517,0.00117937,0.667307,1.00035,74.0000,2.8582,0.0019
candidate-fast,1721,56.0000,14.0000,0.0000,2.2981,0.7889,0.104546,-0.000795929,0.634639,1.0018,70.0000,2.9130,0.0019
candidate-fast,1722,46.0000,10.0000,0.0000,2.3594,0.7560,0.091700,-0.00202888,0.563004,0.998562,56.0000,3.1209,0.0019
candidate-fast,1723,59.0000,20.0000,0.0000,2.0255,0.8360,0.096063,-0.00394741,0.684064,1.00044,79.0000,2.4229,0.0019
candidate-fast,1724,48.0000,13.0000,0.0000,2.1948,0.7476,0.087694,-0.00412895,0.740893,1.00029,61.0000,2.9359,0.0019
candidate-fast,1725,58.0000,8.0000,1.0000,2.3163,0.6903,0.122766,-0.00195471,0.617809,1.00099,67.0000,3.3557,0.0019
candidate-fast,1726,56.0000,12.0000,2.0000,2.2362,0.6869,0.108855,-0.000217039,0.620095,1.00007,70.0000,3.2556,0.0011
candidate-fast,1727,60.0000,14.0000,0.0000,2.2180,0.7306,0.114726,-0.000812421,0.700303,1.00081,74.0000,3.0357,0.0007
candidate-fast,1728,44.0000,14.0000,0.0000,2.0811,0.7611,0.079648,0.000875846,0.741544,0.999673,58.0000,2.7345,0.0011
candidate-fast,1729,53.0000,14.0000,0.0000,2.3474,0.7231,0.094570,-0.00111862,0.669961,1.00062,67.0000,3.2464,0.0011
candidate-fast,1730,58.0000,12.0000,0.0000,2.5144,0.7437,0.116645,0.000290525,0.67552,0.999847,70.0000,3.3807,0.0116
candidate-fast,1731,59.0000,11.0000,1.0000,2.1809,0.7480,0.121404,0.00114998,0.589059,0.999743,71.0000,2.9156,0.0096
candidate-fast,1732,54.0000,20.0000,0.0000,1.9670,0.8134,0.086076,-0.0015187,0.794511,1.00057,74.0000,2.4184,0.0082
candidate-fast,1733,55.0000,13.0000,1.0000,2.3031,0.7398,0.106314,-0.00291119,0.73893,0.999917,69.0000,3.1132,0.0075
candidate-fast,1734,55.0000,15.0000,1.0000,2.2155,0.7702,0.101739,-0.00180531,0.611367,1.00193,71.0000,2.8766,0.0082
candidate-fast,1735,56.0000,11.0000,1.0000,2.2022,0.7609,0.115689,-8.21097e-05,0.696214,1.00086,68.0000,2.8943,0.0068
candidate-fast,1736,46.0000,16.0000,0.0000,2.3934,0.7676,0.075351,-0.00153026,0.91468,0.998225,62.0000,3.1181,0.0025
candidate-fast,1737,55.0000,8.0000,0.0000,2.3482,0.7889,0.115636,-0.00204698,0.753105,1.00076,63.0000,2.9765,0.0025
candidate-fast,1738,59.0000,12.0000,1.0000,2.4348,0.7642,0.116354,-0.00296177,0.704692,1.00136,72.0000,3.1861,0.0025
candidate-fast,1739,59.0000,14.0000,1.0000,2.3752,0.7025,0.111118,-6.73983e-05,1.04751,0.998837,74.0000,3.3808,0.0060
candidate-fast,1740,50.0000,16.0000,0.0000,2.1753,0.7540,0.084521,0.000776195,0.839624,1.00197,66.0000,2.8849,0.0082
candidate-fast,1741,52.0000,21.0000,1.0000,2.1201,0.7266,0.077069,-0.000961747,1.02102,1.00075,74.0000,2.9177,0.0138
candidate-fast,1742,50.0000,16.0000,0.0000,2.0506,0.7760,0.083827,-0.00106777,0.677588,1.00217,66.0000,2.6426,0.0023
candidate-fast,1743,58.0000,19.0000,1.0000,2.1149,0.7553,0.096804,-0.00167088,0.667638,1.00108,78.0000,2.8001,0.0023
candidate-fast,1744,41.0000,13.0000,0.0000,2.3805,0.7210,0.073737,-0.00231085,1.05373,1.00018,54.0000,3.3018,0.0023
candidate-fast,1745,63.0000,16.0000,0.0000,2.3429,0.8309,0.114726,-0.000739616,0.67642,1.00072,79.0000,2.8196,0.0023
candidate-fast,1746,50.0000,16.0000,0.0000,2.4327,0.6922,0.088317,-0.00142329,0.68448,0.998769,66.0000,3.5147,0.0023
candidate-fast,1747,61.0000,9.0000,0.0000,2.2800,0.7640,0.131250,-0.00154015,0.584217,0.999481,70.0000,2.9844,0.0023
candidate-fast,1748,57.0000,19.0000,0.0000,2.1487,0.7538,0.097910,-0.000626312,0.647413,0.999916,76.0000,2.8504,0.0023
candidate-fast,1749,50.0000,18.0000,1.0000,2.1857,0.7437,0.091642,-0.00186313,0.901008,0.99994,69.0000,2.9390,0.0023
candidate-fast,1750,72.0000,13.0000,0.0000,2.3655,0.8674,0.146604,0.00147687,0.688131,1.00183,85.0000,2.7272,0.0023
candidate-fast,1751,44.0000,20.0000,0.0000,2.0874,0.8231,0.069799,-0.00114359,0.939452,0.999849,64.0000,2.5361,0.0023
candidate-fast,1752,58.0000,22.0000,0.0000,2.2195,0.8243,0.093945,-0.000777886,0.670517,1.00071,80.0000,2.6928,0.0014
candidate-fast,1753,59.0000,10.0000,0.0000,2.5438,0.8751,0.127253,-0.00135974,0.495539,0.999569,69.0000,2.9068,0.0196
candidate-fast,1754,62.0000,13.0000,0.0000,2.2690,0.7927,0.120860,-0.00144512,0.754496,0.998684,75.0000,2.8623,0.0083
candidate-fast,1755,55.0000,12.0000,0.0000,2.0776,0.7860,0.112872,-0.00116645,0.627584,0.999785,67.0000,2.6434,0.0018
candidate-fast,1756,68.0000,17.0000,0.0000,2.3217,0.7670,0.132861,-0.00245669,0.754102,0.999802,85.0000,3.0271,0.0200
candidate-fast,1757,50.0000,24.0000,1.0000,1.9423,0.7659,0.069657,-0.000617611,0.982937,1.00074,75.0000,2.5360,0.0160
candidate-fast,1758,58.0000,20.0000,0.0000,2.1021,0.8247,0.100378,-0.00284652,0.917526,0.99896,78.0000,2.5490,0.0035
candidate-fast,1759,44.0000,14.0000,1.0000,2.1201,0.7493,0.077222,-0.00331027,0.64479,1.00042,59.0000,2.8295,0.0065
candidate-fast,1760,55.0000,18.0000,0.0000,2.2559,0.7994,0.093821,-0.000659588,0.625602,1.00076,73.0000,2.8219,0.0039
candidate-fast,1761,58.0000,15.0000,0.0000,2.4185,0.8156,0.111291,0.00135828,0.844734,1.00035,73.0000,2.9653,0.0062
candidate-fast,1762,62.0000,23.0000,0.0000,2.0921,0.7707,0.101556,-0.00130516,0.704398,0.998499,85.0000,2.7145,0.0094
candidate-fast,1763,46.0000,9.0000,0.0000,2.0428,0.8289,0.096226,-0.000325905,0.897643,0.99897,55.0000,2.4644,0.0052
candidate-fast,1764,61.0000,14.0000,0.0000,2.4391,0.7933,0.117193,0.000226414,0.742738,1.001,75.0000,3.0747,0.0204
candidate-fast,1765,56.0000,10.0000,1.0000,2.4012,0.7324,0.117579,-0.00127707,0.569464,0.999501,67.0000,3.2787,0.0061
candidate-fast,1766,60.0000,14.0000,0.0000,2.2545,0.7816,0.114093,-0.00051811,0.719543,1.00162,74.0000,2.8843,0.0144
candidate-fast,1767,60.0000,15.0000,0.0000,2.0987,0.8323,0.114726,-0.0021089,0.648826,1.00045,75.0000,2.5216,0.0008
candidate-fast,1768,48.0000,17.0000,1.0000,2.0981,0.7058,0.080641,-0.00102195,0.789599,0.999171,66.0000,2.9726,0.0144
candidate-fast,1769,56.0000,13.0000,0.0000,2.3807,0.8318,0.110679,-0.00171607,0.809686,1.00195,69.0000,2.8622,0.0093
candidate-fast,1770,56.0000,18.0000,1.0000,2.1147,0.7868,0.096698,-0.000822136,0.827323,0.999847,75.0000,2.6879,0.0051
candidate-fast,1771,50.0000,28.0000,0.0000,2.1455,0.8007,0.055569,-0.00107877,0.74754,1.00062,78.0000,2.6796,0.0051
candidate-fast,1772,45.0000,17.0000,0.0000,2.2791,0.7608,0.076454,-0.00215308,0.690413,1.001,62.0000,2.9958,0.0074
candidate-fast,1773,56.0000,10.0000,0.0000,2.3234,0.8494,0.111643,-0.000271405,0.427917,1.00005,66.0000,2.7355,0.0074
candidate-fast,1774,56.0000,12.0000,0.0000,2.3152,0.7304,0.109920,9.765e-05,0.572989,1.00015,68.0000,3.1696,0.0074
candidate-fast,1775,55.0000,14.0000,2.0000,2.2837,0.7141,0.101145,0.000102223,0.835671,0.999573,71.0000,3.1979,0.0036
candidate-fast,1776,59.0000,13.0000,0.0000,2.2892,0.8374,0.116154,-0.00202548,1.03327,0.998224,72.0000,2.7336,0.0073
candidate-fast,1777,49.0000,16.0000,1.0000,2.3064,0.7873,0.084267,-0.000112588,0.81239,0.99924,66.0000,2.9295,0.0058
candidate-fast,1778,61.0000,11.0000,0.0000,2.3554,0.7621,0.126922,0.00019658,0.806603,0.999658,72.0000,3.0906,0.0056
candidate-fast,1779,47.0000,17.0000,0.0000,2.0699,0.7540,0.076820,-0.000888559,0.758264,1.0011,64.0000,2.7453,0.0061
candidate-fast,1780,58.0000,16.0000,0.0000,2.3345,0.7549,0.104025,-0.000111648,0.708322,1.0007,74.0000,3.0926,0.0049
candidate-fast,1781,50.0000,6.0000,1.0000,2.5895,0.7380,0.110675,-0.00188304,0.733092,0.999432,57.0000,3.5086,0.0002
candidate-fast,1782,62.0000,21.0000,0.0000,2.2448,0.7825,0.101246,-0.00246336,0.7271,1.00004,83.0000,2.8687,0.0002
candidate-fast,1783,39.0000,24.0000,0.0000,2.0952,0.8566,0.041333,-0.00154704,0.795777,1.00105,63.0000,2.4460,0.0074
candidate-fast,1784,51.0000,14.0000,0.0000,2.1452,0.7361,0.088983,-0.00115383,0.612984,0.99778,65.0000,2.9142,0.0039
candidate-fast,1785,55.0000,12.0000,0.0000,2.2736,0.7898,0.101265,-0.00122075,0.668777,1.00059,67.0000,2.8788,0.0036
candidate-fast,1786,41.0000,12.0000,1.0000,2.4586,0.7251,0.072958,-0.00176769,0.581014,1.00051,54.0000,3.3909,0.0036
candidate-fast,1787,54.0000,14.0000,2.0000,2.2978,0.7050,0.095980,-0.000520253,0.824708,1.00161,70.0000,3.2593,0.0036
candidate-fast,1788,61.0000,14.0000,0.0000,2.3413,0.7117,0.115763,-0.00151291,0.955313,0.998942,75.0000,3.2899,0.0021
candidate-fast,1789,57.0000,17.0000,0.0000,2.0225,0.7238,0.104909,-0.000555692,0.942776,0.999234,74.0000,2.7943,0.0021
candidate-fast,1790,59.0000,14.0000,0.0000,2.3399,0.7323,0.115606,-0.00230081,0.626648,0.998487,73.0000,3.1954,0.0065
candidate-fast,1791,51.0000,12.0000,0.0000,2.2505,0.8403,0.097066,0.00128871,0.630196,1.00154,63.0000,2.6781,0.0065
candidate-fast,1792,60.0000,12.0000,0.0000,2.4398,0.7536,0.119776,-0.00208022,0.666517,0.999112,72.0000,3.2374,0.0065
candidate-fast,1793,52.0000,10.0000,0.0000,2.2738,0.8034,0.103946,-0.000353319,0.589974,0.997563,62.0000,2.8302,0.0080
candidate-fast,1794,50.0000,14.0000,1.0000,2.3362,0.7769,0.084874,-0.00157572,0.701495,0.999621,65.0000,3.0072,0.0080
candidate-fast,1795,49.0000,19.0000,1.0000,2.4983,0.7539,0.078273,-0.00166478,0.831802,1.00049,69.0000,3.3136,0.0080
candidate-fast,1796,56.0000,14.0000,0.0000,2.4086,0.8275,0.103744,-0.000406762,0.671282,0.998895,70.0000,2.9106,0.0080
candidate-fast,1797,58.0000,14.0000,1.0000,2.1402,0.7632,0.116223,0.000361288,0.601203,1.00069,73.0000,2.8044,0.0080
candidate-fast,1798,61.0000,18.0000,0.0000,2.1930,0.8557,0.111587,-0.00117482,0.615634,0.998358,79.0000,2.5628,0.0022
candidate-fast,1799,54.0000,17.0000,1.0000,2.0175,0.7328,0.095585,-0.000714954,0.683878,0.999149,72.0000,2.7532,0.0029
candidate-fast,1800,54.0000,18.0000,0.0000,2.0553,0.8335,0.091867,-0.00264076,0.715624,1.00091,72.0000,2.4658,0.0039
candidate-fast,1801,65.0000,14.0000,0.0000,2.2443,0.7524,0.132033,-0.000743186,0.605879,1.00044,79.0000,2.9830,0.0039
candidate-fast,1802,51.0000,15.0000,3.0000,2.3255,0.6984,0.090916,-0.00194335,0.645011,1.00148,69.0000,3.3296,0.0002
candidate-fast,1803,46.0000,22.0000,0.0000,2.1090,0.7842,0.068767,-0.000341002,0.949187,1.00224,68.0000,2.6894,0.0057
candidate-fast,1804,57.0000,12.0000,0.0000,2.3871,0.7904,0.111673,-0.00200756,0.724914,0.997997,69.0000,3.0200,0.0016
candidate-fast,1805,63.0000,8.0000,1.0000,2.5232,0.7377,0.137503,-0.000165633,0.761137,0.999431,72.0000,3.4205,0.0018
candidate-fast,1806,49.0000,18.0000,0.0000,2.2609,0.7473,0.082979,-1.59566e-05,0.67073,1.00045,67.0000,3.0254,0.0019
candidate-fast,1807,54.0000,17.0000,0.0000,2.1863,0.8002,0.095474,-0.0020796,0.704705,0.999917,71.0000,2.7323,0.0129
candidate-fast,1808,64.0000,10.0000,0.0000,2.3701,0.8139,0.137740,-0.000642983,0.707995,1.00065,74.0000,2.9122,0.0129
candidate-fast,1809,71.0000,22.0000,0.0000,2.2243,0.7880,0.127919,-0.000304357,0.912203,1.00035,93.0000,2.8227,0.0029
candidate-fast,1810,48.0000,15.0000,0.0000,2.0732,0.8605,0.091528,-0.000756909,0.822756,1.00081,63.0000,2.4094,0.0202
candidate-fast,1811,67.0000,20.0000,0.0000,2.3180,0.8538,0.121021,0.000428752,0.819035,1.00152,87.0000,2.7148,0.0057
candidate-fast,1812,56.0000,24.0000,0.0000,2.1180,0.7903,0.093703,-0.00262131,0.89178,1.00036,80.0000,2.6799,0.0005
candidate-fast,1813,58.0000,19.0000,0.0000,2.1073,0.8865,0.102868,-0.000873298,0.699656,0.999369,77.0000,2.3771,0.0005
candidate-fast,1814,62.0000,17.0000,0.0000,2.1001,0.8285,0.119873,-0.000961606,0.678694,0.999542,79.0000,2.5348,0.0047
candidate-fast,1815,57.0000,13.0000,1.0000,2.2355,0.7558,0.115649,-0.000465064,0.563901,0.999587,71.0000,2.9579,0.0430
candidate-fast,1816,70.0000,17.0000,0.0000,2.2481,0.8429,0.137669,-0.00024694,0.915878,0.998489,87.0000,2.6671,0.0083
candidate-fast,1817,51.0000,23.0000,0.0000,2.1398,0.8924,0.076612,-0.00246248,0.938438,0.998528,74.0000,2.3977,0.0094
candidate-fast,1818,50.0000,16.0000,0.0000,2.2040,0.8175,0.092209,-0.00158273,0.679028,0.998441,66.0000,2.6961,0.0033
candidate-fast,1819,49.0000,10.0000,0.0000,2.3955,0.8495,0.098893,-0.000477747,0.672443,0.999816,59.0000,2.8200,0.0032
candidate-fast,1820,55.0000,11.0000,0.0000,2.4463,0.8157,0.110618,0.000912259,0.569638,0.998913,66.0000,2.9989,0.0032
candidate-fast,1821,64.0000,11.0000,0.0000,2.4227,0.7376,0.133143,0.000723071,0.656257,0.999419,75.0000,3.2847,0.0062
candidate-fast,1822,64.0000,18.0000,0.0000,2.2205,0.8123,0.118280,-0.00104515,0.627166,1.00144,82.0000,2.7337,0.0070
candidate-fast,1823,47.0000,13.0000,1.0000,2.0820,0.7377,0.092192,0.00095752,0.66228,1.00057,61.0000,2.8223,0.0070
candidate-fast,1824,65.0000,21.0000,0.0000,2.2095,0.8354,0.112533,0.000458933,0.966122,1.00132,86.0000,2.6450,0.0007
candidate-fast,1825,55.0000,21.0000,0.0000,2.0755,0.8108,0.092593,0.00101247,0.956827,1.00142,76.0000,2.5599,0.0020
candidate-fast,1826,69.0000,20.0000,0.0000,2.1383,0.8385,0.127574,-0.000901165,0.833751,1.00083,89.0000,2.5500,0.0070
candidate-fast,1827,59.0000,21.0000,0.0000,2.0277,0.7755,0.103635,-0.0010874,0.871133,1.00033,80.0000,2.6146,0.0070
candidate-fast,1828,54.0000,23.0000,1.0000,2.1185,0.8219,0.085767,-0.00182494,1.09986,0.999801,78.0000,2.5774,0.0094
candidate-fast,1829,56.0000,17.0000,1.0000,2.1599,0.7709,0.105474,-0.000303541,0.681108,0.999184,74.0000,2.8019,0.0066
candidate-fast,1830,50.0000,12.0000,0.0000,2.2189,0.7987,0.097264,-0.00236592,0.611804,0.999691,62.0000,2.7784,0.0036
candidate-fast,1831,66.0000,15.0000,0.0000,2.4629,0.8326,0.129338,-0.000227543,0.76711,1.0002,81.0000,2.9581,0.0108
candidate-fast,1832,55.0000,13.0000,0.0000,2.2643,0.8021,0.111251,-0.000684584,0.74236,1.00017,68.0000,2.8231,0.0044
candidate-fast,1833,55.0000,19.0000,0.0000,2.4039,0.9063,0.096117,-0.000926995,0.757553,1.00063,74.0000,2.6523,0.0097
candidate-fast,1834,56.0000,13.0000,0.0000,2.2195,0.7840,0.106701,-0.00170119,0.497712,1.00114,69.0000,2.8310,0.0053
candidate-fast,1835,55.0000,20.0000,0.0000,2.2994,0.7836,0.091576,-0.00144485,0.552451,0.998819,75.0000,2.9343,0.0073
candidate-fast,1836,57.0000,15.0000,0.0000,2.1493,0.8216,0.110947,-0.00215313,0.748653,0.998843,72.0000,2.6161,0.0108
candidate-fast,1837,56.0000,20.0000,0.0000,2.0825,0.8299,0.096272,-0.00141671,0.675647,0.999127,76.0000,2.5093,0.0108
candidate-fast,1838,66.0000,18.0000,1.0000,2.2029,0.7554,0.125435,-0.00079564,0.968729,1.00119,85.0000,2.9160,0.0141
candidate-fast,1839,57.0000,20.0000,0.0000,2.0513,0.8438,0.099634,-0.00177871,0.934839,1.00004,77.0000,2.4310,0.0035
candidate-fast,1840,60.0000,19.0000,0.0000,2.0854,0.8297,0.106433,0.00105963,0.912469,0.999189,79.0000,2.5133,0.0125
candidate-fast,1841,64.0000,13.0000,1.0000,2.1175,0.8254,0.132707,-4.90865e-05,0.469572,1.00078,78.0000,2.5653,0.0091
candidate-fast,1842,52.0000,17.0000,0.0000,2.0395,0.8196,0.092972,-0.000169909,0.755415,0.998819,69.0000,2.4884,0.0018
candidate-fast,1843,59.0000,13.0000,0.0000,2.3160,0.7777,0.119427,-0.000988381,0.658393,1.00009,72.0000,2.9781,0.0052
candidate-fast,1844,60.0000,16.0000,0.0000,2.4097,0.8676,0.117518,0.000671613,0.668455,1.00017,76.0000,2.7775,0.0033
candidate-fast,1845,53.0000,21.0000,0.0000,2.2169,0.7910,0.084517,-0.00272271,0.661248,1.00171,74.0000,2.8026,0.0034
candidate-fast,1846,60.0000,19.0000,0.0000,2.2172,0.7704,0.108820,-0.000122604,0.631501,1.00043,79.0000,2.8780,0.0034
candidate-fast,1847,60.0000,14.0000,0.0000,2.2900,0.7863,0.120843,-0.00101877,0.538333,1.00175,74.0000,2.9122,0.0091
candidate-fast,1848,59.0000,12.0000,0.0000,2.2701,0.7747,0.122164,-0.00166771,0.629493,0.998786,71.0000,2.9301,0.0093
candidate-fast,1849,60.0000,21.0000,0.0000,2.3228,0.8797,0.102308,-0.00224691,0.752128,0.997958,81.0000,2.6405,0.0133
candidate-fast,1850,57.0000,19.0000,0.0000,2.0942,0.8554,0.103651,-0.00126345,1.06744,1.00063,76.0000,2.4483,0.0042
candidate-fast,1851,62.0000,15.0000,0.0000,2.0281,0.7956,0.126874,0.00102864,0.708286,1.00072,77.0000,2.5492,0.0076
candidate-fast,1852,55.0000,22.0000,0.0000,2.1816,0.8380,0.087627,-0.00228454,0.7909,1.00262,77.0000,2.6033,0.0010
candidate-fast,1853,64.0000,20.0000,0.0000,2.0700,0.8193,0.117283,0.0010674,0.767349,1.00137,84.0000,2.5267,0.0076
candidate-fast,1854,66.0000,20.0000,0.0000,2.0634,0.7917,0.120858,-0.000236549,0.864551,1.00021,86.0000,2.6062,0.0076
candidate-fast,1855,51.0000,17.0000,0.0000,2.0016,0.8407,0.094294,-0.001396,0.926855,0.999763,68.0000,2.3810,0.0031
candidate-fast,1856,65.0000,21.0000,0.0000,2.2298,0.8284,0.117461,-0.00239266,0.979706,0.997335,86.0000,2.6917,0.0061
candidate-fast,1857,58.0000,15.0000,0.0000,2.2685,0.8494,0.117835,-0.00160216,0.840245,1.00075,73.0000,2.6708,0.0004
candidate-fast,1858,57.0000,25.0000,1.0000,2.1990,0.8260,0.090152,0.00114153,0.866151,1.00242,83.0000,2.6622,0.0077
candidate-fast,1859,67.0000,11.0000,0.0000,2.2310,0.8479,0.147019,0.00108929,0.566748,1.00043,78.0000,2.6313,0.0077
candidate-fast,1860,51.0000,13.0000,1.0000,2.5486,0.8807,0.095983,-0.00022577,0.693012,0.999617,65.0000,2.8939,0.0006
candidate-fast,1861,64.0000,17.0000,0.0000,2.1588,0.8607,0.125684,-0.000498993,0.83563,0.998101,81.0000,2.5082,0.0077
candidate-fast,1862,52.0000,23.0000,1.0000,2.2104,0.8064,0.080635,0.00154631,0.816536,0.999849,76.0000,2.7410,0.0006
candidate-fast,1863,61.0000,19.0000,0.0000,2.1564,0.8128,0.109822,0.00232672,0.768198,0.999669,80.0000,2.6531,0.0009
candidate-fast,1864,62.0000,20.0000,0.0000,2.0034,0.8167,0.113998,-0.000918281,0.702126,0.999789,82.0000,2.4529,0.0010
candidate-fast,1865,61.0000,13.0000,0.0000,2.0002,0.8209,0.125183,-0.000907997,0.671789,1.00163,74.0000,2.4366,0.0010
candidate-fast,1866,63.0000,23.0000,0.0000,2.2281,0.8330,0.108231,-0.000182398,1.09405,0.997709,86.0000,2.6747,0.0057
candidate-fast,1867,56.0000,23.0000,0.0000,2.0786,0.7554,0.094050,-0.000419202,0.846813,0.99932,79.0000,2.7518,0.0162
candidate-fast,1868,59.0000,20.0000,0.0000,2.1553,0.8582,0.107567,-0.000696357,0.774312,1.0008,79.0000,2.5115,0.0067
candidate-fast,1869,59.0000,23.0000,1.0000,2.1747,0.8281,0.094299,0.000299593,0.849702,1.00144,83.0000,2.6261,0.0067
candidate-fast,1870,55.0000,11.0000,0.0000,2.1771,0.8715,0.115383,0.000965199,0.574249,1.00107,66.0000,2.4980,0.0158
candidate-fast,1871,62.0000,20.0000,0.0000,2.1775,0.8194,0.113254,3.82846e-05,0.665175,0.999186,82.0000,2.6576,0.0109
candidate-fast,1872,63.0000,25.0000,1.0000,2.2764,0.8181,0.103995,0.00044524,0.930723,0.999,89.0000,2.7825,0.0146
candidate-fast,1873,53.0000,17.0000,0.0000,2.2279,0.8451,0.099060,-0.00168466,0.876708,1.00005,70.0000,2.6362,0.0012
candidate-fast,1874,63.0000,16.0000,0.0000,2.2311,0.8530,0.120808,-0.00202003,0.545241,1.00004,79.0000,2.6157,0.0025
candidate-fast,1875,55.0000,21.0000,0.0000,2.0614,0.8582,0.091320,0.000715706,0.554307,0.997829,76.0000,2.4020,0.0192
candidate-fast,1876,69.0000,19.0000,0.0000,2.1945,0.8315,0.130503,-9.3313e-05,0.832183,0.999178,88.0000,2.6392,0.0054
candidate-fast,1877,52.0000,18.0000,1.0000,2.0064,0.7713,0.092644,5.71243e-05,0.784125,0.999807,71.0000,2.6014,0.0054
candidate-fast,1878,58.0000,16.0000,0.0000,2.1137,0.8233,0.114947,6.38016e-05,0.818956,0.999328,74.0000,2.5673,0.0054
candidate-fast,1879,67.0000,21.0000,0.0000,2.1980,0.8201,0.120137,-0.00166043,0.893609,1.00228,88.0000,2.6801,0.0054
candidate-fast,1880,55.0000,16.0000,0.0000,2.0821,0.8369,0.103649,-0.00078822,0.617966,1.00118,71.0000,2.4879,0.0054
candidate-fast,1881,49.0000,14.0000,0.0000,2.1899,0.8511,0.092291,-0.000568801,0.802291,1.00273,63.0000,2.5730,0.0035
candidate-fast,1882,73.0000,15.0000,0.0000,2.3027,0.8244,0.145596,-0.000920622,0.575556,0.999588,88.0000,2.7933,0.0011
candidate-fast,1883,54.0000,22.0000,0.0000,2.2083,0.7556,0.088068,-0.000856213,0.836677,0.999013,76.0000,2.9228,0.0035
candidate-fast,1884,52.0000,11.0000,0.0000,2.1223,0.9163,0.106519,-0.00121117,0.667416,1.00012,63.0000,2.3160,0.0035
candidate-fast,1885,65.0000,18.0000,0.0000,2.3512,0.7976,0.125797,-0.000495845,0.751945,1.00037,83.0000,2.9480,0.0054
candidate-fast,1886,51.0000,23.0000,1.0000,2.0558,0.8081,0.080261,-0.000731363,0.95631,0.999683,75.0000,2.5440,0.0063
candidate-fast,1887,67.0000,20.0000,0.0000,2.2336,0.8512,0.121952,-0.00262975,0.615774,0.998605,87.0000,2.6241,0.0063
candidate-fast,1888,55.0000,10.0000,0.0000,2.0550,0.8022,0.116829,-0.000971304,0.638976,1.00227,65.0000,2.5618,0.0063
candidate-fast,1889,57.0000,10.0000,0.0000,2.3929,0.8836,0.121698,-0.000510903,0.565517,0.999186,67.0000,2.7081,0.0063
candidate-fast,1890,54.0000,14.0000,2.0000,2.2604,0.7037,0.105075,0.000590791,0.649582,1.00054,70.0000,3.2120,0.0063
candidate-fast,1891,74.0000,26.0000,0.0000,2.1422,0.8603,0.127672,-0.00126325,0.740654,0.997827,100.0000,2.4899,0.0019
candidate-fast,1892,55.0000,20.0000,0.0000,1.9546,0.8322,0.094400,7.08518e-05,0.687099,0.998953,75.0000,2.3487,0.0019
candidate-fast,1893,54.0000,14.0000,1.0000,2.1633,0.7666,0.103765,-0.00118753,0.640125,0.998526,69.0000,2.8220,0.0001
candidate-fast,1894,63.0000,19.0000,1.0000,2.2171,0.7911,0.116598,-0.000446166,0.863079,1.00108,83.0000,2.8024,0.0042
candidate-fast,1895,57.0000,15.0000,0.0000,2.2409,0.8396,0.109474,-0.0015128,0.772016,1.00051,72.0000,2.6690,0.0054
candidate-fast,1896,53.0000,12.0000,0.0000,2.2092,0.8757,0.106830,-0.00152991,0.635755,0.999014,65.0000,2.5229,0.0043
candidate-fast,1897,58.0000,13.0000,0.0000,2.3850,0.7762,0.115922,0.00118503,0.801242,0.999903,71.0000,3.0724,0.0012
candidate-fast,1898,62.0000,15.0000,1.0000,2.4268,0.7700,0.119696,-0.000633326,0.600567,1.00073,78.0000,3.1518,0.0021
candidate-fast,1899,59.0000,16.0000,1.0000,2.1626,0.8092,0.115312,-0.0018197,0.765232,0.99951,76.0000,2.6726,0.0161
candidate-fast,1900,54.0000,17.0000,0.0000,2.1515,0.8278,0.092978,-0.00215151,0.665431,0.999466,71.0000,2.5992,0.0021
candidate-fast,1901,58.0000,15.0000,0.0000,2.0836,0.7740,0.111968,7.63151e-05,0.703839,0.999774,73.0000,2.6921,0.0184
candidate-fast,1902,60.0000,17.0000,0.0000,2.2145,0.8170,0.113950,-0.00152717,0.714371,1.00131,77.0000,2.7105,0.0029
candidate-fast,1903,57.0000,17.0000,0.0000,2.1773,0.8327,0.102974,-0.0013956,0.533764,0.999581,74.0000,2.6149,0.0012
candidate-fast,1904,57.0000,23.0000,1.0000,2.1270,0.7316,0.097069,-0.00236606,0.683255,1.00126,81.0000,2.9074,0.0215
candidate-fast,1905,62.0000,18.0000,0.0000,2.2035,0.8884,0.121218,-0.00168335,0.836909,0.997598,80.0000,2.4802,0.0215
candidate-fast,1906,59.0000,16.0000,1.0000,2.2097,0.8095,0.110997,-0.00131616,0.740997,1.00046,76.0000,2.7297,0.0058
candidate-fast,1907,65.0000,20.0000,0.0000,2.2041,0.8632,0.121522,-0.000468632,0.809886,1.00049,85.0000,2.5534,0.0053
candidate-fast,1908,60.0000,17.0000,0.0000,2.0604,0.8602,0.115354,0.000107364,0.761339,1.00159,77.0000,2.3953,0.0067
candidate-fast,1909,61.0000,15.0000,1.0000,2.2194,0.8318,0.122585,-0.00128092,0.725146,1.00003,77.0000,2.6682,0.0067
candidate-fast,1910,45.0000,19.0000,0.0000,2.2126,0.7984,0.066217,-0.000268992,0.83473,0.999431,64.0000,2.7712,0.0067
candidate-fast,1911,65.0000,16.0000,0.0000,2.2816,0.7742,0.126007,5.22026e-05,0.688036,0.999443,81.0000,2.9472,0.0016
candidate-fast,1912,52.0000,15.0000,0.0000,2.0809,0.7926,0.099205,-0.00336147,0.583331,1.00081,67.0000,2.6254,0.0011
candidate-fast,1913,70.0000,9.0000,1.0000,2.6954,0.7980,0.157095,-0.00151355,0.760619,1.00063,80.0000,3.3775,0.0161
candidate-fast,1914,52.0000,15.0000,0.0000,2.0968,0.8277,0.097004,-0.000324677,0.662636,1.001,67.0000,2.5333,0.0075
candidate-fast,1915,70.0000,12.0000,0.0000,2.2408,0.8020,0.152394,-0.00056525,0.691178,0.999037,82.0000,2.7941,0.0024
candidate-fast,1916,54.0000,25.0000,0.0000,2.0201,0.8515,0.081929,0.00017747,1.01619,1.0003,79.0000,2.3725,0.0024
candidate-fast,1917,65.0000,17.0000,0.0000,2.1465,0.8590,0.126979,-0.00183813,0.699046,1.00038,82.0000,2.4989,0.0014
candidate-fast,1918,60.0000,21.0000,0.0000,2.2740,0.8488,0.108023,-0.00188313,0.777888,0.998865,81.0000,2.6790,0.0075
candidate-fast,1919,61.0000,24.0000,0.0000,2.0608,0.8669,0.103990,-0.000995109,0.748814,0.999779,85.0000,2.3772,0.0141
candidate-fast,1920,54.0000,14.0000,1.0000,2.1616,0.8191,0.109289,-0.00165453,0.6521,1.00143,69.0000,2.6391,0.0058
candidate-fast,1921,77.0000,16.0000,0.0000,2.4005,0.8863,0.157043,-0.00281557,0.735645,0.999871,93.0000,2.7083,0.0010
candidate-fast,1922,50.0000,22.0000,0.0000,1.9415,0.8446,0.080651,-0.000654001,0.914103,0.999771,72.0000,2.2987,0.0153
candidate-fast,1923,59.0000,14.0000,0.0000,2.3052,0.7934,0.118233,-0.00196578,0.570035,0.999254,73.0000,2.9055,0.0113
candidate-fast,1924,65.0000,9.0000,1.0000,2.1918,0.7959,0.139932,-0.000848092,0.494851,0.999105,75.0000,2.7540,0.0123
candidate-fast,1925,56.0000,19.0000,0.0000,2.2275,0.8167,0.097132,-9.89174e-05,0.863357,1.00083,75.0000,2.7275,0.0008
candidate-fast,1926,52.0000,22.0000,0.0000,2.1269,0.8307,0.081834,-0.000731095,0.755523,1.00085,74.0000,2.5603,0.0008
candidate-fast,1927,54.0000,20.0000,0.0000,2.1638,0.8681,0.095325,-0.00163998,0.826652,0.999904,74.0000,2.4926,0.0008
candidate-fast,1928,61.0000,15.0000,0.0000,2.1926,0.8200,0.120888,-0.00126345,0.729984,1.0005,76.0000,2.6741,0.0008
candidate-fast,1929,58.0000,10.0000,0.0000,2.3595,0.8444,0.124149,-0.0025533,0.675684,1.00097,68.0000,2.7943,0.0008
candidate-fast,1930,69.0000,10.0000,0.0000,2.2509,0.8171,0.151036,-0.0010981,0.545499,1.00009,79.0000,2.7546,0.0008
candidate-fast,1931,61.0000,17.0000,0.0000,2.1765,0.8089,0.118321,-0.00215752,0.763251,1.00278,78.0000,2.6907,0.0008
candidate-fast,1932,56.0000,10.0000,1.0000,2.4132,0.8272,0.118868,-0.00253434,0.6041,0.998261,67.0000,2.9172,0.0008
candidate-fast,1933,64.0000,19.0000,0.0000,2.1493,0.8881,0.118710,-0.000708552,0.789404,0.999536,83.0000,2.4200,0.0008
candidate-fast,1934,54.0000,23.0000,2.0000,2.2648,0.7034,0.085808,-0.00131425,0.897441,0.997938,79.0000,3.2199,0.0009
candidate-fast,1935,61.0000,18.0000,0.0000,2.1656,0.8453,0.114571,-0.000283336,0.700021,1.00071,79.0000,2.5620,0.0151
candidate-fast,1936,60.0000,14.0000,0.0000,2.0400,0.8717,0.119476,0.000184719,0.578283,0.999364,74.0000,2.3403,0.0104
candidate-fast,1937,54.0000,15.0000,1.0000,2.1729,0.7649,0.098440,-0.000314702,0.638553,0.999552,70.0000,2.8407,0.0104
candidate-fast,1938,60.0000,16.0000,0.0000,2.2592,0.8030,0.113939,-0.0012663,0.742891,0.999505,76.0000,2.8134,0.0013
candidate-fast,1939,57.0000,6.0000,0.0000,2.4043,0.8266,0.130195,-0.000686235,0.514297,0.998581,63.0000,2.9086,0.0013
candidate-fast,1940,58.0000,15.0000,0.0000,2.2889,0.7831,0.111989,0.000127751,0.552407,0.999354,73.0000,2.9229,0.0016
candidate-fast,1941,60.0000,17.0000,0.0000,2.1000,0.8019,0.109657,-0.00108567,0.591524,1.00212,77.0000,2.6190,0.0052
candidate-fast,1942,56.0000,15.0000,0.0000,2.3818,0.8224,0.112263,-0.000978844,0.766513,0.997629,71.0000,2.8963,0.0052
candidate-fast,1943,62.0000,20.0000,1.0000,2.3481,0.8119,0.114584,8.71221e-05,0.802316,0.997379,83.0000,2.8919,0.0052
candidate-fast,1944,63.0000,16.0000,0.0000,2.0319,0.9090,0.127423,-0.00111271,0.609384,0.999565,79.0000,2.2352,0.0052
candidate-fast,1945,58.0000,20.0000,0.0000,2.3447,0.9029,0.101142,0.000216087,0.98175,1.00052,78.0000,2.5968,0.0052
candidate-fast,1946,55.0000,19.0000,1.0000,2.2613,0.8035,0.094989,-0.00229349,0.872118,0.999474,75.0000,2.8144,0.0050
candidate-fast,1947,61.0000,14.0000,1.0000,2.2565,0.7619,0.123858,-0.00123774,0.596718,1.00069,76.0000,2.9615,0.0060
candidate-fast,1948,61.0000,21.0000,0.0000,2.0285,0.8335,0.106228,-0.000111466,0.785295,1.00049,82.0000,2.4337,0.0090
candidate-fast,1949,59.0000,16.0000,0.0000,2.2531,0.7900,0.113668,-0.000255042,0.69258,1.00145,75.0000,2.8521,0.0079
candidate-fast,1950,62.0000,17.0000,0.0000,2.0653,0.7238,0.122215,-0.00191443,0.749343,0.99919,79.0000,2.8534,0.0047
candidate-fast,1951,59.0000,15.0000,0.0000,2.1997,0.8416,0.116976,-0.000794417,0.668244,1.00063,74.0000,2.6137,0.0047
candidate-fast,1952,61.0000,11.0000,0.0000,2.3444,0.8823,0.130775,-0.000828202,0.526127,0.999987,72.0000,2.6572,0.0079
candidate-fast,1953,60.0000,19.0000,0.0000,2.1084,0.8460,0.109783,-0.00289138,0.633395,1.00037,79.0000,2.4922,0.0074
candidate-fast,1954,54.0000,20.0000,0.0000,2.0730,0.8030,0.093318,-0.000847166,0.806055,0.998857,74.0000,2.5816,0.0177
candidate-fast,1955,68.0000,14.0000,0.0000,2.2287,0.7992,0.141901,-0.000738542,0.577316,0.999542,82.0000,2.7886,0.0167
candidate-fast,1956,58.0000,15.0000,0.0000,2.3220,0.9206,0.113415,0.000101903,0.768419,1.00015,73.0000,2.5223,0.0005
candidate-fast,1957,57.0000,16.0000,0.0000,2.4439,0.7797,0.109889,-0.00248512,0.948287,1.00033,73.0000,3.1344,0.0018
candidate-fast,1958,66.0000,27.0000,0.0000,2.1201,0.8534,0.106764,-0.00134437,0.941909,1.00142,93.0000,2.4842,0.0185
candidate-fast,1959,58.0000,21.0000,0.0000,2.1351,0.8464,0.101208,0.00104855,0.85569,1.00092,79.0000,2.5225,0.0133
candidate-fast,1960,62.0000,14.0000,0.0000,1.9484,0.8216,0.123636,-0.00133502,0.44295,0.999833,76.0000,2.3713,0.0133
candidate-fast,1961,53.0000,11.0000,0.0000,2.1668,0.8430,0.112808,-0.000441344,0.485962,1.00004,64.0000,2.5703,0.0056
candidate-fast,1962,62.0000,9.0000,0.0000,2.4252,0.8336,0.131940,-0.00304858,0.69357,1.00081,71.0000,2.9093,0.0056
candidate-fast,1963,57.0000,17.0000,1.0000,2.2637,0.7532,0.104482,-0.00246317,0.598994,0.999567,75.0000,3.0052,0.0056
candidate-fast,1964,62.0000,15.0000,0.0000,2.1206,0.8566,0.120637,-0.000126875,0.628085,1.00152,77.0000,2.4756,0.0013
candidate-fast,1965,62.0000,18.0000,0.0000,2.0186,0.7867,0.114797,-0.00124535,0.667979,1.00232,80.0000,2.5659,0.0005
candidate-fast,1966,50.0000,15.0000,0.0000,2.0993,0.8270,0.093851,-0.000643351,0.683876,1.00256,65.0000,2.5385,0.0056
candidate-fast,1967,59.0000,10.0000,0.0000,2.4260,0.7959,0.125065,-0.00299008,0.555624,0.99821,69.0000,3.0481,0.0117
candidate-fast,1968,64.0000,15.0000,1.0000,2.3138,0.7635,0.126382,-0.00224864,0.628614,0.998556,80.0000,3.0306,0.0095
candidate-fast,1969,52.0000,18.0000,0.0000,2.2261,0.8923,0.085570,-0.00115436,0.88343,1.00033,70.0000,2.4947,0.0117
candidate-fast,1970,60.0000,13.0000,0.0000,2.2400,0.8005,0.124107,-0.00220348,0.808684,0.999498,73.0000,2.7982,0.0038
candidate-fast,1971,59.0000,19.0000,0.0000,2.1063,0.7335,0.101942,-0.000506249,0.630523,0.999131,78.0000,2.8717,0.0036
candidate-fast,1972,47.0000,16.0000,2.0000,2.2809,0.7279,0.083080,-0.00113725,0.647632,1.00009,65.0000,3.1336,0.0036
candidate-fast,1973,54.0000,21.0000,0.0000,2.2353,0.7997,0.081431,-0.000179701,0.629975,1.00327,75.0000,2.7951,0.0106
candidate-fast,1974,57.0000,17.0000,0.0000,2.1677,0.8243,0.100170,-0.000225923,0.593358,1.00008,74.0000,2.6297,0.0043
candidate-fast,1975,52.0000,16.0000,0.0000,2.1697,0.7752,0.094088,-0.000405439,0.633635,1.00162,68.0000,2.7988,0.0043
candidate-fast,1976,57.0000,14.0000,0.0000,2.1633,0.7567,0.107959,0.000434397,0.614357,0.998725,71.0000,2.8587,0.0120
candidate-fast,1977,56.0000,21.0000,0.0000,2.1630,0.7653,0.097262,-0.00170652,0.779459,1.00131,77.0000,2.8262,0.0017
candidate-fast,1978,63.0000,12.0000,0.0000,2.2733,0.8230,0.131546,-0.00281472,0.759328,0.999246,75.0000,2.7623,0.0048
candidate-fast,1979,63.0000,9.0000,0.0000,2.3325,0.8273,0.142254,0.000365808,0.546718,1.00076,72.0000,2.8195,0.0075
candidate-fast,1980,62.0000,11.0000,2.0000,2.4199,0.7365,0.133758,-0.00136456,0.598481,0.998332,75.0000,3.2855,0.0051
candidate-fast,1981,64.0000,10.0000,0.0000,2.3488,0.8513,0.138409,0.000514007,0.592832,1.00055,74.0000,2.7591,0.0051
candidate-fast,1982,63.0000,13.0000,0.0000,2.3916,0.8236,0.129514,0.000741375,0.683417,0.997897,76.0000,2.9039,0.0051
candidate-fast,1983,56.0000,19.0000,0.0000,2.0471,0.8055,0.100532,-0.0017321,0.865363,0.99969,75.0000,2.5413,0.0042
candidate-fast,1984,62.0000,14.0000,0.0000,2.3672,0.8715,0.124603,-0.00113916,0.825223,0.997908,76.0000,2.7162,0.0051
candidate-fast,1985,56.0000,21.0000,0.0000,2.1976,0.8665,0.094306,-0.00150609,0.750788,0.998012,77.0000,2.5361,0.0000
candidate-fast,1986,57.0000,18.0000,0.0000,2.1089,0.8723,0.102959,0.000580358,0.525052,1.00159,75.0000,2.4176,0.0051
candidate-fast,1987,60.0000,12.0000,0.0000,2.3161,0.7827,0.124202,-0.000248623,0.656034,1.00004,72.0000,2.9593,0.0089
candidate-fast,1988,53.0000,12.0000,0.0000,2.3172,0.8377,0.105543,-0.000167307,0.562764,0.999448,65.0000,2.7660,0.0089
candidate-fast,1989,65.0000,18.0000,0.0000,2.2738,0.8736,0.122832,-0.00169077,0.711774,0.99851,83.0000,2.6029,0.0046
candidate-fast,1990,56.0000,13.0000,1.0000,2.2971,0.7870,0.113378,-0.000222588,0.589552,1.00073,70.0000,2.9187,0.0046
candidate-fast,1991,60.0000,16.0000,0.0000,2.1509,0.8799,0.113779,0.000242242,0.640092,0.999517,76.0000,2.4445,0.0046
candidate-fast,1992,58.0000,13.0000,0.0000,2.2398,0.8334,0.117594,0.000315844,0.705558,0.998806,71.0000,2.6877,0.0007
candidate-fast,1993,65.0000,14.0000,2.0000,2.3289,0.7623,0.133886,-0.000587102,0.518973,1.00085,81.0000,3.0549,0.0046
candidate-fast,1994,54.0000,15.0000,0.0000,2.2818,0.8733,0.106007,0.00139383,0.751665,0.998817,69.0000,2.6128,0.0030
candidate-fast,1995,67.0000,14.0000,0.0000,2.2158,0.8687,0.134995,0.00117653,0.740361,1.00021,81.0000,2.5507,0.0046
candidate-fast,1996,61.0000,18.0000,1.0000,2.1898,0.8192,0.112121,-0.0020115,0.696153,0.999659,80.0000,2.6732,0.0044
candidate-fast,1997,51.0000,14.0000,1.0000,2.1580,0.7892,0.095732,-0.000943686,0.609367,0.999856,66.0000,2.7342,0.0031
candidate-fast,1998,59.0000,14.0000,1.0000,2.4682,0.8065,0.119278,-0.00257765,0.766083,0.999622,74.0000,3.0605,0.0031
candidate-fast,1999,51.0000,14.0000,0.0000,2.2822,0.8674,0.100846,-0.000498436,0.576171,1.0002,65.0000,2.6311,0.0077
candidate-fast,2000,67.0000,13.0000,1.0000,2.3977,0.7704,0.135694,0.000442829,0.705017,1.00171,81.0000,3.1122,0.0026
